{
"type": "FeatureCollection",
"name": "aapp_camaras",
"crs": { "type": "name", "properties": { "name": "urn:ogc:def:crs:EPSG::32717" } },
"xy_coordinate_resolution": 1e-07,
"features": [
{"type":"Feature","properties":{"Layer":"M-Interagua"},"geometry":{"type":"MultiPolygon","coordinates":[[[[614749.6360916,9762497.7994764,-39.0],[614749.6318209,9762497.7016615,-39.0],[614749.6190413,9762497.604591,-39.0],[614749.5978501,9762497.5090038,-39.0],[614749.5684086,9762497.4156272,-39.0],[614749.5309408,9762497.3251719,-39.0],[614749.4857319,9762497.2383264,-39.0],[614749.4331259,9762497.1557516,-39.0],[614749.3735232,9762497.0780759,-39.0],[614749.3073775,9762497.0058904,-39.0],[614749.2351921,9762496.9397447,-39.0],[614749.1575164,9762496.880142,-39.0],[614749.0749416,9762496.8275361,-39.0],[614748.988096,9762496.7823272,-39.0],[614748.8976408,9762496.7448594,-39.0],[614748.8042642,9762496.7154178,-39.0],[614748.7086769,9762496.6942266,-39.0],[614748.6116065,9762496.6814471,-39.0],[614748.5137916,9762496.6771764,-39.0],[614748.4159767,9762496.6814471,-39.0],[614748.3189062,9762496.6942266,-39.0],[614748.223319,9762496.7154178,-39.0],[614748.1299424,9762496.7448594,-39.0],[614748.0394871,9762496.7823272,-39.0],[614747.9526416,9762496.8275361,-39.0],[614747.8700667,9762496.880142,-39.0],[614747.792391,9762496.9397447,-39.0],[614747.7202056,9762497.0058904,-39.0],[614747.6540599,9762497.0780759,-39.0],[614747.5944572,9762497.1557516,-39.0],[614747.5418513,9762497.2383264,-39.0],[614747.4966423,9762497.3251719,-39.0],[614747.4591745,9762497.4156272,-39.0],[614747.429733,9762497.5090038,-39.0],[614747.4085418,9762497.604591,-39.0],[614747.3957623,9762497.7016615,-39.0],[614747.3914916,9762497.7994764,-39.0],[614747.3957623,9762497.8972913,-39.0],[614747.4085418,9762497.9943617,-39.0],[614747.429733,9762498.089949,-39.0],[614747.4591745,9762498.1833256,-39.0],[614747.4966423,9762498.2737809,-39.0],[614747.5418513,9762498.3606264,-39.0],[614747.5944572,9762498.4432012,-39.0],[614747.6540599,9762498.5208769,-39.0],[614747.7202056,9762498.5930623,-39.0],[614747.792391,9762498.6592081,-39.0],[614747.8700667,9762498.7188107,-39.0],[614747.9526416,9762498.7714167,-39.0],[614748.0394871,9762498.8166256,-39.0],[614748.1299424,9762498.8540934,-39.0],[614748.223319,9762498.8835349,-39.0],[614748.3189062,9762498.9047261,-39.0],[614748.4159767,9762498.9175057,-39.0],[614748.5137916,9762498.9217764,-39.0],[614748.6116065,9762498.9175057,-39.0],[614748.7086769,9762498.9047261,-39.0],[614748.8042642,9762498.8835349,-39.0],[614748.8976408,9762498.8540934,-39.0],[614748.988096,9762498.8166256,-39.0],[614749.0749416,9762498.7714167,-39.0],[614749.1575164,9762498.7188107,-39.0],[614749.2351921,9762498.6592081,-39.0],[614749.3073775,9762498.5930623,-39.0],[614749.3735232,9762498.5208769,-39.0],[614749.4331259,9762498.4432012,-39.0],[614749.4857319,9762498.3606264,-39.0],[614749.5309408,9762498.2737809,-39.0],[614749.5684086,9762498.1833256,-39.0],[614749.5978501,9762498.089949,-39.0],[614749.6190413,9762497.9943617,-39.0],[614749.6318209,9762497.8972913,-39.0],[614749.6360916,9762497.7994764,-39.0]]]]}},
{"type":"Feature","properties":{"Layer":"M-Interagua"},"geometry":{"type":"MultiPolygon","coordinates":[[[[615009.8967627,9762543.9413834,0.0],[615009.892492,9762543.8435685,0.0],[615009.8797125,9762543.7464981,0.0],[615009.8585213,9762543.6509108,0.0],[615009.8290798,9762543.5575342,0.0],[615009.791612,9762543.4670789,0.0],[615009.746403,9762543.3802334,0.0],[615009.6937971,9762543.2976586,0.0],[615009.6341944,9762543.2199829,0.0],[615009.5680487,9762543.1477975,0.0],[615009.4958633,9762543.0816517,0.0],[615009.4181876,9762543.0220491,0.0],[615009.3356127,9762542.9694431,0.0],[615009.2487672,9762542.9242342,0.0],[615009.1583119,9762542.8867664,0.0],[615009.0649353,9762542.8573249,0.0],[615008.9693481,9762542.8361337,0.0],[615008.8722776,9762542.8233541,0.0],[615008.7744627,9762542.8190834,0.0],[615008.6766478,9762542.8233541,0.0],[615008.5795774,9762542.8361337,0.0],[615008.4839901,9762542.8573249,0.0],[615008.3906135,9762542.8867664,0.0],[615008.3001583,9762542.9242342,0.0],[615008.2133127,9762542.9694431,0.0],[615008.1307379,9762543.0220491,0.0],[615008.0530622,9762543.0816517,0.0],[615007.9808768,9762543.1477975,0.0],[615007.9147311,9762543.2199829,0.0],[615007.8551284,9762543.2976586,0.0],[615007.8025224,9762543.3802334,0.0],[615007.7573135,9762543.4670789,0.0],[615007.7198457,9762543.5575342,0.0],[615007.6904042,9762543.6509108,0.0],[615007.669213,9762543.7464981,0.0],[615007.6564334,9762543.8435685,0.0],[615007.6521627,9762543.9413834,0.0],[615007.6564334,9762544.0391983,0.0],[615007.669213,9762544.1362688,0.0],[615007.6904042,9762544.231856,0.0],[615007.7198457,9762544.3252326,0.0],[615007.7573135,9762544.4156879,0.0],[615007.8025224,9762544.5025334,0.0],[615007.8551284,9762544.5851083,0.0],[615007.9147311,9762544.662784,0.0],[615007.9808768,9762544.7349694,0.0],[615008.0530622,9762544.8011151,0.0],[615008.1307379,9762544.8607178,0.0],[615008.2133127,9762544.9133237,0.0],[615008.3001583,9762544.9585326,0.0],[615008.3906135,9762544.9960004,0.0],[615008.4839901,9762545.025442,0.0],[615008.5795774,9762545.0466332,0.0],[615008.6766478,9762545.0594127,0.0],[615008.7744627,9762545.0636834,0.0],[615008.8722776,9762545.0594127,0.0],[615008.9693481,9762545.0466332,0.0],[615009.0649353,9762545.025442,0.0],[615009.1583119,9762544.9960004,0.0],[615009.2487672,9762544.9585326,0.0],[615009.3356127,9762544.9133237,0.0],[615009.4181876,9762544.8607178,0.0],[615009.4958633,9762544.8011151,0.0],[615009.5680487,9762544.7349694,0.0],[615009.6341944,9762544.662784,0.0],[615009.6937971,9762544.5851083,0.0],[615009.746403,9762544.5025334,0.0],[615009.791612,9762544.4156879,0.0],[615009.8290798,9762544.3252326,0.0],[615009.8585213,9762544.231856,0.0],[615009.8797125,9762544.1362688,0.0],[615009.892492,9762544.0391983,0.0],[615009.8967627,9762543.9413834,0.0]]]]}},
{"type":"Feature","properties":{"Layer":"M-Interagua"},"geometry":{"type":"MultiPolygon","coordinates":[[[[614920.4272294,9762619.7807479,-58.8645501],[614920.4229588,9762619.682933,-58.8645501],[614920.4101792,9762619.5858625,-58.8645501],[614920.388988,9762619.4902753,-58.8645501],[614920.3595465,9762619.3968987,-58.8645501],[614920.3220787,9762619.3064434,-58.8645501],[614920.2768698,9762619.2195979,-58.8645501],[614920.2242638,9762619.1370231,-58.8645501],[614920.1646611,9762619.0593474,-58.8645501],[614920.0985154,9762618.9871619,-58.8645501],[614920.02633,9762618.9210162,-58.8645501],[614919.9486543,9762618.8614135,-58.8645501],[614919.8660794,9762618.8088076,-58.8645501],[614919.7792339,9762618.7635987,-58.8645501],[614919.6887787,9762618.7261309,-58.8645501],[614919.5954021,9762618.6966893,-58.8645501],[614919.4998148,9762618.6754981,-58.8645501],[614919.4027443,9762618.6627186,-58.8645501],[614919.3049294,9762618.6584479,-58.8645501],[614919.2071146,9762618.6627186,-58.8645501],[614919.1100441,9762618.6754981,-58.8645501],[614919.0144568,9762618.6966893,-58.8645501],[614918.9210802,9762618.7261309,-58.8645501],[614918.830625,9762618.7635987,-58.8645501],[614918.7437794,9762618.8088076,-58.8645501],[614918.6612046,9762618.8614135,-58.8645501],[614918.5835289,9762618.9210162,-58.8645501],[614918.5113435,9762618.9871619,-58.8645501],[614918.4451978,9762619.0593474,-58.8645501],[614918.3855951,9762619.1370231,-58.8645501],[614918.3329891,9762619.2195979,-58.8645501],[614918.2877802,9762619.3064434,-58.8645501],[614918.2503124,9762619.3968987,-58.8645501],[614918.2208709,9762619.4902753,-58.8645501],[614918.1996797,9762619.5858625,-58.8645501],[614918.1869001,9762619.682933,-58.8645501],[614918.1826294,9762619.7807479,-58.8645501],[614918.1869001,9762619.8785628,-58.8645501],[614918.1996797,9762619.9756332,-58.8645501],[614918.2208709,9762620.0712205,-58.8645501],[614918.2503124,9762620.1645971,-58.8645501],[614918.2877802,9762620.2550524,-58.8645501],[614918.3329891,9762620.3418979,-58.8645501],[614918.3855951,9762620.4244727,-58.8645501],[614918.4451978,9762620.5021484,-58.8645501],[614918.5113435,9762620.5743338,-58.8645501],[614918.5835289,9762620.6404796,-58.8645501],[614918.6612046,9762620.7000822,-58.8645501],[614918.7437794,9762620.7526882,-58.8645501],[614918.830625,9762620.7978971,-58.8645501],[614918.9210802,9762620.8353649,-58.8645501],[614919.0144568,9762620.8648064,-58.8645501],[614919.1100441,9762620.8859976,-58.8645501],[614919.2071146,9762620.8987772,-58.8645501],[614919.3049294,9762620.9030479,-58.8645501],[614919.4027443,9762620.8987772,-58.8645501],[614919.4998148,9762620.8859976,-58.8645501],[614919.5954021,9762620.8648064,-58.8645501],[614919.6887787,9762620.8353649,-58.8645501],[614919.7792339,9762620.7978971,-58.8645501],[614919.8660794,9762620.7526882,-58.8645501],[614919.9486543,9762620.7000822,-58.8645501],[614920.02633,9762620.6404796,-58.8645501],[614920.0985154,9762620.5743338,-58.8645501],[614920.1646611,9762620.5021484,-58.8645501],[614920.2242638,9762620.4244727,-58.8645501],[614920.2768698,9762620.3418979,-58.8645501],[614920.3220787,9762620.2550524,-58.8645501],[614920.3595465,9762620.1645971,-58.8645501],[614920.388988,9762620.0712205,-58.8645501],[614920.4101792,9762619.9756332,-58.8645501],[614920.4229588,9762619.8785628,-58.8645501],[614920.4272294,9762619.7807479,-58.8645501]]]]}},
{"type":"Feature","properties":{"Layer":"M-Interagua"},"geometry":{"type":"MultiPolygon","coordinates":[[[[614880.3904,9762614.2922,0.0],[614880.3861293,9762614.1943851,0.0],[614880.3733497,9762614.0973147,0.0],[614880.3521586,9762614.0017274,0.0],[614880.322717,9762613.9083508,0.0],[614880.2852492,9762613.8178955,0.0],[614880.2400403,9762613.73105,0.0],[614880.1874343,9762613.6484752,0.0],[614880.1278317,9762613.5707995,0.0],[614880.0616859,9762613.4986141,0.0],[614879.9895005,9762613.4324683,0.0],[614879.9118248,9762613.3728657,0.0],[614879.82925,9762613.3202597,0.0],[614879.7424045,9762613.2750508,0.0],[614879.6519492,9762613.237583,0.0],[614879.5585726,9762613.2081414,0.0],[614879.4629853,9762613.1869503,0.0],[614879.3659149,9762613.1741707,0.0],[614879.2681,9762613.1699,0.0],[614879.1702851,9762613.1741707,0.0],[614879.0732147,9762613.1869503,0.0],[614878.9776274,9762613.2081414,0.0],[614878.8842508,9762613.237583,0.0],[614878.7937955,9762613.2750508,0.0],[614878.70695,9762613.3202597,0.0],[614878.6243752,9762613.3728657,0.0],[614878.5466995,9762613.4324683,0.0],[614878.4745141,9762613.4986141,0.0],[614878.4083683,9762613.5707995,0.0],[614878.3487657,9762613.6484752,0.0],[614878.2961597,9762613.73105,0.0],[614878.2509508,9762613.8178955,0.0],[614878.213483,9762613.9083508,0.0],[614878.1840414,9762614.0017274,0.0],[614878.1628503,9762614.0973147,0.0],[614878.1500707,9762614.1943851,0.0],[614878.1458,9762614.2922,0.0],[614878.1500707,9762614.3900149,0.0],[614878.1628503,9762614.4870853,0.0],[614878.1840414,9762614.5826726,0.0],[614878.213483,9762614.6760492,0.0],[614878.2509508,9762614.7665045,0.0],[614878.2961597,9762614.85335,0.0],[614878.3487657,9762614.9359248,0.0],[614878.4083683,9762615.0136005,0.0],[614878.4745141,9762615.0857859,0.0],[614878.5466995,9762615.1519317,0.0],[614878.6243752,9762615.2115343,0.0],[614878.70695,9762615.2641403,0.0],[614878.7937955,9762615.3093492,0.0],[614878.8842508,9762615.346817,0.0],[614878.9776274,9762615.3762586,0.0],[614879.0732147,9762615.3974497,0.0],[614879.1702851,9762615.4102293,0.0],[614879.2681,9762615.4145,0.0],[614879.3659149,9762615.4102293,0.0],[614879.4629853,9762615.3974497,0.0],[614879.5585726,9762615.3762586,0.0],[614879.6519492,9762615.346817,0.0],[614879.7424045,9762615.3093492,0.0],[614879.82925,9762615.2641403,0.0],[614879.9118248,9762615.2115343,0.0],[614879.9895005,9762615.1519317,0.0],[614880.0616859,9762615.0857859,0.0],[614880.1278317,9762615.0136005,0.0],[614880.1874343,9762614.9359248,0.0],[614880.2400403,9762614.85335,0.0],[614880.2852492,9762614.7665045,0.0],[614880.322717,9762614.6760492,0.0],[614880.3521586,9762614.5826726,0.0],[614880.3733497,9762614.4870853,0.0],[614880.3861293,9762614.3900149,0.0],[614880.3904,9762614.2922,0.0]]]]}},
{"type":"Feature","properties":{"Layer":"M-Interagua"},"geometry":{"type":"MultiPolygon","coordinates":[[[[614810.4007064,9762621.6705445,-39.0],[614810.3964357,9762621.5727296,-39.0],[614810.3836562,9762621.4756592,-39.0],[614810.362465,9762621.3800719,-39.0],[614810.3330234,9762621.2866953,-39.0],[614810.2955556,9762621.1962401,-39.0],[614810.2503467,9762621.1093945,-39.0],[614810.1977408,9762621.0268197,-39.0],[614810.1381381,9762620.949144,-39.0],[614810.0719924,9762620.8769586,-39.0],[614809.9998069,9762620.8108128,-39.0],[614809.9221312,9762620.7512102,-39.0],[614809.8395564,9762620.6986042,-39.0],[614809.7527109,9762620.6533953,-39.0],[614809.6622556,9762620.6159275,-39.0],[614809.568879,9762620.586486,-39.0],[614809.4732918,9762620.5652948,-39.0],[614809.3762213,9762620.5525152,-39.0],[614809.2784064,9762620.5482445,-39.0],[614809.1805915,9762620.5525152,-39.0],[614809.0835211,9762620.5652948,-39.0],[614808.9879338,9762620.586486,-39.0],[614808.8945572,9762620.6159275,-39.0],[614808.8041019,9762620.6533953,-39.0],[614808.7172564,9762620.6986042,-39.0],[614808.6346816,9762620.7512102,-39.0],[614808.5570059,9762620.8108128,-39.0],[614808.4848205,9762620.8769586,-39.0],[614808.4186747,9762620.949144,-39.0],[614808.3590721,9762621.0268197,-39.0],[614808.3064661,9762621.1093945,-39.0],[614808.2612572,9762621.1962401,-39.0],[614808.2237894,9762621.2866953,-39.0],[614808.1943479,9762621.3800719,-39.0],[614808.1731567,9762621.4756592,-39.0],[614808.1603771,9762621.5727296,-39.0],[614808.1561064,9762621.6705445,-39.0],[614808.1603771,9762621.7683594,-39.0],[614808.1731567,9762621.8654299,-39.0],[614808.1943479,9762621.9610171,-39.0],[614808.2237894,9762622.0543937,-39.0],[614808.2612572,9762622.144849,-39.0],[614808.3064661,9762622.2316945,-39.0],[614808.3590721,9762622.3142694,-39.0],[614808.4186747,9762622.3919451,-39.0],[614808.4848205,9762622.4641305,-39.0],[614808.5570059,9762622.5302762,-39.0],[614808.6346816,9762622.5898789,-39.0],[614808.7172564,9762622.6424848,-39.0],[614808.8041019,9762622.6876938,-39.0],[614808.8945572,9762622.7251616,-39.0],[614808.9879338,9762622.7546031,-39.0],[614809.0835211,9762622.7757943,-39.0],[614809.1805915,9762622.7885738,-39.0],[614809.2784064,9762622.7928445,-39.0],[614809.3762213,9762622.7885738,-39.0],[614809.4732918,9762622.7757943,-39.0],[614809.568879,9762622.7546031,-39.0],[614809.6622556,9762622.7251616,-39.0],[614809.7527109,9762622.6876938,-39.0],[614809.8395564,9762622.6424848,-39.0],[614809.9221312,9762622.5898789,-39.0],[614809.9998069,9762622.5302762,-39.0],[614810.0719924,9762622.4641305,-39.0],[614810.1381381,9762622.3919451,-39.0],[614810.1977408,9762622.3142694,-39.0],[614810.2503467,9762622.2316945,-39.0],[614810.2955556,9762622.144849,-39.0],[614810.3330234,9762622.0543937,-39.0],[614810.362465,9762621.9610171,-39.0],[614810.3836562,9762621.8654299,-39.0],[614810.3964357,9762621.7683594,-39.0],[614810.4007064,9762621.6705445,-39.0]]]]}},
{"type":"Feature","properties":{"Layer":"M-Interagua"},"geometry":{"type":"MultiPolygon","coordinates":[[[[614882.2884,9762736.5839,0.0],[614882.2841293,9762736.4860851,0.0],[614882.2713497,9762736.3890147,0.0],[614882.2501586,9762736.2934274,0.0],[614882.220717,9762736.2000508,0.0],[614882.1832492,9762736.1095955,0.0],[614882.1380403,9762736.02275,0.0],[614882.0854343,9762735.9401752,0.0],[614882.0258317,9762735.8624995,0.0],[614881.9596859,9762735.7903141,0.0],[614881.8875005,9762735.7241683,0.0],[614881.8098248,9762735.6645657,0.0],[614881.72725,9762735.6119597,0.0],[614881.6404045,9762735.5667508,0.0],[614881.5499492,9762735.529283,0.0],[614881.4565726,9762735.4998415,0.0],[614881.3609853,9762735.4786503,0.0],[614881.2639149,9762735.4658707,0.0],[614881.1661,9762735.4616,0.0],[614881.0682851,9762735.4658707,0.0],[614880.9712147,9762735.4786503,0.0],[614880.8756274,9762735.4998415,0.0],[614880.7822508,9762735.529283,0.0],[614880.6917955,9762735.5667508,0.0],[614880.60495,9762735.6119597,0.0],[614880.5223752,9762735.6645657,0.0],[614880.4446995,9762735.7241683,0.0],[614880.3725141,9762735.7903141,0.0],[614880.3063683,9762735.8624995,0.0],[614880.2467657,9762735.9401752,0.0],[614880.1941597,9762736.02275,0.0],[614880.1489508,9762736.1095955,0.0],[614880.111483,9762736.2000508,0.0],[614880.0820414,9762736.2934274,0.0],[614880.0608503,9762736.3890147,0.0],[614880.0480707,9762736.4860851,0.0],[614880.0438,9762736.5839,0.0],[614880.0480707,9762736.6817149,0.0],[614880.0608503,9762736.7787854,0.0],[614880.0820414,9762736.8743726,0.0],[614880.111483,9762736.9677492,0.0],[614880.1489508,9762737.0582045,0.0],[614880.1941597,9762737.14505,0.0],[614880.2467657,9762737.2276248,0.0],[614880.3063683,9762737.3053005,0.0],[614880.3725141,9762737.3774859,0.0],[614880.4446995,9762737.4436317,0.0],[614880.5223752,9762737.5032343,0.0],[614880.60495,9762737.5558403,0.0],[614880.6917955,9762737.6010492,0.0],[614880.7822508,9762737.638517,0.0],[614880.8756274,9762737.6679586,0.0],[614880.9712147,9762737.6891497,0.0],[614881.0682851,9762737.7019293,0.0],[614881.1661,9762737.7062,0.0],[614881.2639149,9762737.7019293,0.0],[614881.3609853,9762737.6891497,0.0],[614881.4565726,9762737.6679586,0.0],[614881.5499492,9762737.638517,0.0],[614881.6404045,9762737.6010492,0.0],[614881.72725,9762737.5558403,0.0],[614881.8098248,9762737.5032343,0.0],[614881.8875005,9762737.4436317,0.0],[614881.9596859,9762737.3774859,0.0],[614882.0258317,9762737.3053005,0.0],[614882.0854343,9762737.2276248,0.0],[614882.1380403,9762737.14505,0.0],[614882.1832492,9762737.0582045,0.0],[614882.220717,9762736.9677492,0.0],[614882.2501586,9762736.8743726,0.0],[614882.2713497,9762736.7787854,0.0],[614882.2841293,9762736.6817149,0.0],[614882.2884,9762736.5839,0.0]]]]}},
{"type":"Feature","properties":{"Layer":"M-Interagua"},"geometry":{"type":"MultiPolygon","coordinates":[[[[615173.6995272,9762538.6290418,41.0899853],[615173.6952565,9762538.5312269,41.0899853],[615173.682477,9762538.4341564,41.0899853],[615173.6612858,9762538.3385692,41.0899853],[615173.6318442,9762538.2451926,41.0899853],[615173.5943764,9762538.1547373,41.0899853],[615173.5491675,9762538.0678918,41.0899853],[615173.4965616,9762537.985317,41.0899853],[615173.4369589,9762537.9076413,41.0899853],[615173.3708132,9762537.8354559,41.0899853],[615173.2986278,9762537.7693101,41.0899853],[615173.2209521,9762537.7097075,41.0899853],[615173.1383772,9762537.6571015,41.0899853],[615173.0515317,9762537.6118926,41.0899853],[615172.9610764,9762537.5744248,41.0899853],[615172.8676998,9762537.5449832,41.0899853],[615172.7721126,9762537.5237921,41.0899853],[615172.6750421,9762537.5110125,41.0899853],[615172.5772272,9762537.5067418,41.0899853],[615172.4794123,9762537.5110125,41.0899853],[615172.3823419,9762537.5237921,41.0899853],[615172.2867546,9762537.5449832,41.0899853],[615172.193378,9762537.5744248,41.0899853],[615172.1029227,9762537.6118926,41.0899853],[615172.0160772,9762537.6571015,41.0899853],[615171.9335024,9762537.7097075,41.0899853],[615171.8558267,9762537.7693101,41.0899853],[615171.7836413,9762537.8354559,41.0899853],[615171.7174955,9762537.9076413,41.0899853],[615171.6578929,9762537.985317,41.0899853],[615171.6052869,9762538.0678918,41.0899853],[615171.560078,9762538.1547373,41.0899853],[615171.5226102,9762538.2451926,41.0899853],[615171.4931687,9762538.3385692,41.0899853],[615171.4719775,9762538.4341564,41.0899853],[615171.4591979,9762538.5312269,41.0899853],[615171.4549272,9762538.6290418,41.0899853],[615171.4591979,9762538.7268567,41.0899853],[615171.4719775,9762538.8239271,41.0899853],[615171.4931687,9762538.9195144,41.0899853],[615171.5226102,9762539.012891,41.0899853],[615171.560078,9762539.1033463,41.0899853],[615171.6052869,9762539.1901918,41.0899853],[615171.6578929,9762539.2727666,41.0899853],[615171.7174955,9762539.3504423,41.0899853],[615171.7836413,9762539.4226277,41.0899853],[615171.8558267,9762539.4887735,41.0899853],[615171.9335024,9762539.5483761,41.0899853],[615172.0160772,9762539.6009821,41.0899853],[615172.1029227,9762539.646191,41.0899853],[615172.193378,9762539.6836588,41.0899853],[615172.2867546,9762539.7131003,41.0899853],[615172.3823419,9762539.7342915,41.0899853],[615172.4794123,9762539.7470711,41.0899853],[615172.5772272,9762539.7513418,41.0899853],[615172.6750421,9762539.7470711,41.0899853],[615172.7721126,9762539.7342915,41.0899853],[615172.8676998,9762539.7131003,41.0899853],[615172.9610764,9762539.6836588,41.0899853],[615173.0515317,9762539.646191,41.0899853],[615173.1383772,9762539.6009821,41.0899853],[615173.2209521,9762539.5483761,41.0899853],[615173.2986278,9762539.4887735,41.0899853],[615173.3708132,9762539.4226277,41.0899853],[615173.4369589,9762539.3504423,41.0899853],[615173.4965616,9762539.2727666,41.0899853],[615173.5491675,9762539.1901918,41.0899853],[615173.5943764,9762539.1033463,41.0899853],[615173.6318442,9762539.012891,41.0899853],[615173.6612858,9762538.9195144,41.0899853],[615173.682477,9762538.8239271,41.0899853],[615173.6952565,9762538.7268567,41.0899853],[615173.6995272,9762538.6290418,41.0899853]]]]}},
{"type":"Feature","properties":{"Layer":"M-Interagua"},"geometry":{"type":"MultiPolygon","coordinates":[[[[615151.4122032,9762684.1065387,0.0],[615151.4079325,9762684.0087238,0.0],[615151.395153,9762683.9116533,0.0],[615151.3739618,9762683.8160661,0.0],[615151.3445202,9762683.7226895,0.0],[615151.3070524,9762683.6322342,0.0],[615151.2618435,9762683.5453887,0.0],[615151.2092376,9762683.4628139,0.0],[615151.1496349,9762683.3851382,0.0],[615151.0834892,9762683.3129528,0.0],[615151.0113037,9762683.246807,0.0],[615150.933628,9762683.1872044,0.0],[615150.8510532,9762683.1345984,0.0],[615150.7642077,9762683.0893895,0.0],[615150.6737524,9762683.0519217,0.0],[615150.5803758,9762683.0224801,0.0],[615150.4847886,9762683.001289,0.0],[615150.3877181,9762682.9885094,0.0],[615150.2899032,9762682.9842387,0.0],[615150.1920883,9762682.9885094,0.0],[615150.0950179,9762683.001289,0.0],[615149.9994306,9762683.0224801,0.0],[615149.906054,9762683.0519217,0.0],[615149.8155987,9762683.0893895,0.0],[615149.7287532,9762683.1345984,0.0],[615149.6461784,9762683.1872044,0.0],[615149.5685027,9762683.246807,0.0],[615149.4963173,9762683.3129528,0.0],[615149.4301715,9762683.3851382,0.0],[615149.3705689,9762683.4628139,0.0],[615149.3179629,9762683.5453887,0.0],[615149.272754,9762683.6322342,0.0],[615149.2352862,9762683.7226895,0.0],[615149.2058447,9762683.8160661,0.0],[615149.1846535,9762683.9116533,0.0],[615149.1718739,9762684.0087238,0.0],[615149.1676032,9762684.1065387,0.0],[615149.1718739,9762684.2043536,0.0],[615149.1846535,9762684.301424,0.0],[615149.2058447,9762684.3970113,0.0],[615149.2352862,9762684.4903879,0.0],[615149.272754,9762684.5808432,0.0],[615149.3179629,9762684.6676887,0.0],[615149.3705689,9762684.7502635,0.0],[615149.4301715,9762684.8279392,0.0],[615149.4963173,9762684.9001246,0.0],[615149.5685027,9762684.9662704,0.0],[615149.6461784,9762685.025873,0.0],[615149.7287532,9762685.078479,0.0],[615149.8155987,9762685.1236879,0.0],[615149.906054,9762685.1611557,0.0],[615149.9994306,9762685.1905972,0.0],[615150.0950179,9762685.2117884,0.0],[615150.1920883,9762685.224568,0.0],[615150.2899032,9762685.2288387,0.0],[615150.3877181,9762685.224568,0.0],[615150.4847886,9762685.2117884,0.0],[615150.5803758,9762685.1905972,0.0],[615150.6737524,9762685.1611557,0.0],[615150.7642077,9762685.1236879,0.0],[615150.8510532,9762685.078479,0.0],[615150.933628,9762685.025873,0.0],[615151.0113037,9762684.9662704,0.0],[615151.0834892,9762684.9001246,0.0],[615151.1496349,9762684.8279392,0.0],[615151.2092376,9762684.7502635,0.0],[615151.2618435,9762684.6676887,0.0],[615151.3070524,9762684.5808432,0.0],[615151.3445202,9762684.4903879,0.0],[615151.3739618,9762684.3970113,0.0],[615151.395153,9762684.301424,0.0],[615151.4079325,9762684.2043536,0.0],[615151.4122032,9762684.1065387,0.0]]]]}},
{"type":"Feature","properties":{"Layer":"M-Interagua"},"geometry":{"type":"MultiPolygon","coordinates":[[[[615056.0709844,9762750.3995419,143.7780855],[615056.0667137,9762750.301727,143.7780855],[615056.0539342,9762750.2046566,143.7780855],[615056.032743,9762750.1090693,143.7780855],[615056.0033015,9762750.0156927,143.7780855],[615055.9658337,9762749.9252375,143.7780855],[615055.9206247,9762749.8383919,143.7780855],[615055.8680188,9762749.7558171,143.7780855],[615055.8084161,9762749.6781414,143.7780855],[615055.7422704,9762749.605956,143.7780855],[615055.670085,9762749.5398103,143.7780855],[615055.5924093,9762749.4802076,143.7780855],[615055.5098344,9762749.4276016,143.7780855],[615055.4229889,9762749.3823927,143.7780855],[615055.3325336,9762749.3449249,143.7780855],[615055.239157,9762749.3154834,143.7780855],[615055.1435698,9762749.2942922,143.7780855],[615055.0464993,9762749.2815126,143.7780855],[615054.9486844,9762749.2772419,143.7780855],[615054.8508695,9762749.2815126,143.7780855],[615054.7537991,9762749.2942922,143.7780855],[615054.6582118,9762749.3154834,143.7780855],[615054.5648352,9762749.3449249,143.7780855],[615054.47438,9762749.3823927,143.7780855],[615054.3875344,9762749.4276016,143.7780855],[615054.3049596,9762749.4802076,143.7780855],[615054.2272839,9762749.5398103,143.7780855],[615054.1550985,9762749.605956,143.7780855],[615054.0889527,9762749.6781414,143.7780855],[615054.0293501,9762749.7558171,143.7780855],[615053.9767441,9762749.8383919,143.7780855],[615053.9315352,9762749.9252375,143.7780855],[615053.8940674,9762750.0156927,143.7780855],[615053.8646259,9762750.1090693,143.7780855],[615053.8434347,9762750.2046566,143.7780855],[615053.8306551,9762750.301727,143.7780855],[615053.8263844,9762750.3995419,143.7780855],[615053.8306551,9762750.4973568,143.7780855],[615053.8434347,9762750.5944273,143.7780855],[615053.8646259,9762750.6900145,143.7780855],[615053.8940674,9762750.7833911,143.7780855],[615053.9315352,9762750.8738464,143.7780855],[615053.9767441,9762750.9606919,143.7780855],[615054.0293501,9762751.0432668,143.7780855],[615054.0889527,9762751.1209425,143.7780855],[615054.1550985,9762751.1931279,143.7780855],[615054.2272839,9762751.2592736,143.7780855],[615054.3049596,9762751.3188763,143.7780855],[615054.3875344,9762751.3714822,143.7780855],[615054.47438,9762751.4166912,143.7780855],[615054.5648352,9762751.454159,143.7780855],[615054.6582118,9762751.4836005,143.7780855],[615054.7537991,9762751.5047917,143.7780855],[615054.8508695,9762751.5175712,143.7780855],[615054.9486844,9762751.5218419,143.7780855],[615055.0464993,9762751.5175712,143.7780855],[615055.1435698,9762751.5047917,143.7780855],[615055.239157,9762751.4836005,143.7780855],[615055.3325336,9762751.454159,143.7780855],[615055.4229889,9762751.4166912,143.7780855],[615055.5098344,9762751.3714822,143.7780855],[615055.5924093,9762751.3188763,143.7780855],[615055.670085,9762751.2592736,143.7780855],[615055.7422704,9762751.1931279,143.7780855],[615055.8084161,9762751.1209425,143.7780855],[615055.8680188,9762751.0432668,143.7780855],[615055.9206247,9762750.9606919,143.7780855],[615055.9658337,9762750.8738464,143.7780855],[615056.0033015,9762750.7833911,143.7780855],[615056.032743,9762750.6900145,143.7780855],[615056.0539342,9762750.5944273,143.7780855],[615056.0667137,9762750.4973568,143.7780855],[615056.0709844,9762750.3995419,143.7780855]]]]}},
{"type":"Feature","properties":{"Layer":"M-Interagua"},"geometry":{"type":"MultiPolygon","coordinates":[[[[615001.5717891,9762814.0508876,55.3447639],[615001.5675184,9762813.9530727,55.3447639],[615001.5547388,9762813.8560023,55.3447639],[615001.5335476,9762813.760415,55.3447639],[615001.5041061,9762813.6670384,55.3447639],[615001.4666383,9762813.5765831,55.3447639],[615001.4214294,9762813.4897376,55.3447639],[615001.3688234,9762813.4071628,55.3447639],[615001.3092208,9762813.3294871,55.3447639],[615001.243075,9762813.2573017,55.3447639],[615001.1708896,9762813.1911559,55.3447639],[615001.0932139,9762813.1315533,55.3447639],[615001.0106391,9762813.0789473,55.3447639],[615000.9237936,9762813.0337384,55.3447639],[615000.8333383,9762812.9962706,55.3447639],[615000.7399617,9762812.966829,55.3447639],[615000.6443744,9762812.9456379,55.3447639],[615000.547304,9762812.9328583,55.3447639],[615000.4494891,9762812.9285876,55.3447639],[615000.3516742,9762812.9328583,55.3447639],[615000.2546037,9762812.9456379,55.3447639],[615000.1590165,9762812.966829,55.3447639],[615000.0656399,9762812.9962706,55.3447639],[614999.9751846,9762813.0337384,55.3447639],[614999.8883391,9762813.0789473,55.3447639],[614999.8057643,9762813.1315533,55.3447639],[614999.7280886,9762813.1911559,55.3447639],[614999.6559032,9762813.2573017,55.3447639],[614999.5897574,9762813.3294871,55.3447639],[614999.5301548,9762813.4071628,55.3447639],[614999.4775488,9762813.4897376,55.3447639],[614999.4323399,9762813.5765831,55.3447639],[614999.3948721,9762813.6670384,55.3447639],[614999.3654305,9762813.760415,55.3447639],[614999.3442394,9762813.8560023,55.3447639],[614999.3314598,9762813.9530727,55.3447639],[614999.3271891,9762814.0508876,55.3447639],[614999.3314598,9762814.1487025,55.3447639],[614999.3442394,9762814.2457729,55.3447639],[614999.3654305,9762814.3413602,55.3447639],[614999.3948721,9762814.4347368,55.3447639],[614999.4323399,9762814.5251921,55.3447639],[614999.4775488,9762814.6120376,55.3447639],[614999.5301548,9762814.6946124,55.3447639],[614999.5897574,9762814.7722881,55.3447639],[614999.6559032,9762814.8444735,55.3447639],[614999.7280886,9762814.9106193,55.3447639],[614999.8057643,9762814.9702219,55.3447639],[614999.8883391,9762815.0228279,55.3447639],[614999.9751846,9762815.0680368,55.3447639],[615000.0656399,9762815.1055046,55.3447639],[615000.1590165,9762815.1349462,55.3447639],[615000.2546037,9762815.1561373,55.3447639],[615000.3516742,9762815.1689169,55.3447639],[615000.4494891,9762815.1731876,55.3447639],[615000.547304,9762815.1689169,55.3447639],[615000.6443744,9762815.1561373,55.3447639],[615000.7399617,9762815.1349462,55.3447639],[615000.8333383,9762815.1055046,55.3447639],[615000.9237936,9762815.0680368,55.3447639],[615001.0106391,9762815.0228279,55.3447639],[615001.0932139,9762814.9702219,55.3447639],[615001.1708896,9762814.9106193,55.3447639],[615001.243075,9762814.8444735,55.3447639],[615001.3092208,9762814.7722881,55.3447639],[615001.3688234,9762814.6946124,55.3447639],[615001.4214294,9762814.6120376,55.3447639],[615001.4666383,9762814.5251921,55.3447639],[615001.5041061,9762814.4347368,55.3447639],[615001.5335476,9762814.3413602,55.3447639],[615001.5547388,9762814.2457729,55.3447639],[615001.5675184,9762814.1487025,55.3447639],[615001.5717891,9762814.0508876,55.3447639]]]]}},
{"type":"Feature","properties":{"Layer":"M-Interagua"},"geometry":{"type":"MultiPolygon","coordinates":[[[[615063.9591,9763036.8968,0.0],[615063.9548293,9763036.7989851,0.0],[615063.9420497,9763036.7019147,0.0],[615063.9208586,9763036.6063274,0.0],[615063.891417,9763036.5129508,0.0],[615063.8539492,9763036.4224955,0.0],[615063.8087403,9763036.33565,0.0],[615063.7561343,9763036.2530752,0.0],[615063.6965317,9763036.1753995,0.0],[615063.6303859,9763036.1032141,0.0],[615063.5582005,9763036.0370683,0.0],[615063.4805248,9763035.9774657,0.0],[615063.39795,9763035.9248597,0.0],[615063.3111045,9763035.8796508,0.0],[615063.2206492,9763035.842183,0.0],[615063.1272726,9763035.8127414,0.0],[615063.0316853,9763035.7915503,0.0],[615062.9346149,9763035.7787707,0.0],[615062.8368,9763035.7745,0.0],[615062.7389851,9763035.7787707,0.0],[615062.6419147,9763035.7915503,0.0],[615062.5463274,9763035.8127414,0.0],[615062.4529508,9763035.842183,0.0],[615062.3624955,9763035.8796508,0.0],[615062.27565,9763035.9248597,0.0],[615062.1930752,9763035.9774657,0.0],[615062.1153995,9763036.0370683,0.0],[615062.0432141,9763036.1032141,0.0],[615061.9770683,9763036.1753995,0.0],[615061.9174657,9763036.2530752,0.0],[615061.8648597,9763036.33565,0.0],[615061.8196508,9763036.4224955,0.0],[615061.782183,9763036.5129508,0.0],[615061.7527414,9763036.6063274,0.0],[615061.7315503,9763036.7019147,0.0],[615061.7187707,9763036.7989851,0.0],[615061.7145,9763036.8968,0.0],[615061.7187707,9763036.9946149,0.0],[615061.7315503,9763037.0916853,0.0],[615061.7527414,9763037.1872726,0.0],[615061.782183,9763037.2806492,0.0],[615061.8196508,9763037.3711045,0.0],[615061.8648597,9763037.45795,0.0],[615061.9174657,9763037.5405248,0.0],[615061.9770683,9763037.6182005,0.0],[615062.0432141,9763037.6903859,0.0],[615062.1153995,9763037.7565317,0.0],[615062.1930752,9763037.8161343,0.0],[615062.27565,9763037.8687403,0.0],[615062.3624955,9763037.9139492,0.0],[615062.4529508,9763037.951417,0.0],[615062.5463274,9763037.9808586,0.0],[615062.6419147,9763038.0020497,0.0],[615062.7389851,9763038.0148293,0.0],[615062.8368,9763038.0191,0.0],[615062.9346149,9763038.0148293,0.0],[615063.0316853,9763038.0020497,0.0],[615063.1272726,9763037.9808586,0.0],[615063.2206492,9763037.951417,0.0],[615063.3111045,9763037.9139492,0.0],[615063.39795,9763037.8687403,0.0],[615063.4805248,9763037.8161343,0.0],[615063.5582005,9763037.7565317,0.0],[615063.6303859,9763037.6903859,0.0],[615063.6965317,9763037.6182005,0.0],[615063.7561343,9763037.5405248,0.0],[615063.8087403,9763037.45795,0.0],[615063.8539492,9763037.3711045,0.0],[615063.891417,9763037.2806492,0.0],[615063.9208586,9763037.1872726,0.0],[615063.9420497,9763037.0916853,0.0],[615063.9548293,9763036.9946149,0.0],[615063.9591,9763036.8968,0.0]]]]}},
{"type":"Feature","properties":{"Layer":"M-Interagua"},"geometry":{"type":"MultiPolygon","coordinates":[[[[615062.4243395,9763032.49094,0.0],[615062.4200688,9763032.3931251,0.0],[615062.4072892,9763032.2960546,0.0],[615062.386098,9763032.2004674,0.0],[615062.3566565,9763032.1070908,0.0],[615062.3191887,9763032.0166355,0.0],[615062.2739798,9763031.92979,0.0],[615062.2213738,9763031.8472152,0.0],[615062.1617712,9763031.7695395,0.0],[615062.0956254,9763031.6973541,0.0],[615062.02344,9763031.6312083,0.0],[615061.9457643,9763031.5716057,0.0],[615061.8631895,9763031.5189997,0.0],[615061.776344,9763031.4737908,0.0],[615061.6858887,9763031.436323,0.0],[615061.5925121,9763031.4068814,0.0],[615061.4969248,9763031.3856903,0.0],[615061.3998544,9763031.3729107,0.0],[615061.3020395,9763031.36864,0.0],[615061.2042246,9763031.3729107,0.0],[615061.1071541,9763031.3856903,0.0],[615061.0115669,9763031.4068814,0.0],[615060.9181903,9763031.436323,0.0],[615060.827735,9763031.4737908,0.0],[615060.7408895,9763031.5189997,0.0],[615060.6583146,9763031.5716057,0.0],[615060.580639,9763031.6312083,0.0],[615060.5084535,9763031.6973541,0.0],[615060.4423078,9763031.7695395,0.0],[615060.3827051,9763031.8472152,0.0],[615060.3300992,9763031.92979,0.0],[615060.2848903,9763032.0166355,0.0],[615060.2474225,9763032.1070908,0.0],[615060.2179809,9763032.2004674,0.0],[615060.1967897,9763032.2960546,0.0],[615060.1840102,9763032.3931251,0.0],[615060.1797395,9763032.49094,0.0],[615060.1840102,9763032.5887549,0.0],[615060.1967897,9763032.6858253,0.0],[615060.2179809,9763032.7814126,0.0],[615060.2474225,9763032.8747892,0.0],[615060.2848903,9763032.9652445,0.0],[615060.3300992,9763033.05209,0.0],[615060.3827051,9763033.1346648,0.0],[615060.4423078,9763033.2123405,0.0],[615060.5084535,9763033.2845259,0.0],[615060.580639,9763033.3506717,0.0],[615060.6583146,9763033.4102743,0.0],[615060.7408895,9763033.4628803,0.0],[615060.827735,9763033.5080892,0.0],[615060.9181903,9763033.545557,0.0],[615061.0115669,9763033.5749985,0.0],[615061.1071541,9763033.5961897,0.0],[615061.2042246,9763033.6089693,0.0],[615061.3020395,9763033.61324,0.0],[615061.3998544,9763033.6089693,0.0],[615061.4969248,9763033.5961897,0.0],[615061.5925121,9763033.5749985,0.0],[615061.6858887,9763033.545557,0.0],[615061.776344,9763033.5080892,0.0],[615061.8631895,9763033.4628803,0.0],[615061.9457643,9763033.4102743,0.0],[615062.02344,9763033.3506717,0.0],[615062.0956254,9763033.2845259,0.0],[615062.1617712,9763033.2123405,0.0],[615062.2213738,9763033.1346648,0.0],[615062.2739798,9763033.05209,0.0],[615062.3191887,9763032.9652445,0.0],[615062.3566565,9763032.8747892,0.0],[615062.386098,9763032.7814126,0.0],[615062.4072892,9763032.6858253,0.0],[615062.4200688,9763032.5887549,0.0],[615062.4243395,9763032.49094,0.0]]]]}},
{"type":"Feature","properties":{"Layer":"M-Interagua"},"geometry":{"type":"MultiPolygon","coordinates":[[[[615175.8059522,9762881.2711421,-39.0],[615175.8016815,9762881.1733272,-39.0],[615175.788902,9762881.0762568,-39.0],[615175.7677108,9762880.9806695,-39.0],[615175.7382693,9762880.8872929,-39.0],[615175.7008015,9762880.7968376,-39.0],[615175.6555926,9762880.7099921,-39.0],[615175.6029866,9762880.6274173,-39.0],[615175.5433839,9762880.5497416,-39.0],[615175.4772382,9762880.4775562,-39.0],[615175.4050528,9762880.4114104,-39.0],[615175.3273771,9762880.3518078,-39.0],[615175.2448022,9762880.2992018,-39.0],[615175.1579567,9762880.2539929,-39.0],[615175.0675014,9762880.2165251,-39.0],[615174.9741249,9762880.1870835,-39.0],[615174.8785376,9762880.1658924,-39.0],[615174.7814671,9762880.1531128,-39.0],[615174.6836522,9762880.1488421,-39.0],[615174.5858374,9762880.1531128,-39.0],[615174.4887669,9762880.1658924,-39.0],[615174.3931796,9762880.1870835,-39.0],[615174.299803,9762880.2165251,-39.0],[615174.2093478,9762880.2539929,-39.0],[615174.1225022,9762880.2992018,-39.0],[615174.0399274,9762880.3518078,-39.0],[615173.9622517,9762880.4114104,-39.0],[615173.8900663,9762880.4775562,-39.0],[615173.8239206,9762880.5497416,-39.0],[615173.7643179,9762880.6274173,-39.0],[615173.7117119,9762880.7099921,-39.0],[615173.666503,9762880.7968376,-39.0],[615173.6290352,9762880.8872929,-39.0],[615173.5995937,9762880.9806695,-39.0],[615173.5784025,9762881.0762568,-39.0],[615173.5656229,9762881.1733272,-39.0],[615173.5613522,9762881.2711421,-39.0],[615173.5656229,9762881.368957,-39.0],[615173.5784025,9762881.4660274,-39.0],[615173.5995937,9762881.5616147,-39.0],[615173.6290352,9762881.6549913,-39.0],[615173.666503,9762881.7454466,-39.0],[615173.7117119,9762881.8322921,-39.0],[615173.7643179,9762881.9148669,-39.0],[615173.8239206,9762881.9925426,-39.0],[615173.8900663,9762882.064728,-39.0],[615173.9622517,9762882.1308738,-39.0],[615174.0399274,9762882.1904764,-39.0],[615174.1225022,9762882.2430824,-39.0],[615174.2093478,9762882.2882913,-39.0],[615174.299803,9762882.3257591,-39.0],[615174.3931796,9762882.3552007,-39.0],[615174.4887669,9762882.3763918,-39.0],[615174.5858374,9762882.3891714,-39.0],[615174.6836522,9762882.3934421,-39.0],[615174.7814671,9762882.3891714,-39.0],[615174.8785376,9762882.3763918,-39.0],[615174.9741249,9762882.3552007,-39.0],[615175.0675014,9762882.3257591,-39.0],[615175.1579567,9762882.2882913,-39.0],[615175.2448022,9762882.2430824,-39.0],[615175.3273771,9762882.1904764,-39.0],[615175.4050528,9762882.1308738,-39.0],[615175.4772382,9762882.064728,-39.0],[615175.5433839,9762881.9925426,-39.0],[615175.6029866,9762881.9148669,-39.0],[615175.6555926,9762881.8322921,-39.0],[615175.7008015,9762881.7454466,-39.0],[615175.7382693,9762881.6549913,-39.0],[615175.7677108,9762881.5616147,-39.0],[615175.788902,9762881.4660274,-39.0],[615175.8016815,9762881.368957,-39.0],[615175.8059522,9762881.2711421,-39.0]]]]}},
{"type":"Feature","properties":{"Layer":"M-Interagua"},"geometry":{"type":"MultiPolygon","coordinates":[[[[615352.5557136,9762563.9028292,-39.0],[615352.551443,9762563.8050143,-39.0],[615352.5386634,9762563.7079438,-39.0],[615352.5174722,9762563.6123566,-39.0],[615352.4880307,9762563.51898,-39.0],[615352.4505629,9762563.4285247,-39.0],[615352.405354,9762563.3416792,-39.0],[615352.352748,9762563.2591043,-39.0],[615352.2931453,9762563.1814286,-39.0],[615352.2269996,9762563.1092432,-39.0],[615352.1548142,9762563.0430975,-39.0],[615352.0771385,9762562.9834948,-39.0],[615351.9945636,9762562.9308889,-39.0],[615351.9077181,9762562.8856799,-39.0],[615351.8172629,9762562.8482122,-39.0],[615351.7238863,9762562.8187706,-39.0],[615351.628299,9762562.7975794,-39.0],[615351.5312285,9762562.7847999,-39.0],[615351.4334136,9762562.7805292,-39.0],[615351.3355988,9762562.7847999,-39.0],[615351.2385283,9762562.7975794,-39.0],[615351.142941,9762562.8187706,-39.0],[615351.0495644,9762562.8482122,-39.0],[615350.9591092,9762562.8856799,-39.0],[615350.8722636,9762562.9308889,-39.0],[615350.7896888,9762562.9834948,-39.0],[615350.7120131,9762563.0430975,-39.0],[615350.6398277,9762563.1092432,-39.0],[615350.573682,9762563.1814286,-39.0],[615350.5140793,9762563.2591043,-39.0],[615350.4614733,9762563.3416792,-39.0],[615350.4162644,9762563.4285247,-39.0],[615350.3787966,9762563.51898,-39.0],[615350.3493551,9762563.6123566,-39.0],[615350.3281639,9762563.7079438,-39.0],[615350.3153843,9762563.8050143,-39.0],[615350.3111136,9762563.9028292,-39.0],[615350.3153843,9762564.0006441,-39.0],[615350.3281639,9762564.0977145,-39.0],[615350.3493551,9762564.1933018,-39.0],[615350.3787966,9762564.2866784,-39.0],[615350.4162644,9762564.3771337,-39.0],[615350.4614733,9762564.4639792,-39.0],[615350.5140793,9762564.546554,-39.0],[615350.573682,9762564.6242297,-39.0],[615350.6398277,9762564.6964151,-39.0],[615350.7120131,9762564.7625609,-39.0],[615350.7896888,9762564.8221635,-39.0],[615350.8722636,9762564.8747695,-39.0],[615350.9591092,9762564.9199784,-39.0],[615351.0495644,9762564.9574462,-39.0],[615351.142941,9762564.9868877,-39.0],[615351.2385283,9762565.0080789,-39.0],[615351.3355988,9762565.0208585,-39.0],[615351.4334136,9762565.0251292,-39.0],[615351.5312285,9762565.0208585,-39.0],[615351.628299,9762565.0080789,-39.0],[615351.7238863,9762564.9868877,-39.0],[615351.8172629,9762564.9574462,-39.0],[615351.9077181,9762564.9199784,-39.0],[615351.9945636,9762564.8747695,-39.0],[615352.0771385,9762564.8221635,-39.0],[615352.1548142,9762564.7625609,-39.0],[615352.2269996,9762564.6964151,-39.0],[615352.2931453,9762564.6242297,-39.0],[615352.352748,9762564.546554,-39.0],[615352.405354,9762564.4639792,-39.0],[615352.4505629,9762564.3771337,-39.0],[615352.4880307,9762564.2866784,-39.0],[615352.5174722,9762564.1933018,-39.0],[615352.5386634,9762564.0977145,-39.0],[615352.551443,9762564.0006441,-39.0],[615352.5557136,9762563.9028292,-39.0]]]]}},
{"type":"Feature","properties":{"Layer":"M-Interagua"},"geometry":{"type":"MultiPolygon","coordinates":[[[[615031.7059,9762863.5488,0.0],[615031.7016293,9762863.4509851,0.0],[615031.6888497,9762863.3539147,0.0],[615031.6676586,9762863.2583274,0.0],[615031.638217,9762863.1649508,0.0],[615031.6007492,9762863.0744955,0.0],[615031.5555403,9762862.98765,0.0],[615031.5029343,9762862.9050752,0.0],[615031.4433317,9762862.8273995,0.0],[615031.3771859,9762862.7552141,0.0],[615031.3050005,9762862.6890683,0.0],[615031.2273248,9762862.6294657,0.0],[615031.14475,9762862.5768597,0.0],[615031.0579045,9762862.5316508,0.0],[615030.9674492,9762862.494183,0.0],[615030.8740726,9762862.4647414,0.0],[615030.7784853,9762862.4435503,0.0],[615030.6814149,9762862.4307707,0.0],[615030.5836,9762862.4265,0.0],[615030.4857851,9762862.4307707,0.0],[615030.3887147,9762862.4435503,0.0],[615030.2931274,9762862.4647414,0.0],[615030.1997508,9762862.494183,0.0],[615030.1092955,9762862.5316508,0.0],[615030.02245,9762862.5768597,0.0],[615029.9398752,9762862.6294657,0.0],[615029.8621995,9762862.6890683,0.0],[615029.7900141,9762862.7552141,0.0],[615029.7238683,9762862.8273995,0.0],[615029.6642657,9762862.9050752,0.0],[615029.6116597,9762862.98765,0.0],[615029.5664508,9762863.0744955,0.0],[615029.528983,9762863.1649508,0.0],[615029.4995414,9762863.2583274,0.0],[615029.4783503,9762863.3539147,0.0],[615029.4655707,9762863.4509851,0.0],[615029.4613,9762863.5488,0.0],[615029.4655707,9762863.6466149,0.0],[615029.4783503,9762863.7436854,0.0],[615029.4995414,9762863.8392726,0.0],[615029.528983,9762863.9326492,0.0],[615029.5664508,9762864.0231045,0.0],[615029.6116597,9762864.10995,0.0],[615029.6642657,9762864.1925248,0.0],[615029.7238683,9762864.2702005,0.0],[615029.7900141,9762864.3423859,0.0],[615029.8621995,9762864.4085317,0.0],[615029.9398752,9762864.4681343,0.0],[615030.02245,9762864.5207403,0.0],[615030.1092955,9762864.5659492,0.0],[615030.1997508,9762864.603417,0.0],[615030.2931274,9762864.6328586,0.0],[615030.3887147,9762864.6540497,0.0],[615030.4857851,9762864.6668293,0.0],[615030.5836,9762864.6711,0.0],[615030.6814149,9762864.6668293,0.0],[615030.7784853,9762864.6540497,0.0],[615030.8740726,9762864.6328586,0.0],[615030.9674492,9762864.603417,0.0],[615031.0579045,9762864.5659492,0.0],[615031.14475,9762864.5207403,0.0],[615031.2273248,9762864.4681343,0.0],[615031.3050005,9762864.4085317,0.0],[615031.3771859,9762864.3423859,0.0],[615031.4433317,9762864.2702005,0.0],[615031.5029343,9762864.1925248,0.0],[615031.5555403,9762864.10995,0.0],[615031.6007492,9762864.0231045,0.0],[615031.638217,9762863.9326492,0.0],[615031.6676586,9762863.8392726,0.0],[615031.6888497,9762863.7436854,0.0],[615031.7016293,9762863.6466149,0.0],[615031.7059,9762863.5488,0.0]]]]}},
{"type":"Feature","properties":{"Layer":"M-Interagua"},"geometry":{"type":"MultiPolygon","coordinates":[[[[615661.6214,9762218.7005,0.0],[615661.6171293,9762218.6026851,0.0],[615661.6043497,9762218.5056147,0.0],[615661.5831586,9762218.4100274,0.0],[615661.553717,9762218.3166508,0.0],[615661.5162492,9762218.2261955,0.0],[615661.4710403,9762218.13935,0.0],[615661.4184343,9762218.0567752,0.0],[615661.3588317,9762217.9790995,0.0],[615661.2926859,9762217.9069141,0.0],[615661.2205005,9762217.8407683,0.0],[615661.1428248,9762217.7811657,0.0],[615661.06025,9762217.7285597,0.0],[615660.9734045,9762217.6833508,0.0],[615660.8829492,9762217.645883,0.0],[615660.7895726,9762217.6164414,0.0],[615660.6939853,9762217.5952503,0.0],[615660.5969149,9762217.5824707,0.0],[615660.4991,9762217.5782,0.0],[615660.4012851,9762217.5824707,0.0],[615660.3042147,9762217.5952503,0.0],[615660.2086274,9762217.6164414,0.0],[615660.1152508,9762217.645883,0.0],[615660.0247955,9762217.6833508,0.0],[615659.93795,9762217.7285597,0.0],[615659.8553752,9762217.7811657,0.0],[615659.7776995,9762217.8407683,0.0],[615659.7055141,9762217.9069141,0.0],[615659.6393683,9762217.9790995,0.0],[615659.5797657,9762218.0567752,0.0],[615659.5271597,9762218.13935,0.0],[615659.4819508,9762218.2261955,0.0],[615659.444483,9762218.3166508,0.0],[615659.4150414,9762218.4100274,0.0],[615659.3938503,9762218.5056147,0.0],[615659.3810707,9762218.6026851,0.0],[615659.3768,9762218.7005,0.0],[615659.3810707,9762218.7983149,0.0],[615659.3938503,9762218.8953853,0.0],[615659.4150414,9762218.9909726,0.0],[615659.444483,9762219.0843492,0.0],[615659.4819508,9762219.1748045,0.0],[615659.5271597,9762219.26165,0.0],[615659.5797657,9762219.3442248,0.0],[615659.6393683,9762219.4219005,0.0],[615659.7055141,9762219.4940859,0.0],[615659.7776995,9762219.5602317,0.0],[615659.8553752,9762219.6198343,0.0],[615659.93795,9762219.6724403,0.0],[615660.0247955,9762219.7176492,0.0],[615660.1152508,9762219.755117,0.0],[615660.2086274,9762219.7845586,0.0],[615660.3042147,9762219.8057497,0.0],[615660.4012851,9762219.8185293,0.0],[615660.4991,9762219.8228,0.0],[615660.5969149,9762219.8185293,0.0],[615660.6939853,9762219.8057497,0.0],[615660.7895726,9762219.7845586,0.0],[615660.8829492,9762219.755117,0.0],[615660.9734045,9762219.7176492,0.0],[615661.06025,9762219.6724403,0.0],[615661.1428248,9762219.6198343,0.0],[615661.2205005,9762219.5602317,0.0],[615661.2926859,9762219.4940859,0.0],[615661.3588317,9762219.4219005,0.0],[615661.4184343,9762219.3442248,0.0],[615661.4710403,9762219.26165,0.0],[615661.5162492,9762219.1748045,0.0],[615661.553717,9762219.0843492,0.0],[615661.5831586,9762218.9909726,0.0],[615661.6043497,9762218.8953853,0.0],[615661.6171293,9762218.7983149,0.0],[615661.6214,9762218.7005,0.0]]]]}},
{"type":"Feature","properties":{"Layer":"M-Interagua"},"geometry":{"type":"MultiPolygon","coordinates":[[[[615626.0950606,9762115.9633834,0.0],[615626.0907899,9762115.8655685,0.0],[615626.0780103,9762115.768498,0.0],[615626.0568191,9762115.6729107,0.0],[615626.0273776,9762115.5795341,0.0],[615625.9899098,9762115.4890789,0.0],[615625.9447009,9762115.4022334,0.0],[615625.8920949,9762115.3196585,0.0],[615625.8324923,9762115.2419828,0.0],[615625.7663465,9762115.1697974,0.0],[615625.6941611,9762115.1036517,0.0],[615625.6164854,9762115.044049,0.0],[615625.5339106,9762114.991443,0.0],[615625.4470651,9762114.9462341,0.0],[615625.3566098,9762114.9087663,0.0],[615625.2632332,9762114.8793248,0.0],[615625.1676459,9762114.8581336,0.0],[615625.0705755,9762114.845354,0.0],[615624.9727606,9762114.8410834,0.0],[615624.8749457,9762114.845354,0.0],[615624.7778752,9762114.8581336,0.0],[615624.682288,9762114.8793248,0.0],[615624.5889114,9762114.9087663,0.0],[615624.4984561,9762114.9462341,0.0],[615624.4116106,9762114.991443,0.0],[615624.3290357,9762115.044049,0.0],[615624.25136,9762115.1036517,0.0],[615624.1791746,9762115.1697974,0.0],[615624.1130289,9762115.2419828,0.0],[615624.0534262,9762115.3196585,0.0],[615624.0008203,9762115.4022334,0.0],[615623.9556113,9762115.4890789,0.0],[615623.9181435,9762115.5795341,0.0],[615623.888702,9762115.6729107,0.0],[615623.8675108,9762115.768498,0.0],[615623.8547313,9762115.8655685,0.0],[615623.8504606,9762115.9633834,0.0],[615623.8547313,9762116.0611982,0.0],[615623.8675108,9762116.1582687,0.0],[615623.888702,9762116.253856,0.0],[615623.9181435,9762116.3472326,0.0],[615623.9556113,9762116.4376878,0.0],[615624.0008203,9762116.5245334,0.0],[615624.0534262,9762116.6071082,0.0],[615624.1130289,9762116.6847839,0.0],[615624.1791746,9762116.7569693,0.0],[615624.25136,9762116.823115,0.0],[615624.3290357,9762116.8827177,0.0],[615624.4116106,9762116.9353237,0.0],[615624.4984561,9762116.9805326,0.0],[615624.5889114,9762117.0180004,0.0],[615624.682288,9762117.0474419,0.0],[615624.7778752,9762117.0686331,0.0],[615624.8749457,9762117.0814127,0.0],[615624.9727606,9762117.0856833,0.0],[615625.0705755,9762117.0814127,0.0],[615625.1676459,9762117.0686331,0.0],[615625.2632332,9762117.0474419,0.0],[615625.3566098,9762117.0180004,0.0],[615625.4470651,9762116.9805326,0.0],[615625.5339106,9762116.9353237,0.0],[615625.6164854,9762116.8827177,0.0],[615625.6941611,9762116.823115,0.0],[615625.7663465,9762116.7569693,0.0],[615625.8324923,9762116.6847839,0.0],[615625.8920949,9762116.6071082,0.0],[615625.9447009,9762116.5245334,0.0],[615625.9899098,9762116.4376878,0.0],[615626.0273776,9762116.3472326,0.0],[615626.0568191,9762116.253856,0.0],[615626.0780103,9762116.1582687,0.0],[615626.0907899,9762116.0611982,0.0],[615626.0950606,9762115.9633834,0.0]]]]}},
{"type":"Feature","properties":{"Layer":"M-Interagua"},"geometry":{"type":"MultiPolygon","coordinates":[[[[615887.261336,9762237.0253063,0.0],[615887.2570653,9762236.9274914,0.0],[615887.2442858,9762236.830421,0.0],[615887.2230946,9762236.7348337,0.0],[615887.1936531,9762236.6414571,0.0],[615887.1561853,9762236.5510018,0.0],[615887.1109763,9762236.4641563,0.0],[615887.0583704,9762236.3815815,0.0],[615886.9987677,9762236.3039058,0.0],[615886.932622,9762236.2317204,0.0],[615886.8604366,9762236.1655746,0.0],[615886.7827609,9762236.105972,0.0],[615886.700186,9762236.053366,0.0],[615886.6133405,9762236.0081571,0.0],[615886.5228852,9762235.9706893,0.0],[615886.4295086,9762235.9412478,0.0],[615886.3339214,9762235.9200566,0.0],[615886.2368509,9762235.907277,0.0],[615886.139036,9762235.9030063,0.0],[615886.0412211,9762235.907277,0.0],[615885.9441507,9762235.9200566,0.0],[615885.8485634,9762235.9412478,0.0],[615885.7551868,9762235.9706893,0.0],[615885.6647316,9762236.0081571,0.0],[615885.577886,9762236.053366,0.0],[615885.4953112,9762236.105972,0.0],[615885.4176355,9762236.1655746,0.0],[615885.3454501,9762236.2317204,0.0],[615885.2793044,9762236.3039058,0.0],[615885.2197017,9762236.3815815,0.0],[615885.1670957,9762236.4641563,0.0],[615885.1218868,9762236.5510018,0.0],[615885.084419,9762236.6414571,0.0],[615885.0549775,9762236.7348337,0.0],[615885.0337863,9762236.830421,0.0],[615885.0210067,9762236.9274914,0.0],[615885.016736,9762237.0253063,0.0],[615885.0210067,9762237.1231212,0.0],[615885.0337863,9762237.2201917,0.0],[615885.0549775,9762237.3157789,0.0],[615885.084419,9762237.4091555,0.0],[615885.1218868,9762237.4996108,0.0],[615885.1670957,9762237.5864563,0.0],[615885.2197017,9762237.6690311,0.0],[615885.2793044,9762237.7467068,0.0],[615885.3454501,9762237.8188923,0.0],[615885.4176355,9762237.885038,0.0],[615885.4953112,9762237.9446407,0.0],[615885.577886,9762237.9972466,0.0],[615885.6647316,9762238.0424555,0.0],[615885.7551868,9762238.0799233,0.0],[615885.8485634,9762238.1093649,0.0],[615885.9441507,9762238.1305561,0.0],[615886.0412211,9762238.1433356,0.0],[615886.139036,9762238.1476063,0.0],[615886.2368509,9762238.1433356,0.0],[615886.3339214,9762238.1305561,0.0],[615886.4295086,9762238.1093649,0.0],[615886.5228852,9762238.0799233,0.0],[615886.6133405,9762238.0424555,0.0],[615886.700186,9762237.9972466,0.0],[615886.7827609,9762237.9446407,0.0],[615886.8604366,9762237.885038,0.0],[615886.932622,9762237.8188923,0.0],[615886.9987677,9762237.7467068,0.0],[615887.0583704,9762237.6690311,0.0],[615887.1109763,9762237.5864563,0.0],[615887.1561853,9762237.4996108,0.0],[615887.1936531,9762237.4091555,0.0],[615887.2230946,9762237.3157789,0.0],[615887.2442858,9762237.2201917,0.0],[615887.2570653,9762237.1231212,0.0],[615887.261336,9762237.0253063,0.0]]]]}},
{"type":"Feature","properties":{"Layer":"M-Interagua"},"geometry":{"type":"MultiPolygon","coordinates":[[[[615936.5487158,9762208.6232012,-0.2127179],[615936.5444451,9762208.5253863,-0.2127179],[615936.5316656,9762208.4283158,-0.2127179],[615936.5104744,9762208.3327286,-0.2127179],[615936.4810328,9762208.239352,-0.2127179],[615936.443565,9762208.1488967,-0.2127179],[615936.3983561,9762208.0620512,-0.2127179],[615936.3457502,9762207.9794763,-0.2127179],[615936.2861475,9762207.9018006,-0.2127179],[615936.2200018,9762207.8296152,-0.2127179],[615936.1478163,9762207.7634695,-0.2127179],[615936.0701406,9762207.7038668,-0.2127179],[615935.9875658,9762207.6512609,-0.2127179],[615935.9007203,9762207.6060519,-0.2127179],[615935.810265,9762207.5685841,-0.2127179],[615935.7168884,9762207.5391426,-0.2127179],[615935.6213012,9762207.5179514,-0.2127179],[615935.5242307,9762207.5051719,-0.2127179],[615935.4264158,9762207.5009012,-0.2127179],[615935.3286009,9762207.5051719,-0.2127179],[615935.2315305,9762207.5179514,-0.2127179],[615935.1359432,9762207.5391426,-0.2127179],[615935.0425666,9762207.5685841,-0.2127179],[615934.9521113,9762207.6060519,-0.2127179],[615934.8652658,9762207.6512609,-0.2127179],[615934.782691,9762207.7038668,-0.2127179],[615934.7050153,9762207.7634695,-0.2127179],[615934.6328299,9762207.8296152,-0.2127179],[615934.5666841,9762207.9018006,-0.2127179],[615934.5070815,9762207.9794763,-0.2127179],[615934.4544755,9762208.0620512,-0.2127179],[615934.4092666,9762208.1488967,-0.2127179],[615934.3717988,9762208.239352,-0.2127179],[615934.3423573,9762208.3327286,-0.2127179],[615934.3211661,9762208.4283158,-0.2127179],[615934.3083865,9762208.5253863,-0.2127179],[615934.3041158,9762208.6232012,-0.2127179],[615934.3083865,9762208.7210161,-0.2127179],[615934.3211661,9762208.8180865,-0.2127179],[615934.3423573,9762208.9136738,-0.2127179],[615934.3717988,9762209.0070504,-0.2127179],[615934.4092666,9762209.0975056,-0.2127179],[615934.4544755,9762209.1843512,-0.2127179],[615934.5070815,9762209.266926,-0.2127179],[615934.5666841,9762209.3446017,-0.2127179],[615934.6328299,9762209.4167871,-0.2127179],[615934.7050153,9762209.4829328,-0.2127179],[615934.782691,9762209.5425355,-0.2127179],[615934.8652658,9762209.5951415,-0.2127179],[615934.9521113,9762209.6403504,-0.2127179],[615935.0425666,9762209.6778182,-0.2127179],[615935.1359432,9762209.7072597,-0.2127179],[615935.2315305,9762209.7284509,-0.2127179],[615935.3286009,9762209.7412305,-0.2127179],[615935.4264158,9762209.7455012,-0.2127179],[615935.5242307,9762209.7412305,-0.2127179],[615935.6213012,9762209.7284509,-0.2127179],[615935.7168884,9762209.7072597,-0.2127179],[615935.810265,9762209.6778182,-0.2127179],[615935.9007203,9762209.6403504,-0.2127179],[615935.9875658,9762209.5951415,-0.2127179],[615936.0701406,9762209.5425355,-0.2127179],[615936.1478163,9762209.4829328,-0.2127179],[615936.2200018,9762209.4167871,-0.2127179],[615936.2861475,9762209.3446017,-0.2127179],[615936.3457502,9762209.266926,-0.2127179],[615936.3983561,9762209.1843512,-0.2127179],[615936.443565,9762209.0975056,-0.2127179],[615936.4810328,9762209.0070504,-0.2127179],[615936.5104744,9762208.9136738,-0.2127179],[615936.5316656,9762208.8180865,-0.2127179],[615936.5444451,9762208.7210161,-0.2127179],[615936.5487158,9762208.6232012,-0.2127179]]]]}},
{"type":"Feature","properties":{"Layer":"M-Interagua"},"geometry":{"type":"MultiPolygon","coordinates":[[[[616103.4094,9762048.6826,0.0],[616103.4051293,9762048.5847851,0.0],[616103.3923497,9762048.4877147,0.0],[616103.3711586,9762048.3921274,0.0],[616103.341717,9762048.2987508,0.0],[616103.3042492,9762048.2082955,0.0],[616103.2590403,9762048.12145,0.0],[616103.2064343,9762048.0388752,0.0],[616103.1468317,9762047.9611995,0.0],[616103.0806859,9762047.8890141,0.0],[616103.0085005,9762047.8228683,0.0],[616102.9308248,9762047.7632657,0.0],[616102.84825,9762047.7106597,0.0],[616102.7614045,9762047.6654508,0.0],[616102.6709492,9762047.627983,0.0],[616102.5775726,9762047.5985414,0.0],[616102.4819853,9762047.5773503,0.0],[616102.3849149,9762047.5645707,0.0],[616102.2871,9762047.5603,0.0],[616102.1892851,9762047.5645707,0.0],[616102.0922147,9762047.5773503,0.0],[616101.9966274,9762047.5985414,0.0],[616101.9032508,9762047.627983,0.0],[616101.8127955,9762047.6654508,0.0],[616101.72595,9762047.7106597,0.0],[616101.6433752,9762047.7632657,0.0],[616101.5656995,9762047.8228683,0.0],[616101.4935141,9762047.8890141,0.0],[616101.4273683,9762047.9611995,0.0],[616101.3677657,9762048.0388752,0.0],[616101.3151597,9762048.12145,0.0],[616101.2699508,9762048.2082955,0.0],[616101.232483,9762048.2987508,0.0],[616101.2030414,9762048.3921274,0.0],[616101.1818503,9762048.4877147,0.0],[616101.1690707,9762048.5847851,0.0],[616101.1648,9762048.6826,0.0],[616101.1690707,9762048.7804149,0.0],[616101.1818503,9762048.8774853,0.0],[616101.2030414,9762048.9730726,0.0],[616101.232483,9762049.0664492,0.0],[616101.2699508,9762049.1569045,0.0],[616101.3151597,9762049.24375,0.0],[616101.3677657,9762049.3263248,0.0],[616101.4273683,9762049.4040005,0.0],[616101.4935141,9762049.4761859,0.0],[616101.5656995,9762049.5423317,0.0],[616101.6433752,9762049.6019343,0.0],[616101.72595,9762049.6545403,0.0],[616101.8127955,9762049.6997492,0.0],[616101.9032508,9762049.737217,0.0],[616101.9966274,9762049.7666586,0.0],[616102.0922147,9762049.7878497,0.0],[616102.1892851,9762049.8006293,0.0],[616102.2871,9762049.8049,0.0],[616102.3849149,9762049.8006293,0.0],[616102.4819853,9762049.7878497,0.0],[616102.5775726,9762049.7666586,0.0],[616102.6709492,9762049.737217,0.0],[616102.7614045,9762049.6997492,0.0],[616102.84825,9762049.6545403,0.0],[616102.9308248,9762049.6019343,0.0],[616103.0085005,9762049.5423317,0.0],[616103.0806859,9762049.4761859,0.0],[616103.1468317,9762049.4040005,0.0],[616103.2064343,9762049.3263248,0.0],[616103.2590403,9762049.24375,0.0],[616103.3042492,9762049.1569045,0.0],[616103.341717,9762049.0664492,0.0],[616103.3711586,9762048.9730726,0.0],[616103.3923497,9762048.8774853,0.0],[616103.4051293,9762048.7804149,0.0],[616103.4094,9762048.6826,0.0]]]]}},
{"type":"Feature","properties":{"Layer":"M-Interagua"},"geometry":{"type":"MultiPolygon","coordinates":[[[[616178.6559,9762067.565,0.0],[616178.6516293,9762067.4671851,0.0],[616178.6388497,9762067.3701147,0.0],[616178.6176586,9762067.2745274,0.0],[616178.588217,9762067.1811508,0.0],[616178.5507492,9762067.0906955,0.0],[616178.5055403,9762067.00385,0.0],[616178.4529343,9762066.9212752,0.0],[616178.3933317,9762066.8435995,0.0],[616178.3271859,9762066.7714141,0.0],[616178.2550005,9762066.7052683,0.0],[616178.1773248,9762066.6456657,0.0],[616178.09475,9762066.5930597,0.0],[616178.0079045,9762066.5478508,0.0],[616177.9174492,9762066.510383,0.0],[616177.8240726,9762066.4809415,0.0],[616177.7284853,9762066.4597503,0.0],[616177.6314149,9762066.4469707,0.0],[616177.5336,9762066.4427,0.0],[616177.4357851,9762066.4469707,0.0],[616177.3387147,9762066.4597503,0.0],[616177.2431274,9762066.4809415,0.0],[616177.1497508,9762066.510383,0.0],[616177.0592955,9762066.5478508,0.0],[616176.97245,9762066.5930597,0.0],[616176.8898752,9762066.6456657,0.0],[616176.8121995,9762066.7052683,0.0],[616176.7400141,9762066.7714141,0.0],[616176.6738683,9762066.8435995,0.0],[616176.6142657,9762066.9212752,0.0],[616176.5616597,9762067.00385,0.0],[616176.5164508,9762067.0906955,0.0],[616176.478983,9762067.1811508,0.0],[616176.4495414,9762067.2745274,0.0],[616176.4283503,9762067.3701147,0.0],[616176.4155707,9762067.4671851,0.0],[616176.4113,9762067.565,0.0],[616176.4155707,9762067.6628149,0.0],[616176.4283503,9762067.7598854,0.0],[616176.4495414,9762067.8554726,0.0],[616176.478983,9762067.9488492,0.0],[616176.5164508,9762068.0393045,0.0],[616176.5616597,9762068.12615,0.0],[616176.6142657,9762068.2087248,0.0],[616176.6738683,9762068.2864005,0.0],[616176.7400141,9762068.3585859,0.0],[616176.8121995,9762068.4247317,0.0],[616176.8898752,9762068.4843343,0.0],[616176.97245,9762068.5369403,0.0],[616177.0592955,9762068.5821492,0.0],[616177.1497508,9762068.619617,0.0],[616177.2431274,9762068.6490586,0.0],[616177.3387147,9762068.6702497,0.0],[616177.4357851,9762068.6830293,0.0],[616177.5336,9762068.6873,0.0],[616177.6314149,9762068.6830293,0.0],[616177.7284853,9762068.6702497,0.0],[616177.8240726,9762068.6490586,0.0],[616177.9174492,9762068.619617,0.0],[616178.0079045,9762068.5821492,0.0],[616178.09475,9762068.5369403,0.0],[616178.1773248,9762068.4843343,0.0],[616178.2550005,9762068.4247317,0.0],[616178.3271859,9762068.3585859,0.0],[616178.3933317,9762068.2864005,0.0],[616178.4529343,9762068.2087248,0.0],[616178.5055403,9762068.12615,0.0],[616178.5507492,9762068.0393045,0.0],[616178.588217,9762067.9488492,0.0],[616178.6176586,9762067.8554726,0.0],[616178.6388497,9762067.7598854,0.0],[616178.6516293,9762067.6628149,0.0],[616178.6559,9762067.565,0.0]]]]}},
{"type":"Feature","properties":{"Layer":"M-Interagua"},"geometry":{"type":"MultiPolygon","coordinates":[[[[616271.8564407,9762153.584673,-2.0],[616271.85217,9762153.4868581,-2.0],[616271.8393904,9762153.3897876,-2.0],[616271.8181993,9762153.2942004,-2.0],[616271.7887577,9762153.2008238,-2.0],[616271.7512899,9762153.1103685,-2.0],[616271.706081,9762153.023523,-2.0],[616271.653475,9762152.9409481,-2.0],[616271.5938724,9762152.8632724,-2.0],[616271.5277266,9762152.791087,-2.0],[616271.4555412,9762152.7249413,-2.0],[616271.3778655,9762152.6653386,-2.0],[616271.2952907,9762152.6127327,-2.0],[616271.2084452,9762152.5675237,-2.0],[616271.1179899,9762152.5300559,-2.0],[616271.0246133,9762152.5006144,-2.0],[616270.9290261,9762152.4794232,-2.0],[616270.8319556,9762152.4666437,-2.0],[616270.7341407,9762152.462373,-2.0],[616270.6363258,9762152.4666437,-2.0],[616270.5392554,9762152.4794232,-2.0],[616270.4436681,9762152.5006144,-2.0],[616270.3502915,9762152.5300559,-2.0],[616270.2598362,9762152.5675237,-2.0],[616270.1729907,9762152.6127327,-2.0],[616270.0904159,9762152.6653386,-2.0],[616270.0127402,9762152.7249413,-2.0],[616269.9405548,9762152.791087,-2.0],[616269.874409,9762152.8632724,-2.0],[616269.8148064,9762152.9409481,-2.0],[616269.7622004,9762153.023523,-2.0],[616269.7169915,9762153.1103685,-2.0],[616269.6795237,9762153.2008238,-2.0],[616269.6500821,9762153.2942004,-2.0],[616269.628891,9762153.3897876,-2.0],[616269.6161114,9762153.4868581,-2.0],[616269.6118407,9762153.584673,-2.0],[616269.6161114,9762153.6824879,-2.0],[616269.628891,9762153.7795583,-2.0],[616269.6500821,9762153.8751456,-2.0],[616269.6795237,9762153.9685222,-2.0],[616269.7169915,9762154.0589774,-2.0],[616269.7622004,9762154.145823,-2.0],[616269.8148064,9762154.2283978,-2.0],[616269.874409,9762154.3060735,-2.0],[616269.9405548,9762154.3782589,-2.0],[616270.0127402,9762154.4444046,-2.0],[616270.0904159,9762154.5040073,-2.0],[616270.1729907,9762154.5566133,-2.0],[616270.2598362,9762154.6018222,-2.0],[616270.3502915,9762154.63929,-2.0],[616270.4436681,9762154.6687315,-2.0],[616270.5392554,9762154.6899227,-2.0],[616270.6363258,9762154.7027023,-2.0],[616270.7341407,9762154.706973,-2.0],[616270.8319556,9762154.7027023,-2.0],[616270.9290261,9762154.6899227,-2.0],[616271.0246133,9762154.6687315,-2.0],[616271.1179899,9762154.63929,-2.0],[616271.2084452,9762154.6018222,-2.0],[616271.2952907,9762154.5566133,-2.0],[616271.3778655,9762154.5040073,-2.0],[616271.4555412,9762154.4444046,-2.0],[616271.5277266,9762154.3782589,-2.0],[616271.5938724,9762154.3060735,-2.0],[616271.653475,9762154.2283978,-2.0],[616271.706081,9762154.145823,-2.0],[616271.7512899,9762154.0589774,-2.0],[616271.7887577,9762153.9685222,-2.0],[616271.8181993,9762153.8751456,-2.0],[616271.8393904,9762153.7795583,-2.0],[616271.85217,9762153.6824879,-2.0],[616271.8564407,9762153.584673,-2.0]]]]}},
{"type":"Feature","properties":{"Layer":"M-Interagua"},"geometry":{"type":"MultiPolygon","coordinates":[[[[617458.8141,9762905.6296,0.0],[617458.8098293,9762905.5317851,0.0],[617458.7970497,9762905.4347147,0.0],[617458.7758586,9762905.3391274,0.0],[617458.746417,9762905.2457508,0.0],[617458.7089492,9762905.1552955,0.0],[617458.6637403,9762905.06845,0.0],[617458.6111343,9762904.9858752,0.0],[617458.5515317,9762904.9081995,0.0],[617458.4853859,9762904.8360141,0.0],[617458.4132005,9762904.7698683,0.0],[617458.3355248,9762904.7102657,0.0],[617458.25295,9762904.6576597,0.0],[617458.1661045,9762904.6124508,0.0],[617458.0756492,9762904.574983,0.0],[617457.9822726,9762904.5455414,0.0],[617457.8866853,9762904.5243503,0.0],[617457.7896149,9762904.5115707,0.0],[617457.6918,9762904.5073,0.0],[617457.5939851,9762904.5115707,0.0],[617457.4969147,9762904.5243503,0.0],[617457.4013274,9762904.5455414,0.0],[617457.3079508,9762904.574983,0.0],[617457.2174955,9762904.6124508,0.0],[617457.13065,9762904.6576597,0.0],[617457.0480752,9762904.7102657,0.0],[617456.9703995,9762904.7698683,0.0],[617456.8982141,9762904.8360141,0.0],[617456.8320683,9762904.9081995,0.0],[617456.7724657,9762904.9858752,0.0],[617456.7198597,9762905.06845,0.0],[617456.6746508,9762905.1552955,0.0],[617456.637183,9762905.2457508,0.0],[617456.6077414,9762905.3391274,0.0],[617456.5865503,9762905.4347147,0.0],[617456.5737707,9762905.5317851,0.0],[617456.5695,9762905.6296,0.0],[617456.5737707,9762905.7274149,0.0],[617456.5865503,9762905.8244854,0.0],[617456.6077414,9762905.9200726,0.0],[617456.637183,9762906.0134492,0.0],[617456.6746508,9762906.1039045,0.0],[617456.7198597,9762906.19075,0.0],[617456.7724657,9762906.2733248,0.0],[617456.8320683,9762906.3510005,0.0],[617456.8982141,9762906.4231859,0.0],[617456.9703995,9762906.4893317,0.0],[617457.0480752,9762906.5489343,0.0],[617457.13065,9762906.6015403,0.0],[617457.2174955,9762906.6467492,0.0],[617457.3079508,9762906.684217,0.0],[617457.4013274,9762906.7136586,0.0],[617457.4969147,9762906.7348497,0.0],[617457.5939851,9762906.7476293,0.0],[617457.6918,9762906.7519,0.0],[617457.7896149,9762906.7476293,0.0],[617457.8866853,9762906.7348497,0.0],[617457.9822726,9762906.7136586,0.0],[617458.0756492,9762906.684217,0.0],[617458.1661045,9762906.6467492,0.0],[617458.25295,9762906.6015403,0.0],[617458.3355248,9762906.5489343,0.0],[617458.4132005,9762906.4893317,0.0],[617458.4853859,9762906.4231859,0.0],[617458.5515317,9762906.3510005,0.0],[617458.6111343,9762906.2733248,0.0],[617458.6637403,9762906.19075,0.0],[617458.7089492,9762906.1039045,0.0],[617458.746417,9762906.0134492,0.0],[617458.7758586,9762905.9200726,0.0],[617458.7970497,9762905.8244854,0.0],[617458.8098293,9762905.7274149,0.0],[617458.8141,9762905.6296,0.0]]]]}},
{"type":"Feature","properties":{"Layer":"M-Interagua"},"geometry":{"type":"MultiPolygon","coordinates":[[[[616161.6167,9762140.6583,0.0],[616161.6124293,9762140.5604851,0.0],[616161.5996497,9762140.4634147,0.0],[616161.5784586,9762140.3678274,0.0],[616161.549017,9762140.2744508,0.0],[616161.5115492,9762140.1839955,0.0],[616161.4663403,9762140.09715,0.0],[616161.4137343,9762140.0145752,0.0],[616161.3541317,9762139.9368995,0.0],[616161.2879859,9762139.8647141,0.0],[616161.2158005,9762139.7985683,0.0],[616161.1381248,9762139.7389657,0.0],[616161.05555,9762139.6863597,0.0],[616160.9687045,9762139.6411508,0.0],[616160.8782492,9762139.603683,0.0],[616160.7848726,9762139.5742414,0.0],[616160.6892853,9762139.5530503,0.0],[616160.5922149,9762139.5402707,0.0],[616160.4944,9762139.536,0.0],[616160.3965851,9762139.5402707,0.0],[616160.2995147,9762139.5530503,0.0],[616160.2039274,9762139.5742414,0.0],[616160.1105508,9762139.603683,0.0],[616160.0200955,9762139.6411508,0.0],[616159.93325,9762139.6863597,0.0],[616159.8506752,9762139.7389657,0.0],[616159.7729995,9762139.7985683,0.0],[616159.7008141,9762139.8647141,0.0],[616159.6346683,9762139.9368995,0.0],[616159.5750657,9762140.0145752,0.0],[616159.5224597,9762140.09715,0.0],[616159.4772508,9762140.1839955,0.0],[616159.439783,9762140.2744508,0.0],[616159.4103414,9762140.3678274,0.0],[616159.3891503,9762140.4634147,0.0],[616159.3763707,9762140.5604851,0.0],[616159.3721,9762140.6583,0.0],[616159.3763707,9762140.7561149,0.0],[616159.3891503,9762140.8531854,0.0],[616159.4103414,9762140.9487726,0.0],[616159.439783,9762141.0421492,0.0],[616159.4772508,9762141.1326045,0.0],[616159.5224597,9762141.21945,0.0],[616159.5750657,9762141.3020248,0.0],[616159.6346683,9762141.3797005,0.0],[616159.7008141,9762141.4518859,0.0],[616159.7729995,9762141.5180317,0.0],[616159.8506752,9762141.5776343,0.0],[616159.93325,9762141.6302403,0.0],[616160.0200955,9762141.6754492,0.0],[616160.1105508,9762141.712917,0.0],[616160.2039274,9762141.7423586,0.0],[616160.2995147,9762141.7635497,0.0],[616160.3965851,9762141.7763293,0.0],[616160.4944,9762141.7806,0.0],[616160.5922149,9762141.7763293,0.0],[616160.6892853,9762141.7635497,0.0],[616160.7848726,9762141.7423586,0.0],[616160.8782492,9762141.712917,0.0],[616160.9687045,9762141.6754492,0.0],[616161.05555,9762141.6302403,0.0],[616161.1381248,9762141.5776343,0.0],[616161.2158005,9762141.5180317,0.0],[616161.2879859,9762141.4518859,0.0],[616161.3541317,9762141.3797005,0.0],[616161.4137343,9762141.3020248,0.0],[616161.4663403,9762141.21945,0.0],[616161.5115492,9762141.1326045,0.0],[616161.549017,9762141.0421492,0.0],[616161.5784586,9762140.9487726,0.0],[616161.5996497,9762140.8531854,0.0],[616161.6124293,9762140.7561149,0.0],[616161.6167,9762140.6583,0.0]]]]}},
{"type":"Feature","properties":{"Layer":"M-Interagua"},"geometry":{"type":"MultiPolygon","coordinates":[[[[614956.6290823,9762906.2224307,-39.2127179],[614956.6248116,9762906.1246158,-39.2127179],[614956.6120321,9762906.0275453,-39.2127179],[614956.5908409,9762905.931958,-39.2127179],[614956.5613993,9762905.8385815,-39.2127179],[614956.5239315,9762905.7481262,-39.2127179],[614956.4787226,9762905.6612807,-39.2127179],[614956.4261167,9762905.5787058,-39.2127179],[614956.366514,9762905.5010301,-39.2127179],[614956.3003683,9762905.4288447,-39.2127179],[614956.2281829,9762905.362699,-39.2127179],[614956.1505072,9762905.3030963,-39.2127179],[614956.0679323,9762905.2504903,-39.2127179],[614955.9810868,9762905.2052814,-39.2127179],[614955.8906315,9762905.1678136,-39.2127179],[614955.7972549,9762905.1383721,-39.2127179],[614955.7016677,9762905.1171809,-39.2127179],[614955.6045972,9762905.1044013,-39.2127179],[614955.5067823,9762905.1001307,-39.2127179],[614955.4089674,9762905.1044013,-39.2127179],[614955.311897,9762905.1171809,-39.2127179],[614955.2163097,9762905.1383721,-39.2127179],[614955.1229331,9762905.1678136,-39.2127179],[614955.0324778,9762905.2052814,-39.2127179],[614954.9456323,9762905.2504903,-39.2127179],[614954.8630575,9762905.3030963,-39.2127179],[614954.7853818,9762905.362699,-39.2127179],[614954.7131964,9762905.4288447,-39.2127179],[614954.6470506,9762905.5010301,-39.2127179],[614954.587448,9762905.5787058,-39.2127179],[614954.534842,9762905.6612807,-39.2127179],[614954.4896331,9762905.7481262,-39.2127179],[614954.4521653,9762905.8385815,-39.2127179],[614954.4227238,9762905.931958,-39.2127179],[614954.4015326,9762906.0275453,-39.2127179],[614954.388753,9762906.1246158,-39.2127179],[614954.3844823,9762906.2224307,-39.2127179],[614954.388753,9762906.3202455,-39.2127179],[614954.4015326,9762906.417316,-39.2127179],[614954.4227238,9762906.5129033,-39.2127179],[614954.4521653,9762906.6062799,-39.2127179],[614954.4896331,9762906.6967351,-39.2127179],[614954.534842,9762906.7835807,-39.2127179],[614954.587448,9762906.8661555,-39.2127179],[614954.6470506,9762906.9438312,-39.2127179],[614954.7131964,9762907.0160166,-39.2127179],[614954.7853818,9762907.0821623,-39.2127179],[614954.8630575,9762907.141765,-39.2127179],[614954.9456323,9762907.194371,-39.2127179],[614955.0324778,9762907.2395799,-39.2127179],[614955.1229331,9762907.2770477,-39.2127179],[614955.2163097,9762907.3064892,-39.2127179],[614955.311897,9762907.3276804,-39.2127179],[614955.4089674,9762907.34046,-39.2127179],[614955.5067823,9762907.3447307,-39.2127179],[614955.6045972,9762907.34046,-39.2127179],[614955.7016677,9762907.3276804,-39.2127179],[614955.7972549,9762907.3064892,-39.2127179],[614955.8906315,9762907.2770477,-39.2127179],[614955.9810868,9762907.2395799,-39.2127179],[614956.0679323,9762907.194371,-39.2127179],[614956.1505072,9762907.141765,-39.2127179],[614956.2281829,9762907.0821623,-39.2127179],[614956.3003683,9762907.0160166,-39.2127179],[614956.366514,9762906.9438312,-39.2127179],[614956.4261167,9762906.8661555,-39.2127179],[614956.4787226,9762906.7835807,-39.2127179],[614956.5239315,9762906.6967351,-39.2127179],[614956.5613993,9762906.6062799,-39.2127179],[614956.5908409,9762906.5129033,-39.2127179],[614956.6120321,9762906.417316,-39.2127179],[614956.6248116,9762906.3202455,-39.2127179],[614956.6290823,9762906.2224307,-39.2127179]]]]}},
{"type":"Feature","properties":{"Layer":"M-Local"},"geometry":{"type":"MultiPolygon","coordinates":[[[[616939.5469,9762701.4981,0.0],[616939.5426381,9762701.4004856,0.0],[616939.5298847,9762701.303614,0.0],[616939.5087369,9762701.2082227,0.0],[616939.4793557,9762701.1150374,0.0],[616939.4419647,9762701.0247675,0.0],[616939.3968485,9762700.9381,0.0],[616939.3443503,9762700.8556944,0.0],[616939.2848698,9762700.7781779,0.0],[616939.2188596,9762700.7061404,0.0],[616939.1468221,9762700.6401302,0.0],[616939.0693056,9762700.5806497,0.0],[616938.9869,9762700.5281515,0.0],[616938.9002325,9762700.4830353,0.0],[616938.8099626,9762700.4456443,0.0],[616938.7167773,9762700.4162631,0.0],[616938.621386,9762700.3951153,0.0],[616938.5245144,9762700.3823619,0.0],[616938.4269,9762700.3781,0.0],[616938.3292856,9762700.3823619,0.0],[616938.232414,9762700.3951153,0.0],[616938.1370227,9762700.4162631,0.0],[616938.0438374,9762700.4456443,0.0],[616937.9535675,9762700.4830353,0.0],[616937.8669,9762700.5281515,0.0],[616937.7844944,9762700.5806497,0.0],[616937.7069779,9762700.6401302,0.0],[616937.6349404,9762700.7061404,0.0],[616937.5689302,9762700.7781779,0.0],[616937.5094497,9762700.8556944,0.0],[616937.4569515,9762700.9381,0.0],[616937.4118353,9762701.0247675,0.0],[616937.3744443,9762701.1150374,0.0],[616937.3450631,9762701.2082227,0.0],[616937.3239153,9762701.303614,0.0],[616937.3111619,9762701.4004856,0.0],[616937.3069,9762701.4981,0.0],[616937.3111619,9762701.5957144,0.0],[616937.3239153,9762701.692586,0.0],[616937.3450631,9762701.7879773,0.0],[616937.3744443,9762701.8811626,0.0],[616937.4118353,9762701.9714325,0.0],[616937.4569515,9762702.0581,0.0],[616937.5094497,9762702.1405056,0.0],[616937.5689302,9762702.2180221,0.0],[616937.6349404,9762702.2900596,0.0],[616937.7069779,9762702.3560698,0.0],[616937.7844944,9762702.4155503,0.0],[616937.8669,9762702.4680485,0.0],[616937.9535675,9762702.5131647,0.0],[616938.0438374,9762702.5505557,0.0],[616938.1370227,9762702.5799369,0.0],[616938.232414,9762702.6010847,0.0],[616938.3292856,9762702.6138381,0.0],[616938.4269,9762702.6181,0.0],[616938.5245144,9762702.6138381,0.0],[616938.621386,9762702.6010847,0.0],[616938.7167773,9762702.5799369,0.0],[616938.8099626,9762702.5505557,0.0],[616938.9002325,9762702.5131647,0.0],[616938.9869,9762702.4680485,0.0],[616939.0693056,9762702.4155503,0.0],[616939.1468221,9762702.3560698,0.0],[616939.2188596,9762702.2900596,0.0],[616939.2848698,9762702.2180221,0.0],[616939.3443503,9762702.1405056,0.0],[616939.3968485,9762702.0581,0.0],[616939.4419647,9762701.9714325,0.0],[616939.4793557,9762701.8811626,0.0],[616939.5087369,9762701.7879773,0.0],[616939.5298847,9762701.692586,0.0],[616939.5426381,9762701.5957144,0.0],[616939.5469,9762701.4981,0.0]]]]}},
{"type":"Feature","properties":{"Layer":"M-Local"},"geometry":{"type":"MultiPolygon","coordinates":[[[[616749.4972362,9762447.3671177,-131.7152957],[616749.4929743,9762447.2695032,-131.7152957],[616749.4802209,9762447.1726317,-131.7152957],[616749.4590731,9762447.0772403,-131.7152957],[616749.4296919,9762446.9840551,-131.7152957],[616749.3923009,9762446.8937852,-131.7152957],[616749.3471846,9762446.8071177,-131.7152957],[616749.2946865,9762446.7247121,-131.7152957],[616749.235206,9762446.6471956,-131.7152957],[616749.1691958,9762446.5751581,-131.7152957],[616749.0971583,9762446.5091479,-131.7152957],[616749.0196418,9762446.4496674,-131.7152957],[616748.9372362,9762446.3971692,-131.7152957],[616748.8505686,9762446.352053,-131.7152957],[616748.7602988,9762446.3146619,-131.7152957],[616748.6671135,9762446.2852807,-131.7152957],[616748.5717222,9762446.264133,-131.7152957],[616748.4748506,9762446.2513796,-131.7152957],[616748.3772362,9762446.2471177,-131.7152957],[616748.2796218,9762446.2513796,-131.7152957],[616748.1827502,9762446.264133,-131.7152957],[616748.0873589,9762446.2852807,-131.7152957],[616747.9941736,9762446.3146619,-131.7152957],[616747.9039037,9762446.352053,-131.7152957],[616747.8172362,9762446.3971692,-131.7152957],[616747.7348306,9762446.4496674,-131.7152957],[616747.6573141,9762446.5091479,-131.7152957],[616747.5852766,9762446.5751581,-131.7152957],[616747.5192664,9762446.6471956,-131.7152957],[616747.4597859,9762446.7247121,-131.7152957],[616747.4072877,9762446.8071177,-131.7152957],[616747.3621715,9762446.8937852,-131.7152957],[616747.3247805,9762446.9840551,-131.7152957],[616747.2953993,9762447.0772403,-131.7152957],[616747.2742515,9762447.1726317,-131.7152957],[616747.2614981,9762447.2695032,-131.7152957],[616747.2572362,9762447.3671177,-131.7152957],[616747.2614981,9762447.4647321,-131.7152957],[616747.2742515,9762447.5616036,-131.7152957],[616747.2953993,9762447.656995,-131.7152957],[616747.3247805,9762447.7501802,-131.7152957],[616747.3621715,9762447.8404501,-131.7152957],[616747.4072877,9762447.9271177,-131.7152957],[616747.4597859,9762448.0095233,-131.7152957],[616747.5192664,9762448.0870398,-131.7152957],[616747.5852766,9762448.1590773,-131.7152957],[616747.6573141,9762448.2250875,-131.7152957],[616747.7348306,9762448.284568,-131.7152957],[616747.8172362,9762448.3370661,-131.7152957],[616747.9039037,9762448.3821824,-131.7152957],[616747.9941736,9762448.4195734,-131.7152957],[616748.0873589,9762448.4489546,-131.7152957],[616748.1827502,9762448.4701024,-131.7152957],[616748.2796218,9762448.4828557,-131.7152957],[616748.3772362,9762448.4871177,-131.7152957],[616748.4748506,9762448.4828557,-131.7152957],[616748.5717222,9762448.4701024,-131.7152957],[616748.6671135,9762448.4489546,-131.7152957],[616748.7602988,9762448.4195734,-131.7152957],[616748.8505686,9762448.3821824,-131.7152957],[616748.9372362,9762448.3370661,-131.7152957],[616749.0196418,9762448.284568,-131.7152957],[616749.0971583,9762448.2250875,-131.7152957],[616749.1691958,9762448.1590773,-131.7152957],[616749.235206,9762448.0870398,-131.7152957],[616749.2946865,9762448.0095233,-131.7152957],[616749.3471846,9762447.9271177,-131.7152957],[616749.3923009,9762447.8404501,-131.7152957],[616749.4296919,9762447.7501802,-131.7152957],[616749.4590731,9762447.656995,-131.7152957],[616749.4802209,9762447.5616036,-131.7152957],[616749.4929743,9762447.4647321,-131.7152957],[616749.4972362,9762447.3671177,-131.7152957]]]]}},
{"type":"Feature","properties":{"Layer":"M-Local"},"geometry":{"type":"MultiPolygon","coordinates":[[[[616862.4183487,9762249.9173352,-130.918002],[616862.4140868,9762249.8197208,-130.918002],[616862.4013334,9762249.7228492,-130.918002],[616862.3801856,9762249.6274579,-130.918002],[616862.3508044,9762249.5342726,-130.918002],[616862.3134134,9762249.4440027,-130.918002],[616862.2682972,9762249.3573352,-130.918002],[616862.215799,9762249.2749296,-130.918002],[616862.1563185,9762249.1974131,-130.918002],[616862.0903083,9762249.1253756,-130.918002],[616862.0182708,9762249.0593654,-130.918002],[616861.9407543,9762248.9998849,-130.918002],[616861.8583487,9762248.9473868,-130.918002],[616861.7716812,9762248.9022705,-130.918002],[616861.6814113,9762248.8648795,-130.918002],[616861.588226,9762248.8354983,-130.918002],[616861.4928347,9762248.8143505,-130.918002],[616861.3959631,9762248.8015971,-130.918002],[616861.2983487,9762248.7973352,-130.918002],[616861.2007343,9762248.8015971,-130.918002],[616861.1038627,9762248.8143505,-130.918002],[616861.0084714,9762248.8354983,-130.918002],[616860.9152861,9762248.8648795,-130.918002],[616860.8250162,9762248.9022705,-130.918002],[616860.7383487,9762248.9473868,-130.918002],[616860.6559431,9762248.9998849,-130.918002],[616860.5784266,9762249.0593654,-130.918002],[616860.5063891,9762249.1253756,-130.918002],[616860.4403789,9762249.1974131,-130.918002],[616860.3808984,9762249.2749296,-130.918002],[616860.3284002,9762249.3573352,-130.918002],[616860.283284,9762249.4440027,-130.918002],[616860.245893,9762249.5342726,-130.918002],[616860.2165118,9762249.6274579,-130.918002],[616860.195364,9762249.7228492,-130.918002],[616860.1826106,9762249.8197208,-130.918002],[616860.1783487,9762249.9173352,-130.918002],[616860.1826106,9762250.0149496,-130.918002],[616860.195364,9762250.1118212,-130.918002],[616860.2165118,9762250.2072125,-130.918002],[616860.245893,9762250.3003978,-130.918002],[616860.283284,9762250.3906677,-130.918002],[616860.3284002,9762250.4773352,-130.918002],[616860.3808984,9762250.5597408,-130.918002],[616860.4403789,9762250.6372573,-130.918002],[616860.5063891,9762250.7092948,-130.918002],[616860.5784266,9762250.775305,-130.918002],[616860.6559431,9762250.8347855,-130.918002],[616860.7383487,9762250.8872837,-130.918002],[616860.8250162,9762250.9323999,-130.918002],[616860.9152861,9762250.9697909,-130.918002],[616861.0084714,9762250.9991721,-130.918002],[616861.1038627,9762251.0203199,-130.918002],[616861.2007343,9762251.0330733,-130.918002],[616861.2983487,9762251.0373352,-130.918002],[616861.3959631,9762251.0330733,-130.918002],[616861.4928347,9762251.0203199,-130.918002],[616861.588226,9762250.9991721,-130.918002],[616861.6814113,9762250.9697909,-130.918002],[616861.7716812,9762250.9323999,-130.918002],[616861.8583487,9762250.8872837,-130.918002],[616861.9407543,9762250.8347855,-130.918002],[616862.0182708,9762250.775305,-130.918002],[616862.0903083,9762250.7092948,-130.918002],[616862.1563185,9762250.6372573,-130.918002],[616862.215799,9762250.5597408,-130.918002],[616862.2682972,9762250.4773352,-130.918002],[616862.3134134,9762250.3906677,-130.918002],[616862.3508044,9762250.3003978,-130.918002],[616862.3801856,9762250.2072125,-130.918002],[616862.4013334,9762250.1118212,-130.918002],[616862.4140868,9762250.0149496,-130.918002],[616862.4183487,9762249.9173352,-130.918002]]]]}},
{"type":"Feature","properties":{"Layer":"M-Local"},"geometry":{"type":"MultiPolygon","coordinates":[[[[616501.0142,9762112.5023,0.0],[616501.0099381,9762112.4046856,0.0],[616500.9971847,9762112.307814,0.0],[616500.9760369,9762112.2124227,0.0],[616500.9466557,9762112.1192374,0.0],[616500.9092647,9762112.0289675,0.0],[616500.8641485,9762111.9423,0.0],[616500.8116503,9762111.8598944,0.0],[616500.7521698,9762111.7823779,0.0],[616500.6861596,9762111.7103404,0.0],[616500.6141221,9762111.6443302,0.0],[616500.5366056,9762111.5848497,0.0],[616500.4542,9762111.5323515,0.0],[616500.3675325,9762111.4872353,0.0],[616500.2772626,9762111.4498443,0.0],[616500.1840773,9762111.4204631,0.0],[616500.088686,9762111.3993153,0.0],[616499.9918144,9762111.3865619,0.0],[616499.8942,9762111.3823,0.0],[616499.7965856,9762111.3865619,0.0],[616499.699714,9762111.3993153,0.0],[616499.6043227,9762111.4204631,0.0],[616499.5111374,9762111.4498443,0.0],[616499.4208675,9762111.4872353,0.0],[616499.3342,9762111.5323515,0.0],[616499.2517944,9762111.5848497,0.0],[616499.1742779,9762111.6443302,0.0],[616499.1022404,9762111.7103404,0.0],[616499.0362302,9762111.7823779,0.0],[616498.9767497,9762111.8598944,0.0],[616498.9242515,9762111.9423,0.0],[616498.8791353,9762112.0289675,0.0],[616498.8417443,9762112.1192374,0.0],[616498.8123631,9762112.2124227,0.0],[616498.7912153,9762112.307814,0.0],[616498.7784619,9762112.4046856,0.0],[616498.7742,9762112.5023,0.0],[616498.7784619,9762112.5999144,0.0],[616498.7912153,9762112.696786,0.0],[616498.8123631,9762112.7921773,0.0],[616498.8417443,9762112.8853626,0.0],[616498.8791353,9762112.9756325,0.0],[616498.9242515,9762113.0623,0.0],[616498.9767497,9762113.1447056,0.0],[616499.0362302,9762113.2222221,0.0],[616499.1022404,9762113.2942596,0.0],[616499.1742779,9762113.3602698,0.0],[616499.2517944,9762113.4197503,0.0],[616499.3342,9762113.4722485,0.0],[616499.4208675,9762113.5173647,0.0],[616499.5111374,9762113.5547557,0.0],[616499.6043227,9762113.5841369,0.0],[616499.699714,9762113.6052847,0.0],[616499.7965856,9762113.6180381,0.0],[616499.8942,9762113.6223,0.0],[616499.9918144,9762113.6180381,0.0],[616500.088686,9762113.6052847,0.0],[616500.1840773,9762113.5841369,0.0],[616500.2772626,9762113.5547557,0.0],[616500.3675325,9762113.5173647,0.0],[616500.4542,9762113.4722485,0.0],[616500.5366056,9762113.4197503,0.0],[616500.6141221,9762113.3602698,0.0],[616500.6861596,9762113.2942596,0.0],[616500.7521698,9762113.2222221,0.0],[616500.8116503,9762113.1447056,0.0],[616500.8641485,9762113.0623,0.0],[616500.9092647,9762112.9756325,0.0],[616500.9466557,9762112.8853626,0.0],[616500.9760369,9762112.7921773,0.0],[616500.9971847,9762112.696786,0.0],[616501.0099381,9762112.5999144,0.0],[616501.0142,9762112.5023,0.0]]]]}},
{"type":"Feature","properties":{"Layer":"M-Local"},"geometry":{"type":"MultiPolygon","coordinates":[[[[616293.3343,9762069.1029,0.0],[616293.3300381,9762069.0052856,0.0],[616293.3172847,9762068.908414,0.0],[616293.2961369,9762068.8130227,0.0],[616293.2667557,9762068.7198374,0.0],[616293.2293647,9762068.6295675,0.0],[616293.1842485,9762068.5429,0.0],[616293.1317503,9762068.4604944,0.0],[616293.0722698,9762068.3829779,0.0],[616293.0062596,9762068.3109404,0.0],[616292.9342221,9762068.2449302,0.0],[616292.8567056,9762068.1854497,0.0],[616292.7743,9762068.1329515,0.0],[616292.6876325,9762068.0878353,0.0],[616292.5973626,9762068.0504443,0.0],[616292.5041773,9762068.0210631,0.0],[616292.408786,9762067.9999153,0.0],[616292.3119144,9762067.9871619,0.0],[616292.2143,9762067.9829,0.0],[616292.1166856,9762067.9871619,0.0],[616292.019814,9762067.9999153,0.0],[616291.9244227,9762068.0210631,0.0],[616291.8312374,9762068.0504443,0.0],[616291.7409675,9762068.0878353,0.0],[616291.6543,9762068.1329515,0.0],[616291.5718944,9762068.1854497,0.0],[616291.4943779,9762068.2449302,0.0],[616291.4223404,9762068.3109404,0.0],[616291.3563302,9762068.3829779,0.0],[616291.2968497,9762068.4604944,0.0],[616291.2443515,9762068.5429,0.0],[616291.1992353,9762068.6295675,0.0],[616291.1618443,9762068.7198374,0.0],[616291.1324631,9762068.8130227,0.0],[616291.1113153,9762068.908414,0.0],[616291.0985619,9762069.0052856,0.0],[616291.0943,9762069.1029,0.0],[616291.0985619,9762069.2005144,0.0],[616291.1113153,9762069.297386,0.0],[616291.1324631,9762069.3927773,0.0],[616291.1618443,9762069.4859626,0.0],[616291.1992353,9762069.5762325,0.0],[616291.2443515,9762069.6629,0.0],[616291.2968497,9762069.7453056,0.0],[616291.3563302,9762069.8228221,0.0],[616291.4223404,9762069.8948596,0.0],[616291.4943779,9762069.9608698,0.0],[616291.5718944,9762070.0203503,0.0],[616291.6543,9762070.0728485,0.0],[616291.7409675,9762070.1179647,0.0],[616291.8312374,9762070.1553557,0.0],[616291.9244227,9762070.1847369,0.0],[616292.019814,9762070.2058847,0.0],[616292.1166856,9762070.2186381,0.0],[616292.2143,9762070.2229,0.0],[616292.3119144,9762070.2186381,0.0],[616292.408786,9762070.2058847,0.0],[616292.5041773,9762070.1847369,0.0],[616292.5973626,9762070.1553557,0.0],[616292.6876325,9762070.1179647,0.0],[616292.7743,9762070.0728485,0.0],[616292.8567056,9762070.0203503,0.0],[616292.9342221,9762069.9608698,0.0],[616293.0062596,9762069.8948596,0.0],[616293.0722698,9762069.8228221,0.0],[616293.1317503,9762069.7453056,0.0],[616293.1842485,9762069.6629,0.0],[616293.2293647,9762069.5762325,0.0],[616293.2667557,9762069.4859626,0.0],[616293.2961369,9762069.3927773,0.0],[616293.3172847,9762069.297386,0.0],[616293.3300381,9762069.2005144,0.0],[616293.3343,9762069.1029,0.0]]]]}},
{"type":"Feature","properties":{"Layer":"M-Local"},"geometry":{"type":"MultiPolygon","coordinates":[[[[616266.9731,9762100.1166,0.0],[616266.9688381,9762100.0189856,0.0],[616266.9560847,9762099.922114,0.0],[616266.9349369,9762099.8267227,0.0],[616266.9055557,9762099.7335374,0.0],[616266.8681647,9762099.6432675,0.0],[616266.8230485,9762099.5566,0.0],[616266.7705503,9762099.4741944,0.0],[616266.7110698,9762099.3966779,0.0],[616266.6450596,9762099.3246404,0.0],[616266.5730221,9762099.2586302,0.0],[616266.4955056,9762099.1991497,0.0],[616266.4131,9762099.1466515,0.0],[616266.3264325,9762099.1015353,0.0],[616266.2361626,9762099.0641443,0.0],[616266.1429773,9762099.0347631,0.0],[616266.047586,9762099.0136153,0.0],[616265.9507144,9762099.0008619,0.0],[616265.8531,9762098.9966,0.0],[616265.7554856,9762099.0008619,0.0],[616265.658614,9762099.0136153,0.0],[616265.5632227,9762099.0347631,0.0],[616265.4700374,9762099.0641443,0.0],[616265.3797675,9762099.1015353,0.0],[616265.2931,9762099.1466515,0.0],[616265.2106944,9762099.1991497,0.0],[616265.1331779,9762099.2586302,0.0],[616265.0611404,9762099.3246404,0.0],[616264.9951302,9762099.3966779,0.0],[616264.9356497,9762099.4741944,0.0],[616264.8831515,9762099.5566,0.0],[616264.8380353,9762099.6432675,0.0],[616264.8006443,9762099.7335374,0.0],[616264.7712631,9762099.8267227,0.0],[616264.7501153,9762099.922114,0.0],[616264.7373619,9762100.0189856,0.0],[616264.7331,9762100.1166,0.0],[616264.7373619,9762100.2142144,0.0],[616264.7501153,9762100.311086,0.0],[616264.7712631,9762100.4064773,0.0],[616264.8006443,9762100.4996626,0.0],[616264.8380353,9762100.5899325,0.0],[616264.8831515,9762100.6766,0.0],[616264.9356497,9762100.7590056,0.0],[616264.9951302,9762100.8365221,0.0],[616265.0611404,9762100.9085596,0.0],[616265.1331779,9762100.9745698,0.0],[616265.2106944,9762101.0340503,0.0],[616265.2931,9762101.0865485,0.0],[616265.3797675,9762101.1316647,0.0],[616265.4700374,9762101.1690557,0.0],[616265.5632227,9762101.1984369,0.0],[616265.658614,9762101.2195847,0.0],[616265.7554856,9762101.2323381,0.0],[616265.8531,9762101.2366,0.0],[616265.9507144,9762101.2323381,0.0],[616266.047586,9762101.2195847,0.0],[616266.1429773,9762101.1984369,0.0],[616266.2361626,9762101.1690557,0.0],[616266.3264325,9762101.1316647,0.0],[616266.4131,9762101.0865485,0.0],[616266.4955056,9762101.0340503,0.0],[616266.5730221,9762100.9745698,0.0],[616266.6450596,9762100.9085596,0.0],[616266.7110698,9762100.8365221,0.0],[616266.7705503,9762100.7590056,0.0],[616266.8230485,9762100.6766,0.0],[616266.8681647,9762100.5899325,0.0],[616266.9055557,9762100.4996626,0.0],[616266.9349369,9762100.4064773,0.0],[616266.9560847,9762100.311086,0.0],[616266.9688381,9762100.2142144,0.0],[616266.9731,9762100.1166,0.0]]]]}},
{"type":"Feature","properties":{"Layer":"M-Local"},"geometry":{"type":"MultiPolygon","coordinates":[[[[616262.3184628,9762157.2392387,0.0],[616262.3142008,9762157.1416242,0.0],[616262.3014474,9762157.0447527,0.0],[616262.2802997,9762156.9493613,0.0],[616262.2509185,9762156.8561761,0.0],[616262.2135275,9762156.7659062,0.0],[616262.1684112,9762156.6792387,0.0],[616262.115913,9762156.5968331,0.0],[616262.0564325,9762156.5193166,0.0],[616261.9904223,9762156.4472791,0.0],[616261.9183849,9762156.3812689,0.0],[616261.8408684,9762156.3217884,0.0],[616261.7584628,9762156.2692902,0.0],[616261.6717952,9762156.224174,0.0],[616261.5815253,9762156.1867829,0.0],[616261.4883401,9762156.1574018,0.0],[616261.3929487,9762156.136254,0.0],[616261.2960772,9762156.1235006,0.0],[616261.1984628,9762156.1192387,0.0],[616261.1008483,9762156.1235006,0.0],[616261.0039768,9762156.136254,0.0],[616260.9085854,9762156.1574018,0.0],[616260.8154002,9762156.1867829,0.0],[616260.7251303,9762156.224174,0.0],[616260.6384628,9762156.2692902,0.0],[616260.5560571,9762156.3217884,0.0],[616260.4785406,9762156.3812689,0.0],[616260.4065032,9762156.4472791,0.0],[616260.340493,9762156.5193166,0.0],[616260.2810125,9762156.5968331,0.0],[616260.2285143,9762156.6792387,0.0],[616260.183398,9762156.7659062,0.0],[616260.146007,9762156.8561761,0.0],[616260.1166258,9762156.9493613,0.0],[616260.0954781,9762157.0447527,0.0],[616260.0827247,9762157.1416242,0.0],[616260.0784628,9762157.2392387,0.0],[616260.0827247,9762157.3368531,0.0],[616260.0954781,9762157.4337246,0.0],[616260.1166258,9762157.529116,0.0],[616260.146007,9762157.6223012,0.0],[616260.183398,9762157.7125711,0.0],[616260.2285143,9762157.7992387,0.0],[616260.2810125,9762157.8816443,0.0],[616260.340493,9762157.9591608,0.0],[616260.4065032,9762158.0311983,0.0],[616260.4785406,9762158.0972085,0.0],[616260.5560571,9762158.156689,0.0],[616260.6384628,9762158.2091871,0.0],[616260.7251303,9762158.2543034,0.0],[616260.8154002,9762158.2916944,0.0],[616260.9085854,9762158.3210756,0.0],[616261.0039768,9762158.3422234,0.0],[616261.1008483,9762158.3549767,0.0],[616261.1984628,9762158.3592387,0.0],[616261.2960772,9762158.3549767,0.0],[616261.3929487,9762158.3422234,0.0],[616261.4883401,9762158.3210756,0.0],[616261.5815253,9762158.2916944,0.0],[616261.6717952,9762158.2543034,0.0],[616261.7584628,9762158.2091871,0.0],[616261.8408684,9762158.156689,0.0],[616261.9183849,9762158.0972085,0.0],[616261.9904223,9762158.0311983,0.0],[616262.0564325,9762157.9591608,0.0],[616262.115913,9762157.8816443,0.0],[616262.1684112,9762157.7992387,0.0],[616262.2135275,9762157.7125711,0.0],[616262.2509185,9762157.6223012,0.0],[616262.2802997,9762157.529116,0.0],[616262.3014474,9762157.4337246,0.0],[616262.3142008,9762157.3368531,0.0],[616262.3184628,9762157.2392387,0.0]]]]}},
{"type":"Feature","properties":{"Layer":"M-Local"},"geometry":{"type":"MultiPolygon","coordinates":[[[[616266.1841651,9762169.9580754,-39.0],[616266.1799031,9762169.8604609,-39.0],[616266.1671497,9762169.7635894,-39.0],[616266.146002,9762169.668198,-39.0],[616266.1166208,9762169.5750128,-39.0],[616266.0792298,9762169.4847429,-39.0],[616266.0341135,9762169.3980754,-39.0],[616265.9816153,9762169.3156697,-39.0],[616265.9221348,9762169.2381532,-39.0],[616265.8561246,9762169.1661158,-39.0],[616265.7840872,9762169.1001056,-39.0],[616265.7065707,9762169.0406251,-39.0],[616265.6241651,9762168.9881269,-39.0],[616265.5374975,9762168.9430106,-39.0],[616265.4472276,9762168.9056196,-39.0],[616265.3540424,9762168.8762384,-39.0],[616265.258651,9762168.8550907,-39.0],[616265.1617795,9762168.8423373,-39.0],[616265.0641651,9762168.8380754,-39.0],[616264.9665506,9762168.8423373,-39.0],[616264.8696791,9762168.8550907,-39.0],[616264.7742877,9762168.8762384,-39.0],[616264.6811025,9762168.9056196,-39.0],[616264.5908326,9762168.9430106,-39.0],[616264.5041651,9762168.9881269,-39.0],[616264.4217594,9762169.0406251,-39.0],[616264.3442429,9762169.1001056,-39.0],[616264.2722055,9762169.1661158,-39.0],[616264.2061953,9762169.2381532,-39.0],[616264.1467148,9762169.3156697,-39.0],[616264.0942166,9762169.3980754,-39.0],[616264.0491003,9762169.4847429,-39.0],[616264.0117093,9762169.5750128,-39.0],[616263.9823281,9762169.668198,-39.0],[616263.9611804,9762169.7635894,-39.0],[616263.948427,9762169.8604609,-39.0],[616263.9441651,9762169.9580754,-39.0],[616263.948427,9762170.0556898,-39.0],[616263.9611804,9762170.1525613,-39.0],[616263.9823281,9762170.2479527,-39.0],[616264.0117093,9762170.3411379,-39.0],[616264.0491003,9762170.4314078,-39.0],[616264.0942166,9762170.5180754,-39.0],[616264.1467148,9762170.600481,-39.0],[616264.2061953,9762170.6779975,-39.0],[616264.2722055,9762170.750035,-39.0],[616264.3442429,9762170.8160451,-39.0],[616264.4217594,9762170.8755256,-39.0],[616264.5041651,9762170.9280238,-39.0],[616264.5908326,9762170.9731401,-39.0],[616264.6811025,9762171.0105311,-39.0],[616264.7742877,9762171.0399123,-39.0],[616264.8696791,9762171.06106,-39.0],[616264.9665506,9762171.0738134,-39.0],[616265.0641651,9762171.0780754,-39.0],[616265.1617795,9762171.0738134,-39.0],[616265.258651,9762171.06106,-39.0],[616265.3540424,9762171.0399123,-39.0],[616265.4472276,9762171.0105311,-39.0],[616265.5374975,9762170.9731401,-39.0],[616265.6241651,9762170.9280238,-39.0],[616265.7065707,9762170.8755256,-39.0],[616265.7840872,9762170.8160451,-39.0],[616265.8561246,9762170.750035,-39.0],[616265.9221348,9762170.6779975,-39.0],[616265.9816153,9762170.600481,-39.0],[616266.0341135,9762170.5180754,-39.0],[616266.0792298,9762170.4314078,-39.0],[616266.1166208,9762170.3411379,-39.0],[616266.146002,9762170.2479527,-39.0],[616266.1671497,9762170.1525613,-39.0],[616266.1799031,9762170.0556898,-39.0],[616266.1841651,9762169.9580754,-39.0]]]]}},
{"type":"Feature","properties":{"Layer":"M-Local"},"geometry":{"type":"MultiPolygon","coordinates":[[[[616257.756674,9762188.3758706,55.0],[616257.752412,9762188.2782562,55.0],[616257.7396587,9762188.1813847,55.0],[616257.7185109,9762188.0859933,55.0],[616257.6891297,9762187.9928081,55.0],[616257.6517387,9762187.9025382,55.0],[616257.6066224,9762187.8158706,55.0],[616257.5541243,9762187.733465,55.0],[616257.4946437,9762187.6559485,55.0],[616257.4286336,9762187.583911,55.0],[616257.3565961,9762187.5179009,55.0],[616257.2790796,9762187.4584204,55.0],[616257.196674,9762187.4059222,55.0],[616257.1100064,9762187.3608059,55.0],[616257.0197365,9762187.3234149,55.0],[616256.9265513,9762187.2940337,55.0],[616256.8311599,9762187.272886,55.0],[616256.7342884,9762187.2601326,55.0],[616256.636674,9762187.2558706,55.0],[616256.5390595,9762187.2601326,55.0],[616256.442188,9762187.272886,55.0],[616256.3467966,9762187.2940337,55.0],[616256.2536114,9762187.3234149,55.0],[616256.1633415,9762187.3608059,55.0],[616256.076674,9762187.4059222,55.0],[616255.9942684,9762187.4584204,55.0],[616255.9167518,9762187.5179009,55.0],[616255.8447144,9762187.583911,55.0],[616255.7787042,9762187.6559485,55.0],[616255.7192237,9762187.733465,55.0],[616255.6667255,9762187.8158706,55.0],[616255.6216092,9762187.9025382,55.0],[616255.5842182,9762187.9928081,55.0],[616255.554837,9762188.0859933,55.0],[616255.5336893,9762188.1813847,55.0],[616255.5209359,9762188.2782562,55.0],[616255.516674,9762188.3758706,55.0],[616255.5209359,9762188.4734851,55.0],[616255.5336893,9762188.5703566,55.0],[616255.554837,9762188.665748,55.0],[616255.5842182,9762188.7589332,55.0],[616255.6216092,9762188.8492031,55.0],[616255.6667255,9762188.9358706,55.0],[616255.7192237,9762189.0182762,55.0],[616255.7787042,9762189.0957928,55.0],[616255.8447144,9762189.1678302,55.0],[616255.9167518,9762189.2338404,55.0],[616255.9942684,9762189.2933209,55.0],[616256.076674,9762189.3458191,55.0],[616256.1633415,9762189.3909354,55.0],[616256.2536114,9762189.4283264,55.0],[616256.3467966,9762189.4577076,55.0],[616256.442188,9762189.4788553,55.0],[616256.5390595,9762189.4916087,55.0],[616256.636674,9762189.4958706,55.0],[616256.7342884,9762189.4916087,55.0],[616256.8311599,9762189.4788553,55.0],[616256.9265513,9762189.4577076,55.0],[616257.0197365,9762189.4283264,55.0],[616257.1100064,9762189.3909354,55.0],[616257.196674,9762189.3458191,55.0],[616257.2790796,9762189.2933209,55.0],[616257.3565961,9762189.2338404,55.0],[616257.4286336,9762189.1678302,55.0],[616257.4946437,9762189.0957928,55.0],[616257.5541243,9762189.0182762,55.0],[616257.6066224,9762188.9358706,55.0],[616257.6517387,9762188.8492031,55.0],[616257.6891297,9762188.7589332,55.0],[616257.7185109,9762188.665748,55.0],[616257.7396587,9762188.5703566,55.0],[616257.752412,9762188.4734851,55.0],[616257.756674,9762188.3758706,55.0]]]]}},
{"type":"Feature","properties":{"Layer":"M-Local"},"geometry":{"type":"MultiPolygon","coordinates":[[[[616263.1509816,9762211.2000211,55.0],[616263.1467196,9762211.1024067,55.0],[616263.1339663,9762211.0055351,55.0],[616263.1128185,9762210.9101438,55.0],[616263.0834373,9762210.8169585,55.0],[616263.0460463,9762210.7266887,55.0],[616263.00093,9762210.6400211,55.0],[616262.9484319,9762210.5576155,55.0],[616262.8889514,9762210.480099,55.0],[616262.8229412,9762210.4080615,55.0],[616262.7509037,9762210.3420513,55.0],[616262.6733872,9762210.2825708,55.0],[616262.5909816,9762210.2300727,55.0],[616262.504314,9762210.1849564,55.0],[616262.4140441,9762210.1475654,55.0],[616262.3208589,9762210.1181842,55.0],[616262.2254675,9762210.0970364,55.0],[616262.128596,9762210.084283,55.0],[616262.0309816,9762210.0800211,55.0],[616261.9333672,9762210.084283,55.0],[616261.8364956,9762210.0970364,55.0],[616261.7411043,9762210.1181842,55.0],[616261.647919,9762210.1475654,55.0],[616261.5576491,9762210.1849564,55.0],[616261.4709816,9762210.2300727,55.0],[616261.388576,9762210.2825708,55.0],[616261.3110595,9762210.3420513,55.0],[616261.239022,9762210.4080615,55.0],[616261.1730118,9762210.480099,55.0],[616261.1135313,9762210.5576155,55.0],[616261.0610331,9762210.6400211,55.0],[616261.0159169,9762210.7266887,55.0],[616260.9785259,9762210.8169585,55.0],[616260.9491447,9762210.9101438,55.0],[616260.9279969,9762211.0055351,55.0],[616260.9152435,9762211.1024067,55.0],[616260.9109816,9762211.2000211,55.0],[616260.9152435,9762211.2976355,55.0],[616260.9279969,9762211.3945071,55.0],[616260.9491447,9762211.4898984,55.0],[616260.9785259,9762211.5830837,55.0],[616261.0159169,9762211.6733536,55.0],[616261.0610331,9762211.7600211,55.0],[616261.1135313,9762211.8424267,55.0],[616261.1730118,9762211.9199432,55.0],[616261.239022,9762211.9919807,55.0],[616261.3110595,9762212.0579909,55.0],[616261.388576,9762212.1174714,55.0],[616261.4709816,9762212.1699696,55.0],[616261.5576491,9762212.2150858,55.0],[616261.647919,9762212.2524768,55.0],[616261.7411043,9762212.281858,55.0],[616261.8364956,9762212.3030058,55.0],[616261.9333672,9762212.3157592,55.0],[616262.0309816,9762212.3200211,55.0],[616262.128596,9762212.3157592,55.0],[616262.2254675,9762212.3030058,55.0],[616262.3208589,9762212.281858,55.0],[616262.4140441,9762212.2524768,55.0],[616262.504314,9762212.2150858,55.0],[616262.5909816,9762212.1699696,55.0],[616262.6733872,9762212.1174714,55.0],[616262.7509037,9762212.0579909,55.0],[616262.8229412,9762211.9919807,55.0],[616262.8889514,9762211.9199432,55.0],[616262.9484319,9762211.8424267,55.0],[616263.00093,9762211.7600211,55.0],[616263.0460463,9762211.6733536,55.0],[616263.0834373,9762211.5830837,55.0],[616263.1128185,9762211.4898984,55.0],[616263.1339663,9762211.3945071,55.0],[616263.1467196,9762211.2976355,55.0],[616263.1509816,9762211.2000211,55.0]]]]}},
{"type":"Feature","properties":{"Layer":"M-Local"},"geometry":{"type":"MultiPolygon","coordinates":[[[[616184.2450565,9762134.7482285,0.0],[616184.2407945,9762134.6506141,0.0],[616184.2280412,9762134.5537426,0.0],[616184.2068934,9762134.4583512,0.0],[616184.1775122,9762134.365166,0.0],[616184.1401212,9762134.2748961,0.0],[616184.0950049,9762134.1882285,0.0],[616184.0425068,9762134.1058229,0.0],[616183.9830263,9762134.0283064,0.0],[616183.9170161,9762133.9562689,0.0],[616183.8449786,9762133.8902588,0.0],[616183.7674621,9762133.8307782,0.0],[616183.6850565,9762133.7782801,0.0],[616183.5983889,9762133.7331638,0.0],[616183.508119,9762133.6957728,0.0],[616183.4149338,9762133.6663916,0.0],[616183.3195424,9762133.6452438,0.0],[616183.2226709,9762133.6324905,0.0],[616183.1250565,9762133.6282285,0.0],[616183.0274421,9762133.6324905,0.0],[616182.9305705,9762133.6452438,0.0],[616182.8351792,9762133.6663916,0.0],[616182.7419939,9762133.6957728,0.0],[616182.651724,9762133.7331638,0.0],[616182.5650565,9762133.7782801,0.0],[616182.4826509,9762133.8307782,0.0],[616182.4051344,9762133.8902588,0.0],[616182.3330969,9762133.9562689,0.0],[616182.2670867,9762134.0283064,0.0],[616182.2076062,9762134.1058229,0.0],[616182.155108,9762134.1882285,0.0],[616182.1099918,9762134.2748961,0.0],[616182.0726007,9762134.365166,0.0],[616182.0432196,9762134.4583512,0.0],[616182.0220718,9762134.5537426,0.0],[616182.0093184,9762134.6506141,0.0],[616182.0050565,9762134.7482285,0.0],[616182.0093184,9762134.845843,0.0],[616182.0220718,9762134.9427145,0.0],[616182.0432196,9762135.0381059,0.0],[616182.0726007,9762135.1312911,0.0],[616182.1099918,9762135.221561,0.0],[616182.155108,9762135.3082285,0.0],[616182.2076062,9762135.3906341,0.0],[616182.2670867,9762135.4681507,0.0],[616182.3330969,9762135.5401881,0.0],[616182.4051344,9762135.6061983,0.0],[616182.4826509,9762135.6656788,0.0],[616182.5650565,9762135.718177,0.0],[616182.651724,9762135.7632933,0.0],[616182.7419939,9762135.8006843,0.0],[616182.8351792,9762135.8300655,0.0],[616182.9305705,9762135.8512132,0.0],[616183.0274421,9762135.8639666,0.0],[616183.1250565,9762135.8682285,0.0],[616183.2226709,9762135.8639666,0.0],[616183.3195424,9762135.8512132,0.0],[616183.4149338,9762135.8300655,0.0],[616183.508119,9762135.8006843,0.0],[616183.5983889,9762135.7632933,0.0],[616183.6850565,9762135.718177,0.0],[616183.7674621,9762135.6656788,0.0],[616183.8449786,9762135.6061983,0.0],[616183.9170161,9762135.5401881,0.0],[616183.9830263,9762135.4681507,0.0],[616184.0425068,9762135.3906341,0.0],[616184.0950049,9762135.3082285,0.0],[616184.1401212,9762135.221561,0.0],[616184.1775122,9762135.1312911,0.0],[616184.2068934,9762135.0381059,0.0],[616184.2280412,9762134.9427145,0.0],[616184.2407945,9762134.845843,0.0],[616184.2450565,9762134.7482285,0.0]]]]}},
{"type":"Feature","properties":{"Layer":"M-Local"},"geometry":{"type":"MultiPolygon","coordinates":[[[[616161.5748158,9762163.7358012,-0.2127179],[616161.5705539,9762163.6381867,-0.2127179],[616161.5578005,9762163.5413152,-0.2127179],[616161.5366527,9762163.4459238,-0.2127179],[616161.5072716,9762163.3527386,-0.2127179],[616161.4698805,9762163.2624687,-0.2127179],[616161.4247643,9762163.1758012,-0.2127179],[616161.3722661,9762163.0933956,-0.2127179],[616161.3127856,9762163.015879,-0.2127179],[616161.2467754,9762162.9438416,-0.2127179],[616161.1747379,9762162.8778314,-0.2127179],[616161.0972214,9762162.8183509,-0.2127179],[616161.0148158,9762162.7658527,-0.2127179],[616160.9281483,9762162.7207364,-0.2127179],[616160.8378784,9762162.6833454,-0.2127179],[616160.7446931,9762162.6539642,-0.2127179],[616160.6493018,9762162.6328165,-0.2127179],[616160.5524302,9762162.6200631,-0.2127179],[616160.4548158,9762162.6158012,-0.2127179],[616160.3572014,9762162.6200631,-0.2127179],[616160.2603299,9762162.6328165,-0.2127179],[616160.1649385,9762162.6539642,-0.2127179],[616160.0717533,9762162.6833454,-0.2127179],[616159.9814834,9762162.7207364,-0.2127179],[616159.8948158,9762162.7658527,-0.2127179],[616159.8124102,9762162.8183509,-0.2127179],[616159.7348937,9762162.8778314,-0.2127179],[616159.6628562,9762162.9438416,-0.2127179],[616159.596846,9762163.015879,-0.2127179],[616159.5373655,9762163.0933956,-0.2127179],[616159.4848674,9762163.1758012,-0.2127179],[616159.4397511,9762163.2624687,-0.2127179],[616159.4023601,9762163.3527386,-0.2127179],[616159.3729789,9762163.4459238,-0.2127179],[616159.3518311,9762163.5413152,-0.2127179],[616159.3390778,9762163.6381867,-0.2127179],[616159.3348158,9762163.7358012,-0.2127179],[616159.3390778,9762163.8334156,-0.2127179],[616159.3518311,9762163.9302871,-0.2127179],[616159.3729789,9762164.0256785,-0.2127179],[616159.4023601,9762164.1188637,-0.2127179],[616159.4397511,9762164.2091336,-0.2127179],[616159.4848674,9762164.2958012,-0.2127179],[616159.5373655,9762164.3782068,-0.2127179],[616159.596846,9762164.4557233,-0.2127179],[616159.6628562,9762164.5277608,-0.2127179],[616159.7348937,9762164.5937709,-0.2127179],[616159.8124102,9762164.6532515,-0.2127179],[616159.8948158,9762164.7057496,-0.2127179],[616159.9814834,9762164.7508659,-0.2127179],[616160.0717533,9762164.7882569,-0.2127179],[616160.1649385,9762164.8176381,-0.2127179],[616160.2603299,9762164.8387858,-0.2127179],[616160.3572014,9762164.8515392,-0.2127179],[616160.4548158,9762164.8558012,-0.2127179],[616160.5524302,9762164.8515392,-0.2127179],[616160.6493018,9762164.8387858,-0.2127179],[616160.7446931,9762164.8176381,-0.2127179],[616160.8378784,9762164.7882569,-0.2127179],[616160.9281483,9762164.7508659,-0.2127179],[616161.0148158,9762164.7057496,-0.2127179],[616161.0972214,9762164.6532515,-0.2127179],[616161.1747379,9762164.5937709,-0.2127179],[616161.2467754,9762164.5277608,-0.2127179],[616161.3127856,9762164.4557233,-0.2127179],[616161.3722661,9762164.3782068,-0.2127179],[616161.4247643,9762164.2958012,-0.2127179],[616161.4698805,9762164.2091336,-0.2127179],[616161.5072716,9762164.1188637,-0.2127179],[616161.5366527,9762164.0256785,-0.2127179],[616161.5578005,9762163.9302871,-0.2127179],[616161.5705539,9762163.8334156,-0.2127179],[616161.5748158,9762163.7358012,-0.2127179]]]]}},
{"type":"Feature","properties":{"Layer":"M-Local"},"geometry":{"type":"MultiPolygon","coordinates":[[[[616178.8951662,9762081.9101388,39.0],[616178.8909042,9762081.8125244,39.0],[616178.8781508,9762081.7156529,39.0],[616178.8570031,9762081.6202615,39.0],[616178.8276219,9762081.5270763,39.0],[616178.7902309,9762081.4368064,39.0],[616178.7451146,9762081.3501388,39.0],[616178.6926164,9762081.2677332,39.0],[616178.6331359,9762081.1902167,39.0],[616178.5671258,9762081.1181792,39.0],[616178.4950883,9762081.0521691,39.0],[616178.4175718,9762080.9926885,39.0],[616178.3351662,9762080.9401904,39.0],[616178.2484986,9762080.8950741,39.0],[616178.1582287,9762080.8576831,39.0],[616178.0650435,9762080.8283019,39.0],[616177.9696521,9762080.8071541,39.0],[616177.8727806,9762080.7944008,39.0],[616177.7751662,9762080.7901388,39.0],[616177.6775517,9762080.7944008,39.0],[616177.5806802,9762080.8071541,39.0],[616177.4852888,9762080.8283019,39.0],[616177.3921036,9762080.8576831,39.0],[616177.3018337,9762080.8950741,39.0],[616177.2151662,9762080.9401904,39.0],[616177.1327605,9762080.9926885,39.0],[616177.055244,9762081.0521691,39.0],[616176.9832066,9762081.1181792,39.0],[616176.9171964,9762081.1902167,39.0],[616176.8577159,9762081.2677332,39.0],[616176.8052177,9762081.3501388,39.0],[616176.7601014,9762081.4368064,39.0],[616176.7227104,9762081.5270763,39.0],[616176.6933292,9762081.6202615,39.0],[616176.6721815,9762081.7156529,39.0],[616176.6594281,9762081.8125244,39.0],[616176.6551662,9762081.9101388,39.0],[616176.6594281,9762082.0077533,39.0],[616176.6721815,9762082.1046248,39.0],[616176.6933292,9762082.2000162,39.0],[616176.7227104,9762082.2932014,39.0],[616176.7601014,9762082.3834713,39.0],[616176.8052177,9762082.4701388,39.0],[616176.8577159,9762082.5525444,39.0],[616176.9171964,9762082.630061,39.0],[616176.9832066,9762082.7020984,39.0],[616177.055244,9762082.7681086,39.0],[616177.1327605,9762082.8275891,39.0],[616177.2151662,9762082.8800873,39.0],[616177.3018337,9762082.9252036,39.0],[616177.3921036,9762082.9625946,39.0],[616177.4852888,9762082.9919758,39.0],[616177.5806802,9762083.0131235,39.0],[616177.6775517,9762083.0258769,39.0],[616177.7751662,9762083.0301388,39.0],[616177.8727806,9762083.0258769,39.0],[616177.9696521,9762083.0131235,39.0],[616178.0650435,9762082.9919758,39.0],[616178.1582287,9762082.9625946,39.0],[616178.2484986,9762082.9252036,39.0],[616178.3351662,9762082.8800873,39.0],[616178.4175718,9762082.8275891,39.0],[616178.4950883,9762082.7681086,39.0],[616178.5671258,9762082.7020984,39.0],[616178.6331359,9762082.630061,39.0],[616178.6926164,9762082.5525444,39.0],[616178.7451146,9762082.4701388,39.0],[616178.7902309,9762082.3834713,39.0],[616178.8276219,9762082.2932014,39.0],[616178.8570031,9762082.2000162,39.0],[616178.8781508,9762082.1046248,39.0],[616178.8909042,9762082.0077533,39.0],[616178.8951662,9762081.9101388,39.0]]]]}},
{"type":"Feature","properties":{"Layer":"M-Local"},"geometry":{"type":"MultiPolygon","coordinates":[[[[615816.312009,9762030.5902333,45.3447924],[615816.3077471,9762030.4926189,45.3447924],[615816.2949937,9762030.3957474,45.3447924],[615816.2738459,9762030.300356,45.3447924],[615816.2444647,9762030.2071708,45.3447924],[615816.2070737,9762030.1169009,45.3447924],[615816.1619575,9762030.0302333,45.3447924],[615816.1094593,9762029.9478277,45.3447924],[615816.0499788,9762029.8703112,45.3447924],[615815.9839686,9762029.7982738,45.3447924],[615815.9119311,9762029.7322636,45.3447924],[615815.8344146,9762029.6727831,45.3447924],[615815.752009,9762029.6202849,45.3447924],[615815.6653415,9762029.5751686,45.3447924],[615815.5750716,9762029.5377776,45.3447924],[615815.4818863,9762029.5083964,45.3447924],[615815.386495,9762029.4872487,45.3447924],[615815.2896234,9762029.4744953,45.3447924],[615815.192009,9762029.4702333,45.3447924],[615815.0943946,9762029.4744953,45.3447924],[615814.9975231,9762029.4872487,45.3447924],[615814.9021317,9762029.5083964,45.3447924],[615814.8089465,9762029.5377776,45.3447924],[615814.7186766,9762029.5751686,45.3447924],[615814.632009,9762029.6202849,45.3447924],[615814.5496034,9762029.6727831,45.3447924],[615814.4720869,9762029.7322636,45.3447924],[615814.4000494,9762029.7982738,45.3447924],[615814.3340392,9762029.8703112,45.3447924],[615814.2745587,9762029.9478277,45.3447924],[615814.2220606,9762030.0302333,45.3447924],[615814.1769443,9762030.1169009,45.3447924],[615814.1395533,9762030.2071708,45.3447924],[615814.1101721,9762030.300356,45.3447924],[615814.0890243,9762030.3957474,45.3447924],[615814.076271,9762030.4926189,45.3447924],[615814.072009,9762030.5902333,45.3447924],[615814.076271,9762030.6878478,45.3447924],[615814.0890243,9762030.7847193,45.3447924],[615814.1101721,9762030.8801107,45.3447924],[615814.1395533,9762030.9732959,45.3447924],[615814.1769443,9762031.0635658,45.3447924],[615814.2220606,9762031.1502333,45.3447924],[615814.2745587,9762031.232639,45.3447924],[615814.3340392,9762031.3101555,45.3447924],[615814.4000494,9762031.3821929,45.3447924],[615814.4720869,9762031.4482031,45.3447924],[615814.5496034,9762031.5076836,45.3447924],[615814.632009,9762031.5601818,45.3447924],[615814.7186766,9762031.6052981,45.3447924],[615814.8089465,9762031.6426891,45.3447924],[615814.9021317,9762031.6720703,45.3447924],[615814.9975231,9762031.693218,45.3447924],[615815.0943946,9762031.7059714,45.3447924],[615815.192009,9762031.7102333,45.3447924],[615815.2896234,9762031.7059714,45.3447924],[615815.386495,9762031.693218,45.3447924],[615815.4818863,9762031.6720703,45.3447924],[615815.5750716,9762031.6426891,45.3447924],[615815.6653415,9762031.6052981,45.3447924],[615815.752009,9762031.5601818,45.3447924],[615815.8344146,9762031.5076836,45.3447924],[615815.9119311,9762031.4482031,45.3447924],[615815.9839686,9762031.3821929,45.3447924],[615816.0499788,9762031.3101555,45.3447924],[615816.1094593,9762031.232639,45.3447924],[615816.1619575,9762031.1502333,45.3447924],[615816.2070737,9762031.0635658,45.3447924],[615816.2444647,9762030.9732959,45.3447924],[615816.2738459,9762030.8801107,45.3447924],[615816.2949937,9762030.7847193,45.3447924],[615816.3077471,9762030.6878478,45.3447924],[615816.312009,9762030.5902333,45.3447924]]]]}},
{"type":"Feature","properties":{"Layer":"M-Local"},"geometry":{"type":"MultiPolygon","coordinates":[[[[615837.7632514,9762509.4474859,0.0],[615837.7589895,9762509.3498714,0.0],[615837.7462361,9762509.2529999,0.0],[615837.7250883,9762509.1576085,0.0],[615837.6957071,9762509.0644233,0.0],[615837.6583161,9762508.9741534,0.0],[615837.6131999,9762508.8874859,0.0],[615837.5607017,9762508.8050803,0.0],[615837.5012212,9762508.7275637,0.0],[615837.435211,9762508.6555263,0.0],[615837.3631735,9762508.5895161,0.0],[615837.285657,9762508.5300356,0.0],[615837.2032514,9762508.4775374,0.0],[615837.1165839,9762508.4324212,0.0],[615837.026314,9762508.3950301,0.0],[615836.9331287,9762508.3656489,0.0],[615836.8377374,9762508.3445012,0.0],[615836.7408658,9762508.3317478,0.0],[615836.6432514,9762508.3274859,0.0],[615836.545637,9762508.3317478,0.0],[615836.4487654,9762508.3445012,0.0],[615836.3533741,9762508.3656489,0.0],[615836.2601888,9762508.3950301,0.0],[615836.169919,9762508.4324212,0.0],[615836.0832514,9762508.4775374,0.0],[615836.0008458,9762508.5300356,0.0],[615835.9233293,9762508.5895161,0.0],[615835.8512918,9762508.6555263,0.0],[615835.7852816,9762508.7275637,0.0],[615835.7258011,9762508.8050803,0.0],[615835.673303,9762508.8874859,0.0],[615835.6281867,9762508.9741534,0.0],[615835.5907957,9762509.0644233,0.0],[615835.5614145,9762509.1576085,0.0],[615835.5402667,9762509.2529999,0.0],[615835.5275133,9762509.3498714,0.0],[615835.5232514,9762509.4474859,0.0],[615835.5275133,9762509.5451003,0.0],[615835.5402667,9762509.6419718,0.0],[615835.5614145,9762509.7373632,0.0],[615835.5907957,9762509.8305484,0.0],[615835.6281867,9762509.9208183,0.0],[615835.673303,9762510.0074859,0.0],[615835.7258011,9762510.0898915,0.0],[615835.7852816,9762510.167408,0.0],[615835.8512918,9762510.2394455,0.0],[615835.9233293,9762510.3054556,0.0],[615836.0008458,9762510.3649362,0.0],[615836.0832514,9762510.4174343,0.0],[615836.169919,9762510.4625506,0.0],[615836.2601888,9762510.4999416,0.0],[615836.3533741,9762510.5293228,0.0],[615836.4487654,9762510.5504706,0.0],[615836.545637,9762510.5632239,0.0],[615836.6432514,9762510.5674859,0.0],[615836.7408658,9762510.5632239,0.0],[615836.8377374,9762510.5504706,0.0],[615836.9331287,9762510.5293228,0.0],[615837.026314,9762510.4999416,0.0],[615837.1165839,9762510.4625506,0.0],[615837.2032514,9762510.4174343,0.0],[615837.285657,9762510.3649362,0.0],[615837.3631735,9762510.3054556,0.0],[615837.435211,9762510.2394455,0.0],[615837.5012212,9762510.167408,0.0],[615837.5607017,9762510.0898915,0.0],[615837.6131999,9762510.0074859,0.0],[615837.6583161,9762509.9208183,0.0],[615837.6957071,9762509.8305484,0.0],[615837.7250883,9762509.7373632,0.0],[615837.7462361,9762509.6419718,0.0],[615837.7589895,9762509.5451003,0.0],[615837.7632514,9762509.4474859,0.0]]]]}},
{"type":"Feature","properties":{"Layer":"M-Local"},"geometry":{"type":"MultiPolygon","coordinates":[[[[615414.064,9762634.7405,0.0],[615414.0597381,9762634.6428856,0.0],[615414.0469847,9762634.546014,0.0],[615414.0258369,9762634.4506227,0.0],[615413.9964557,9762634.3574374,0.0],[615413.9590647,9762634.2671675,0.0],[615413.9139485,9762634.1805,0.0],[615413.8614503,9762634.0980944,0.0],[615413.8019698,9762634.0205779,0.0],[615413.7359596,9762633.9485404,0.0],[615413.6639221,9762633.8825302,0.0],[615413.5864056,9762633.8230497,0.0],[615413.504,9762633.7705515,0.0],[615413.4173325,9762633.7254353,0.0],[615413.3270626,9762633.6880443,0.0],[615413.2338773,9762633.6586631,0.0],[615413.138486,9762633.6375153,0.0],[615413.0416144,9762633.6247619,0.0],[615412.944,9762633.6205,0.0],[615412.8463856,9762633.6247619,0.0],[615412.749514,9762633.6375153,0.0],[615412.6541227,9762633.6586631,0.0],[615412.5609374,9762633.6880443,0.0],[615412.4706675,9762633.7254353,0.0],[615412.384,9762633.7705515,0.0],[615412.3015944,9762633.8230497,0.0],[615412.2240779,9762633.8825302,0.0],[615412.1520404,9762633.9485404,0.0],[615412.0860302,9762634.0205779,0.0],[615412.0265497,9762634.0980944,0.0],[615411.9740515,9762634.1805,0.0],[615411.9289353,9762634.2671675,0.0],[615411.8915443,9762634.3574374,0.0],[615411.8621631,9762634.4506227,0.0],[615411.8410153,9762634.546014,0.0],[615411.8282619,9762634.6428856,0.0],[615411.824,9762634.7405,0.0],[615411.8282619,9762634.8381144,0.0],[615411.8410153,9762634.934986,0.0],[615411.8621631,9762635.0303773,0.0],[615411.8915443,9762635.1235626,0.0],[615411.9289353,9762635.2138325,0.0],[615411.9740515,9762635.3005,0.0],[615412.0265497,9762635.3829056,0.0],[615412.0860302,9762635.4604221,0.0],[615412.1520404,9762635.5324596,0.0],[615412.2240779,9762635.5984698,0.0],[615412.3015944,9762635.6579503,0.0],[615412.384,9762635.7104485,0.0],[615412.4706675,9762635.7555647,0.0],[615412.5609374,9762635.7929557,0.0],[615412.6541227,9762635.8223369,0.0],[615412.749514,9762635.8434847,0.0],[615412.8463856,9762635.8562381,0.0],[615412.944,9762635.8605,0.0],[615413.0416144,9762635.8562381,0.0],[615413.138486,9762635.8434847,0.0],[615413.2338773,9762635.8223369,0.0],[615413.3270626,9762635.7929557,0.0],[615413.4173325,9762635.7555647,0.0],[615413.504,9762635.7104485,0.0],[615413.5864056,9762635.6579503,0.0],[615413.6639221,9762635.5984698,0.0],[615413.7359596,9762635.5324596,0.0],[615413.8019698,9762635.4604221,0.0],[615413.8614503,9762635.3829056,0.0],[615413.9139485,9762635.3005,0.0],[615413.9590647,9762635.2138325,0.0],[615413.9964557,9762635.1235626,0.0],[615414.0258369,9762635.0303773,0.0],[615414.0469847,9762634.934986,0.0],[615414.0597381,9762634.8381144,0.0],[615414.064,9762634.7405,0.0]]]]}},
{"type":"Feature","properties":{"Layer":"M-Local"},"geometry":{"type":"MultiPolygon","coordinates":[[[[615325.8787039,9762696.828741,148.2109206],[615325.8744419,9762696.7311266,148.2109206],[615325.8616886,9762696.6342551,148.2109206],[615325.8405408,9762696.5388637,148.2109206],[615325.8111596,9762696.4456785,148.2109206],[615325.7737686,9762696.3554086,148.2109206],[615325.7286523,9762696.268741,148.2109206],[615325.6761542,9762696.1863354,148.2109206],[615325.6166736,9762696.1088189,148.2109206],[615325.5506635,9762696.0367814,148.2109206],[615325.478626,9762695.9707712,148.2109206],[615325.4011095,9762695.9112907,148.2109206],[615325.3187039,9762695.8587926,148.2109206],[615325.2320363,9762695.8136763,148.2109206],[615325.1417664,9762695.7762853,148.2109206],[615325.0485812,9762695.7469041,148.2109206],[615324.9531898,9762695.7257563,148.2109206],[615324.8563183,9762695.713003,148.2109206],[615324.7587039,9762695.708741,148.2109206],[615324.6610894,9762695.713003,148.2109206],[615324.5642179,9762695.7257563,148.2109206],[615324.4688265,9762695.7469041,148.2109206],[615324.3756413,9762695.7762853,148.2109206],[615324.2853714,9762695.8136763,148.2109206],[615324.1987039,9762695.8587926,148.2109206],[615324.1162983,9762695.9112907,148.2109206],[615324.0387817,9762695.9707712,148.2109206],[615323.9667443,9762696.0367814,148.2109206],[615323.9007341,9762696.1088189,148.2109206],[615323.8412536,9762696.1863354,148.2109206],[615323.7887554,9762696.268741,148.2109206],[615323.7436391,9762696.3554086,148.2109206],[615323.7062481,9762696.4456785,148.2109206],[615323.6768669,9762696.5388637,148.2109206],[615323.6557192,9762696.6342551,148.2109206],[615323.6429658,9762696.7311266,148.2109206],[615323.6387039,9762696.828741,148.2109206],[615323.6429658,9762696.9263555,148.2109206],[615323.6557192,9762697.023227,148.2109206],[615323.6768669,9762697.1186184,148.2109206],[615323.7062481,9762697.2118036,148.2109206],[615323.7436391,9762697.3020735,148.2109206],[615323.7887554,9762697.388741,148.2109206],[615323.8412536,9762697.4711466,148.2109206],[615323.9007341,9762697.5486631,148.2109206],[615323.9667443,9762697.6207006,148.2109206],[615324.0387817,9762697.6867108,148.2109206],[615324.1162983,9762697.7461913,148.2109206],[615324.1987039,9762697.7986895,148.2109206],[615324.2853714,9762697.8438057,148.2109206],[615324.3756413,9762697.8811968,148.2109206],[615324.4688265,9762697.9105779,148.2109206],[615324.5642179,9762697.9317257,148.2109206],[615324.6610894,9762697.9444791,148.2109206],[615324.7587039,9762697.948741,148.2109206],[615324.8563183,9762697.9444791,148.2109206],[615324.9531898,9762697.9317257,148.2109206],[615325.0485812,9762697.9105779,148.2109206],[615325.1417664,9762697.8811968,148.2109206],[615325.2320363,9762697.8438057,148.2109206],[615325.3187039,9762697.7986895,148.2109206],[615325.4011095,9762697.7461913,148.2109206],[615325.478626,9762697.6867108,148.2109206],[615325.5506635,9762697.6207006,148.2109206],[615325.6166736,9762697.5486631,148.2109206],[615325.6761542,9762697.4711466,148.2109206],[615325.7286523,9762697.388741,148.2109206],[615325.7737686,9762697.3020735,148.2109206],[615325.8111596,9762697.2118036,148.2109206],[615325.8405408,9762697.1186184,148.2109206],[615325.8616886,9762697.023227,148.2109206],[615325.8744419,9762696.9263555,148.2109206],[615325.8787039,9762696.828741,148.2109206]]]]}},
{"type":"Feature","properties":{"Layer":"M-Local"},"geometry":{"type":"MultiPolygon","coordinates":[[[[615149.346,9762720.739,0.0],[615149.3417381,9762720.6413856,0.0],[615149.3289847,9762720.544514,0.0],[615149.3078369,9762720.4491227,0.0],[615149.2784557,9762720.3559374,0.0],[615149.2410647,9762720.2656675,0.0],[615149.1959485,9762720.179,0.0],[615149.1434503,9762720.0965944,0.0],[615149.0839698,9762720.0190779,0.0],[615149.0179596,9762719.9470404,0.0],[615148.9459221,9762719.8810302,0.0],[615148.8684056,9762719.8215497,0.0],[615148.786,9762719.7690515,0.0],[615148.6993325,9762719.7239353,0.0],[615148.6090626,9762719.6865443,0.0],[615148.5158773,9762719.6571631,0.0],[615148.420486,9762719.6360153,0.0],[615148.3236144,9762719.6232619,0.0],[615148.226,9762719.619,0.0],[615148.1283856,9762719.6232619,0.0],[615148.031514,9762719.6360153,0.0],[615147.9361227,9762719.6571631,0.0],[615147.8429374,9762719.6865443,0.0],[615147.7526675,9762719.7239353,0.0],[615147.666,9762719.7690515,0.0],[615147.5835944,9762719.8215497,0.0],[615147.5060779,9762719.8810302,0.0],[615147.4340404,9762719.9470404,0.0],[615147.3680302,9762720.0190779,0.0],[615147.3085497,9762720.0965944,0.0],[615147.2560515,9762720.179,0.0],[615147.2109353,9762720.2656675,0.0],[615147.1735443,9762720.3559374,0.0],[615147.1441631,9762720.4491227,0.0],[615147.1230153,9762720.544514,0.0],[615147.1102619,9762720.6413856,0.0],[615147.106,9762720.739,0.0],[615147.1102619,9762720.8366144,0.0],[615147.1230153,9762720.933486,0.0],[615147.1441631,9762721.0288773,0.0],[615147.1735443,9762721.1220626,0.0],[615147.2109353,9762721.2123325,0.0],[615147.2560515,9762721.299,0.0],[615147.3085497,9762721.3814056,0.0],[615147.3680302,9762721.4589221,0.0],[615147.4340404,9762721.5309596,0.0],[615147.5060779,9762721.5969698,0.0],[615147.5835944,9762721.6564503,0.0],[615147.666,9762721.7089485,0.0],[615147.7526675,9762721.7540647,0.0],[615147.8429374,9762721.7914557,0.0],[615147.9361227,9762721.8208369,0.0],[615148.031514,9762721.8419847,0.0],[615148.1283856,9762721.8547381,0.0],[615148.226,9762721.859,0.0],[615148.3236144,9762721.8547381,0.0],[615148.420486,9762721.8419847,0.0],[615148.5158773,9762721.8208369,0.0],[615148.6090626,9762721.7914557,0.0],[615148.6993325,9762721.7540647,0.0],[615148.786,9762721.7089485,0.0],[615148.8684056,9762721.6564503,0.0],[615148.9459221,9762721.5969698,0.0],[615149.0179596,9762721.5309596,0.0],[615149.0839698,9762721.4589221,0.0],[615149.1434503,9762721.3814056,0.0],[615149.1959485,9762721.299,0.0],[615149.2410647,9762721.2123325,0.0],[615149.2784557,9762721.1220626,0.0],[615149.3078369,9762721.0288773,0.0],[615149.3289847,9762720.933486,0.0],[615149.3417381,9762720.8366144,0.0],[615149.346,9762720.739,0.0]]]]}},
{"type":"Feature","properties":{"Layer":"M-Local"},"geometry":{"type":"MultiPolygon","coordinates":[[[[615059.8344,9762579.035,0.0],[615059.8301381,9762578.9373856,0.0],[615059.8173847,9762578.840514,0.0],[615059.7962369,9762578.7451227,0.0],[615059.7668557,9762578.6519374,0.0],[615059.7294647,9762578.5616675,0.0],[615059.6843485,9762578.475,0.0],[615059.6318503,9762578.3925944,0.0],[615059.5723698,9762578.3150779,0.0],[615059.5063596,9762578.2430404,0.0],[615059.4343221,9762578.1770302,0.0],[615059.3568056,9762578.1175497,0.0],[615059.2744,9762578.0650515,0.0],[615059.1877325,9762578.0199353,0.0],[615059.0974626,9762577.9825443,0.0],[615059.0042773,9762577.9531631,0.0],[615058.908886,9762577.9320153,0.0],[615058.8120144,9762577.9192619,0.0],[615058.7144,9762577.915,0.0],[615058.6167856,9762577.9192619,0.0],[615058.519914,9762577.9320153,0.0],[615058.4245227,9762577.9531631,0.0],[615058.3313374,9762577.9825443,0.0],[615058.2410675,9762578.0199353,0.0],[615058.1544,9762578.0650515,0.0],[615058.0719944,9762578.1175497,0.0],[615057.9944779,9762578.1770302,0.0],[615057.9224404,9762578.2430404,0.0],[615057.8564302,9762578.3150779,0.0],[615057.7969497,9762578.3925944,0.0],[615057.7444515,9762578.475,0.0],[615057.6993353,9762578.5616675,0.0],[615057.6619443,9762578.6519374,0.0],[615057.6325631,9762578.7451227,0.0],[615057.6114153,9762578.840514,0.0],[615057.5986619,9762578.9373856,0.0],[615057.5944,9762579.035,0.0],[615057.5986619,9762579.1326144,0.0],[615057.6114153,9762579.229486,0.0],[615057.6325631,9762579.3248773,0.0],[615057.6619443,9762579.4180626,0.0],[615057.6993353,9762579.5083325,0.0],[615057.7444515,9762579.595,0.0],[615057.7969497,9762579.6774056,0.0],[615057.8564302,9762579.7549221,0.0],[615057.9224404,9762579.8269596,0.0],[615057.9944779,9762579.8929698,0.0],[615058.0719944,9762579.9524503,0.0],[615058.1544,9762580.0049485,0.0],[615058.2410675,9762580.0500647,0.0],[615058.3313374,9762580.0874557,0.0],[615058.4245227,9762580.1168369,0.0],[615058.519914,9762580.1379847,0.0],[615058.6167856,9762580.1507381,0.0],[615058.7144,9762580.155,0.0],[615058.8120144,9762580.1507381,0.0],[615058.908886,9762580.1379847,0.0],[615059.0042773,9762580.1168369,0.0],[615059.0974626,9762580.0874557,0.0],[615059.1877325,9762580.0500647,0.0],[615059.2744,9762580.0049485,0.0],[615059.3568056,9762579.9524503,0.0],[615059.4343221,9762579.8929698,0.0],[615059.5063596,9762579.8269596,0.0],[615059.5723698,9762579.7549221,0.0],[615059.6318503,9762579.6774056,0.0],[615059.6843485,9762579.595,0.0],[615059.7294647,9762579.5083325,0.0],[615059.7668557,9762579.4180626,0.0],[615059.7962369,9762579.3248773,0.0],[615059.8173847,9762579.229486,0.0],[615059.8301381,9762579.1326144,0.0],[615059.8344,9762579.035,0.0]]]]}},
{"type":"Feature","properties":{"Layer":"M-Local"},"geometry":{"type":"MultiPolygon","coordinates":[[[[614859.8628704,9762566.2178613,0.0],[614859.8586085,9762566.1202469,0.0],[614859.8458551,9762566.0233754,0.0],[614859.8247073,9762565.927984,0.0],[614859.7953261,9762565.8347988,0.0],[614859.7579351,9762565.7445289,0.0],[614859.7128188,9762565.6578613,0.0],[614859.6603207,9762565.5754557,0.0],[614859.6008402,9762565.4979392,0.0],[614859.53483,9762565.4259018,0.0],[614859.4627925,9762565.3598916,0.0],[614859.385276,9762565.3004111,0.0],[614859.3028704,9762565.2479129,0.0],[614859.2162029,9762565.2027966,0.0],[614859.125933,9762565.1654056,0.0],[614859.0327477,9762565.1360244,0.0],[614858.9373564,9762565.1148767,0.0],[614858.8404848,9762565.1021233,0.0],[614858.7428704,9762565.0978613,0.0],[614858.645256,9762565.1021233,0.0],[614858.5483844,9762565.1148767,0.0],[614858.4529931,9762565.1360244,0.0],[614858.3598078,9762565.1654056,0.0],[614858.2695379,9762565.2027966,0.0],[614858.1828704,9762565.2479129,0.0],[614858.1004648,9762565.3004111,0.0],[614858.0229483,9762565.3598916,0.0],[614857.9509108,9762565.4259018,0.0],[614857.8849006,9762565.4979392,0.0],[614857.8254201,9762565.5754557,0.0],[614857.7729219,9762565.6578613,0.0],[614857.7278057,9762565.7445289,0.0],[614857.6904147,9762565.8347988,0.0],[614857.6610335,9762565.927984,0.0],[614857.6398857,9762566.0233754,0.0],[614857.6271323,9762566.1202469,0.0],[614857.6228704,9762566.2178613,0.0],[614857.6271323,9762566.3154758,0.0],[614857.6398857,9762566.4123473,0.0],[614857.6610335,9762566.5077387,0.0],[614857.6904147,9762566.6009239,0.0],[614857.7278057,9762566.6911938,0.0],[614857.7729219,9762566.7778613,0.0],[614857.8254201,9762566.860267,0.0],[614857.8849006,9762566.9377835,0.0],[614857.9509108,9762567.0098209,0.0],[614858.0229483,9762567.0758311,0.0],[614858.1004648,9762567.1353116,0.0],[614858.1828704,9762567.1878098,0.0],[614858.2695379,9762567.2329261,0.0],[614858.3598078,9762567.2703171,0.0],[614858.4529931,9762567.2996983,0.0],[614858.5483844,9762567.320846,0.0],[614858.645256,9762567.3335994,0.0],[614858.7428704,9762567.3378613,0.0],[614858.8404848,9762567.3335994,0.0],[614858.9373564,9762567.320846,0.0],[614859.0327477,9762567.2996983,0.0],[614859.125933,9762567.2703171,0.0],[614859.2162029,9762567.2329261,0.0],[614859.3028704,9762567.1878098,0.0],[614859.385276,9762567.1353116,0.0],[614859.4627925,9762567.0758311,0.0],[614859.53483,9762567.0098209,0.0],[614859.6008402,9762566.9377835,0.0],[614859.6603207,9762566.860267,0.0],[614859.7128188,9762566.7778613,0.0],[614859.7579351,9762566.6911938,0.0],[614859.7953261,9762566.6009239,0.0],[614859.8247073,9762566.5077387,0.0],[614859.8458551,9762566.4123473,0.0],[614859.8586085,9762566.3154758,0.0],[614859.8628704,9762566.2178613,0.0]]]]}},
{"type":"Feature","properties":{"Layer":"M-Local"},"geometry":{"type":"MultiPolygon","coordinates":[[[[614692.7205,9762513.7855,0.0],[614692.7162381,9762513.6878856,0.0],[614692.7034847,9762513.591014,0.0],[614692.6823369,9762513.4956227,0.0],[614692.6529557,9762513.4024374,0.0],[614692.6155647,9762513.3121675,0.0],[614692.5704485,9762513.2255,0.0],[614692.5179503,9762513.1430944,0.0],[614692.4584698,9762513.0655779,0.0],[614692.3924596,9762512.9935404,0.0],[614692.3204221,9762512.9275302,0.0],[614692.2429056,9762512.8680497,0.0],[614692.1605,9762512.8155515,0.0],[614692.0738325,9762512.7704353,0.0],[614691.9835626,9762512.7330443,0.0],[614691.8903773,9762512.7036631,0.0],[614691.794986,9762512.6825153,0.0],[614691.6981144,9762512.6697619,0.0],[614691.6005,9762512.6655,0.0],[614691.5028856,9762512.6697619,0.0],[614691.406014,9762512.6825153,0.0],[614691.3106227,9762512.7036631,0.0],[614691.2174374,9762512.7330443,0.0],[614691.1271675,9762512.7704353,0.0],[614691.0405,9762512.8155515,0.0],[614690.9580944,9762512.8680497,0.0],[614690.8805779,9762512.9275302,0.0],[614690.8085404,9762512.9935404,0.0],[614690.7425302,9762513.0655779,0.0],[614690.6830497,9762513.1430944,0.0],[614690.6305515,9762513.2255,0.0],[614690.5854353,9762513.3121675,0.0],[614690.5480443,9762513.4024374,0.0],[614690.5186631,9762513.4956227,0.0],[614690.4975153,9762513.591014,0.0],[614690.4847619,9762513.6878856,0.0],[614690.4805,9762513.7855,0.0],[614690.4847619,9762513.8831144,0.0],[614690.4975153,9762513.979986,0.0],[614690.5186631,9762514.0753773,0.0],[614690.5480443,9762514.1685626,0.0],[614690.5854353,9762514.2588325,0.0],[614690.6305515,9762514.3455,0.0],[614690.6830497,9762514.4279056,0.0],[614690.7425302,9762514.5054221,0.0],[614690.8085404,9762514.5774596,0.0],[614690.8805779,9762514.6434698,0.0],[614690.9580944,9762514.7029503,0.0],[614691.0405,9762514.7554485,0.0],[614691.1271675,9762514.8005647,0.0],[614691.2174374,9762514.8379557,0.0],[614691.3106227,9762514.8673369,0.0],[614691.406014,9762514.8884847,0.0],[614691.5028856,9762514.9012381,0.0],[614691.6005,9762514.9055,0.0],[614691.6981144,9762514.9012381,0.0],[614691.794986,9762514.8884847,0.0],[614691.8903773,9762514.8673369,0.0],[614691.9835626,9762514.8379557,0.0],[614692.0738325,9762514.8005647,0.0],[614692.1605,9762514.7554485,0.0],[614692.2429056,9762514.7029503,0.0],[614692.3204221,9762514.6434698,0.0],[614692.3924596,9762514.5774596,0.0],[614692.4584698,9762514.5054221,0.0],[614692.5179503,9762514.4279056,0.0],[614692.5704485,9762514.3455,0.0],[614692.6155647,9762514.2588325,0.0],[614692.6529557,9762514.1685626,0.0],[614692.6823369,9762514.0753773,0.0],[614692.7034847,9762513.979986,0.0],[614692.7162381,9762513.8831144,0.0],[614692.7205,9762513.7855,0.0]]]]}},
{"type":"Feature","properties":{"Layer":"M-Local"},"geometry":{"type":"MultiPolygon","coordinates":[[[[614854.8963,9762503.3505,0.0],[614854.8920381,9762503.2528856,0.0],[614854.8792847,9762503.156014,0.0],[614854.8581369,9762503.0606227,0.0],[614854.8287557,9762502.9674374,0.0],[614854.7913647,9762502.8771675,0.0],[614854.7462485,9762502.7905,0.0],[614854.6937503,9762502.7080944,0.0],[614854.6342698,9762502.6305779,0.0],[614854.5682596,9762502.5585404,0.0],[614854.4962221,9762502.4925302,0.0],[614854.4187056,9762502.4330497,0.0],[614854.3363,9762502.3805515,0.0],[614854.2496325,9762502.3354353,0.0],[614854.1593626,9762502.2980443,0.0],[614854.0661773,9762502.2686631,0.0],[614853.970786,9762502.2475153,0.0],[614853.8739144,9762502.2347619,0.0],[614853.7763,9762502.2305,0.0],[614853.6786856,9762502.2347619,0.0],[614853.581814,9762502.2475153,0.0],[614853.4864227,9762502.2686631,0.0],[614853.3932374,9762502.2980443,0.0],[614853.3029675,9762502.3354353,0.0],[614853.2163,9762502.3805515,0.0],[614853.1338944,9762502.4330497,0.0],[614853.0563779,9762502.4925302,0.0],[614852.9843404,9762502.5585404,0.0],[614852.9183302,9762502.6305779,0.0],[614852.8588497,9762502.7080944,0.0],[614852.8063515,9762502.7905,0.0],[614852.7612353,9762502.8771675,0.0],[614852.7238443,9762502.9674374,0.0],[614852.6944631,9762503.0606227,0.0],[614852.6733153,9762503.156014,0.0],[614852.6605619,9762503.2528856,0.0],[614852.6563,9762503.3505,0.0],[614852.6605619,9762503.4481144,0.0],[614852.6733153,9762503.544986,0.0],[614852.6944631,9762503.6403773,0.0],[614852.7238443,9762503.7335626,0.0],[614852.7612353,9762503.8238325,0.0],[614852.8063515,9762503.9105,0.0],[614852.8588497,9762503.9929056,0.0],[614852.9183302,9762504.0704221,0.0],[614852.9843404,9762504.1424596,0.0],[614853.0563779,9762504.2084698,0.0],[614853.1338944,9762504.2679503,0.0],[614853.2163,9762504.3204485,0.0],[614853.3029675,9762504.3655647,0.0],[614853.3932374,9762504.4029557,0.0],[614853.4864227,9762504.4323369,0.0],[614853.581814,9762504.4534847,0.0],[614853.6786856,9762504.4662381,0.0],[614853.7763,9762504.4705,0.0],[614853.8739144,9762504.4662381,0.0],[614853.970786,9762504.4534847,0.0],[614854.0661773,9762504.4323369,0.0],[614854.1593626,9762504.4029557,0.0],[614854.2496325,9762504.3655647,0.0],[614854.3363,9762504.3204485,0.0],[614854.4187056,9762504.2679503,0.0],[614854.4962221,9762504.2084698,0.0],[614854.5682596,9762504.1424596,0.0],[614854.6342698,9762504.0704221,0.0],[614854.6937503,9762503.9929056,0.0],[614854.7462485,9762503.9105,0.0],[614854.7913647,9762503.8238325,0.0],[614854.8287557,9762503.7335626,0.0],[614854.8581369,9762503.6403773,0.0],[614854.8792847,9762503.544986,0.0],[614854.8920381,9762503.4481144,0.0],[614854.8963,9762503.3505,0.0]]]]}},
{"type":"Feature","properties":{"Layer":"M-Local"},"geometry":{"type":"MultiPolygon","coordinates":[[[[614926.6868116,9762741.71092,0.0],[614926.6825497,9762741.6133056,0.0],[614926.6697963,9762741.5164341,0.0],[614926.6486486,9762741.4210427,0.0],[614926.6192674,9762741.3278575,0.0],[614926.5818764,9762741.2375876,0.0],[614926.5367601,9762741.15092,0.0],[614926.4842619,9762741.0685144,0.0],[614926.4247814,9762740.9909979,0.0],[614926.3587712,9762740.9189604,0.0],[614926.2867338,9762740.8529503,0.0],[614926.2092173,9762740.7934697,0.0],[614926.1268116,9762740.7409716,0.0],[614926.0401441,9762740.6958553,0.0],[614925.9498742,9762740.6584643,0.0],[614925.856689,9762740.6290831,0.0],[614925.7612976,9762740.6079353,0.0],[614925.6644261,9762740.595182,0.0],[614925.5668116,9762740.59092,0.0],[614925.4691972,9762740.595182,0.0],[614925.3723257,9762740.6079353,0.0],[614925.2769343,9762740.6290831,0.0],[614925.1837491,9762740.6584643,0.0],[614925.0934792,9762740.6958553,0.0],[614925.0068116,9762740.7409716,0.0],[614924.924406,9762740.7934697,0.0],[614924.8468895,9762740.8529503,0.0],[614924.774852,9762740.9189604,0.0],[614924.7088419,9762740.9909979,0.0],[614924.6493614,9762741.0685144,0.0],[614924.5968632,9762741.15092,0.0],[614924.5517469,9762741.2375876,0.0],[614924.5143559,9762741.3278575,0.0],[614924.4849747,9762741.4210427,0.0],[614924.463827,9762741.5164341,0.0],[614924.4510736,9762741.6133056,0.0],[614924.4468116,9762741.71092,0.0],[614924.4510736,9762741.8085345,0.0],[614924.463827,9762741.905406,0.0],[614924.4849747,9762742.0007974,0.0],[614924.5143559,9762742.0939826,0.0],[614924.5517469,9762742.1842525,0.0],[614924.5968632,9762742.27092,0.0],[614924.6493614,9762742.3533256,0.0],[614924.7088419,9762742.4308422,0.0],[614924.774852,9762742.5028796,0.0],[614924.8468895,9762742.5688898,0.0],[614924.924406,9762742.6283703,0.0],[614925.0068116,9762742.6808685,0.0],[614925.0934792,9762742.7259848,0.0],[614925.1837491,9762742.7633758,0.0],[614925.2769343,9762742.792757,0.0],[614925.3723257,9762742.8139047,0.0],[614925.4691972,9762742.8266581,0.0],[614925.5668116,9762742.83092,0.0],[614925.6644261,9762742.8266581,0.0],[614925.7612976,9762742.8139047,0.0],[614925.856689,9762742.792757,0.0],[614925.9498742,9762742.7633758,0.0],[614926.0401441,9762742.7259848,0.0],[614926.1268116,9762742.6808685,0.0],[614926.2092173,9762742.6283703,0.0],[614926.2867338,9762742.5688898,0.0],[614926.3587712,9762742.5028796,0.0],[614926.4247814,9762742.4308422,0.0],[614926.4842619,9762742.3533256,0.0],[614926.5367601,9762742.27092,0.0],[614926.5818764,9762742.1842525,0.0],[614926.6192674,9762742.0939826,0.0],[614926.6486486,9762742.0007974,0.0],[614926.6697963,9762741.905406,0.0],[614926.6825497,9762741.8085345,0.0],[614926.6868116,9762741.71092,0.0]]]]}},
{"type":"Feature","properties":{"Layer":"M-Local"},"geometry":{"type":"MultiPolygon","coordinates":[[[[614986.843273,9762850.3722608,23.522777],[614986.8390111,9762850.2746464,23.522777],[614986.8262577,9762850.1777749,23.522777],[614986.8051099,9762850.0823835,23.522777],[614986.7757288,9762849.9891983,23.522777],[614986.7383377,9762849.8989284,23.522777],[614986.6932215,9762849.8122608,23.522777],[614986.6407233,9762849.7298552,23.522777],[614986.5812428,9762849.6523387,23.522777],[614986.5152326,9762849.5803012,23.522777],[614986.4431951,9762849.514291,23.522777],[614986.3656786,9762849.4548105,23.522777],[614986.283273,9762849.4023124,23.522777],[614986.1966055,9762849.3571961,23.522777],[614986.1063356,9762849.3198051,23.522777],[614986.0131504,9762849.2904239,23.522777],[614985.917759,9762849.2692761,23.522777],[614985.8208875,9762849.2565228,23.522777],[614985.723273,9762849.2522608,23.522777],[614985.6256586,9762849.2565228,23.522777],[614985.5287871,9762849.2692761,23.522777],[614985.4333957,9762849.2904239,23.522777],[614985.3402105,9762849.3198051,23.522777],[614985.2499406,9762849.3571961,23.522777],[614985.163273,9762849.4023124,23.522777],[614985.0808674,9762849.4548105,23.522777],[614985.0033509,9762849.514291,23.522777],[614984.9313134,9762849.5803012,23.522777],[614984.8653032,9762849.6523387,23.522777],[614984.8058227,9762849.7298552,23.522777],[614984.7533246,9762849.8122608,23.522777],[614984.7082083,9762849.8989284,23.522777],[614984.6708173,9762849.9891983,23.522777],[614984.6414361,9762850.0823835,23.522777],[614984.6202883,9762850.1777749,23.522777],[614984.607535,9762850.2746464,23.522777],[614984.603273,9762850.3722608,23.522777],[614984.607535,9762850.4698752,23.522777],[614984.6202883,9762850.5667468,23.522777],[614984.6414361,9762850.6621381,23.522777],[614984.6708173,9762850.7553234,23.522777],[614984.7082083,9762850.8455933,23.522777],[614984.7533246,9762850.9322608,23.522777],[614984.8058227,9762851.0146664,23.522777],[614984.8653032,9762851.0921829,23.522777],[614984.9313134,9762851.1642204,23.522777],[614985.0033509,9762851.2302306,23.522777],[614985.0808674,9762851.2897111,23.522777],[614985.163273,9762851.3422093,23.522777],[614985.2499406,9762851.3873255,23.522777],[614985.3402105,9762851.4247166,23.522777],[614985.4333957,9762851.4540977,23.522777],[614985.5287871,9762851.4752455,23.522777],[614985.6256586,9762851.4879989,23.522777],[614985.723273,9762851.4922608,23.522777],[614985.8208875,9762851.4879989,23.522777],[614985.917759,9762851.4752455,23.522777],[614986.0131504,9762851.4540977,23.522777],[614986.1063356,9762851.4247166,23.522777],[614986.1966055,9762851.3873255,23.522777],[614986.283273,9762851.3422093,23.522777],[614986.3656786,9762851.2897111,23.522777],[614986.4431951,9762851.2302306,23.522777],[614986.5152326,9762851.1642204,23.522777],[614986.5812428,9762851.0921829,23.522777],[614986.6407233,9762851.0146664,23.522777],[614986.6932215,9762850.9322608,23.522777],[614986.7383377,9762850.8455933,23.522777],[614986.7757288,9762850.7553234,23.522777],[614986.8051099,9762850.6621381,23.522777],[614986.8262577,9762850.5667468,23.522777],[614986.8390111,9762850.4698752,23.522777],[614986.843273,9762850.3722608,23.522777]]]]}},
{"type":"Feature","properties":{"Layer":"M-Local"},"geometry":{"type":"MultiPolygon","coordinates":[[[[614808.7294,9762998.0648,0.0],[614808.7251381,9762997.9671856,0.0],[614808.7123847,9762997.870314,0.0],[614808.6912369,9762997.7749227,0.0],[614808.6618557,9762997.6817374,0.0],[614808.6244647,9762997.5914675,0.0],[614808.5793485,9762997.5048,0.0],[614808.5268503,9762997.4223944,0.0],[614808.4673698,9762997.3448779,0.0],[614808.4013596,9762997.2728404,0.0],[614808.3293221,9762997.2068302,0.0],[614808.2518056,9762997.1473497,0.0],[614808.1694,9762997.0948515,0.0],[614808.0827325,9762997.0497353,0.0],[614807.9924626,9762997.0123443,0.0],[614807.8992773,9762996.9829631,0.0],[614807.803886,9762996.9618153,0.0],[614807.7070144,9762996.9490619,0.0],[614807.6094,9762996.9448,0.0],[614807.5117856,9762996.9490619,0.0],[614807.414914,9762996.9618153,0.0],[614807.3195227,9762996.9829631,0.0],[614807.2263374,9762997.0123443,0.0],[614807.1360675,9762997.0497353,0.0],[614807.0494,9762997.0948515,0.0],[614806.9669944,9762997.1473497,0.0],[614806.8894779,9762997.2068302,0.0],[614806.8174404,9762997.2728404,0.0],[614806.7514302,9762997.3448779,0.0],[614806.6919497,9762997.4223944,0.0],[614806.6394515,9762997.5048,0.0],[614806.5943353,9762997.5914675,0.0],[614806.5569443,9762997.6817374,0.0],[614806.5275631,9762997.7749227,0.0],[614806.5064153,9762997.870314,0.0],[614806.4936619,9762997.9671856,0.0],[614806.4894,9762998.0648,0.0],[614806.4936619,9762998.1624144,0.0],[614806.5064153,9762998.259286,0.0],[614806.5275631,9762998.3546773,0.0],[614806.5569443,9762998.4478626,0.0],[614806.5943353,9762998.5381325,0.0],[614806.6394515,9762998.6248,0.0],[614806.6919497,9762998.7072056,0.0],[614806.7514302,9762998.7847221,0.0],[614806.8174404,9762998.8567596,0.0],[614806.8894779,9762998.9227698,0.0],[614806.9669944,9762998.9822503,0.0],[614807.0494,9762999.0347485,0.0],[614807.1360675,9762999.0798647,0.0],[614807.2263374,9762999.1172557,0.0],[614807.3195227,9762999.1466369,0.0],[614807.414914,9762999.1677847,0.0],[614807.5117856,9762999.1805381,0.0],[614807.6094,9762999.1848,0.0],[614807.7070144,9762999.1805381,0.0],[614807.803886,9762999.1677847,0.0],[614807.8992773,9762999.1466369,0.0],[614807.9924626,9762999.1172557,0.0],[614808.0827325,9762999.0798647,0.0],[614808.1694,9762999.0347485,0.0],[614808.2518056,9762998.9822503,0.0],[614808.3293221,9762998.9227698,0.0],[614808.4013596,9762998.8567596,0.0],[614808.4673698,9762998.7847221,0.0],[614808.5268503,9762998.7072056,0.0],[614808.5793485,9762998.6248,0.0],[614808.6244647,9762998.5381325,0.0],[614808.6618557,9762998.4478626,0.0],[614808.6912369,9762998.3546773,0.0],[614808.7123847,9762998.259286,0.0],[614808.7251381,9762998.1624144,0.0],[614808.7294,9762998.0648,0.0]]]]}},
{"type":"Feature","properties":{"Layer":"M-Local"},"geometry":{"type":"MultiPolygon","coordinates":[[[[615061.5330921,9763037.7455,111.3745812],[615061.5288302,9763037.6478856,111.3745812],[615061.5160768,9763037.551014,111.3745812],[615061.494929,9763037.4556227,111.3745812],[615061.4655478,9763037.3624374,111.3745812],[615061.4281568,9763037.2721675,111.3745812],[615061.3830406,9763037.1855,111.3745812],[615061.3305424,9763037.1030944,111.3745812],[615061.2710619,9763037.0255779,111.3745812],[615061.2050517,9763036.9535404,111.3745812],[615061.1330142,9763036.8875302,111.3745812],[615061.0554977,9763036.8280497,111.3745812],[615060.9730921,9763036.7755516,111.3745812],[615060.8864246,9763036.7304353,111.3745812],[615060.7961547,9763036.6930443,111.3745812],[615060.7029694,9763036.6636631,111.3745812],[615060.6075781,9763036.6425153,111.3745812],[615060.5107065,9763036.6297619,111.3745812],[615060.4130921,9763036.6255,111.3745812],[615060.3154777,9763036.6297619,111.3745812],[615060.2186062,9763036.6425153,111.3745812],[615060.1232148,9763036.6636631,111.3745812],[615060.0300296,9763036.6930443,111.3745812],[615059.9397597,9763036.7304353,111.3745812],[615059.8530921,9763036.7755516,111.3745812],[615059.7706865,9763036.8280497,111.3745812],[615059.69317,9763036.8875302,111.3745812],[615059.6211325,9763036.9535404,111.3745812],[615059.5551223,9763037.0255779,111.3745812],[615059.4956418,9763037.1030944,111.3745812],[615059.4431437,9763037.1855,111.3745812],[615059.3980274,9763037.2721675,111.3745812],[615059.3606364,9763037.3624374,111.3745812],[615059.3312552,9763037.4556227,111.3745812],[615059.3101074,9763037.551014,111.3745812],[615059.2973541,9763037.6478856,111.3745812],[615059.2930921,9763037.7455,111.3745812],[615059.2973541,9763037.8431144,111.3745812],[615059.3101074,9763037.939986,111.3745812],[615059.3312552,9763038.0353773,111.3745812],[615059.3606364,9763038.1285626,111.3745812],[615059.3980274,9763038.2188325,111.3745812],[615059.4431437,9763038.3055,111.3745812],[615059.4956418,9763038.3879056,111.3745812],[615059.5551223,9763038.4654221,111.3745812],[615059.6211325,9763038.5374596,111.3745812],[615059.69317,9763038.6034698,111.3745812],[615059.7706865,9763038.6629503,111.3745812],[615059.8530921,9763038.7154485,111.3745812],[615059.9397597,9763038.7605647,111.3745812],[615060.0300296,9763038.7979557,111.3745812],[615060.1232148,9763038.8273369,111.3745812],[615060.2186062,9763038.8484847,111.3745812],[615060.3154777,9763038.8612381,111.3745812],[615060.4130921,9763038.8655,111.3745812],[615060.5107065,9763038.8612381,111.3745812],[615060.6075781,9763038.8484847,111.3745812],[615060.7029694,9763038.8273369,111.3745812],[615060.7961547,9763038.7979557,111.3745812],[615060.8864246,9763038.7605647,111.3745812],[615060.9730921,9763038.7154485,111.3745812],[615061.0554977,9763038.6629503,111.3745812],[615061.1330142,9763038.6034698,111.3745812],[615061.2050517,9763038.5374596,111.3745812],[615061.2710619,9763038.4654221,111.3745812],[615061.3305424,9763038.3879056,111.3745812],[615061.3830406,9763038.3055,111.3745812],[615061.4281568,9763038.2188325,111.3745812],[615061.4655478,9763038.1285626,111.3745812],[615061.494929,9763038.0353773,111.3745812],[615061.5160768,9763037.939986,111.3745812],[615061.5288302,9763037.8431144,111.3745812],[615061.5330921,9763037.7455,111.3745812]]]]}},
{"type":"Feature","properties":{"Layer":"M-Local"},"geometry":{"type":"MultiPolygon","coordinates":[[[[615461.6859198,9762986.9406489,0.0],[615461.6816579,9762986.8430344,0.0],[615461.6689045,9762986.7461629,0.0],[615461.6477567,9762986.6507715,0.0],[615461.6183755,9762986.5575863,0.0],[615461.5809845,9762986.4673164,0.0],[615461.5358682,9762986.3806489,0.0],[615461.4833701,9762986.2982433,0.0],[615461.4238896,9762986.2207267,0.0],[615461.3578794,9762986.1486893,0.0],[615461.2858419,9762986.0826791,0.0],[615461.2083254,9762986.0231986,0.0],[615461.1259198,9762985.9707004,0.0],[615461.0392522,9762985.9255841,0.0],[615460.9489824,9762985.8881931,0.0],[615460.8557971,9762985.8588119,0.0],[615460.7604058,9762985.8376642,0.0],[615460.6635342,9762985.8249108,0.0],[615460.5659198,9762985.8206489,0.0],[615460.4683054,9762985.8249108,0.0],[615460.3714338,9762985.8376642,0.0],[615460.2760425,9762985.8588119,0.0],[615460.1828572,9762985.8881931,0.0],[615460.0925873,9762985.9255841,0.0],[615460.0059198,9762985.9707004,0.0],[615459.9235142,9762986.0231986,0.0],[615459.8459977,9762986.0826791,0.0],[615459.7739602,9762986.1486893,0.0],[615459.70795,9762986.2207267,0.0],[615459.6484695,9762986.2982433,0.0],[615459.5959713,9762986.3806489,0.0],[615459.5508551,9762986.4673164,0.0],[615459.5134641,9762986.5575863,0.0],[615459.4840829,9762986.6507715,0.0],[615459.4629351,9762986.7461629,0.0],[615459.4501817,9762986.8430344,0.0],[615459.4459198,9762986.9406489,0.0],[615459.4501817,9762987.0382633,0.0],[615459.4629351,9762987.1351348,0.0],[615459.4840829,9762987.2305262,0.0],[615459.5134641,9762987.3237114,0.0],[615459.5508551,9762987.4139813,0.0],[615459.5959713,9762987.5006489,0.0],[615459.6484695,9762987.5830545,0.0],[615459.70795,9762987.660571,0.0],[615459.7739602,9762987.7326085,0.0],[615459.8459977,9762987.7986186,0.0],[615459.9235142,9762987.8580992,0.0],[615460.0059198,9762987.9105973,0.0],[615460.0925873,9762987.9557136,0.0],[615460.1828572,9762987.9931046,0.0],[615460.2760425,9762988.0224858,0.0],[615460.3714338,9762988.0436335,0.0],[615460.4683054,9762988.0563869,0.0],[615460.5659198,9762988.0606489,0.0],[615460.6635342,9762988.0563869,0.0],[615460.7604058,9762988.0436335,0.0],[615460.8557971,9762988.0224858,0.0],[615460.9489824,9762987.9931046,0.0],[615461.0392522,9762987.9557136,0.0],[615461.1259198,9762987.9105973,0.0],[615461.2083254,9762987.8580992,0.0],[615461.2858419,9762987.7986186,0.0],[615461.3578794,9762987.7326085,0.0],[615461.4238896,9762987.660571,0.0],[615461.4833701,9762987.5830545,0.0],[615461.5358682,9762987.5006489,0.0],[615461.5809845,9762987.4139813,0.0],[615461.6183755,9762987.3237114,0.0],[615461.6477567,9762987.2305262,0.0],[615461.6689045,9762987.1351348,0.0],[615461.6816579,9762987.0382633,0.0],[615461.6859198,9762986.9406489,0.0]]]]}},
{"type":"Feature","properties":{"Layer":"M-Local"},"geometry":{"type":"MultiPolygon","coordinates":[[[[615461.7540586,9762990.4519495,75.2942182],[615461.7497967,9762990.354335,75.2942182],[615461.7370433,9762990.2574635,75.2942182],[615461.7158955,9762990.1620721,75.2942182],[615461.6865143,9762990.0688869,75.2942182],[615461.6491233,9762989.978617,75.2942182],[615461.6040071,9762989.8919495,75.2942182],[615461.5515089,9762989.8095439,75.2942182],[615461.4920284,9762989.7320274,75.2942182],[615461.4260182,9762989.6599899,75.2942182],[615461.3539807,9762989.5939797,75.2942182],[615461.2764642,9762989.5344992,75.2942182],[615461.1940586,9762989.482001,75.2942182],[615461.1073911,9762989.4368848,75.2942182],[615461.0171212,9762989.3994937,75.2942182],[615460.9239359,9762989.3701125,75.2942182],[615460.8285446,9762989.3489648,75.2942182],[615460.731673,9762989.3362114,75.2942182],[615460.6340586,9762989.3319495,75.2942182],[615460.5364442,9762989.3362114,75.2942182],[615460.4395727,9762989.3489648,75.2942182],[615460.3441813,9762989.3701125,75.2942182],[615460.2509961,9762989.3994937,75.2942182],[615460.1607262,9762989.4368848,75.2942182],[615460.0740586,9762989.482001,75.2942182],[615459.991653,9762989.5344992,75.2942182],[615459.9141365,9762989.5939797,75.2942182],[615459.842099,9762989.6599899,75.2942182],[615459.7760888,9762989.7320274,75.2942182],[615459.7166083,9762989.8095439,75.2942182],[615459.6641102,9762989.8919495,75.2942182],[615459.6189939,9762989.978617,75.2942182],[615459.5816029,9762990.0688869,75.2942182],[615459.5522217,9762990.1620721,75.2942182],[615459.5310739,9762990.2574635,75.2942182],[615459.5183206,9762990.354335,75.2942182],[615459.5140586,9762990.4519495,75.2942182],[615459.5183206,9762990.5495639,75.2942182],[615459.5310739,9762990.6464354,75.2942182],[615459.5522217,9762990.7418268,75.2942182],[615459.5816029,9762990.835012,75.2942182],[615459.6189939,9762990.9252819,75.2942182],[615459.6641102,9762991.0119495,75.2942182],[615459.7166083,9762991.0943551,75.2942182],[615459.7760888,9762991.1718716,75.2942182],[615459.842099,9762991.2439091,75.2942182],[615459.9141365,9762991.3099193,75.2942182],[615459.991653,9762991.3693998,75.2942182],[615460.0740586,9762991.4218979,75.2942182],[615460.1607262,9762991.4670142,75.2942182],[615460.2509961,9762991.5044052,75.2942182],[615460.3441813,9762991.5337864,75.2942182],[615460.4395727,9762991.5549342,75.2942182],[615460.5364442,9762991.5676875,75.2942182],[615460.6340586,9762991.5719495,75.2942182],[615460.731673,9762991.5676875,75.2942182],[615460.8285446,9762991.5549342,75.2942182],[615460.9239359,9762991.5337864,75.2942182],[615461.0171212,9762991.5044052,75.2942182],[615461.1073911,9762991.4670142,75.2942182],[615461.1940586,9762991.4218979,75.2942182],[615461.2764642,9762991.3693998,75.2942182],[615461.3539807,9762991.3099193,75.2942182],[615461.4260182,9762991.2439091,75.2942182],[615461.4920284,9762991.1718716,75.2942182],[615461.5515089,9762991.0943551,75.2942182],[615461.6040071,9762991.0119495,75.2942182],[615461.6491233,9762990.9252819,75.2942182],[615461.6865143,9762990.835012,75.2942182],[615461.7158955,9762990.7418268,75.2942182],[615461.7370433,9762990.6464354,75.2942182],[615461.7497967,9762990.5495639,75.2942182],[615461.7540586,9762990.4519495,75.2942182]]]]}},
{"type":"Feature","properties":{"Layer":"M-Local"},"geometry":{"type":"MultiPolygon","coordinates":[[[[615525.7398345,9762990.3842437,0.0],[615525.7355726,9762990.2866293,0.0],[615525.7228192,9762990.1897578,0.0],[615525.7016715,9762990.0943664,0.0],[615525.6722903,9762990.0011812,0.0],[615525.6348993,9762989.9109113,0.0],[615525.589783,9762989.8242437,0.0],[615525.5372848,9762989.7418381,0.0],[615525.4778043,9762989.6643216,0.0],[615525.4117941,9762989.5922841,0.0],[615525.3397567,9762989.526274,0.0],[615525.2622402,9762989.4667935,0.0],[615525.1798345,9762989.4142953,0.0],[615525.093167,9762989.369179,0.0],[615525.0028971,9762989.331788,0.0],[615524.9097119,9762989.3024068,0.0],[615524.8143205,9762989.2812591,0.0],[615524.717449,9762989.2685057,0.0],[615524.6198345,9762989.2642437,0.0],[615524.5222201,9762989.2685057,0.0],[615524.4253486,9762989.2812591,0.0],[615524.3299572,9762989.3024068,0.0],[615524.236772,9762989.331788,0.0],[615524.1465021,9762989.369179,0.0],[615524.0598345,9762989.4142953,0.0],[615523.9774289,9762989.4667935,0.0],[615523.8999124,9762989.526274,0.0],[615523.827875,9762989.5922841,0.0],[615523.7618648,9762989.6643216,0.0],[615523.7023843,9762989.7418381,0.0],[615523.6498861,9762989.8242437,0.0],[615523.6047698,9762989.9109113,0.0],[615523.5673788,9762990.0011812,0.0],[615523.5379976,9762990.0943664,0.0],[615523.5168499,9762990.1897578,0.0],[615523.5040965,9762990.2866293,0.0],[615523.4998345,9762990.3842437,0.0],[615523.5040965,9762990.4818582,0.0],[615523.5168499,9762990.5787297,0.0],[615523.5379976,9762990.6741211,0.0],[615523.5673788,9762990.7673063,0.0],[615523.6047698,9762990.8575762,0.0],[615523.6498861,9762990.9442437,0.0],[615523.7023843,9762991.0266494,0.0],[615523.7618648,9762991.1041659,0.0],[615523.827875,9762991.1762033,0.0],[615523.8999124,9762991.2422135,0.0],[615523.9774289,9762991.301694,0.0],[615524.0598345,9762991.3541922,0.0],[615524.1465021,9762991.3993085,0.0],[615524.236772,9762991.4366995,0.0],[615524.3299572,9762991.4660807,0.0],[615524.4253486,9762991.4872284,0.0],[615524.5222201,9762991.4999818,0.0],[615524.6198345,9762991.5042437,0.0],[615524.717449,9762991.4999818,0.0],[615524.8143205,9762991.4872284,0.0],[615524.9097119,9762991.4660807,0.0],[615525.0028971,9762991.4366995,0.0],[615525.093167,9762991.3993085,0.0],[615525.1798345,9762991.3541922,0.0],[615525.2622402,9762991.301694,0.0],[615525.3397567,9762991.2422135,0.0],[615525.4117941,9762991.1762033,0.0],[615525.4778043,9762991.1041659,0.0],[615525.5372848,9762991.0266494,0.0],[615525.589783,9762990.9442437,0.0],[615525.6348993,9762990.8575762,0.0],[615525.6722903,9762990.7673063,0.0],[615525.7016715,9762990.6741211,0.0],[615525.7228192,9762990.5787297,0.0],[615525.7355726,9762990.4818582,0.0],[615525.7398345,9762990.3842437,0.0]]]]}},
{"type":"Feature","properties":{"Layer":"M-Local"},"geometry":{"type":"MultiPolygon","coordinates":[[[[615105.4854149,9762794.5501625,104.7780854],[615105.4811443,9762794.4523476,104.7780854],[615105.4683647,9762794.3552771,104.7780854],[615105.4471735,9762794.2596899,104.7780854],[615105.417732,9762794.1663133,104.7780854],[615105.3802642,9762794.075858,104.7780854],[615105.3350553,9762793.9890125,104.7780854],[615105.2824493,9762793.9064377,104.7780854],[615105.2228466,9762793.828762,104.7780854],[615105.1567009,9762793.7565765,104.7780854],[615105.0845155,9762793.6904308,104.7780854],[615105.0068398,9762793.6308281,104.7780854],[615104.9242649,9762793.5782222,104.7780854],[615104.8374194,9762793.5330133,104.7780854],[615104.7469642,9762793.4955455,104.7780854],[615104.6535876,9762793.4661039,104.7780854],[615104.5580003,9762793.4449127,104.7780854],[615104.4609298,9762793.4321332,104.7780854],[615104.3631149,9762793.4278625,104.7780854],[615104.2653001,9762793.4321332,104.7780854],[615104.1682296,9762793.4449127,104.7780854],[615104.0726423,9762793.4661039,104.7780854],[615103.9792657,9762793.4955455,104.7780854],[615103.8888105,9762793.5330133,104.7780854],[615103.8019649,9762793.5782222,104.7780854],[615103.7193901,9762793.6308281,104.7780854],[615103.6417144,9762793.6904308,104.7780854],[615103.569529,9762793.7565765,104.7780854],[615103.5033833,9762793.828762,104.7780854],[615103.4437806,9762793.9064377,104.7780854],[615103.3911746,9762793.9890125,104.7780854],[615103.3459657,9762794.075858,104.7780854],[615103.3084979,9762794.1663133,104.7780854],[615103.2790564,9762794.2596899,104.7780854],[615103.2578652,9762794.3552771,104.7780854],[615103.2450856,9762794.4523476,104.7780854],[615103.240815,9762794.5501625,104.7780854],[615103.2450856,9762794.6479774,104.7780854],[615103.2578652,9762794.7450478,104.7780854],[615103.2790564,9762794.8406351,104.7780854],[615103.3084979,9762794.9340117,104.7780854],[615103.3459657,9762795.024467,104.7780854],[615103.3911746,9762795.1113125,104.7780854],[615103.4437806,9762795.1938873,104.7780854],[615103.5033833,9762795.271563,104.7780854],[615103.569529,9762795.3437484,104.7780854],[615103.6417144,9762795.4098942,104.7780854],[615103.7193901,9762795.4694968,104.7780854],[615103.8019649,9762795.5221028,104.7780854],[615103.8888105,9762795.5673117,104.7780854],[615103.9792657,9762795.6047795,104.7780854],[615104.0726423,9762795.634221,104.7780854],[615104.1682296,9762795.6554122,104.7780854],[615104.2653001,9762795.6681918,104.7780854],[615104.3631149,9762795.6724625,104.7780854],[615104.4609298,9762795.6681918,104.7780854],[615104.5580003,9762795.6554122,104.7780854],[615104.6535876,9762795.634221,104.7780854],[615104.7469642,9762795.6047795,104.7780854],[615104.8374194,9762795.5673117,104.7780854],[615104.9242649,9762795.5221028,104.7780854],[615105.0068398,9762795.4694968,104.7780854],[615105.0845155,9762795.4098942,104.7780854],[615105.1567009,9762795.3437484,104.7780854],[615105.2228466,9762795.271563,104.7780854],[615105.2824493,9762795.1938873,104.7780854],[615105.3350553,9762795.1113125,104.7780854],[615105.3802642,9762795.024467,104.7780854],[615105.417732,9762794.9340117,104.7780854],[615105.4471735,9762794.8406351,104.7780854],[615105.4683647,9762794.7450478,104.7780854],[615105.4811443,9762794.6479774,104.7780854],[615105.4854149,9762794.5501625,104.7780854]]]]}},
{"type":"Feature","properties":{"Layer":"M-Local"},"geometry":{"type":"MultiPolygon","coordinates":[[[[615127.5125039,9762792.8908591,143.7780855],[615127.5082332,9762792.7930443,143.7780855],[615127.4954537,9762792.6959738,143.7780855],[615127.4742625,9762792.6003865,143.7780855],[615127.444821,9762792.5070099,143.7780855],[615127.4073532,9762792.4165547,143.7780855],[615127.3621442,9762792.3297091,143.7780855],[615127.3095383,9762792.2471343,143.7780855],[615127.2499356,9762792.1694586,143.7780855],[615127.1837899,9762792.0972732,143.7780855],[615127.1116045,9762792.0311275,143.7780855],[615127.0339288,9762791.9715248,143.7780855],[615126.9513539,9762791.9189188,143.7780855],[615126.8645084,9762791.8737099,143.7780855],[615126.7740531,9762791.8362421,143.7780855],[615126.6806765,9762791.8068006,143.7780855],[615126.5850893,9762791.7856094,143.7780855],[615126.4880188,9762791.7728298,143.7780855],[615126.3902039,9762791.7685591,143.7780855],[615126.292389,9762791.7728298,143.7780855],[615126.1953186,9762791.7856094,143.7780855],[615126.0997313,9762791.8068006,143.7780855],[615126.0063547,9762791.8362421,143.7780855],[615125.9158994,9762791.8737099,143.7780855],[615125.8290539,9762791.9189188,143.7780855],[615125.7464791,9762791.9715248,143.7780855],[615125.6688034,9762792.0311275,143.7780855],[615125.596618,9762792.0972732,143.7780855],[615125.5304722,9762792.1694586,143.7780855],[615125.4708696,9762792.2471343,143.7780855],[615125.4182636,9762792.3297091,143.7780855],[615125.3730547,9762792.4165547,143.7780855],[615125.3355869,9762792.5070099,143.7780855],[615125.3061454,9762792.6003865,143.7780855],[615125.2849542,9762792.6959738,143.7780855],[615125.2721746,9762792.7930443,143.7780855],[615125.2679039,9762792.8908591,143.7780855],[615125.2721746,9762792.988674,143.7780855],[615125.2849542,9762793.0857445,143.7780855],[615125.3061454,9762793.1813318,143.7780855],[615125.3355869,9762793.2747083,143.7780855],[615125.3730547,9762793.3651636,143.7780855],[615125.4182636,9762793.4520091,143.7780855],[615125.4708696,9762793.534584,143.7780855],[615125.5304722,9762793.6122597,143.7780855],[615125.596618,9762793.6844451,143.7780855],[615125.6688034,9762793.7505908,143.7780855],[615125.7464791,9762793.8101935,143.7780855],[615125.8290539,9762793.8627995,143.7780855],[615125.9158994,9762793.9080084,143.7780855],[615126.0063547,9762793.9454762,143.7780855],[615126.0997313,9762793.9749177,143.7780855],[615126.1953186,9762793.9961089,143.7780855],[615126.292389,9762794.0088884,143.7780855],[615126.3902039,9762794.0131591,143.7780855],[615126.4880188,9762794.0088884,143.7780855],[615126.5850893,9762793.9961089,143.7780855],[615126.6806765,9762793.9749177,143.7780855],[615126.7740531,9762793.9454762,143.7780855],[615126.8645084,9762793.9080084,143.7780855],[615126.9513539,9762793.8627995,143.7780855],[615127.0339288,9762793.8101935,143.7780855],[615127.1116045,9762793.7505908,143.7780855],[615127.1837899,9762793.6844451,143.7780855],[615127.2499356,9762793.6122597,143.7780855],[615127.3095383,9762793.534584,143.7780855],[615127.3621442,9762793.4520091,143.7780855],[615127.4073532,9762793.3651636,143.7780855],[615127.444821,9762793.2747083,143.7780855],[615127.4742625,9762793.1813318,143.7780855],[615127.4954537,9762793.0857445,143.7780855],[615127.5082332,9762792.988674,143.7780855],[615127.5125039,9762792.8908591,143.7780855]]]]}},
{"type":"Feature","properties":{"Layer":"M-Local"},"geometry":{"type":"MultiPolygon","coordinates":[[[[615084.4676702,9762801.306404,143.7780855],[615084.4633996,9762801.2085891,143.7780855],[615084.45062,9762801.1115187,143.7780855],[615084.4294288,9762801.0159314,143.7780855],[615084.3999873,9762800.9225548,143.7780855],[615084.3625195,9762800.8320996,143.7780855],[615084.3173106,9762800.745254,143.7780855],[615084.2647046,9762800.6626792,143.7780855],[615084.2051019,9762800.5850035,143.7780855],[615084.1389562,9762800.5128181,143.7780855],[615084.0667708,9762800.4466724,143.7780855],[615083.9890951,9762800.3870697,143.7780855],[615083.9065202,9762800.3344637,143.7780855],[615083.8196747,9762800.2892548,143.7780855],[615083.7292195,9762800.251787,143.7780855],[615083.6358429,9762800.2223455,143.7780855],[615083.5402556,9762800.2011543,143.7780855],[615083.4431851,9762800.1883747,143.7780855],[615083.3453702,9762800.184104,143.7780855],[615083.2475554,9762800.1883747,143.7780855],[615083.1504849,9762800.2011543,143.7780855],[615083.0548976,9762800.2223455,143.7780855],[615082.961521,9762800.251787,143.7780855],[615082.8710658,9762800.2892548,143.7780855],[615082.7842202,9762800.3344637,143.7780855],[615082.7016454,9762800.3870697,143.7780855],[615082.6239697,9762800.4466724,143.7780855],[615082.5517843,9762800.5128181,143.7780855],[615082.4856386,9762800.5850035,143.7780855],[615082.4260359,9762800.6626792,143.7780855],[615082.3734299,9762800.745254,143.7780855],[615082.328221,9762800.8320996,143.7780855],[615082.2907532,9762800.9225548,143.7780855],[615082.2613117,9762801.0159314,143.7780855],[615082.2401205,9762801.1115187,143.7780855],[615082.2273409,9762801.2085891,143.7780855],[615082.2230702,9762801.306404,143.7780855],[615082.2273409,9762801.4042189,143.7780855],[615082.2401205,9762801.5012894,143.7780855],[615082.2613117,9762801.5968767,143.7780855],[615082.2907532,9762801.6902532,143.7780855],[615082.328221,9762801.7807085,143.7780855],[615082.3734299,9762801.867554,143.7780855],[615082.4260359,9762801.9501289,143.7780855],[615082.4856386,9762802.0278046,143.7780855],[615082.5517843,9762802.09999,143.7780855],[615082.6239697,9762802.1661357,143.7780855],[615082.7016454,9762802.2257384,143.7780855],[615082.7842202,9762802.2783443,143.7780855],[615082.8710658,9762802.3235533,143.7780855],[615082.961521,9762802.3610211,143.7780855],[615083.0548976,9762802.3904626,143.7780855],[615083.1504849,9762802.4116538,143.7780855],[615083.2475554,9762802.4244333,143.7780855],[615083.3453702,9762802.428704,143.7780855],[615083.4431851,9762802.4244333,143.7780855],[615083.5402556,9762802.4116538,143.7780855],[615083.6358429,9762802.3904626,143.7780855],[615083.7292195,9762802.3610211,143.7780855],[615083.8196747,9762802.3235533,143.7780855],[615083.9065202,9762802.2783443,143.7780855],[615083.9890951,9762802.2257384,143.7780855],[615084.0667708,9762802.1661357,143.7780855],[615084.1389562,9762802.09999,143.7780855],[615084.2051019,9762802.0278046,143.7780855],[615084.2647046,9762801.9501289,143.7780855],[615084.3173106,9762801.867554,143.7780855],[615084.3625195,9762801.7807085,143.7780855],[615084.3999873,9762801.6902532,143.7780855],[615084.4294288,9762801.5968767,143.7780855],[615084.45062,9762801.5012894,143.7780855],[615084.4633996,9762801.4042189,143.7780855],[615084.4676702,9762801.306404,143.7780855]]]]}},
{"type":"Feature","properties":{"Layer":"M-Local"},"geometry":{"type":"MultiPolygon","coordinates":[[[[615108.5485702,9762770.813804,143.7780855],[615108.5442996,9762770.7159891,143.7780855],[615108.53152,9762770.6189187,143.7780855],[615108.5103288,9762770.5233314,143.7780855],[615108.4808873,9762770.4299548,143.7780855],[615108.4434195,9762770.3394996,143.7780855],[615108.3982106,9762770.252654,143.7780855],[615108.3456046,9762770.1700792,143.7780855],[615108.2860019,9762770.0924035,143.7780855],[615108.2198562,9762770.0202181,143.7780855],[615108.1476708,9762769.9540724,143.7780855],[615108.0699951,9762769.8944697,143.7780855],[615107.9874202,9762769.8418637,143.7780855],[615107.9005747,9762769.7966548,143.7780855],[615107.8101195,9762769.759187,143.7780855],[615107.7167429,9762769.7297455,143.7780855],[615107.6211556,9762769.7085543,143.7780855],[615107.5240851,9762769.6957747,143.7780855],[615107.4262702,9762769.691504,143.7780855],[615107.3284554,9762769.6957747,143.7780855],[615107.2313849,9762769.7085543,143.7780855],[615107.1357976,9762769.7297455,143.7780855],[615107.042421,9762769.759187,143.7780855],[615106.9519658,9762769.7966548,143.7780855],[615106.8651202,9762769.8418637,143.7780855],[615106.7825454,9762769.8944697,143.7780855],[615106.7048697,9762769.9540724,143.7780855],[615106.6326843,9762770.0202181,143.7780855],[615106.5665386,9762770.0924035,143.7780855],[615106.5069359,9762770.1700792,143.7780855],[615106.4543299,9762770.252654,143.7780855],[615106.409121,9762770.3394996,143.7780855],[615106.3716532,9762770.4299548,143.7780855],[615106.3422117,9762770.5233314,143.7780855],[615106.3210205,9762770.6189187,143.7780855],[615106.3082409,9762770.7159891,143.7780855],[615106.3039702,9762770.813804,143.7780855],[615106.3082409,9762770.9116189,143.7780855],[615106.3210205,9762771.0086894,143.7780855],[615106.3422117,9762771.1042767,143.7780855],[615106.3716532,9762771.1976532,143.7780855],[615106.409121,9762771.2881085,143.7780855],[615106.4543299,9762771.374954,143.7780855],[615106.5069359,9762771.4575289,143.7780855],[615106.5665386,9762771.5352046,143.7780855],[615106.6326843,9762771.60739,143.7780855],[615106.7048697,9762771.6735357,143.7780855],[615106.7825454,9762771.7331384,143.7780855],[615106.8651202,9762771.7857443,143.7780855],[615106.9519658,9762771.8309533,143.7780855],[615107.042421,9762771.8684211,143.7780855],[615107.1357976,9762771.8978626,143.7780855],[615107.2313849,9762771.9190538,143.7780855],[615107.3284554,9762771.9318333,143.7780855],[615107.4262702,9762771.936104,143.7780855],[615107.5240851,9762771.9318333,143.7780855],[615107.6211556,9762771.9190538,143.7780855],[615107.7167429,9762771.8978626,143.7780855],[615107.8101195,9762771.8684211,143.7780855],[615107.9005747,9762771.8309533,143.7780855],[615107.9874202,9762771.7857443,143.7780855],[615108.0699951,9762771.7331384,143.7780855],[615108.1476708,9762771.6735357,143.7780855],[615108.2198562,9762771.60739,143.7780855],[615108.2860019,9762771.5352046,143.7780855],[615108.3456046,9762771.4575289,143.7780855],[615108.3982106,9762771.374954,143.7780855],[615108.4434195,9762771.2881085,143.7780855],[615108.4808873,9762771.1976532,143.7780855],[615108.5103288,9762771.1042767,143.7780855],[615108.53152,9762771.0086894,143.7780855],[615108.5442996,9762770.9116189,143.7780855],[615108.5485702,9762770.813804,143.7780855]]]]}},
{"type":"Feature","properties":{"Layer":"M-Local"},"geometry":{"type":"MultiPolygon","coordinates":[[[[614892.4853467,9762807.4750156,-137.9349045],[614892.4810848,9762807.3774011,-137.9349045],[614892.4683314,9762807.2805296,-137.9349045],[614892.4471836,9762807.1851382,-137.9349045],[614892.4178024,9762807.091953,-137.9349045],[614892.3804114,9762807.0016831,-137.9349045],[614892.3352951,9762806.9150156,-137.9349045],[614892.282797,9762806.83261,-137.9349045],[614892.2233165,9762806.7550934,-137.9349045],[614892.1573063,9762806.683056,-137.9349045],[614892.0852688,9762806.6170458,-137.9349045],[614892.0077523,9762806.5575653,-137.9349045],[614891.9253467,9762806.5050671,-137.9349045],[614891.8386792,9762806.4599508,-137.9349045],[614891.7484093,9762806.4225598,-137.9349045],[614891.655224,9762806.3931786,-137.9349045],[614891.5598327,9762806.3720309,-137.9349045],[614891.4629611,9762806.3592775,-137.9349045],[614891.3653467,9762806.3550156,-137.9349045],[614891.2677323,9762806.3592775,-137.9349045],[614891.1708607,9762806.3720309,-137.9349045],[614891.0754694,9762806.3931786,-137.9349045],[614890.9822841,9762806.4225598,-137.9349045],[614890.8920142,9762806.4599508,-137.9349045],[614890.8053467,9762806.5050671,-137.9349045],[614890.7229411,9762806.5575653,-137.9349045],[614890.6454246,9762806.6170458,-137.9349045],[614890.5733871,9762806.683056,-137.9349045],[614890.5073769,9762806.7550934,-137.9349045],[614890.4478964,9762806.83261,-137.9349045],[614890.3953982,9762806.9150156,-137.9349045],[614890.350282,9762807.0016831,-137.9349045],[614890.312891,9762807.091953,-137.9349045],[614890.2835098,9762807.1851382,-137.9349045],[614890.262362,9762807.2805296,-137.9349045],[614890.2496086,9762807.3774011,-137.9349045],[614890.2453467,9762807.4750156,-137.9349045],[614890.2496086,9762807.57263,-137.9349045],[614890.262362,9762807.6695015,-137.9349045],[614890.2835098,9762807.7648929,-137.9349045],[614890.312891,9762807.8580781,-137.9349045],[614890.350282,9762807.948348,-137.9349045],[614890.3953982,9762808.0350156,-137.9349045],[614890.4478964,9762808.1174212,-137.9349045],[614890.5073769,9762808.1949377,-137.9349045],[614890.5733871,9762808.2669752,-137.9349045],[614890.6454246,9762808.3329853,-137.9349045],[614890.7229411,9762808.3924659,-137.9349045],[614890.8053467,9762808.444964,-137.9349045],[614890.8920142,9762808.4900803,-137.9349045],[614890.9822841,9762808.5274713,-137.9349045],[614891.0754694,9762808.5568525,-137.9349045],[614891.1708607,9762808.5780002,-137.9349045],[614891.2677323,9762808.5907536,-137.9349045],[614891.3653467,9762808.5950156,-137.9349045],[614891.4629611,9762808.5907536,-137.9349045],[614891.5598327,9762808.5780002,-137.9349045],[614891.655224,9762808.5568525,-137.9349045],[614891.7484093,9762808.5274713,-137.9349045],[614891.8386792,9762808.4900803,-137.9349045],[614891.9253467,9762808.444964,-137.9349045],[614892.0077523,9762808.3924659,-137.9349045],[614892.0852688,9762808.3329853,-137.9349045],[614892.1573063,9762808.2669752,-137.9349045],[614892.2233165,9762808.1949377,-137.9349045],[614892.282797,9762808.1174212,-137.9349045],[614892.3352951,9762808.0350156,-137.9349045],[614892.3804114,9762807.948348,-137.9349045],[614892.4178024,9762807.8580781,-137.9349045],[614892.4471836,9762807.7648929,-137.9349045],[614892.4683314,9762807.6695015,-137.9349045],[614892.4810848,9762807.57263,-137.9349045],[614892.4853467,9762807.4750156,-137.9349045]]]]}},
{"type":"Feature","properties":{"Layer":"M-Local"},"geometry":{"type":"MultiPolygon","coordinates":[[[[615112.4273,9762690.0606,0.0],[615112.4230381,9762689.9629856,0.0],[615112.4102847,9762689.866114,0.0],[615112.3891369,9762689.7707227,0.0],[615112.3597557,9762689.6775374,0.0],[615112.3223647,9762689.5872675,0.0],[615112.2772485,9762689.5006,0.0],[615112.2247503,9762689.4181944,0.0],[615112.1652698,9762689.3406779,0.0],[615112.0992596,9762689.2686404,0.0],[615112.0272221,9762689.2026302,0.0],[615111.9497056,9762689.1431497,0.0],[615111.8673,9762689.0906515,0.0],[615111.7806325,9762689.0455353,0.0],[615111.6903626,9762689.0081443,0.0],[615111.5971773,9762688.9787631,0.0],[615111.501786,9762688.9576153,0.0],[615111.4049144,9762688.9448619,0.0],[615111.3073,9762688.9406,0.0],[615111.2096856,9762688.9448619,0.0],[615111.112814,9762688.9576153,0.0],[615111.0174227,9762688.9787631,0.0],[615110.9242374,9762689.0081443,0.0],[615110.8339675,9762689.0455353,0.0],[615110.7473,9762689.0906515,0.0],[615110.6648944,9762689.1431497,0.0],[615110.5873779,9762689.2026302,0.0],[615110.5153404,9762689.2686404,0.0],[615110.4493302,9762689.3406779,0.0],[615110.3898497,9762689.4181944,0.0],[615110.3373515,9762689.5006,0.0],[615110.2922353,9762689.5872675,0.0],[615110.2548443,9762689.6775374,0.0],[615110.2254631,9762689.7707227,0.0],[615110.2043153,9762689.866114,0.0],[615110.1915619,9762689.9629856,0.0],[615110.1873,9762690.0606,0.0],[615110.1915619,9762690.1582144,0.0],[615110.2043153,9762690.255086,0.0],[615110.2254631,9762690.3504773,0.0],[615110.2548443,9762690.4436626,0.0],[615110.2922353,9762690.5339325,0.0],[615110.3373515,9762690.6206,0.0],[615110.3898497,9762690.7030056,0.0],[615110.4493302,9762690.7805221,0.0],[615110.5153404,9762690.8525596,0.0],[615110.5873779,9762690.9185698,0.0],[615110.6648944,9762690.9780503,0.0],[615110.7473,9762691.0305485,0.0],[615110.8339675,9762691.0756647,0.0],[615110.9242374,9762691.1130557,0.0],[615111.0174227,9762691.1424369,0.0],[615111.112814,9762691.1635847,0.0],[615111.2096856,9762691.1763381,0.0],[615111.3073,9762691.1806,0.0],[615111.4049144,9762691.1763381,0.0],[615111.501786,9762691.1635847,0.0],[615111.5971773,9762691.1424369,0.0],[615111.6903626,9762691.1130557,0.0],[615111.7806325,9762691.0756647,0.0],[615111.8673,9762691.0305485,0.0],[615111.9497056,9762690.9780503,0.0],[615112.0272221,9762690.9185698,0.0],[615112.0992596,9762690.8525596,0.0],[615112.1652698,9762690.7805221,0.0],[615112.2247503,9762690.7030056,0.0],[615112.2772485,9762690.6206,0.0],[615112.3223647,9762690.5339325,0.0],[615112.3597557,9762690.4436626,0.0],[615112.3891369,9762690.3504773,0.0],[615112.4102847,9762690.255086,0.0],[615112.4230381,9762690.1582144,0.0],[615112.4273,9762690.0606,0.0]]]]}},
{"type":"Feature","properties":{"Layer":"M-Local"},"geometry":{"type":"MultiPolygon","coordinates":[[[[615157.9428268,9762729.569865,-39.0],[615157.9385649,9762729.4722506,-39.0],[615157.9258115,9762729.3753791,-39.0],[615157.9046638,9762729.2799877,-39.0],[615157.8752826,9762729.1868025,-39.0],[615157.8378916,9762729.0965326,-39.0],[615157.7927753,9762729.009865,-39.0],[615157.7402771,9762728.9274594,-39.0],[615157.6807966,9762728.8499429,-39.0],[615157.6147864,9762728.7779054,-39.0],[615157.542749,9762728.7118953,-39.0],[615157.4652325,9762728.6524148,-39.0],[615157.3828268,9762728.5999166,-39.0],[615157.2961593,9762728.5548003,-39.0],[615157.2058894,9762728.5174093,-39.0],[615157.1127042,9762728.4880281,-39.0],[615157.0173128,9762728.4668804,-39.0],[615156.9204413,9762728.454127,-39.0],[615156.8228268,9762728.449865,-39.0],[615156.7252124,9762728.454127,-39.0],[615156.6283409,9762728.4668804,-39.0],[615156.5329495,9762728.4880281,-39.0],[615156.4397643,9762728.5174093,-39.0],[615156.3494944,9762728.5548003,-39.0],[615156.2628268,9762728.5999166,-39.0],[615156.1804212,9762728.6524148,-39.0],[615156.1029047,9762728.7118953,-39.0],[615156.0308673,9762728.7779054,-39.0],[615155.9648571,9762728.8499429,-39.0],[615155.9053766,9762728.9274594,-39.0],[615155.8528784,9762729.009865,-39.0],[615155.8077621,9762729.0965326,-39.0],[615155.7703711,9762729.1868025,-39.0],[615155.7409899,9762729.2799877,-39.0],[615155.7198422,9762729.3753791,-39.0],[615155.7070888,9762729.4722506,-39.0],[615155.7028268,9762729.569865,-39.0],[615155.7070888,9762729.6674795,-39.0],[615155.7198422,9762729.764351,-39.0],[615155.7409899,9762729.8597424,-39.0],[615155.7703711,9762729.9529276,-39.0],[615155.8077621,9762730.0431975,-39.0],[615155.8528784,9762730.129865,-39.0],[615155.9053766,9762730.2122706,-39.0],[615155.9648571,9762730.2897872,-39.0],[615156.0308673,9762730.3618246,-39.0],[615156.1029047,9762730.4278348,-39.0],[615156.1804212,9762730.4873153,-39.0],[615156.2628268,9762730.5398135,-39.0],[615156.3494944,9762730.5849298,-39.0],[615156.4397643,9762730.6223208,-39.0],[615156.5329495,9762730.651702,-39.0],[615156.6283409,9762730.6728497,-39.0],[615156.7252124,9762730.6856031,-39.0],[615156.8228268,9762730.689865,-39.0],[615156.9204413,9762730.6856031,-39.0],[615157.0173128,9762730.6728497,-39.0],[615157.1127042,9762730.651702,-39.0],[615157.2058894,9762730.6223208,-39.0],[615157.2961593,9762730.5849298,-39.0],[615157.3828268,9762730.5398135,-39.0],[615157.4652325,9762730.4873153,-39.0],[615157.542749,9762730.4278348,-39.0],[615157.6147864,9762730.3618246,-39.0],[615157.6807966,9762730.2897872,-39.0],[615157.7402771,9762730.2122706,-39.0],[615157.7927753,9762730.129865,-39.0],[615157.8378916,9762730.0431975,-39.0],[615157.8752826,9762729.9529276,-39.0],[615157.9046638,9762729.8597424,-39.0],[615157.9258115,9762729.764351,-39.0],[615157.9385649,9762729.6674795,-39.0],[615157.9428268,9762729.569865,-39.0]]]]}},
{"type":"Feature","properties":{"Layer":"M-Local"},"geometry":{"type":"MultiPolygon","coordinates":[[[[615142.5477276,9762725.8264187,-39.0],[615142.5434657,9762725.7288043,-39.0],[615142.5307123,9762725.6319328,-39.0],[615142.5095645,9762725.5365414,-39.0],[615142.4801833,9762725.4433562,-39.0],[615142.4427923,9762725.3530863,-39.0],[615142.397676,9762725.2664187,-39.0],[615142.3451779,9762725.1840131,-39.0],[615142.2856974,9762725.1064966,-39.0],[615142.2196872,9762725.0344591,-39.0],[615142.1476497,9762724.968449,-39.0],[615142.0701332,9762724.9089684,-39.0],[615141.9877276,9762724.8564703,-39.0],[615141.90106,9762724.811354,-39.0],[615141.8107901,9762724.773963,-39.0],[615141.7176049,9762724.7445818,-39.0],[615141.6222135,9762724.723434,-39.0],[615141.525342,9762724.7106807,-39.0],[615141.4277276,9762724.7064187,-39.0],[615141.3301132,9762724.7106807,-39.0],[615141.2332416,9762724.723434,-39.0],[615141.1378503,9762724.7445818,-39.0],[615141.044665,9762724.773963,-39.0],[615140.9543951,9762724.811354,-39.0],[615140.8677276,9762724.8564703,-39.0],[615140.785322,9762724.9089684,-39.0],[615140.7078055,9762724.968449,-39.0],[615140.635768,9762725.0344591,-39.0],[615140.5697578,9762725.1064966,-39.0],[615140.5102773,9762725.1840131,-39.0],[615140.4577791,9762725.2664187,-39.0],[615140.4126629,9762725.3530863,-39.0],[615140.3752719,9762725.4433562,-39.0],[615140.3458907,9762725.5365414,-39.0],[615140.3247429,9762725.6319328,-39.0],[615140.3119895,9762725.7288043,-39.0],[615140.3077276,9762725.8264187,-39.0],[615140.3119895,9762725.9240332,-39.0],[615140.3247429,9762726.0209047,-39.0],[615140.3458907,9762726.1162961,-39.0],[615140.3752719,9762726.2094813,-39.0],[615140.4126629,9762726.2997512,-39.0],[615140.4577791,9762726.3864187,-39.0],[615140.5102773,9762726.4688243,-39.0],[615140.5697578,9762726.5463409,-39.0],[615140.635768,9762726.6183783,-39.0],[615140.7078055,9762726.6843885,-39.0],[615140.785322,9762726.743869,-39.0],[615140.8677276,9762726.7963672,-39.0],[615140.9543951,9762726.8414835,-39.0],[615141.044665,9762726.8788745,-39.0],[615141.1378503,9762726.9082557,-39.0],[615141.2332416,9762726.9294034,-39.0],[615141.3301132,9762726.9421568,-39.0],[615141.4277276,9762726.9464187,-39.0],[615141.525342,9762726.9421568,-39.0],[615141.6222135,9762726.9294034,-39.0],[615141.7176049,9762726.9082557,-39.0],[615141.8107901,9762726.8788745,-39.0],[615141.90106,9762726.8414835,-39.0],[615141.9877276,9762726.7963672,-39.0],[615142.0701332,9762726.743869,-39.0],[615142.1476497,9762726.6843885,-39.0],[615142.2196872,9762726.6183783,-39.0],[615142.2856974,9762726.5463409,-39.0],[615142.3451779,9762726.4688243,-39.0],[615142.397676,9762726.3864187,-39.0],[615142.4427923,9762726.2997512,-39.0],[615142.4801833,9762726.2094813,-39.0],[615142.5095645,9762726.1162961,-39.0],[615142.5307123,9762726.0209047,-39.0],[615142.5434657,9762725.9240332,-39.0],[615142.5477276,9762725.8264187,-39.0]]]]}},
{"type":"Feature","properties":{"Layer":"M-Local"},"geometry":{"type":"MultiPolygon","coordinates":[[[[615107.2239245,9762729.666257,-39.0],[615107.2196625,9762729.5686426,-39.0],[615107.2069092,9762729.471771,-39.0],[615107.1857614,9762729.3763797,-39.0],[615107.1563802,9762729.2831944,-39.0],[615107.1189892,9762729.1929246,-39.0],[615107.0738729,9762729.106257,-39.0],[615107.0213748,9762729.0238514,-39.0],[615106.9618943,9762728.9463349,-39.0],[615106.8958841,9762728.8742974,-39.0],[615106.8238466,9762728.8082872,-39.0],[615106.7463301,9762728.7488067,-39.0],[615106.6639245,9762728.6963086,-39.0],[615106.5772569,9762728.6511923,-39.0],[615106.486987,9762728.6138013,-39.0],[615106.3938018,9762728.5844201,-39.0],[615106.2984104,9762728.5632723,-39.0],[615106.2015389,9762728.5505189,-39.0],[615106.1039245,9762728.546257,-39.0],[615106.0063101,9762728.5505189,-39.0],[615105.9094385,9762728.5632723,-39.0],[615105.8140472,9762728.5844201,-39.0],[615105.7208619,9762728.6138013,-39.0],[615105.630592,9762728.6511923,-39.0],[615105.5439245,9762728.6963086,-39.0],[615105.4615189,9762728.7488067,-39.0],[615105.3840024,9762728.8082872,-39.0],[615105.3119649,9762728.8742974,-39.0],[615105.2459547,9762728.9463349,-39.0],[615105.1864742,9762729.0238514,-39.0],[615105.133976,9762729.106257,-39.0],[615105.0888598,9762729.1929246,-39.0],[615105.0514688,9762729.2831944,-39.0],[615105.0220876,9762729.3763797,-39.0],[615105.0009398,9762729.471771,-39.0],[615104.9881864,9762729.5686426,-39.0],[615104.9839245,9762729.666257,-39.0],[615104.9881864,9762729.7638714,-39.0],[615105.0009398,9762729.860743,-39.0],[615105.0220876,9762729.9561343,-39.0],[615105.0514688,9762730.0493196,-39.0],[615105.0888598,9762730.1395895,-39.0],[615105.133976,9762730.226257,-39.0],[615105.1864742,9762730.3086626,-39.0],[615105.2459547,9762730.3861791,-39.0],[615105.3119649,9762730.4582166,-39.0],[615105.3840024,9762730.5242268,-39.0],[615105.4615189,9762730.5837073,-39.0],[615105.5439245,9762730.6362055,-39.0],[615105.630592,9762730.6813217,-39.0],[615105.7208619,9762730.7187127,-39.0],[615105.8140472,9762730.7480939,-39.0],[615105.9094385,9762730.7692417,-39.0],[615106.0063101,9762730.7819951,-39.0],[615106.1039245,9762730.786257,-39.0],[615106.2015389,9762730.7819951,-39.0],[615106.2984104,9762730.7692417,-39.0],[615106.3938018,9762730.7480939,-39.0],[615106.486987,9762730.7187127,-39.0],[615106.5772569,9762730.6813217,-39.0],[615106.6639245,9762730.6362055,-39.0],[615106.7463301,9762730.5837073,-39.0],[615106.8238466,9762730.5242268,-39.0],[615106.8958841,9762730.4582166,-39.0],[615106.9618943,9762730.3861791,-39.0],[615107.0213748,9762730.3086626,-39.0],[615107.0738729,9762730.226257,-39.0],[615107.1189892,9762730.1395895,-39.0],[615107.1563802,9762730.0493196,-39.0],[615107.1857614,9762729.9561343,-39.0],[615107.2069092,9762729.860743,-39.0],[615107.2196625,9762729.7638714,-39.0],[615107.2239245,9762729.666257,-39.0]]]]}},
{"type":"Feature","properties":{"Layer":"M-Local"},"geometry":{"type":"MultiPolygon","coordinates":[[[[614943.6376925,9762910.356172,104.7780854],[614943.6334218,9762910.2583572,104.7780854],[614943.6206422,9762910.1612867,104.7780854],[614943.5994511,9762910.0656994,104.7780854],[614943.5700095,9762909.9723228,104.7780854],[614943.5325417,9762909.8818676,104.7780854],[614943.4873328,9762909.795022,104.7780854],[614943.4347268,9762909.7124472,104.7780854],[614943.3751242,9762909.6347715,104.7780854],[614943.3089784,9762909.5625861,104.7780854],[614943.236793,9762909.4964404,104.7780854],[614943.1591173,9762909.4368377,104.7780854],[614943.0765425,9762909.3842317,104.7780854],[614942.989697,9762909.3390228,104.7780854],[614942.8992417,9762909.301555,104.7780854],[614942.8058651,9762909.2721135,104.7780854],[614942.7102779,9762909.2509223,104.7780854],[614942.6132074,9762909.2381427,104.7780854],[614942.5153925,9762909.233872,104.7780854],[614942.4175776,9762909.2381427,104.7780854],[614942.3205072,9762909.2509223,104.7780854],[614942.2249199,9762909.2721135,104.7780854],[614942.1315433,9762909.301555,104.7780854],[614942.041088,9762909.3390228,104.7780854],[614941.9542425,9762909.3842317,104.7780854],[614941.8716677,9762909.4368377,104.7780854],[614941.793992,9762909.4964404,104.7780854],[614941.7218066,9762909.5625861,104.7780854],[614941.6556608,9762909.6347715,104.7780854],[614941.5960582,9762909.7124472,104.7780854],[614941.5434522,9762909.795022,104.7780854],[614941.4982433,9762909.8818676,104.7780854],[614941.4607755,9762909.9723228,104.7780854],[614941.4313339,9762910.0656994,104.7780854],[614941.4101428,9762910.1612867,104.7780854],[614941.3973632,9762910.2583572,104.7780854],[614941.3930925,9762910.356172,104.7780854],[614941.3973632,9762910.4539869,104.7780854],[614941.4101428,9762910.5510574,104.7780854],[614941.4313339,9762910.6466447,104.7780854],[614941.4607755,9762910.7400213,104.7780854],[614941.4982433,9762910.8304765,104.7780854],[614941.5434522,9762910.917322,104.7780854],[614941.5960582,9762910.9998969,104.7780854],[614941.6556608,9762911.0775726,104.7780854],[614941.7218066,9762911.149758,104.7780854],[614941.793992,9762911.2159037,104.7780854],[614941.8716677,9762911.2755064,104.7780854],[614941.9542425,9762911.3281124,104.7780854],[614942.041088,9762911.3733213,104.7780854],[614942.1315433,9762911.4107891,104.7780854],[614942.2249199,9762911.4402306,104.7780854],[614942.3205072,9762911.4614218,104.7780854],[614942.4175776,9762911.4742014,104.7780854],[614942.5153925,9762911.478472,104.7780854],[614942.6132074,9762911.4742014,104.7780854],[614942.7102779,9762911.4614218,104.7780854],[614942.8058651,9762911.4402306,104.7780854],[614942.8992417,9762911.4107891,104.7780854],[614942.989697,9762911.3733213,104.7780854],[614943.0765425,9762911.3281124,104.7780854],[614943.1591173,9762911.2755064,104.7780854],[614943.236793,9762911.2159037,104.7780854],[614943.3089784,9762911.149758,104.7780854],[614943.3751242,9762911.0775726,104.7780854],[614943.4347268,9762910.9998969,104.7780854],[614943.4873328,9762910.917322,104.7780854],[614943.5325417,9762910.8304765,104.7780854],[614943.5700095,9762910.7400213,104.7780854],[614943.5994511,9762910.6466447,104.7780854],[614943.6206422,9762910.5510574,104.7780854],[614943.6334218,9762910.4539869,104.7780854],[614943.6376925,9762910.356172,104.7780854]]]]}},
{"type":"Feature","properties":{"Layer":"M-Local"},"geometry":{"type":"MultiPolygon","coordinates":[[[[614974.6063199,9762964.249721,575.1123418],[614974.6020492,9762964.1519061,575.1123418],[614974.5892697,9762964.0548357,575.1123418],[614974.5680785,9762963.9592484,575.1123418],[614974.5386369,9762963.8658718,575.1123418],[614974.5011691,9762963.7754165,575.1123418],[614974.4559602,9762963.688571,575.1123418],[614974.4033542,9762963.6059962,575.1123418],[614974.3437516,9762963.5283205,575.1123418],[614974.2776059,9762963.4561351,575.1123418],[614974.2054204,9762963.3899893,575.1123418],[614974.1277447,9762963.3303867,575.1123418],[614974.0451699,9762963.2777807,575.1123418],[614973.9583244,9762963.2325718,575.1123418],[614973.8678691,9762963.195104,575.1123418],[614973.7744925,9762963.1656625,575.1123418],[614973.6789053,9762963.1444713,575.1123418],[614973.5818348,9762963.1316917,575.1123418],[614973.4840199,9762963.127421,575.1123418],[614973.386205,9762963.1316917,575.1123418],[614973.2891346,9762963.1444713,575.1123418],[614973.1935473,9762963.1656625,575.1123418],[614973.1001707,9762963.195104,575.1123418],[614973.0097154,9762963.2325718,575.1123418],[614972.9228699,9762963.2777807,575.1123418],[614972.8402951,9762963.3303867,575.1123418],[614972.7626194,9762963.3899893,575.1123418],[614972.690434,9762963.4561351,575.1123418],[614972.6242882,9762963.5283205,575.1123418],[614972.5646856,9762963.6059962,575.1123418],[614972.5120796,9762963.688571,575.1123418],[614972.4668707,9762963.7754165,575.1123418],[614972.4294029,9762963.8658718,575.1123418],[614972.3999614,9762963.9592484,575.1123418],[614972.3787702,9762964.0548357,575.1123418],[614972.3659906,9762964.1519061,575.1123418],[614972.3617199,9762964.249721,575.1123418],[614972.3659906,9762964.3475359,575.1123418],[614972.3787702,9762964.4446064,575.1123418],[614972.3999614,9762964.5401936,575.1123418],[614972.4294029,9762964.6335702,575.1123418],[614972.4668707,9762964.7240255,575.1123418],[614972.5120796,9762964.810871,575.1123418],[614972.5646856,9762964.8934458,575.1123418],[614972.6242882,9762964.9711215,575.1123418],[614972.690434,9762965.043307,575.1123418],[614972.7626194,9762965.1094527,575.1123418],[614972.8402951,9762965.1690554,575.1123418],[614972.9228699,9762965.2216613,575.1123418],[614973.0097154,9762965.2668702,575.1123418],[614973.1001707,9762965.304338,575.1123418],[614973.1935473,9762965.3337796,575.1123418],[614973.2891346,9762965.3549708,575.1123418],[614973.386205,9762965.3677503,575.1123418],[614973.4840199,9762965.372021,575.1123418],[614973.5818348,9762965.3677503,575.1123418],[614973.6789053,9762965.3549708,575.1123418],[614973.7744925,9762965.3337796,575.1123418],[614973.8678691,9762965.304338,575.1123418],[614973.9583244,9762965.2668702,575.1123418],[614974.0451699,9762965.2216613,575.1123418],[614974.1277447,9762965.1690554,575.1123418],[614974.2054204,9762965.1094527,575.1123418],[614974.2776059,9762965.043307,575.1123418],[614974.3437516,9762964.9711215,575.1123418],[614974.4033542,9762964.8934458,575.1123418],[614974.4559602,9762964.810871,575.1123418],[614974.5011691,9762964.7240255,575.1123418],[614974.5386369,9762964.6335702,575.1123418],[614974.5680785,9762964.5401936,575.1123418],[614974.5892697,9762964.4446064,575.1123418],[614974.6020492,9762964.3475359,575.1123418],[614974.6063199,9762964.249721,575.1123418]]]]}},
{"type":"Feature","properties":{"Layer":"M-Local"},"geometry":{"type":"MultiPolygon","coordinates":[[[[615128.4523039,9762818.1094591,143.7780855],[615128.4480332,9762818.0116442,143.7780855],[615128.4352537,9762817.9145738,143.7780855],[615128.4140625,9762817.8189865,143.7780855],[615128.384621,9762817.7256099,143.7780855],[615128.3471532,9762817.6351547,143.7780855],[615128.3019442,9762817.5483091,143.7780855],[615128.2493383,9762817.4657343,143.7780855],[615128.1897356,9762817.3880586,143.7780855],[615128.1235899,9762817.3158732,143.7780855],[615128.0514045,9762817.2497275,143.7780855],[615127.9737288,9762817.1901248,143.7780855],[615127.8911539,9762817.1375188,143.7780855],[615127.8043084,9762817.0923099,143.7780855],[615127.7138531,9762817.0548421,143.7780855],[615127.6204765,9762817.0254006,143.7780855],[615127.5248893,9762817.0042094,143.7780855],[615127.4278188,9762816.9914298,143.7780855],[615127.3300039,9762816.9871591,143.7780855],[615127.232189,9762816.9914298,143.7780855],[615127.1351186,9762817.0042094,143.7780855],[615127.0395313,9762817.0254006,143.7780855],[615126.9461547,9762817.0548421,143.7780855],[615126.8556994,9762817.0923099,143.7780855],[615126.7688539,9762817.1375188,143.7780855],[615126.6862791,9762817.1901248,143.7780855],[615126.6086034,9762817.2497275,143.7780855],[615126.536418,9762817.3158732,143.7780855],[615126.4702722,9762817.3880586,143.7780855],[615126.4106696,9762817.4657343,143.7780855],[615126.3580636,9762817.5483091,143.7780855],[615126.3128547,9762817.6351547,143.7780855],[615126.2753869,9762817.7256099,143.7780855],[615126.2459454,9762817.8189865,143.7780855],[615126.2247542,9762817.9145738,143.7780855],[615126.2119746,9762818.0116442,143.7780855],[615126.2077039,9762818.1094591,143.7780855],[615126.2119746,9762818.207274,143.7780855],[615126.2247542,9762818.3043445,143.7780855],[615126.2459454,9762818.3999318,143.7780855],[615126.2753869,9762818.4933083,143.7780855],[615126.3128547,9762818.5837636,143.7780855],[615126.3580636,9762818.6706091,143.7780855],[615126.4106696,9762818.753184,143.7780855],[615126.4702722,9762818.8308597,143.7780855],[615126.536418,9762818.9030451,143.7780855],[615126.6086034,9762818.9691908,143.7780855],[615126.6862791,9762819.0287935,143.7780855],[615126.7688539,9762819.0813995,143.7780855],[615126.8556994,9762819.1266084,143.7780855],[615126.9461547,9762819.1640762,143.7780855],[615127.0395313,9762819.1935177,143.7780855],[615127.1351186,9762819.2147089,143.7780855],[615127.232189,9762819.2274884,143.7780855],[615127.3300039,9762819.2317591,143.7780855],[615127.4278188,9762819.2274884,143.7780855],[615127.5248893,9762819.2147089,143.7780855],[615127.6204765,9762819.1935177,143.7780855],[615127.7138531,9762819.1640762,143.7780855],[615127.8043084,9762819.1266084,143.7780855],[615127.8911539,9762819.0813995,143.7780855],[615127.9737288,9762819.0287935,143.7780855],[615128.0514045,9762818.9691908,143.7780855],[615128.1235899,9762818.9030451,143.7780855],[615128.1897356,9762818.8308597,143.7780855],[615128.2493383,9762818.753184,143.7780855],[615128.3019442,9762818.6706091,143.7780855],[615128.3471532,9762818.5837636,143.7780855],[615128.384621,9762818.4933083,143.7780855],[615128.4140625,9762818.3999318,143.7780855],[615128.4352537,9762818.3043445,143.7780855],[615128.4480332,9762818.207274,143.7780855],[615128.4523039,9762818.1094591,143.7780855]]]]}},
{"type":"Feature","properties":{"Layer":"M-Local"},"geometry":{"type":"MultiPolygon","coordinates":[[[[616218.5027565,9762154.8845285,0.0],[616218.4984945,9762154.7869141,0.0],[616218.4857412,9762154.6900426,0.0],[616218.4645934,9762154.5946512,0.0],[616218.4352122,9762154.501466,0.0],[616218.3978212,9762154.4111961,0.0],[616218.3527049,9762154.3245285,0.0],[616218.3002068,9762154.2421229,0.0],[616218.2407263,9762154.1646064,0.0],[616218.1747161,9762154.0925689,0.0],[616218.1026786,9762154.0265588,0.0],[616218.0251621,9762153.9670782,0.0],[616217.9427565,9762153.9145801,0.0],[616217.8560889,9762153.8694638,0.0],[616217.765819,9762153.8320728,0.0],[616217.6726338,9762153.8026916,0.0],[616217.5772424,9762153.7815438,0.0],[616217.4803709,9762153.7687905,0.0],[616217.3827565,9762153.7645285,0.0],[616217.2851421,9762153.7687905,0.0],[616217.1882705,9762153.7815438,0.0],[616217.0928792,9762153.8026916,0.0],[616216.9996939,9762153.8320728,0.0],[616216.909424,9762153.8694638,0.0],[616216.8227565,9762153.9145801,0.0],[616216.7403509,9762153.9670782,0.0],[616216.6628344,9762154.0265588,0.0],[616216.5907969,9762154.0925689,0.0],[616216.5247867,9762154.1646064,0.0],[616216.4653062,9762154.2421229,0.0],[616216.412808,9762154.3245285,0.0],[616216.3676918,9762154.4111961,0.0],[616216.3303007,9762154.501466,0.0],[616216.3009196,9762154.5946512,0.0],[616216.2797718,9762154.6900426,0.0],[616216.2670184,9762154.7869141,0.0],[616216.2627565,9762154.8845285,0.0],[616216.2670184,9762154.982143,0.0],[616216.2797718,9762155.0790145,0.0],[616216.3009196,9762155.1744059,0.0],[616216.3303007,9762155.2675911,0.0],[616216.3676918,9762155.357861,0.0],[616216.412808,9762155.4445285,0.0],[616216.4653062,9762155.5269341,0.0],[616216.5247867,9762155.6044507,0.0],[616216.5907969,9762155.6764881,0.0],[616216.6628344,9762155.7424983,0.0],[616216.7403509,9762155.8019788,0.0],[616216.8227565,9762155.854477,0.0],[616216.909424,9762155.8995933,0.0],[616216.9996939,9762155.9369843,0.0],[616217.0928792,9762155.9663655,0.0],[616217.1882705,9762155.9875132,0.0],[616217.2851421,9762156.0002666,0.0],[616217.3827565,9762156.0045285,0.0],[616217.4803709,9762156.0002666,0.0],[616217.5772424,9762155.9875132,0.0],[616217.6726338,9762155.9663655,0.0],[616217.765819,9762155.9369843,0.0],[616217.8560889,9762155.8995933,0.0],[616217.9427565,9762155.854477,0.0],[616218.0251621,9762155.8019788,0.0],[616218.1026786,9762155.7424983,0.0],[616218.1747161,9762155.6764881,0.0],[616218.2407263,9762155.6044507,0.0],[616218.3002068,9762155.5269341,0.0],[616218.3527049,9762155.4445285,0.0],[616218.3978212,9762155.357861,0.0],[616218.4352122,9762155.2675911,0.0],[616218.4645934,9762155.1744059,0.0],[616218.4857412,9762155.0790145,0.0],[616218.4984945,9762154.982143,0.0],[616218.5027565,9762154.8845285,0.0]]]]}},
{"type":"Feature","properties":{"Layer":"M-Local"},"geometry":{"type":"MultiPolygon","coordinates":[[[[615089.2046627,9762750.8488368,0.0],[615089.2004007,9762750.7512224,0.0],[615089.1876474,9762750.6543509,0.0],[615089.1664996,9762750.5589595,0.0],[615089.1371184,9762750.4657743,0.0],[615089.0997274,9762750.3755044,0.0],[615089.0546111,9762750.2888368,0.0],[615089.002113,9762750.2064312,0.0],[615088.9426324,9762750.1289147,0.0],[615088.8766223,9762750.0568772,0.0],[615088.8045848,9762749.990867,0.0],[615088.7270683,9762749.9313865,0.0],[615088.6446627,9762749.8788884,0.0],[615088.5579951,9762749.8337721,0.0],[615088.4677252,9762749.7963811,0.0],[615088.37454,9762749.7669999,0.0],[615088.2791486,9762749.7458521,0.0],[615088.1822771,9762749.7330988,0.0],[615088.0846627,9762749.7288368,0.0],[615087.9870482,9762749.7330988,0.0],[615087.8901767,9762749.7458521,0.0],[615087.7947853,9762749.7669999,0.0],[615087.7016001,9762749.7963811,0.0],[615087.6113302,9762749.8337721,0.0],[615087.5246627,9762749.8788884,0.0],[615087.4422571,9762749.9313865,0.0],[615087.3647405,9762749.990867,0.0],[615087.2927031,9762750.0568772,0.0],[615087.2266929,9762750.1289147,0.0],[615087.1672124,9762750.2064312,0.0],[615087.1147142,9762750.2888368,0.0],[615087.0695979,9762750.3755044,0.0],[615087.0322069,9762750.4657743,0.0],[615087.0028257,9762750.5589595,0.0],[615086.981678,9762750.6543509,0.0],[615086.9689246,9762750.7512224,0.0],[615086.9646627,9762750.8488368,0.0],[615086.9689246,9762750.9464513,0.0],[615086.981678,9762751.0433228,0.0],[615087.0028257,9762751.1387141,0.0],[615087.0322069,9762751.2318994,0.0],[615087.0695979,9762751.3221693,0.0],[615087.1147142,9762751.4088368,0.0],[615087.1672124,9762751.4912424,0.0],[615087.2266929,9762751.5687589,0.0],[615087.2927031,9762751.6407964,0.0],[615087.3647405,9762751.7068066,0.0],[615087.4422571,9762751.7662871,0.0],[615087.5246627,9762751.8187853,0.0],[615087.6113302,9762751.8639015,0.0],[615087.7016001,9762751.9012926,0.0],[615087.7947853,9762751.9306737,0.0],[615087.8901767,9762751.9518215,0.0],[615087.9870482,9762751.9645749,0.0],[615088.0846627,9762751.9688368,0.0],[615088.1822771,9762751.9645749,0.0],[615088.2791486,9762751.9518215,0.0],[615088.37454,9762751.9306737,0.0],[615088.4677252,9762751.9012926,0.0],[615088.5579951,9762751.8639015,0.0],[615088.6446627,9762751.8187853,0.0],[615088.7270683,9762751.7662871,0.0],[615088.8045848,9762751.7068066,0.0],[615088.8766223,9762751.6407964,0.0],[615088.9426324,9762751.5687589,0.0],[615089.002113,9762751.4912424,0.0],[615089.0546111,9762751.4088368,0.0],[615089.0997274,9762751.3221693,0.0],[615089.1371184,9762751.2318994,0.0],[615089.1664996,9762751.1387141,0.0],[615089.1876474,9762751.0433228,0.0],[615089.2004007,9762750.9464513,0.0],[615089.2046627,9762750.8488368,0.0]]]]}},
{"type":"Feature","properties":{"Layer":"M-Local"},"geometry":{"type":"MultiPolygon","coordinates":[[[[615000.61,9762941.346,0.0],[615000.6057293,9762941.2481851,0.0],[615000.5929497,9762941.1511147,0.0],[615000.5717586,9762941.0555274,0.0],[615000.542317,9762940.9621508,0.0],[615000.5048492,9762940.8716955,0.0],[615000.4596403,9762940.78485,0.0],[615000.4070343,9762940.7022752,0.0],[615000.3474317,9762940.6245995,0.0],[615000.2812859,9762940.5524141,0.0],[615000.2091005,9762940.4862683,0.0],[615000.1314248,9762940.4266657,0.0],[615000.04885,9762940.3740597,0.0],[614999.9620045,9762940.3288508,0.0],[614999.8715492,9762940.291383,0.0],[614999.7781726,9762940.2619414,0.0],[614999.6825853,9762940.2407503,0.0],[614999.5855149,9762940.2279707,0.0],[614999.4877,9762940.2237,0.0],[614999.3898851,9762940.2279707,0.0],[614999.2928147,9762940.2407503,0.0],[614999.1972274,9762940.2619414,0.0],[614999.1038508,9762940.291383,0.0],[614999.0133955,9762940.3288508,0.0],[614998.92655,9762940.3740597,0.0],[614998.8439752,9762940.4266657,0.0],[614998.7662995,9762940.4862683,0.0],[614998.6941141,9762940.5524141,0.0],[614998.6279683,9762940.6245995,0.0],[614998.5683657,9762940.7022752,0.0],[614998.5157597,9762940.78485,0.0],[614998.4705508,9762940.8716955,0.0],[614998.433083,9762940.9621508,0.0],[614998.4036414,9762941.0555274,0.0],[614998.3824503,9762941.1511147,0.0],[614998.3696707,9762941.2481851,0.0],[614998.3654,9762941.346,0.0],[614998.3696707,9762941.4438149,0.0],[614998.3824503,9762941.5408853,0.0],[614998.4036414,9762941.6364726,0.0],[614998.433083,9762941.7298492,0.0],[614998.4705508,9762941.8203045,0.0],[614998.5157597,9762941.90715,0.0],[614998.5683657,9762941.9897248,0.0],[614998.6279683,9762942.0674005,0.0],[614998.6941141,9762942.1395859,0.0],[614998.7662995,9762942.2057317,0.0],[614998.8439752,9762942.2653343,0.0],[614998.92655,9762942.3179403,0.0],[614999.0133955,9762942.3631492,0.0],[614999.1038508,9762942.400617,0.0],[614999.1972274,9762942.4300586,0.0],[614999.2928147,9762942.4512497,0.0],[614999.3898851,9762942.4640293,0.0],[614999.4877,9762942.4683,0.0],[614999.5855149,9762942.4640293,0.0],[614999.6825853,9762942.4512497,0.0],[614999.7781726,9762942.4300586,0.0],[614999.8715492,9762942.400617,0.0],[614999.9620045,9762942.3631492,0.0],[615000.04885,9762942.3179403,0.0],[615000.1314248,9762942.2653343,0.0],[615000.2091005,9762942.2057317,0.0],[615000.2812859,9762942.1395859,0.0],[615000.3474317,9762942.0674005,0.0],[615000.4070343,9762941.9897248,0.0],[615000.4596403,9762941.90715,0.0],[615000.5048492,9762941.8203045,0.0],[615000.542317,9762941.7298492,0.0],[615000.5717586,9762941.6364726,0.0],[615000.5929497,9762941.5408853,0.0],[615000.6057293,9762941.4438149,0.0],[615000.61,9762941.346,0.0]]]]}},
{"type":"Feature","properties":{"Layer":"M-Local"},"geometry":{"type":"MultiPolygon","coordinates":[[[[615040.932673,9762878.3614608,23.522777],[615040.9284111,9762878.2638464,23.522777],[615040.9156577,9762878.1669749,23.522777],[615040.8945099,9762878.0715835,23.522777],[615040.8651288,9762877.9783983,23.522777],[615040.8277377,9762877.8881284,23.522777],[615040.7826215,9762877.8014608,23.522777],[615040.7301233,9762877.7190552,23.522777],[615040.6706428,9762877.6415387,23.522777],[615040.6046326,9762877.5695012,23.522777],[615040.5325951,9762877.503491,23.522777],[615040.4550786,9762877.4440105,23.522777],[615040.372673,9762877.3915124,23.522777],[615040.2860055,9762877.3463961,23.522777],[615040.1957356,9762877.3090051,23.522777],[615040.1025504,9762877.2796239,23.522777],[615040.007159,9762877.2584761,23.522777],[615039.9102875,9762877.2457228,23.522777],[615039.812673,9762877.2414608,23.522777],[615039.7150586,9762877.2457228,23.522777],[615039.6181871,9762877.2584761,23.522777],[615039.5227957,9762877.2796239,23.522777],[615039.4296105,9762877.3090051,23.522777],[615039.3393406,9762877.3463961,23.522777],[615039.252673,9762877.3915124,23.522777],[615039.1702674,9762877.4440105,23.522777],[615039.0927509,9762877.503491,23.522777],[615039.0207134,9762877.5695012,23.522777],[615038.9547032,9762877.6415387,23.522777],[615038.8952227,9762877.7190552,23.522777],[615038.8427246,9762877.8014608,23.522777],[615038.7976083,9762877.8881284,23.522777],[615038.7602173,9762877.9783983,23.522777],[615038.7308361,9762878.0715835,23.522777],[615038.7096883,9762878.1669749,23.522777],[615038.696935,9762878.2638464,23.522777],[615038.692673,9762878.3614608,23.522777],[615038.696935,9762878.4590752,23.522777],[615038.7096883,9762878.5559468,23.522777],[615038.7308361,9762878.6513381,23.522777],[615038.7602173,9762878.7445234,23.522777],[615038.7976083,9762878.8347933,23.522777],[615038.8427246,9762878.9214608,23.522777],[615038.8952227,9762879.0038664,23.522777],[615038.9547032,9762879.0813829,23.522777],[615039.0207134,9762879.1534204,23.522777],[615039.0927509,9762879.2194306,23.522777],[615039.1702674,9762879.2789111,23.522777],[615039.252673,9762879.3314093,23.522777],[615039.3393406,9762879.3765255,23.522777],[615039.4296105,9762879.4139166,23.522777],[615039.5227957,9762879.4432977,23.522777],[615039.6181871,9762879.4644455,23.522777],[615039.7150586,9762879.4771989,23.522777],[615039.812673,9762879.4814608,23.522777],[615039.9102875,9762879.4771989,23.522777],[615040.007159,9762879.4644455,23.522777],[615040.1025504,9762879.4432977,23.522777],[615040.1957356,9762879.4139166,23.522777],[615040.2860055,9762879.3765255,23.522777],[615040.372673,9762879.3314093,23.522777],[615040.4550786,9762879.2789111,23.522777],[615040.5325951,9762879.2194306,23.522777],[615040.6046326,9762879.1534204,23.522777],[615040.6706428,9762879.0813829,23.522777],[615040.7301233,9762879.0038664,23.522777],[615040.7826215,9762878.9214608,23.522777],[615040.8277377,9762878.8347933,23.522777],[615040.8651288,9762878.7445234,23.522777],[615040.8945099,9762878.6513381,23.522777],[615040.9156577,9762878.5559468,23.522777],[615040.9284111,9762878.4590752,23.522777],[615040.932673,9762878.3614608,23.522777]]]]}},
{"type":"Feature","properties":{"Layer":"M-Local"},"geometry":{"type":"MultiPolygon","coordinates":[[[[615011.0648659,9762896.0293582,23.522777],[615011.0606039,9762895.9317438,23.522777],[615011.0478505,9762895.8348723,23.522777],[615011.0267028,9762895.7394809,23.522777],[615010.9973216,9762895.6462957,23.522777],[615010.9599306,9762895.5560258,23.522777],[615010.9148143,9762895.4693582,23.522777],[615010.8623162,9762895.3869526,23.522777],[615010.8028356,9762895.3094361,23.522777],[615010.7368255,9762895.2373986,23.522777],[615010.664788,9762895.1713884,23.522777],[615010.5872715,9762895.1119079,23.522777],[615010.5048659,9762895.0594098,23.522777],[615010.4181983,9762895.0142935,23.522777],[615010.3279284,9762894.9769025,23.522777],[615010.2347432,9762894.9475213,23.522777],[615010.1393518,9762894.9263735,23.522777],[615010.0424803,9762894.9136202,23.522777],[615009.9448659,9762894.9093582,23.522777],[615009.8472514,9762894.9136202,23.522777],[615009.7503799,9762894.9263735,23.522777],[615009.6549885,9762894.9475213,23.522777],[615009.5618033,9762894.9769025,23.522777],[615009.4715334,9762895.0142935,23.522777],[615009.3848659,9762895.0594098,23.522777],[615009.3024603,9762895.1119079,23.522777],[615009.2249437,9762895.1713884,23.522777],[615009.1529063,9762895.2373986,23.522777],[615009.0868961,9762895.3094361,23.522777],[615009.0274156,9762895.3869526,23.522777],[615008.9749174,9762895.4693582,23.522777],[615008.9298011,9762895.5560258,23.522777],[615008.8924101,9762895.6462957,23.522777],[615008.8630289,9762895.7394809,23.522777],[615008.8418812,9762895.8348723,23.522777],[615008.8291278,9762895.9317438,23.522777],[615008.8248659,9762896.0293582,23.522777],[615008.8291278,9762896.1269726,23.522777],[615008.8418812,9762896.2238442,23.522777],[615008.8630289,9762896.3192355,23.522777],[615008.8924101,9762896.4124208,23.522777],[615008.9298011,9762896.5026907,23.522777],[615008.9749174,9762896.5893582,23.522777],[615009.0274156,9762896.6717638,23.522777],[615009.0868961,9762896.7492803,23.522777],[615009.1529063,9762896.8213178,23.522777],[615009.2249437,9762896.887328,23.522777],[615009.3024603,9762896.9468085,23.522777],[615009.3848659,9762896.9993067,23.522777],[615009.4715334,9762897.0444229,23.522777],[615009.5618033,9762897.0818139,23.522777],[615009.6549885,9762897.1111951,23.522777],[615009.7503799,9762897.1323429,23.522777],[615009.8472514,9762897.1450963,23.522777],[615009.9448659,9762897.1493582,23.522777],[615010.0424803,9762897.1450963,23.522777],[615010.1393518,9762897.1323429,23.522777],[615010.2347432,9762897.1111951,23.522777],[615010.3279284,9762897.0818139,23.522777],[615010.4181983,9762897.0444229,23.522777],[615010.5048659,9762896.9993067,23.522777],[615010.5872715,9762896.9468085,23.522777],[615010.664788,9762896.887328,23.522777],[615010.7368255,9762896.8213178,23.522777],[615010.8028356,9762896.7492803,23.522777],[615010.8623162,9762896.6717638,23.522777],[615010.9148143,9762896.5893582,23.522777],[615010.9599306,9762896.5026907,23.522777],[615010.9973216,9762896.4124208,23.522777],[615011.0267028,9762896.3192355,23.522777],[615011.0478505,9762896.2238442,23.522777],[615011.0606039,9762896.1269726,23.522777],[615011.0648659,9762896.0293582,23.522777]]]]}},
{"type":"Feature","properties":{"Layer":"M-Local"},"geometry":{"type":"MultiPolygon","coordinates":[[[[615827.479109,9762014.9237333,45.3447924],[615827.4748471,9762014.8261189,45.3447924],[615827.4620937,9762014.7292474,45.3447924],[615827.4409459,9762014.633856,45.3447924],[615827.4115647,9762014.5406708,45.3447924],[615827.3741737,9762014.4504009,45.3447924],[615827.3290575,9762014.3637333,45.3447924],[615827.2765593,9762014.2813277,45.3447924],[615827.2170788,9762014.2038112,45.3447924],[615827.1510686,9762014.1317738,45.3447924],[615827.0790311,9762014.0657636,45.3447924],[615827.0015146,9762014.0062831,45.3447924],[615826.919109,9762013.9537849,45.3447924],[615826.8324415,9762013.9086686,45.3447924],[615826.7421716,9762013.8712776,45.3447924],[615826.6489863,9762013.8418964,45.3447924],[615826.553595,9762013.8207487,45.3447924],[615826.4567234,9762013.8079953,45.3447924],[615826.359109,9762013.8037333,45.3447924],[615826.2614946,9762013.8079953,45.3447924],[615826.1646231,9762013.8207487,45.3447924],[615826.0692317,9762013.8418964,45.3447924],[615825.9760465,9762013.8712776,45.3447924],[615825.8857766,9762013.9086686,45.3447924],[615825.799109,9762013.9537849,45.3447924],[615825.7167034,9762014.0062831,45.3447924],[615825.6391869,9762014.0657636,45.3447924],[615825.5671494,9762014.1317738,45.3447924],[615825.5011392,9762014.2038112,45.3447924],[615825.4416587,9762014.2813277,45.3447924],[615825.3891606,9762014.3637333,45.3447924],[615825.3440443,9762014.4504009,45.3447924],[615825.3066533,9762014.5406708,45.3447924],[615825.2772721,9762014.633856,45.3447924],[615825.2561243,9762014.7292474,45.3447924],[615825.243371,9762014.8261189,45.3447924],[615825.239109,9762014.9237333,45.3447924],[615825.243371,9762015.0213478,45.3447924],[615825.2561243,9762015.1182193,45.3447924],[615825.2772721,9762015.2136107,45.3447924],[615825.3066533,9762015.3067959,45.3447924],[615825.3440443,9762015.3970658,45.3447924],[615825.3891606,9762015.4837333,45.3447924],[615825.4416587,9762015.566139,45.3447924],[615825.5011392,9762015.6436555,45.3447924],[615825.5671494,9762015.7156929,45.3447924],[615825.6391869,9762015.7817031,45.3447924],[615825.7167034,9762015.8411836,45.3447924],[615825.799109,9762015.8936818,45.3447924],[615825.8857766,9762015.9387981,45.3447924],[615825.9760465,9762015.9761891,45.3447924],[615826.0692317,9762016.0055703,45.3447924],[615826.1646231,9762016.026718,45.3447924],[615826.2614946,9762016.0394714,45.3447924],[615826.359109,9762016.0437333,45.3447924],[615826.4567234,9762016.0394714,45.3447924],[615826.553595,9762016.026718,45.3447924],[615826.6489863,9762016.0055703,45.3447924],[615826.7421716,9762015.9761891,45.3447924],[615826.8324415,9762015.9387981,45.3447924],[615826.919109,9762015.8936818,45.3447924],[615827.0015146,9762015.8411836,45.3447924],[615827.0790311,9762015.7817031,45.3447924],[615827.1510686,9762015.7156929,45.3447924],[615827.2170788,9762015.6436555,45.3447924],[615827.2765593,9762015.566139,45.3447924],[615827.3290575,9762015.4837333,45.3447924],[615827.3741737,9762015.3970658,45.3447924],[615827.4115647,9762015.3067959,45.3447924],[615827.4409459,9762015.2136107,45.3447924],[615827.4620937,9762015.1182193,45.3447924],[615827.4748471,9762015.0213478,45.3447924],[615827.479109,9762014.9237333,45.3447924]]]]}}
]
}
