{
"type": "FeatureCollection",
"name": "aass_camaras",
"crs": { "type": "name", "properties": { "name": "urn:ogc:def:crs:EPSG::32717" } },
"xy_coordinate_resolution": 1e-07,
"features": [
{"type":"Feature","properties":{"Layer":"MP_CAMARAS AASS"},"geometry":{"type":"MultiPolygon","coordinates":[[[[614850.0254331,9763063.357,76.934],[614850.0208727,9763063.2525497,76.934],[614850.0072262,9763063.1488943,76.934],[614849.9845975,9763063.0468227,76.934],[614849.9531588,9763062.9471117,76.934],[614849.9131493,9763062.8505203,76.934],[614849.8648735,9763062.7577834,76.934],[614849.8086989,9763062.669607,76.934],[614849.745053,9763062.586662,76.934],[614849.6744202,9763062.5095798,76.934],[614849.597338,9763062.438947,76.934],[614849.514393,9763062.3753011,76.934],[614849.4262166,9763062.3191265,76.934],[614849.3334797,9763062.2708507,76.934],[614849.2368883,9763062.2308412,76.934],[614849.1371773,9763062.1994025,76.934],[614849.0351057,9763062.1767738,76.934],[614848.9314503,9763062.1631273,76.934],[614848.827,9763062.1585669,76.934],[614848.7225497,9763062.1631273,76.934],[614848.6188943,9763062.1767738,76.934],[614848.5168227,9763062.1994025,76.934],[614848.4171117,9763062.2308412,76.934],[614848.3205203,9763062.2708507,76.934],[614848.2277834,9763062.3191265,76.934],[614848.139607,9763062.3753011,76.934],[614848.056662,9763062.438947,76.934],[614847.9795798,9763062.5095798,76.934],[614847.908947,9763062.586662,76.934],[614847.8453011,9763062.669607,76.934],[614847.7891265,9763062.7577834,76.934],[614847.7408507,9763062.8505203,76.934],[614847.7008412,9763062.9471117,76.934],[614847.6694025,9763063.0468227,76.934],[614847.6467738,9763063.1488943,76.934],[614847.6331273,9763063.2525497,76.934],[614847.6285669,9763063.357,76.934],[614847.6331273,9763063.4614503,76.934],[614847.6467738,9763063.5651057,76.934],[614847.6694025,9763063.6671773,76.934],[614847.7008412,9763063.7668883,76.934],[614847.7408507,9763063.8634797,76.934],[614847.7891265,9763063.9562166,76.934],[614847.8453011,9763064.044393,76.934],[614847.908947,9763064.127338,76.934],[614847.9795798,9763064.2044202,76.934],[614848.056662,9763064.275053,76.934],[614848.139607,9763064.338699,76.934],[614848.2277834,9763064.3948735,76.934],[614848.3205203,9763064.4431493,76.934],[614848.4171117,9763064.4831588,76.934],[614848.5168227,9763064.5145975,76.934],[614848.6188943,9763064.5372262,76.934],[614848.7225497,9763064.5508727,76.934],[614848.827,9763064.5554331,76.934],[614848.9314503,9763064.5508727,76.934],[614849.0351057,9763064.5372262,76.934],[614849.1371773,9763064.5145975,76.934],[614849.2368883,9763064.4831588,76.934],[614849.3334797,9763064.4431493,76.934],[614849.4262166,9763064.3948735,76.934],[614849.514393,9763064.338699,76.934],[614849.597338,9763064.275053,76.934],[614849.6744202,9763064.2044202,76.934],[614849.745053,9763064.127338,76.934],[614849.8086989,9763064.044393,76.934],[614849.8648735,9763063.9562166,76.934],[614849.9131493,9763063.8634797,76.934],[614849.9531588,9763063.7668883,76.934],[614849.9845975,9763063.6671773,76.934],[614850.0072262,9763063.5651057,76.934],[614850.0208727,9763063.4614503,76.934],[614850.0254331,9763063.357,76.934]]]]}},
{"type":"Feature","properties":{"Layer":"MP_CAMARAS AASS"},"geometry":{"type":"MultiPolygon","coordinates":[[[[614870.0874331,9763070.928,76.998],[614870.0828727,9763070.8235497,76.998],[614870.0692262,9763070.7198943,76.998],[614870.0465975,9763070.6178227,76.998],[614870.0151588,9763070.5181117,76.998],[614869.9751493,9763070.4215203,76.998],[614869.9268735,9763070.3287834,76.998],[614869.8706989,9763070.240607,76.998],[614869.807053,9763070.157662,76.998],[614869.7364202,9763070.0805798,76.998],[614869.659338,9763070.009947,76.998],[614869.576393,9763069.946301,76.998],[614869.4882166,9763069.8901265,76.998],[614869.3954797,9763069.8418507,76.998],[614869.2988883,9763069.8018412,76.998],[614869.1991773,9763069.7704025,76.998],[614869.0971057,9763069.7477738,76.998],[614868.9934503,9763069.7341273,76.998],[614868.889,9763069.7295669,76.998],[614868.7845497,9763069.7341273,76.998],[614868.6808943,9763069.7477738,76.998],[614868.5788227,9763069.7704025,76.998],[614868.4791117,9763069.8018412,76.998],[614868.3825203,9763069.8418507,76.998],[614868.2897834,9763069.8901265,76.998],[614868.201607,9763069.946301,76.998],[614868.118662,9763070.009947,76.998],[614868.0415798,9763070.0805798,76.998],[614867.970947,9763070.157662,76.998],[614867.9073011,9763070.240607,76.998],[614867.8511265,9763070.3287834,76.998],[614867.8028507,9763070.4215203,76.998],[614867.7628412,9763070.5181117,76.998],[614867.7314025,9763070.6178227,76.998],[614867.7087738,9763070.7198943,76.998],[614867.6951273,9763070.8235497,76.998],[614867.6905669,9763070.928,76.998],[614867.6951273,9763071.0324503,76.998],[614867.7087738,9763071.1361057,76.998],[614867.7314025,9763071.2381773,76.998],[614867.7628412,9763071.3378883,76.998],[614867.8028507,9763071.4344797,76.998],[614867.8511265,9763071.5272166,76.998],[614867.9073011,9763071.615393,76.998],[614867.970947,9763071.698338,76.998],[614868.0415798,9763071.7754202,76.998],[614868.118662,9763071.846053,76.998],[614868.201607,9763071.909699,76.998],[614868.2897834,9763071.9658735,76.998],[614868.3825203,9763072.0141493,76.998],[614868.4791117,9763072.0541588,76.998],[614868.5788227,9763072.0855975,76.998],[614868.6808943,9763072.1082262,76.998],[614868.7845497,9763072.1218727,76.998],[614868.889,9763072.1264331,76.998],[614868.9934503,9763072.1218727,76.998],[614869.0971057,9763072.1082262,76.998],[614869.1991773,9763072.0855975,76.998],[614869.2988883,9763072.0541588,76.998],[614869.3954797,9763072.0141493,76.998],[614869.4882166,9763071.9658735,76.998],[614869.576393,9763071.909699,76.998],[614869.659338,9763071.846053,76.998],[614869.7364202,9763071.7754202,76.998],[614869.807053,9763071.698338,76.998],[614869.8706989,9763071.615393,76.998],[614869.9268735,9763071.5272166,76.998],[614869.9751493,9763071.4344797,76.998],[614870.0151588,9763071.3378883,76.998],[614870.0465975,9763071.2381773,76.998],[614870.0692262,9763071.1361057,76.998],[614870.0828727,9763071.0324503,76.998],[614870.0874331,9763070.928,76.998]]]]}},
{"type":"Feature","properties":{"Layer":"MP_CAMARAS AASS"},"geometry":{"type":"MultiPolygon","coordinates":[[[[614821.3404331,9763046.924,77.321],[614821.3358727,9763046.8195497,77.321],[614821.3222262,9763046.7158943,77.321],[614821.2995975,9763046.6138227,77.321],[614821.2681588,9763046.5141117,77.321],[614821.2281493,9763046.4175203,77.321],[614821.1798735,9763046.3247834,77.321],[614821.1236989,9763046.236607,77.321],[614821.060053,9763046.153662,77.321],[614820.9894202,9763046.0765798,77.321],[614820.912338,9763046.005947,77.321],[614820.829393,9763045.942301,77.321],[614820.7412166,9763045.8861265,77.321],[614820.6484797,9763045.8378507,77.321],[614820.5518883,9763045.7978412,77.321],[614820.4521773,9763045.7664025,77.321],[614820.3501057,9763045.7437738,77.321],[614820.2464503,9763045.7301273,77.321],[614820.142,9763045.7255669,77.321],[614820.0375497,9763045.7301273,77.321],[614819.9338943,9763045.7437738,77.321],[614819.8318227,9763045.7664025,77.321],[614819.7321117,9763045.7978412,77.321],[614819.6355203,9763045.8378507,77.321],[614819.5427834,9763045.8861265,77.321],[614819.454607,9763045.942301,77.321],[614819.371662,9763046.005947,77.321],[614819.2945798,9763046.0765798,77.321],[614819.223947,9763046.153662,77.321],[614819.1603011,9763046.236607,77.321],[614819.1041265,9763046.3247834,77.321],[614819.0558507,9763046.4175203,77.321],[614819.0158412,9763046.5141117,77.321],[614818.9844025,9763046.6138227,77.321],[614818.9617738,9763046.7158943,77.321],[614818.9481273,9763046.8195497,77.321],[614818.9435669,9763046.924,77.321],[614818.9481273,9763047.0284503,77.321],[614818.9617738,9763047.1321057,77.321],[614818.9844025,9763047.2341773,77.321],[614819.0158412,9763047.3338883,77.321],[614819.0558507,9763047.4304797,77.321],[614819.1041265,9763047.5232166,77.321],[614819.1603011,9763047.611393,77.321],[614819.223947,9763047.694338,77.321],[614819.2945798,9763047.7714202,77.321],[614819.371662,9763047.842053,77.321],[614819.454607,9763047.905699,77.321],[614819.5427834,9763047.9618735,77.321],[614819.6355203,9763048.0101493,77.321],[614819.7321117,9763048.0501588,77.321],[614819.8318227,9763048.0815975,77.321],[614819.9338943,9763048.1042262,77.321],[614820.0375497,9763048.1178727,77.321],[614820.142,9763048.1224331,77.321],[614820.2464503,9763048.1178727,77.321],[614820.3501057,9763048.1042262,77.321],[614820.4521773,9763048.0815975,77.321],[614820.5518883,9763048.0501588,77.321],[614820.6484797,9763048.0101493,77.321],[614820.7412166,9763047.9618735,77.321],[614820.829393,9763047.905699,77.321],[614820.912338,9763047.842053,77.321],[614820.9894202,9763047.7714202,77.321],[614821.060053,9763047.694338,77.321],[614821.1236989,9763047.611393,77.321],[614821.1798735,9763047.5232166,77.321],[614821.2281493,9763047.4304797,77.321],[614821.2681588,9763047.3338883,77.321],[614821.2995975,9763047.2341773,77.321],[614821.3222262,9763047.1321057,77.321],[614821.3358727,9763047.0284503,77.321],[614821.3404331,9763046.924,77.321]]]]}},
{"type":"Feature","properties":{"Layer":"MP_CAMARAS AASS"},"geometry":{"type":"MultiPolygon","coordinates":[[[[614785.9624331,9763018.591,77.589],[614785.9578727,9763018.4865497,77.589],[614785.9442262,9763018.3828943,77.589],[614785.9215975,9763018.2808227,77.589],[614785.8901588,9763018.1811117,77.589],[614785.8501493,9763018.0845203,77.589],[614785.8018735,9763017.9917834,77.589],[614785.7456989,9763017.903607,77.589],[614785.682053,9763017.820662,77.589],[614785.6114202,9763017.7435798,77.589],[614785.534338,9763017.672947,77.589],[614785.451393,9763017.609301,77.589],[614785.3632166,9763017.5531265,77.589],[614785.2704797,9763017.5048507,77.589],[614785.1738883,9763017.4648412,77.589],[614785.0741773,9763017.4334025,77.589],[614784.9721057,9763017.4107738,77.589],[614784.8684503,9763017.3971273,77.589],[614784.764,9763017.3925669,77.589],[614784.6595497,9763017.3971273,77.589],[614784.5558943,9763017.4107738,77.589],[614784.4538227,9763017.4334025,77.589],[614784.3541117,9763017.4648412,77.589],[614784.2575203,9763017.5048507,77.589],[614784.1647834,9763017.5531265,77.589],[614784.076607,9763017.609301,77.589],[614783.993662,9763017.672947,77.589],[614783.9165798,9763017.7435798,77.589],[614783.845947,9763017.820662,77.589],[614783.7823011,9763017.903607,77.589],[614783.7261265,9763017.9917834,77.589],[614783.6778507,9763018.0845203,77.589],[614783.6378412,9763018.1811117,77.589],[614783.6064025,9763018.2808227,77.589],[614783.5837738,9763018.3828943,77.589],[614783.5701273,9763018.4865497,77.589],[614783.5655669,9763018.591,77.589],[614783.5701273,9763018.6954503,77.589],[614783.5837738,9763018.7991057,77.589],[614783.6064025,9763018.9011773,77.589],[614783.6378412,9763019.0008883,77.589],[614783.6778507,9763019.0974797,77.589],[614783.7261265,9763019.1902166,77.589],[614783.7823011,9763019.278393,77.589],[614783.845947,9763019.361338,77.589],[614783.9165798,9763019.4384202,77.589],[614783.993662,9763019.509053,77.589],[614784.076607,9763019.572699,77.589],[614784.1647834,9763019.6288735,77.589],[614784.2575203,9763019.6771493,77.589],[614784.3541117,9763019.7171588,77.589],[614784.4538227,9763019.7485975,77.589],[614784.5558943,9763019.7712262,77.589],[614784.6595497,9763019.7848727,77.589],[614784.764,9763019.7894331,77.589],[614784.8684503,9763019.7848727,77.589],[614784.9721057,9763019.7712262,77.589],[614785.0741773,9763019.7485975,77.589],[614785.1738883,9763019.7171588,77.589],[614785.2704797,9763019.6771493,77.589],[614785.3632166,9763019.6288735,77.589],[614785.451393,9763019.572699,77.589],[614785.534338,9763019.509053,77.589],[614785.6114202,9763019.4384202,77.589],[614785.682053,9763019.361338,77.589],[614785.7456989,9763019.278393,77.589],[614785.8018735,9763019.1902166,77.589],[614785.8501493,9763019.0974797,77.589],[614785.8901588,9763019.0008883,77.589],[614785.9215975,9763018.9011773,77.589],[614785.9442262,9763018.7991057,77.589],[614785.9578727,9763018.6954503,77.589],[614785.9624331,9763018.591,77.589]]]]}},
{"type":"Feature","properties":{"Layer":"MP_CAMARAS AASS"},"geometry":{"type":"MultiPolygon","coordinates":[[[[614765.4664331,9762995.332,77.765],[614765.4618727,9762995.2275497,77.765],[614765.4482262,9762995.1238943,77.765],[614765.4255975,9762995.0218227,77.765],[614765.3941588,9762994.9221117,77.765],[614765.3541493,9762994.8255203,77.765],[614765.3058735,9762994.7327834,77.765],[614765.2496989,9762994.644607,77.765],[614765.186053,9762994.561662,77.765],[614765.1154202,9762994.4845798,77.765],[614765.038338,9762994.413947,77.765],[614764.955393,9762994.350301,77.765],[614764.8672166,9762994.2941265,77.765],[614764.7744797,9762994.2458507,77.765],[614764.6778883,9762994.2058412,77.765],[614764.5781773,9762994.1744025,77.765],[614764.4761057,9762994.1517738,77.765],[614764.3724503,9762994.1381273,77.765],[614764.268,9762994.1335669,77.765],[614764.1635497,9762994.1381273,77.765],[614764.0598943,9762994.1517738,77.765],[614763.9578227,9762994.1744025,77.765],[614763.8581117,9762994.2058412,77.765],[614763.7615203,9762994.2458507,77.765],[614763.6687834,9762994.2941265,77.765],[614763.580607,9762994.350301,77.765],[614763.497662,9762994.413947,77.765],[614763.4205798,9762994.4845798,77.765],[614763.349947,9762994.561662,77.765],[614763.2863011,9762994.644607,77.765],[614763.2301265,9762994.7327834,77.765],[614763.1818507,9762994.8255203,77.765],[614763.1418412,9762994.9221117,77.765],[614763.1104025,9762995.0218227,77.765],[614763.0877738,9762995.1238943,77.765],[614763.0741273,9762995.2275497,77.765],[614763.0695669,9762995.332,77.765],[614763.0741273,9762995.4364503,77.765],[614763.0877738,9762995.5401057,77.765],[614763.1104025,9762995.6421773,77.765],[614763.1418412,9762995.7418883,77.765],[614763.1818507,9762995.8384797,77.765],[614763.2301265,9762995.9312166,77.765],[614763.2863011,9762996.019393,77.765],[614763.349947,9762996.102338,77.765],[614763.4205798,9762996.1794202,77.765],[614763.497662,9762996.250053,77.765],[614763.580607,9762996.313699,77.765],[614763.6687834,9762996.3698735,77.765],[614763.7615203,9762996.4181493,77.765],[614763.8581117,9762996.4581588,77.765],[614763.9578227,9762996.4895975,77.765],[614764.0598943,9762996.5122262,77.765],[614764.1635497,9762996.5258727,77.765],[614764.268,9762996.5304331,77.765],[614764.3724503,9762996.5258727,77.765],[614764.4761057,9762996.5122262,77.765],[614764.5781773,9762996.4895975,77.765],[614764.6778883,9762996.4581588,77.765],[614764.7744797,9762996.4181493,77.765],[614764.8672166,9762996.3698735,77.765],[614764.955393,9762996.313699,77.765],[614765.038338,9762996.250053,77.765],[614765.1154202,9762996.1794202,77.765],[614765.186053,9762996.102338,77.765],[614765.2496989,9762996.019393,77.765],[614765.3058735,9762995.9312166,77.765],[614765.3541493,9762995.8384797,77.765],[614765.3941588,9762995.7418883,77.765],[614765.4255975,9762995.6421773,77.765],[614765.4482262,9762995.5401057,77.765],[614765.4618727,9762995.4364503,77.765],[614765.4664331,9762995.332,77.765]]]]}},
{"type":"Feature","properties":{"Layer":"MP_CAMARAS AASS"},"geometry":{"type":"MultiPolygon","coordinates":[[[[614755.0654331,9762976.896,77.784],[614755.0608727,9762976.7915497,77.784],[614755.0472262,9762976.6878943,77.784],[614755.0245975,9762976.5858227,77.784],[614754.9931588,9762976.4861117,77.784],[614754.9531493,9762976.3895203,77.784],[614754.9048735,9762976.2967834,77.784],[614754.8486989,9762976.208607,77.784],[614754.785053,9762976.125662,77.784],[614754.7144202,9762976.0485798,77.784],[614754.637338,9762975.977947,77.784],[614754.554393,9762975.914301,77.784],[614754.4662166,9762975.8581265,77.784],[614754.3734797,9762975.8098507,77.784],[614754.2768883,9762975.7698412,77.784],[614754.1771773,9762975.7384025,77.784],[614754.0751057,9762975.7157738,77.784],[614753.9714503,9762975.7021273,77.784],[614753.867,9762975.6975669,77.784],[614753.7625497,9762975.7021273,77.784],[614753.6588943,9762975.7157738,77.784],[614753.5568227,9762975.7384025,77.784],[614753.4571117,9762975.7698412,77.784],[614753.3605203,9762975.8098507,77.784],[614753.2677834,9762975.8581265,77.784],[614753.179607,9762975.914301,77.784],[614753.096662,9762975.977947,77.784],[614753.0195798,9762976.0485798,77.784],[614752.948947,9762976.125662,77.784],[614752.8853011,9762976.208607,77.784],[614752.8291265,9762976.2967834,77.784],[614752.7808507,9762976.3895203,77.784],[614752.7408412,9762976.4861117,77.784],[614752.7094025,9762976.5858227,77.784],[614752.6867738,9762976.6878943,77.784],[614752.6731273,9762976.7915497,77.784],[614752.6685669,9762976.896,77.784],[614752.6731273,9762977.0004503,77.784],[614752.6867738,9762977.1041057,77.784],[614752.7094025,9762977.2061773,77.784],[614752.7408412,9762977.3058883,77.784],[614752.7808507,9762977.4024797,77.784],[614752.8291265,9762977.4952166,77.784],[614752.8853011,9762977.583393,77.784],[614752.948947,9762977.666338,77.784],[614753.0195798,9762977.7434202,77.784],[614753.096662,9762977.814053,77.784],[614753.179607,9762977.877699,77.784],[614753.2677834,9762977.9338735,77.784],[614753.3605203,9762977.9821493,77.784],[614753.4571117,9762978.0221588,77.784],[614753.5568227,9762978.0535975,77.784],[614753.6588943,9762978.0762262,77.784],[614753.7625497,9762978.0898727,77.784],[614753.867,9762978.0944331,77.784],[614753.9714503,9762978.0898727,77.784],[614754.0751057,9762978.0762262,77.784],[614754.1771773,9762978.0535975,77.784],[614754.2768883,9762978.0221588,77.784],[614754.3734797,9762977.9821493,77.784],[614754.4662166,9762977.9338735,77.784],[614754.554393,9762977.877699,77.784],[614754.637338,9762977.814053,77.784],[614754.7144202,9762977.7434202,77.784],[614754.785053,9762977.666338,77.784],[614754.8486989,9762977.583393,77.784],[614754.9048735,9762977.4952166,77.784],[614754.9531493,9762977.4024797,77.784],[614754.9931588,9762977.3058883,77.784],[614755.0245975,9762977.2061773,77.784],[614755.0472262,9762977.1041057,77.784],[614755.0608727,9762977.0004503,77.784],[614755.0654331,9762976.896,77.784]]]]}},
{"type":"Feature","properties":{"Layer":"MP_CAMARAS AASS"},"geometry":{"type":"MultiPolygon","coordinates":[[[[614744.8294331,9762954.2,77.996],[614744.8248727,9762954.0955497,77.996],[614744.8112262,9762953.9918943,77.996],[614744.7885975,9762953.8898227,77.996],[614744.7571588,9762953.7901117,77.996],[614744.7171493,9762953.6935203,77.996],[614744.6688735,9762953.6007834,77.996],[614744.6126989,9762953.512607,77.996],[614744.549053,9762953.429662,77.996],[614744.4784202,9762953.3525798,77.996],[614744.401338,9762953.281947,77.996],[614744.318393,9762953.218301,77.996],[614744.2302166,9762953.1621265,77.996],[614744.1374797,9762953.1138507,77.996],[614744.0408883,9762953.0738412,77.996],[614743.9411773,9762953.0424025,77.996],[614743.8391057,9762953.0197738,77.996],[614743.7354503,9762953.0061273,77.996],[614743.631,9762953.0015669,77.996],[614743.5265497,9762953.0061273,77.996],[614743.4228943,9762953.0197738,77.996],[614743.3208227,9762953.0424025,77.996],[614743.2211117,9762953.0738412,77.996],[614743.1245203,9762953.1138507,77.996],[614743.0317834,9762953.1621265,77.996],[614742.943607,9762953.218301,77.996],[614742.860662,9762953.281947,77.996],[614742.7835798,9762953.3525798,77.996],[614742.712947,9762953.429662,77.996],[614742.6493011,9762953.512607,77.996],[614742.5931265,9762953.6007834,77.996],[614742.5448507,9762953.6935203,77.996],[614742.5048412,9762953.7901117,77.996],[614742.4734025,9762953.8898227,77.996],[614742.4507738,9762953.9918943,77.996],[614742.4371273,9762954.0955497,77.996],[614742.4325669,9762954.2,77.996],[614742.4371273,9762954.3044503,77.996],[614742.4507738,9762954.4081057,77.996],[614742.4734025,9762954.5101773,77.996],[614742.5048412,9762954.6098883,77.996],[614742.5448507,9762954.7064797,77.996],[614742.5931265,9762954.7992166,77.996],[614742.6493011,9762954.887393,77.996],[614742.712947,9762954.970338,77.996],[614742.7835798,9762955.0474202,77.996],[614742.860662,9762955.118053,77.996],[614742.943607,9762955.181699,77.996],[614743.0317834,9762955.2378735,77.996],[614743.1245203,9762955.2861493,77.996],[614743.2211117,9762955.3261588,77.996],[614743.3208227,9762955.3575975,77.996],[614743.4228943,9762955.3802262,77.996],[614743.5265497,9762955.3938727,77.996],[614743.631,9762955.3984331,77.996],[614743.7354503,9762955.3938727,77.996],[614743.8391057,9762955.3802262,77.996],[614743.9411773,9762955.3575975,77.996],[614744.0408883,9762955.3261588,77.996],[614744.1374797,9762955.2861493,77.996],[614744.2302166,9762955.2378735,77.996],[614744.318393,9762955.181699,77.996],[614744.401338,9762955.118053,77.996],[614744.4784202,9762955.0474202,77.996],[614744.549053,9762954.970338,77.996],[614744.6126989,9762954.887393,77.996],[614744.6688735,9762954.7992166,77.996],[614744.7171493,9762954.7064797,77.996],[614744.7571588,9762954.6098883,77.996],[614744.7885975,9762954.5101773,77.996],[614744.8112262,9762954.4081057,77.996],[614744.8248727,9762954.3044503,77.996],[614744.8294331,9762954.2,77.996]]]]}},
{"type":"Feature","properties":{"Layer":"MP_CAMARAS AASS"},"geometry":{"type":"MultiPolygon","coordinates":[[[[614739.4194331,9762937.813,78.103],[614739.4148727,9762937.7085497,78.103],[614739.4012262,9762937.6048943,78.103],[614739.3785975,9762937.5028227,78.103],[614739.3471588,9762937.4031117,78.103],[614739.3071493,9762937.3065203,78.103],[614739.2588735,9762937.2137834,78.103],[614739.2026989,9762937.125607,78.103],[614739.139053,9762937.042662,78.103],[614739.0684202,9762936.9655798,78.103],[614738.991338,9762936.894947,78.103],[614738.908393,9762936.831301,78.103],[614738.8202166,9762936.7751265,78.103],[614738.7274797,9762936.7268507,78.103],[614738.6308883,9762936.6868412,78.103],[614738.5311773,9762936.6554025,78.103],[614738.4291057,9762936.6327738,78.103],[614738.3254503,9762936.6191273,78.103],[614738.221,9762936.6145669,78.103],[614738.1165497,9762936.6191273,78.103],[614738.0128943,9762936.6327738,78.103],[614737.9108227,9762936.6554025,78.103],[614737.8111117,9762936.6868412,78.103],[614737.7145203,9762936.7268507,78.103],[614737.6217834,9762936.7751265,78.103],[614737.533607,9762936.831301,78.103],[614737.450662,9762936.894947,78.103],[614737.3735798,9762936.9655798,78.103],[614737.302947,9762937.042662,78.103],[614737.2393011,9762937.125607,78.103],[614737.1831265,9762937.2137834,78.103],[614737.1348507,9762937.3065203,78.103],[614737.0948412,9762937.4031117,78.103],[614737.0634025,9762937.5028227,78.103],[614737.0407738,9762937.6048943,78.103],[614737.0271273,9762937.7085497,78.103],[614737.0225669,9762937.813,78.103],[614737.0271273,9762937.9174503,78.103],[614737.0407738,9762938.0211057,78.103],[614737.0634025,9762938.1231773,78.103],[614737.0948412,9762938.2228883,78.103],[614737.1348507,9762938.3194797,78.103],[614737.1831265,9762938.4122166,78.103],[614737.2393011,9762938.500393,78.103],[614737.302947,9762938.583338,78.103],[614737.3735798,9762938.6604202,78.103],[614737.450662,9762938.731053,78.103],[614737.533607,9762938.7946989,78.103],[614737.6217834,9762938.8508735,78.103],[614737.7145203,9762938.8991493,78.103],[614737.8111117,9762938.9391588,78.103],[614737.9108227,9762938.9705975,78.103],[614738.0128943,9762938.9932262,78.103],[614738.1165497,9762939.0068727,78.103],[614738.221,9762939.0114331,78.103],[614738.3254503,9762939.0068727,78.103],[614738.4291057,9762938.9932262,78.103],[614738.5311773,9762938.9705975,78.103],[614738.6308883,9762938.9391588,78.103],[614738.7274797,9762938.8991493,78.103],[614738.8202166,9762938.8508735,78.103],[614738.908393,9762938.7946989,78.103],[614738.991338,9762938.731053,78.103],[614739.0684202,9762938.6604202,78.103],[614739.139053,9762938.583338,78.103],[614739.2026989,9762938.500393,78.103],[614739.2588735,9762938.4122166,78.103],[614739.3071493,9762938.3194797,78.103],[614739.3471588,9762938.2228883,78.103],[614739.3785975,9762938.1231773,78.103],[614739.4012262,9762938.0211057,78.103],[614739.4148727,9762937.9174503,78.103],[614739.4194331,9762937.813,78.103]]]]}},
{"type":"Feature","properties":{"Layer":"MP_CAMARAS AASS"},"geometry":{"type":"MultiPolygon","coordinates":[[[[614731.2994331,9762905.873,78.112],[614731.2948727,9762905.7685497,78.112],[614731.2812262,9762905.6648943,78.112],[614731.2585975,9762905.5628227,78.112],[614731.2271588,9762905.4631117,78.112],[614731.1871493,9762905.3665203,78.112],[614731.1388735,9762905.2737834,78.112],[614731.0826989,9762905.185607,78.112],[614731.019053,9762905.102662,78.112],[614730.9484202,9762905.0255798,78.112],[614730.871338,9762904.954947,78.112],[614730.788393,9762904.891301,78.112],[614730.7002166,9762904.8351265,78.112],[614730.6074797,9762904.7868507,78.112],[614730.5108883,9762904.7468412,78.112],[614730.4111773,9762904.7154025,78.112],[614730.3091057,9762904.6927738,78.112],[614730.2054503,9762904.6791273,78.112],[614730.101,9762904.6745669,78.112],[614729.9965497,9762904.6791273,78.112],[614729.8928943,9762904.6927738,78.112],[614729.7908227,9762904.7154025,78.112],[614729.6911117,9762904.7468412,78.112],[614729.5945203,9762904.7868507,78.112],[614729.5017834,9762904.8351265,78.112],[614729.413607,9762904.891301,78.112],[614729.330662,9762904.954947,78.112],[614729.2535798,9762905.0255798,78.112],[614729.182947,9762905.102662,78.112],[614729.1193011,9762905.185607,78.112],[614729.0631265,9762905.2737834,78.112],[614729.0148507,9762905.3665203,78.112],[614728.9748412,9762905.4631117,78.112],[614728.9434025,9762905.5628227,78.112],[614728.9207738,9762905.6648943,78.112],[614728.9071273,9762905.7685497,78.112],[614728.9025669,9762905.873,78.112],[614728.9071273,9762905.9774503,78.112],[614728.9207738,9762906.0811057,78.112],[614728.9434025,9762906.1831773,78.112],[614728.9748412,9762906.2828883,78.112],[614729.0148507,9762906.3794797,78.112],[614729.0631265,9762906.4722166,78.112],[614729.1193011,9762906.560393,78.112],[614729.182947,9762906.643338,78.112],[614729.2535798,9762906.7204202,78.112],[614729.330662,9762906.791053,78.112],[614729.413607,9762906.854699,78.112],[614729.5017834,9762906.9108735,78.112],[614729.5945203,9762906.9591493,78.112],[614729.6911117,9762906.9991588,78.112],[614729.7908227,9762907.0305975,78.112],[614729.8928943,9762907.0532262,78.112],[614729.9965497,9762907.0668727,78.112],[614730.101,9762907.0714331,78.112],[614730.2054503,9762907.0668727,78.112],[614730.3091057,9762907.0532262,78.112],[614730.4111773,9762907.0305975,78.112],[614730.5108883,9762906.9991588,78.112],[614730.6074797,9762906.9591493,78.112],[614730.7002166,9762906.9108735,78.112],[614730.788393,9762906.854699,78.112],[614730.871338,9762906.791053,78.112],[614730.9484202,9762906.7204202,78.112],[614731.019053,9762906.643338,78.112],[614731.0826989,9762906.560393,78.112],[614731.1388735,9762906.4722166,78.112],[614731.1871493,9762906.3794797,78.112],[614731.2271588,9762906.2828883,78.112],[614731.2585975,9762906.1831773,78.112],[614731.2812262,9762906.0811057,78.112],[614731.2948727,9762905.9774503,78.112],[614731.2994331,9762905.873,78.112]]]]}},
{"type":"Feature","properties":{"Layer":"MP_CAMARAS AASS"},"geometry":{"type":"MultiPolygon","coordinates":[[[[614724.8994331,9762876.607,78.314],[614724.8948727,9762876.5025497,78.314],[614724.8812262,9762876.3988943,78.314],[614724.8585975,9762876.2968227,78.314],[614724.8271588,9762876.1971117,78.314],[614724.7871493,9762876.1005203,78.314],[614724.7388735,9762876.0077834,78.314],[614724.6826989,9762875.919607,78.314],[614724.619053,9762875.836662,78.314],[614724.5484202,9762875.7595798,78.314],[614724.471338,9762875.688947,78.314],[614724.388393,9762875.6253011,78.314],[614724.3002166,9762875.5691265,78.314],[614724.2074797,9762875.5208507,78.314],[614724.1108883,9762875.4808412,78.314],[614724.0111773,9762875.4494025,78.314],[614723.9091057,9762875.4267738,78.314],[614723.8054503,9762875.4131273,78.314],[614723.701,9762875.4085669,78.314],[614723.5965497,9762875.4131273,78.314],[614723.4928943,9762875.4267738,78.314],[614723.3908227,9762875.4494025,78.314],[614723.2911117,9762875.4808412,78.314],[614723.1945203,9762875.5208507,78.314],[614723.1017834,9762875.5691265,78.314],[614723.013607,9762875.6253011,78.314],[614722.930662,9762875.688947,78.314],[614722.8535798,9762875.7595798,78.314],[614722.782947,9762875.836662,78.314],[614722.7193011,9762875.919607,78.314],[614722.6631265,9762876.0077834,78.314],[614722.6148507,9762876.1005203,78.314],[614722.5748412,9762876.1971117,78.314],[614722.5434025,9762876.2968227,78.314],[614722.5207738,9762876.3988943,78.314],[614722.5071273,9762876.5025497,78.314],[614722.5025669,9762876.607,78.314],[614722.5071273,9762876.7114503,78.314],[614722.5207738,9762876.8151057,78.314],[614722.5434025,9762876.9171773,78.314],[614722.5748412,9762877.0168883,78.314],[614722.6148507,9762877.1134797,78.314],[614722.6631265,9762877.2062166,78.314],[614722.7193011,9762877.294393,78.314],[614722.782947,9762877.377338,78.314],[614722.8535798,9762877.4544202,78.314],[614722.930662,9762877.525053,78.314],[614723.013607,9762877.588699,78.314],[614723.1017834,9762877.6448735,78.314],[614723.1945203,9762877.6931493,78.314],[614723.2911117,9762877.7331588,78.314],[614723.3908227,9762877.7645975,78.314],[614723.4928943,9762877.7872262,78.314],[614723.5965497,9762877.8008727,78.314],[614723.701,9762877.8054331,78.314],[614723.8054503,9762877.8008727,78.314],[614723.9091057,9762877.7872262,78.314],[614724.0111773,9762877.7645975,78.314],[614724.1108883,9762877.7331588,78.314],[614724.2074797,9762877.6931493,78.314],[614724.3002166,9762877.6448735,78.314],[614724.388393,9762877.588699,78.314],[614724.471338,9762877.525053,78.314],[614724.5484202,9762877.4544202,78.314],[614724.619053,9762877.377338,78.314],[614724.6826989,9762877.294393,78.314],[614724.7388735,9762877.2062166,78.314],[614724.7871493,9762877.1134797,78.314],[614724.8271588,9762877.0168883,78.314],[614724.8585975,9762876.9171773,78.314],[614724.8812262,9762876.8151057,78.314],[614724.8948727,9762876.7114503,78.314],[614724.8994331,9762876.607,78.314]]]]}},
{"type":"Feature","properties":{"Layer":"MP_CAMARAS AASS"},"geometry":{"type":"MultiPolygon","coordinates":[[[[614712.7284331,9762817.946,79.159],[614712.7238727,9762817.8415497,79.159],[614712.7102262,9762817.7378943,79.159],[614712.6875975,9762817.6358227,79.159],[614712.6561588,9762817.5361117,79.159],[614712.6161493,9762817.4395203,79.159],[614712.5678735,9762817.3467834,79.159],[614712.5116989,9762817.258607,79.159],[614712.448053,9762817.175662,79.159],[614712.3774202,9762817.0985798,79.159],[614712.300338,9762817.027947,79.159],[614712.217393,9762816.964301,79.159],[614712.1292166,9762816.9081265,79.159],[614712.0364797,9762816.8598507,79.159],[614711.9398883,9762816.8198412,79.159],[614711.8401773,9762816.7884025,79.159],[614711.7381057,9762816.7657738,79.159],[614711.6344503,9762816.7521273,79.159],[614711.53,9762816.7475669,79.159],[614711.4255497,9762816.7521273,79.159],[614711.3218943,9762816.7657738,79.159],[614711.2198227,9762816.7884025,79.159],[614711.1201117,9762816.8198412,79.159],[614711.0235203,9762816.8598507,79.159],[614710.9307834,9762816.9081265,79.159],[614710.842607,9762816.964301,79.159],[614710.759662,9762817.027947,79.159],[614710.6825798,9762817.0985798,79.159],[614710.611947,9762817.175662,79.159],[614710.5483011,9762817.258607,79.159],[614710.4921265,9762817.3467834,79.159],[614710.4438507,9762817.4395203,79.159],[614710.4038412,9762817.5361117,79.159],[614710.3724025,9762817.6358227,79.159],[614710.3497738,9762817.7378943,79.159],[614710.3361273,9762817.8415497,79.159],[614710.3315669,9762817.946,79.159],[614710.3361273,9762818.0504503,79.159],[614710.3497738,9762818.1541057,79.159],[614710.3724025,9762818.2561773,79.159],[614710.4038412,9762818.3558883,79.159],[614710.4438507,9762818.4524797,79.159],[614710.4921265,9762818.5452166,79.159],[614710.5483011,9762818.633393,79.159],[614710.611947,9762818.716338,79.159],[614710.6825798,9762818.7934202,79.159],[614710.759662,9762818.864053,79.159],[614710.842607,9762818.927699,79.159],[614710.9307834,9762818.9838735,79.159],[614711.0235203,9762819.0321493,79.159],[614711.1201117,9762819.0721588,79.159],[614711.2198227,9762819.1035975,79.159],[614711.3218943,9762819.1262262,79.159],[614711.4255497,9762819.1398727,79.159],[614711.53,9762819.1444331,79.159],[614711.6344503,9762819.1398727,79.159],[614711.7381057,9762819.1262262,79.159],[614711.8401773,9762819.1035975,79.159],[614711.9398883,9762819.0721588,79.159],[614712.0364797,9762819.0321493,79.159],[614712.1292166,9762818.9838735,79.159],[614712.217393,9762818.927699,79.159],[614712.300338,9762818.864053,79.159],[614712.3774202,9762818.7934202,79.159],[614712.448053,9762818.716338,79.159],[614712.5116989,9762818.633393,79.159],[614712.5678735,9762818.5452166,79.159],[614712.6161493,9762818.4524797,79.159],[614712.6561588,9762818.3558883,79.159],[614712.6875975,9762818.2561773,79.159],[614712.7102262,9762818.1541057,79.159],[614712.7238727,9762818.0504503,79.159],[614712.7284331,9762817.946,79.159]]]]}},
{"type":"Feature","properties":{"Layer":"MP_CAMARAS AASS"},"geometry":{"type":"MultiPolygon","coordinates":[[[[614702.2804331,9762790.047,79.779],[614702.2758727,9762789.9425497,79.779],[614702.2622262,9762789.8388943,79.779],[614702.2395975,9762789.7368227,79.779],[614702.2081588,9762789.6371117,79.779],[614702.1681493,9762789.5405203,79.779],[614702.1198735,9762789.4477834,79.779],[614702.0636989,9762789.359607,79.779],[614702.000053,9762789.276662,79.779],[614701.9294202,9762789.1995798,79.779],[614701.852338,9762789.128947,79.779],[614701.769393,9762789.065301,79.779],[614701.6812166,9762789.0091265,79.779],[614701.5884797,9762788.9608507,79.779],[614701.4918883,9762788.9208412,79.779],[614701.3921773,9762788.8894025,79.779],[614701.2901057,9762788.8667738,79.779],[614701.1864503,9762788.8531273,79.779],[614701.082,9762788.8485669,79.779],[614700.9775497,9762788.8531273,79.779],[614700.8738943,9762788.8667738,79.779],[614700.7718227,9762788.8894025,79.779],[614700.6721117,9762788.9208412,79.779],[614700.5755203,9762788.9608507,79.779],[614700.4827834,9762789.0091265,79.779],[614700.394607,9762789.065301,79.779],[614700.311662,9762789.128947,79.779],[614700.2345798,9762789.1995798,79.779],[614700.163947,9762789.276662,79.779],[614700.1003011,9762789.359607,79.779],[614700.0441265,9762789.4477834,79.779],[614699.9958507,9762789.5405203,79.779],[614699.9558412,9762789.6371117,79.779],[614699.9244025,9762789.7368227,79.779],[614699.9017738,9762789.8388943,79.779],[614699.8881273,9762789.9425497,79.779],[614699.8835669,9762790.047,79.779],[614699.8881273,9762790.1514503,79.779],[614699.9017738,9762790.2551057,79.779],[614699.9244025,9762790.3571773,79.779],[614699.9558412,9762790.4568883,79.779],[614699.9958507,9762790.5534797,79.779],[614700.0441265,9762790.6462166,79.779],[614700.1003011,9762790.734393,79.779],[614700.163947,9762790.817338,79.779],[614700.2345798,9762790.8944202,79.779],[614700.311662,9762790.965053,79.779],[614700.394607,9762791.028699,79.779],[614700.4827834,9762791.0848735,79.779],[614700.5755203,9762791.1331493,79.779],[614700.6721117,9762791.1731588,79.779],[614700.7718227,9762791.2045975,79.779],[614700.8738943,9762791.2272262,79.779],[614700.9775497,9762791.2408727,79.779],[614701.082,9762791.2454331,79.779],[614701.1864503,9762791.2408727,79.779],[614701.2901057,9762791.2272262,79.779],[614701.3921773,9762791.2045975,79.779],[614701.4918883,9762791.1731588,79.779],[614701.5884797,9762791.1331493,79.779],[614701.6812166,9762791.0848735,79.779],[614701.769393,9762791.028699,79.779],[614701.852338,9762790.965053,79.779],[614701.9294202,9762790.8944202,79.779],[614702.000053,9762790.817338,79.779],[614702.0636989,9762790.734393,79.779],[614702.1198735,9762790.6462166,79.779],[614702.1681493,9762790.5534797,79.779],[614702.2081588,9762790.4568883,79.779],[614702.2395975,9762790.3571773,79.779],[614702.2622262,9762790.2551057,79.779],[614702.2758727,9762790.1514503,79.779],[614702.2804331,9762790.047,79.779]]]]}},
{"type":"Feature","properties":{"Layer":"MP_CAMARAS AASS"},"geometry":{"type":"MultiPolygon","coordinates":[[[[614695.4654331,9762759.114,80.191],[614695.4608727,9762759.0095497,80.191],[614695.4472262,9762758.9058943,80.191],[614695.4245975,9762758.8038227,80.191],[614695.3931588,9762758.7041117,80.191],[614695.3531493,9762758.6075203,80.191],[614695.3048735,9762758.5147834,80.191],[614695.2486989,9762758.426607,80.191],[614695.185053,9762758.343662,80.191],[614695.1144202,9762758.2665798,80.191],[614695.037338,9762758.195947,80.191],[614694.954393,9762758.132301,80.191],[614694.8662166,9762758.0761265,80.191],[614694.7734797,9762758.0278507,80.191],[614694.6768883,9762757.9878412,80.191],[614694.5771773,9762757.9564025,80.191],[614694.4751057,9762757.9337738,80.191],[614694.3714503,9762757.9201273,80.191],[614694.267,9762757.9155669,80.191],[614694.1625497,9762757.9201273,80.191],[614694.0588943,9762757.9337738,80.191],[614693.9568227,9762757.9564025,80.191],[614693.8571117,9762757.9878412,80.191],[614693.7605203,9762758.0278507,80.191],[614693.6677834,9762758.0761265,80.191],[614693.579607,9762758.132301,80.191],[614693.496662,9762758.195947,80.191],[614693.4195798,9762758.2665798,80.191],[614693.348947,9762758.343662,80.191],[614693.2853011,9762758.426607,80.191],[614693.2291265,9762758.5147834,80.191],[614693.1808507,9762758.6075203,80.191],[614693.1408412,9762758.7041117,80.191],[614693.1094025,9762758.8038227,80.191],[614693.0867738,9762758.9058943,80.191],[614693.0731273,9762759.0095497,80.191],[614693.0685669,9762759.114,80.191],[614693.0731273,9762759.2184503,80.191],[614693.0867738,9762759.3221057,80.191],[614693.1094025,9762759.4241773,80.191],[614693.1408412,9762759.5238883,80.191],[614693.1808507,9762759.6204797,80.191],[614693.2291265,9762759.7132166,80.191],[614693.2853011,9762759.801393,80.191],[614693.348947,9762759.884338,80.191],[614693.4195798,9762759.9614202,80.191],[614693.496662,9762760.032053,80.191],[614693.579607,9762760.095699,80.191],[614693.6677834,9762760.1518735,80.191],[614693.7605203,9762760.2001493,80.191],[614693.8571117,9762760.2401588,80.191],[614693.9568227,9762760.2715975,80.191],[614694.0588943,9762760.2942262,80.191],[614694.1625497,9762760.3078727,80.191],[614694.267,9762760.3124331,80.191],[614694.3714503,9762760.3078727,80.191],[614694.4751057,9762760.2942262,80.191],[614694.5771773,9762760.2715975,80.191],[614694.6768883,9762760.2401588,80.191],[614694.7734797,9762760.2001493,80.191],[614694.8662166,9762760.1518735,80.191],[614694.954393,9762760.095699,80.191],[614695.037338,9762760.032053,80.191],[614695.1144202,9762759.9614202,80.191],[614695.185053,9762759.884338,80.191],[614695.2486989,9762759.801393,80.191],[614695.3048735,9762759.7132166,80.191],[614695.3531493,9762759.6204797,80.191],[614695.3931588,9762759.5238883,80.191],[614695.4245975,9762759.4241773,80.191],[614695.4472262,9762759.3221057,80.191],[614695.4608727,9762759.2184503,80.191],[614695.4654331,9762759.114,80.191]]]]}},
{"type":"Feature","properties":{"Layer":"MP_CAMARAS AASS"},"geometry":{"type":"MultiPolygon","coordinates":[[[[614691.8384331,9762730.415,80.754],[614691.8338727,9762730.3105497,80.754],[614691.8202262,9762730.2068943,80.754],[614691.7975975,9762730.1048227,80.754],[614691.7661588,9762730.0051117,80.754],[614691.7261493,9762729.9085203,80.754],[614691.6778735,9762729.8157834,80.754],[614691.6216989,9762729.727607,80.754],[614691.558053,9762729.644662,80.754],[614691.4874202,9762729.5675798,80.754],[614691.410338,9762729.496947,80.754],[614691.327393,9762729.433301,80.754],[614691.2392166,9762729.3771265,80.754],[614691.1464797,9762729.3288507,80.754],[614691.0498883,9762729.2888412,80.754],[614690.9501773,9762729.2574025,80.754],[614690.8481057,9762729.2347738,80.754],[614690.7444503,9762729.2211273,80.754],[614690.64,9762729.2165669,80.754],[614690.5355497,9762729.2211273,80.754],[614690.4318943,9762729.2347738,80.754],[614690.3298227,9762729.2574025,80.754],[614690.2301117,9762729.2888412,80.754],[614690.1335203,9762729.3288507,80.754],[614690.0407834,9762729.3771265,80.754],[614689.952607,9762729.433301,80.754],[614689.869662,9762729.496947,80.754],[614689.7925798,9762729.5675798,80.754],[614689.721947,9762729.644662,80.754],[614689.6583011,9762729.727607,80.754],[614689.6021265,9762729.8157834,80.754],[614689.5538507,9762729.9085203,80.754],[614689.5138412,9762730.0051117,80.754],[614689.4824025,9762730.1048227,80.754],[614689.4597738,9762730.2068943,80.754],[614689.4461273,9762730.3105497,80.754],[614689.4415669,9762730.415,80.754],[614689.4461273,9762730.5194503,80.754],[614689.4597738,9762730.6231057,80.754],[614689.4824025,9762730.7251773,80.754],[614689.5138412,9762730.8248883,80.754],[614689.5538507,9762730.9214797,80.754],[614689.6021265,9762731.0142166,80.754],[614689.6583011,9762731.102393,80.754],[614689.721947,9762731.185338,80.754],[614689.7925798,9762731.2624202,80.754],[614689.869662,9762731.333053,80.754],[614689.952607,9762731.3966989,80.754],[614690.0407834,9762731.4528735,80.754],[614690.1335203,9762731.5011493,80.754],[614690.2301117,9762731.5411588,80.754],[614690.3298227,9762731.5725975,80.754],[614690.4318943,9762731.5952262,80.754],[614690.5355497,9762731.6088727,80.754],[614690.64,9762731.6134331,80.754],[614690.7444503,9762731.6088727,80.754],[614690.8481057,9762731.5952262,80.754],[614690.9501773,9762731.5725975,80.754],[614691.0498883,9762731.5411588,80.754],[614691.1464797,9762731.5011493,80.754],[614691.2392166,9762731.4528735,80.754],[614691.327393,9762731.3966989,80.754],[614691.410338,9762731.333053,80.754],[614691.4874202,9762731.2624202,80.754],[614691.558053,9762731.185338,80.754],[614691.6216989,9762731.102393,80.754],[614691.6778735,9762731.0142166,80.754],[614691.7261493,9762730.9214797,80.754],[614691.7661588,9762730.8248883,80.754],[614691.7975975,9762730.7251773,80.754],[614691.8202262,9762730.6231057,80.754],[614691.8338727,9762730.5194503,80.754],[614691.8384331,9762730.415,80.754]]]]}},
{"type":"Feature","properties":{"Layer":"MP_CAMARAS AASS"},"geometry":{"type":"MultiPolygon","coordinates":[[[[614701.2314331,9762662.36,81.654],[614701.2268727,9762662.2555497,81.654],[614701.2132262,9762662.1518943,81.654],[614701.1905975,9762662.0498227,81.654],[614701.1591588,9762661.9501117,81.654],[614701.1191493,9762661.8535203,81.654],[614701.0708735,9762661.7607834,81.654],[614701.0146989,9762661.672607,81.654],[614700.951053,9762661.589662,81.654],[614700.8804202,9762661.5125798,81.654],[614700.803338,9762661.441947,81.654],[614700.720393,9762661.378301,81.654],[614700.6322166,9762661.3221265,81.654],[614700.5394797,9762661.2738507,81.654],[614700.4428883,9762661.2338412,81.654],[614700.3431773,9762661.2024025,81.654],[614700.2411057,9762661.1797738,81.654],[614700.1374503,9762661.1661273,81.654],[614700.033,9762661.1615669,81.654],[614699.9285497,9762661.1661273,81.654],[614699.8248943,9762661.1797738,81.654],[614699.7228227,9762661.2024025,81.654],[614699.6231117,9762661.2338412,81.654],[614699.5265203,9762661.2738507,81.654],[614699.4337834,9762661.3221265,81.654],[614699.345607,9762661.378301,81.654],[614699.262662,9762661.441947,81.654],[614699.1855798,9762661.5125798,81.654],[614699.114947,9762661.589662,81.654],[614699.0513011,9762661.672607,81.654],[614698.9951265,9762661.7607834,81.654],[614698.9468507,9762661.8535203,81.654],[614698.9068412,9762661.9501117,81.654],[614698.8754025,9762662.0498227,81.654],[614698.8527738,9762662.1518943,81.654],[614698.8391273,9762662.2555497,81.654],[614698.8345669,9762662.36,81.654],[614698.8391273,9762662.4644503,81.654],[614698.8527738,9762662.5681057,81.654],[614698.8754025,9762662.6701773,81.654],[614698.9068412,9762662.7698883,81.654],[614698.9468507,9762662.8664797,81.654],[614698.9951265,9762662.9592166,81.654],[614699.0513011,9762663.047393,81.654],[614699.114947,9762663.130338,81.654],[614699.1855798,9762663.2074202,81.654],[614699.262662,9762663.278053,81.654],[614699.345607,9762663.341699,81.654],[614699.4337834,9762663.3978735,81.654],[614699.5265203,9762663.4461493,81.654],[614699.6231117,9762663.4861588,81.654],[614699.7228227,9762663.5175975,81.654],[614699.8248943,9762663.5402262,81.654],[614699.9285497,9762663.5538727,81.654],[614700.033,9762663.5584331,81.654],[614700.1374503,9762663.5538727,81.654],[614700.2411057,9762663.5402262,81.654],[614700.3431773,9762663.5175975,81.654],[614700.4428883,9762663.4861588,81.654],[614700.5394797,9762663.4461493,81.654],[614700.6322166,9762663.3978735,81.654],[614700.720393,9762663.341699,81.654],[614700.803338,9762663.278053,81.654],[614700.8804202,9762663.2074202,81.654],[614700.951053,9762663.130338,81.654],[614701.0146989,9762663.047393,81.654],[614701.0708735,9762662.9592166,81.654],[614701.1191493,9762662.8664797,81.654],[614701.1591588,9762662.7698883,81.654],[614701.1905975,9762662.6701773,81.654],[614701.2132262,9762662.5681057,81.654],[614701.2268727,9762662.4644503,81.654],[614701.2314331,9762662.36,81.654]]]]}},
{"type":"Feature","properties":{"Layer":"MP_CAMARAS AASS"},"geometry":{"type":"MultiPolygon","coordinates":[[[[614706.6224331,9762639.859,82.094],[614706.6178727,9762639.7545497,82.094],[614706.6042262,9762639.6508943,82.094],[614706.5815975,9762639.5488227,82.094],[614706.5501588,9762639.4491117,82.094],[614706.5101493,9762639.3525203,82.094],[614706.4618735,9762639.2597834,82.094],[614706.4056989,9762639.171607,82.094],[614706.342053,9762639.088662,82.094],[614706.2714202,9762639.0115798,82.094],[614706.194338,9762638.940947,82.094],[614706.111393,9762638.877301,82.094],[614706.0232166,9762638.8211265,82.094],[614705.9304797,9762638.7728507,82.094],[614705.8338883,9762638.7328412,82.094],[614705.7341773,9762638.7014025,82.094],[614705.6321057,9762638.6787738,82.094],[614705.5284503,9762638.6651273,82.094],[614705.424,9762638.6605669,82.094],[614705.3195497,9762638.6651273,82.094],[614705.2158943,9762638.6787738,82.094],[614705.1138227,9762638.7014025,82.094],[614705.0141117,9762638.7328412,82.094],[614704.9175203,9762638.7728507,82.094],[614704.8247834,9762638.8211265,82.094],[614704.736607,9762638.877301,82.094],[614704.653662,9762638.940947,82.094],[614704.5765798,9762639.0115798,82.094],[614704.505947,9762639.088662,82.094],[614704.4423011,9762639.171607,82.094],[614704.3861265,9762639.2597834,82.094],[614704.3378507,9762639.3525203,82.094],[614704.2978412,9762639.4491117,82.094],[614704.2664025,9762639.5488227,82.094],[614704.2437738,9762639.6508943,82.094],[614704.2301273,9762639.7545497,82.094],[614704.2255669,9762639.859,82.094],[614704.2301273,9762639.9634503,82.094],[614704.2437738,9762640.0671057,82.094],[614704.2664025,9762640.1691773,82.094],[614704.2978412,9762640.2688883,82.094],[614704.3378507,9762640.3654797,82.094],[614704.3861265,9762640.4582166,82.094],[614704.4423011,9762640.546393,82.094],[614704.505947,9762640.629338,82.094],[614704.5765798,9762640.7064202,82.094],[614704.653662,9762640.777053,82.094],[614704.736607,9762640.8406989,82.094],[614704.8247834,9762640.8968735,82.094],[614704.9175203,9762640.9451493,82.094],[614705.0141117,9762640.9851588,82.094],[614705.1138227,9762641.0165975,82.094],[614705.2158943,9762641.0392262,82.094],[614705.3195497,9762641.0528727,82.094],[614705.424,9762641.0574331,82.094],[614705.5284503,9762641.0528727,82.094],[614705.6321057,9762641.0392262,82.094],[614705.7341773,9762641.0165975,82.094],[614705.8338883,9762640.9851588,82.094],[614705.9304797,9762640.9451493,82.094],[614706.0232166,9762640.8968735,82.094],[614706.111393,9762640.8406989,82.094],[614706.194338,9762640.777053,82.094],[614706.2714202,9762640.7064202,82.094],[614706.342053,9762640.629338,82.094],[614706.4056989,9762640.546393,82.094],[614706.4618735,9762640.4582166,82.094],[614706.5101493,9762640.3654797,82.094],[614706.5501588,9762640.2688883,82.094],[614706.5815975,9762640.1691773,82.094],[614706.6042262,9762640.0671057,82.094],[614706.6178727,9762639.9634503,82.094],[614706.6224331,9762639.859,82.094]]]]}},
{"type":"Feature","properties":{"Layer":"MP_CAMARAS AASS"},"geometry":{"type":"MultiPolygon","coordinates":[[[[614716.1754331,9762611.333,82.405],[614716.1708727,9762611.2285497,82.405],[614716.1572262,9762611.1248943,82.405],[614716.1345975,9762611.0228227,82.405],[614716.1031588,9762610.9231117,82.405],[614716.0631493,9762610.8265203,82.405],[614716.0148735,9762610.7337834,82.405],[614715.9586989,9762610.645607,82.405],[614715.895053,9762610.562662,82.405],[614715.8244202,9762610.4855798,82.405],[614715.747338,9762610.414947,82.405],[614715.664393,9762610.351301,82.405],[614715.5762166,9762610.2951265,82.405],[614715.4834797,9762610.2468507,82.405],[614715.3868883,9762610.2068412,82.405],[614715.2871773,9762610.1754025,82.405],[614715.1851057,9762610.1527738,82.405],[614715.0814503,9762610.1391273,82.405],[614714.977,9762610.1345669,82.405],[614714.8725497,9762610.1391273,82.405],[614714.7688943,9762610.1527738,82.405],[614714.6668227,9762610.1754025,82.405],[614714.5671117,9762610.2068412,82.405],[614714.4705203,9762610.2468507,82.405],[614714.3777834,9762610.2951265,82.405],[614714.289607,9762610.351301,82.405],[614714.206662,9762610.414947,82.405],[614714.1295798,9762610.4855798,82.405],[614714.058947,9762610.562662,82.405],[614713.9953011,9762610.645607,82.405],[614713.9391265,9762610.7337834,82.405],[614713.8908507,9762610.8265203,82.405],[614713.8508412,9762610.9231117,82.405],[614713.8194025,9762611.0228227,82.405],[614713.7967738,9762611.1248943,82.405],[614713.7831273,9762611.2285497,82.405],[614713.7785669,9762611.333,82.405],[614713.7831273,9762611.4374503,82.405],[614713.7967738,9762611.5411057,82.405],[614713.8194025,9762611.6431773,82.405],[614713.8508412,9762611.7428883,82.405],[614713.8908507,9762611.8394797,82.405],[614713.9391265,9762611.9322166,82.405],[614713.9953011,9762612.020393,82.405],[614714.058947,9762612.103338,82.405],[614714.1295798,9762612.1804202,82.405],[614714.206662,9762612.251053,82.405],[614714.289607,9762612.314699,82.405],[614714.3777834,9762612.3708735,82.405],[614714.4705203,9762612.4191493,82.405],[614714.5671117,9762612.4591588,82.405],[614714.6668227,9762612.4905975,82.405],[614714.7688943,9762612.5132262,82.405],[614714.8725497,9762612.5268727,82.405],[614714.977,9762612.5314331,82.405],[614715.0814503,9762612.5268727,82.405],[614715.1851057,9762612.5132262,82.405],[614715.2871773,9762612.4905975,82.405],[614715.3868883,9762612.4591588,82.405],[614715.4834797,9762612.4191493,82.405],[614715.5762166,9762612.3708735,82.405],[614715.664393,9762612.314699,82.405],[614715.747338,9762612.251053,82.405],[614715.8244202,9762612.1804202,82.405],[614715.895053,9762612.103338,82.405],[614715.9586989,9762612.020393,82.405],[614716.0148735,9762611.9322166,82.405],[614716.0631493,9762611.8394797,82.405],[614716.1031588,9762611.7428883,82.405],[614716.1345975,9762611.6431773,82.405],[614716.1572262,9762611.5411057,82.405],[614716.1708727,9762611.4374503,82.405],[614716.1754331,9762611.333,82.405]]]]}},
{"type":"Feature","properties":{"Layer":"MP_CAMARAS AASS"},"geometry":{"type":"MultiPolygon","coordinates":[[[[614695.5324331,9762591.537,83.511],[614695.5278727,9762591.4325497,83.511],[614695.5142262,9762591.3288943,83.511],[614695.4915975,9762591.2268227,83.511],[614695.4601588,9762591.1271117,83.511],[614695.4201493,9762591.0305203,83.511],[614695.3718735,9762590.9377834,83.511],[614695.3156989,9762590.849607,83.511],[614695.252053,9762590.766662,83.511],[614695.1814202,9762590.6895798,83.511],[614695.104338,9762590.618947,83.511],[614695.021393,9762590.555301,83.511],[614694.9332166,9762590.4991265,83.511],[614694.8404797,9762590.4508507,83.511],[614694.7438883,9762590.4108412,83.511],[614694.6441773,9762590.3794025,83.511],[614694.5421057,9762590.3567738,83.511],[614694.4384503,9762590.3431273,83.511],[614694.334,9762590.3385669,83.511],[614694.2295497,9762590.3431273,83.511],[614694.1258943,9762590.3567738,83.511],[614694.0238227,9762590.3794025,83.511],[614693.9241117,9762590.4108412,83.511],[614693.8275203,9762590.4508507,83.511],[614693.7347834,9762590.4991265,83.511],[614693.646607,9762590.555301,83.511],[614693.563662,9762590.618947,83.511],[614693.4865798,9762590.6895798,83.511],[614693.415947,9762590.766662,83.511],[614693.3523011,9762590.849607,83.511],[614693.2961265,9762590.9377834,83.511],[614693.2478507,9762591.0305203,83.511],[614693.2078412,9762591.1271117,83.511],[614693.1764025,9762591.2268227,83.511],[614693.1537738,9762591.3288943,83.511],[614693.1401273,9762591.4325497,83.511],[614693.1355669,9762591.537,83.511],[614693.1401273,9762591.6414503,83.511],[614693.1537738,9762591.7451057,83.511],[614693.1764025,9762591.8471773,83.511],[614693.2078412,9762591.9468883,83.511],[614693.2478507,9762592.0434797,83.511],[614693.2961265,9762592.1362166,83.511],[614693.3523011,9762592.224393,83.511],[614693.415947,9762592.307338,83.511],[614693.4865798,9762592.3844202,83.511],[614693.563662,9762592.455053,83.511],[614693.646607,9762592.518699,83.511],[614693.7347834,9762592.5748735,83.511],[614693.8275203,9762592.6231493,83.511],[614693.9241117,9762592.6631588,83.511],[614694.0238227,9762592.6945975,83.511],[614694.1258943,9762592.7172262,83.511],[614694.2295497,9762592.7308727,83.511],[614694.334,9762592.7354331,83.511],[614694.4384503,9762592.7308727,83.511],[614694.5421057,9762592.7172262,83.511],[614694.6441773,9762592.6945975,83.511],[614694.7438883,9762592.6631588,83.511],[614694.8404797,9762592.6231493,83.511],[614694.9332166,9762592.5748735,83.511],[614695.021393,9762592.518699,83.511],[614695.104338,9762592.455053,83.511],[614695.1814202,9762592.3844202,83.511],[614695.252053,9762592.307338,83.511],[614695.3156989,9762592.224393,83.511],[614695.3718735,9762592.1362166,83.511],[614695.4201493,9762592.0434797,83.511],[614695.4601588,9762591.9468883,83.511],[614695.4915975,9762591.8471773,83.511],[614695.5142262,9762591.7451057,83.511],[614695.5278727,9762591.6414503,83.511],[614695.5324331,9762591.537,83.511]]]]}},
{"type":"Feature","properties":{"Layer":"MP_CAMARAS AASS"},"geometry":{"type":"MultiPolygon","coordinates":[[[[614701.6824331,9762565.0,83.64],[614701.6778727,9762564.8955497,83.64],[614701.6642262,9762564.7918943,83.64],[614701.6415975,9762564.6898227,83.64],[614701.6101588,9762564.5901117,83.64],[614701.5701493,9762564.4935203,83.64],[614701.5218735,9762564.4007834,83.64],[614701.4656989,9762564.312607,83.64],[614701.402053,9762564.229662,83.64],[614701.3314202,9762564.1525798,83.64],[614701.254338,9762564.081947,83.64],[614701.171393,9762564.018301,83.64],[614701.0832166,9762563.9621265,83.64],[614700.9904797,9762563.9138507,83.64],[614700.8938883,9762563.8738412,83.64],[614700.7941773,9762563.8424025,83.64],[614700.6921057,9762563.8197738,83.64],[614700.5884503,9762563.8061273,83.64],[614700.484,9762563.8015669,83.64],[614700.3795497,9762563.8061273,83.64],[614700.2758943,9762563.8197738,83.64],[614700.1738227,9762563.8424025,83.64],[614700.0741117,9762563.8738412,83.64],[614699.9775203,9762563.9138507,83.64],[614699.8847834,9762563.9621265,83.64],[614699.796607,9762564.018301,83.64],[614699.713662,9762564.081947,83.64],[614699.6365798,9762564.1525798,83.64],[614699.565947,9762564.229662,83.64],[614699.5023011,9762564.312607,83.64],[614699.4461265,9762564.4007834,83.64],[614699.3978507,9762564.4935203,83.64],[614699.3578412,9762564.5901117,83.64],[614699.3264025,9762564.6898227,83.64],[614699.3037738,9762564.7918943,83.64],[614699.2901273,9762564.8955497,83.64],[614699.2855669,9762565.0,83.64],[614699.2901273,9762565.1044503,83.64],[614699.3037738,9762565.2081057,83.64],[614699.3264025,9762565.3101773,83.64],[614699.3578412,9762565.4098883,83.64],[614699.3978507,9762565.5064797,83.64],[614699.4461265,9762565.5992166,83.64],[614699.5023011,9762565.687393,83.64],[614699.565947,9762565.770338,83.64],[614699.6365798,9762565.8474202,83.64],[614699.713662,9762565.918053,83.64],[614699.796607,9762565.981699,83.64],[614699.8847834,9762566.0378735,83.64],[614699.9775203,9762566.0861493,83.64],[614700.0741117,9762566.1261588,83.64],[614700.1738227,9762566.1575975,83.64],[614700.2758943,9762566.1802262,83.64],[614700.3795497,9762566.1938727,83.64],[614700.484,9762566.1984331,83.64],[614700.5884503,9762566.1938727,83.64],[614700.6921057,9762566.1802262,83.64],[614700.7941773,9762566.1575975,83.64],[614700.8938883,9762566.1261588,83.64],[614700.9904797,9762566.0861493,83.64],[614701.0832166,9762566.0378735,83.64],[614701.171393,9762565.981699,83.64],[614701.254338,9762565.918053,83.64],[614701.3314202,9762565.8474202,83.64],[614701.402053,9762565.770338,83.64],[614701.4656989,9762565.687393,83.64],[614701.5218735,9762565.5992166,83.64],[614701.5701493,9762565.5064797,83.64],[614701.6101588,9762565.4098883,83.64],[614701.6415975,9762565.3101773,83.64],[614701.6642262,9762565.2081057,83.64],[614701.6778727,9762565.1044503,83.64],[614701.6824331,9762565.0,83.64]]]]}},
{"type":"Feature","properties":{"Layer":"MP_CAMARAS AASS"},"geometry":{"type":"MultiPolygon","coordinates":[[[[614709.8764331,9762548.869,83.603],[614709.8718727,9762548.7645497,83.603],[614709.8582262,9762548.6608943,83.603],[614709.8355975,9762548.5588227,83.603],[614709.8041588,9762548.4591117,83.603],[614709.7641493,9762548.3625203,83.603],[614709.7158735,9762548.2697834,83.603],[614709.6596989,9762548.181607,83.603],[614709.596053,9762548.098662,83.603],[614709.5254202,9762548.0215798,83.603],[614709.448338,9762547.950947,83.603],[614709.365393,9762547.8873011,83.603],[614709.2772166,9762547.8311265,83.603],[614709.1844797,9762547.7828507,83.603],[614709.0878883,9762547.7428412,83.603],[614708.9881773,9762547.7114025,83.603],[614708.8861057,9762547.6887738,83.603],[614708.7824503,9762547.6751273,83.603],[614708.678,9762547.6705669,83.603],[614708.5735497,9762547.6751273,83.603],[614708.4698943,9762547.6887738,83.603],[614708.3678227,9762547.7114025,83.603],[614708.2681117,9762547.7428412,83.603],[614708.1715203,9762547.7828507,83.603],[614708.0787834,9762547.8311265,83.603],[614707.990607,9762547.8873011,83.603],[614707.907662,9762547.950947,83.603],[614707.8305798,9762548.0215798,83.603],[614707.759947,9762548.098662,83.603],[614707.6963011,9762548.181607,83.603],[614707.6401265,9762548.2697834,83.603],[614707.5918507,9762548.3625203,83.603],[614707.5518412,9762548.4591117,83.603],[614707.5204025,9762548.5588227,83.603],[614707.4977738,9762548.6608943,83.603],[614707.4841273,9762548.7645497,83.603],[614707.4795669,9762548.869,83.603],[614707.4841273,9762548.9734503,83.603],[614707.4977738,9762549.0771057,83.603],[614707.5204025,9762549.1791773,83.603],[614707.5518412,9762549.2788883,83.603],[614707.5918507,9762549.3754797,83.603],[614707.6401265,9762549.4682166,83.603],[614707.6963011,9762549.556393,83.603],[614707.759947,9762549.639338,83.603],[614707.8305798,9762549.7164202,83.603],[614707.907662,9762549.787053,83.603],[614707.990607,9762549.850699,83.603],[614708.0787834,9762549.9068735,83.603],[614708.1715203,9762549.9551493,83.603],[614708.2681117,9762549.9951588,83.603],[614708.3678227,9762550.0265975,83.603],[614708.4698943,9762550.0492262,83.603],[614708.5735497,9762550.0628727,83.603],[614708.678,9762550.0674331,83.603],[614708.7824503,9762550.0628727,83.603],[614708.8861057,9762550.0492262,83.603],[614708.9881773,9762550.0265975,83.603],[614709.0878883,9762549.9951588,83.603],[614709.1844797,9762549.9551493,83.603],[614709.2772166,9762549.9068735,83.603],[614709.365393,9762549.850699,83.603],[614709.448338,9762549.787053,83.603],[614709.5254202,9762549.7164202,83.603],[614709.596053,9762549.639338,83.603],[614709.6596989,9762549.556393,83.603],[614709.7158735,9762549.4682166,83.603],[614709.7641493,9762549.3754797,83.603],[614709.8041588,9762549.2788883,83.603],[614709.8355975,9762549.1791773,83.603],[614709.8582262,9762549.0771057,83.603],[614709.8718727,9762548.9734503,83.603],[614709.8764331,9762548.869,83.603]]]]}},
{"type":"Feature","properties":{"Layer":"MP_CAMARAS AASS"},"geometry":{"type":"MultiPolygon","coordinates":[[[[614725.5744331,9762532.889,83.753],[614725.5698727,9762532.7845497,83.753],[614725.5562262,9762532.6808943,83.753],[614725.5335975,9762532.5788227,83.753],[614725.5021588,9762532.4791117,83.753],[614725.4621493,9762532.3825203,83.753],[614725.4138735,9762532.2897834,83.753],[614725.3576989,9762532.201607,83.753],[614725.294053,9762532.118662,83.753],[614725.2234202,9762532.0415798,83.753],[614725.146338,9762531.970947,83.753],[614725.063393,9762531.907301,83.753],[614724.9752166,9762531.8511265,83.753],[614724.8824797,9762531.8028507,83.753],[614724.7858883,9762531.7628412,83.753],[614724.6861773,9762531.7314025,83.753],[614724.5841057,9762531.7087738,83.753],[614724.4804503,9762531.6951273,83.753],[614724.376,9762531.6905669,83.753],[614724.2715497,9762531.6951273,83.753],[614724.1678943,9762531.7087738,83.753],[614724.0658227,9762531.7314025,83.753],[614723.9661117,9762531.7628412,83.753],[614723.8695203,9762531.8028507,83.753],[614723.7767834,9762531.8511265,83.753],[614723.688607,9762531.907301,83.753],[614723.605662,9762531.970947,83.753],[614723.5285798,9762532.0415798,83.753],[614723.457947,9762532.118662,83.753],[614723.3943011,9762532.201607,83.753],[614723.3381265,9762532.2897834,83.753],[614723.2898507,9762532.3825203,83.753],[614723.2498412,9762532.4791117,83.753],[614723.2184025,9762532.5788227,83.753],[614723.1957738,9762532.6808943,83.753],[614723.1821273,9762532.7845497,83.753],[614723.1775669,9762532.889,83.753],[614723.1821273,9762532.9934503,83.753],[614723.1957738,9762533.0971057,83.753],[614723.2184025,9762533.1991773,83.753],[614723.2498412,9762533.2988883,83.753],[614723.2898507,9762533.3954797,83.753],[614723.3381265,9762533.4882166,83.753],[614723.3943011,9762533.576393,83.753],[614723.457947,9762533.659338,83.753],[614723.5285798,9762533.7364202,83.753],[614723.605662,9762533.807053,83.753],[614723.688607,9762533.870699,83.753],[614723.7767834,9762533.9268735,83.753],[614723.8695203,9762533.9751493,83.753],[614723.9661117,9762534.0151588,83.753],[614724.0658227,9762534.0465975,83.753],[614724.1678943,9762534.0692262,83.753],[614724.2715497,9762534.0828727,83.753],[614724.376,9762534.0874331,83.753],[614724.4804503,9762534.0828727,83.753],[614724.5841057,9762534.0692262,83.753],[614724.6861773,9762534.0465975,83.753],[614724.7858883,9762534.0151588,83.753],[614724.8824797,9762533.9751493,83.753],[614724.9752166,9762533.9268735,83.753],[614725.063393,9762533.870699,83.753],[614725.146338,9762533.807053,83.753],[614725.2234202,9762533.7364202,83.753],[614725.294053,9762533.659338,83.753],[614725.3576989,9762533.576393,83.753],[614725.4138735,9762533.4882166,83.753],[614725.4621493,9762533.3954797,83.753],[614725.5021588,9762533.2988883,83.753],[614725.5335975,9762533.1991773,83.753],[614725.5562262,9762533.0971057,83.753],[614725.5698727,9762532.9934503,83.753],[614725.5744331,9762532.889,83.753]]]]}},
{"type":"Feature","properties":{"Layer":"MP_CAMARAS AASS"},"geometry":{"type":"MultiPolygon","coordinates":[[[[614746.6634331,9762523.373,83.871],[614746.6588727,9762523.2685497,83.871],[614746.6452262,9762523.1648943,83.871],[614746.6225975,9762523.0628227,83.871],[614746.5911588,9762522.9631117,83.871],[614746.5511493,9762522.8665203,83.871],[614746.5028735,9762522.7737834,83.871],[614746.4466989,9762522.685607,83.871],[614746.383053,9762522.602662,83.871],[614746.3124202,9762522.5255798,83.871],[614746.235338,9762522.454947,83.871],[614746.152393,9762522.391301,83.871],[614746.0642166,9762522.3351265,83.871],[614745.9714797,9762522.2868507,83.871],[614745.8748883,9762522.2468412,83.871],[614745.7751773,9762522.2154025,83.871],[614745.6731057,9762522.1927738,83.871],[614745.5694503,9762522.1791273,83.871],[614745.465,9762522.1745669,83.871],[614745.3605497,9762522.1791273,83.871],[614745.2568943,9762522.1927738,83.871],[614745.1548227,9762522.2154025,83.871],[614745.0551117,9762522.2468412,83.871],[614744.9585203,9762522.2868507,83.871],[614744.8657834,9762522.3351265,83.871],[614744.777607,9762522.391301,83.871],[614744.694662,9762522.454947,83.871],[614744.6175798,9762522.5255798,83.871],[614744.546947,9762522.602662,83.871],[614744.4833011,9762522.685607,83.871],[614744.4271265,9762522.7737834,83.871],[614744.3788507,9762522.8665203,83.871],[614744.3388412,9762522.9631117,83.871],[614744.3074025,9762523.0628227,83.871],[614744.2847738,9762523.1648943,83.871],[614744.2711273,9762523.2685497,83.871],[614744.2665669,9762523.373,83.871],[614744.2711273,9762523.4774503,83.871],[614744.2847738,9762523.5811057,83.871],[614744.3074025,9762523.6831773,83.871],[614744.3388412,9762523.7828883,83.871],[614744.3788507,9762523.8794797,83.871],[614744.4271265,9762523.9722166,83.871],[614744.4833011,9762524.060393,83.871],[614744.546947,9762524.143338,83.871],[614744.6175798,9762524.2204202,83.871],[614744.694662,9762524.291053,83.871],[614744.777607,9762524.354699,83.871],[614744.8657834,9762524.4108735,83.871],[614744.9585203,9762524.4591493,83.871],[614745.0551117,9762524.4991588,83.871],[614745.1548227,9762524.5305975,83.871],[614745.2568943,9762524.5532262,83.871],[614745.3605497,9762524.5668727,83.871],[614745.465,9762524.5714331,83.871],[614745.5694503,9762524.5668727,83.871],[614745.6731057,9762524.5532262,83.871],[614745.7751773,9762524.5305975,83.871],[614745.8748883,9762524.4991588,83.871],[614745.9714797,9762524.4591493,83.871],[614746.0642166,9762524.4108735,83.871],[614746.152393,9762524.354699,83.871],[614746.235338,9762524.291053,83.871],[614746.3124202,9762524.2204202,83.871],[614746.383053,9762524.143338,83.871],[614746.4466989,9762524.060393,83.871],[614746.5028735,9762523.9722166,83.871],[614746.5511493,9762523.8794797,83.871],[614746.5911588,9762523.7828883,83.871],[614746.6225975,9762523.6831773,83.871],[614746.6452262,9762523.5811057,83.871],[614746.6588727,9762523.4774503,83.871],[614746.6634331,9762523.373,83.871]]]]}},
{"type":"Feature","properties":{"Layer":"MP_CAMARAS AASS"},"geometry":{"type":"MultiPolygon","coordinates":[[[[614767.7604331,9762509.776,84.394],[614767.7558727,9762509.6715497,84.394],[614767.7422262,9762509.5678943,84.394],[614767.7195975,9762509.4658227,84.394],[614767.6881588,9762509.3661117,84.394],[614767.6481493,9762509.2695203,84.394],[614767.5998735,9762509.1767834,84.394],[614767.5436989,9762509.088607,84.394],[614767.480053,9762509.005662,84.394],[614767.4094202,9762508.9285798,84.394],[614767.332338,9762508.857947,84.394],[614767.249393,9762508.794301,84.394],[614767.1612166,9762508.7381265,84.394],[614767.0684797,9762508.6898507,84.394],[614766.9718883,9762508.6498412,84.394],[614766.8721773,9762508.6184025,84.394],[614766.7701057,9762508.5957738,84.394],[614766.6664503,9762508.5821273,84.394],[614766.562,9762508.5775669,84.394],[614766.4575497,9762508.5821273,84.394],[614766.3538943,9762508.5957738,84.394],[614766.2518227,9762508.6184025,84.394],[614766.1521117,9762508.6498412,84.394],[614766.0555203,9762508.6898507,84.394],[614765.9627834,9762508.7381265,84.394],[614765.874607,9762508.794301,84.394],[614765.791662,9762508.857947,84.394],[614765.7145798,9762508.9285798,84.394],[614765.643947,9762509.005662,84.394],[614765.5803011,9762509.088607,84.394],[614765.5241265,9762509.1767834,84.394],[614765.4758507,9762509.2695203,84.394],[614765.4358412,9762509.3661117,84.394],[614765.4044025,9762509.4658227,84.394],[614765.3817738,9762509.5678943,84.394],[614765.3681273,9762509.6715497,84.394],[614765.3635669,9762509.776,84.394],[614765.3681273,9762509.8804503,84.394],[614765.3817738,9762509.9841057,84.394],[614765.4044025,9762510.0861773,84.394],[614765.4358412,9762510.1858883,84.394],[614765.4758507,9762510.2824797,84.394],[614765.5241265,9762510.3752166,84.394],[614765.5803011,9762510.463393,84.394],[614765.643947,9762510.546338,84.394],[614765.7145798,9762510.6234202,84.394],[614765.791662,9762510.694053,84.394],[614765.874607,9762510.757699,84.394],[614765.9627834,9762510.8138735,84.394],[614766.0555203,9762510.8621493,84.394],[614766.1521117,9762510.9021588,84.394],[614766.2518227,9762510.9335975,84.394],[614766.3538943,9762510.9562262,84.394],[614766.4575497,9762510.9698727,84.394],[614766.562,9762510.9744331,84.394],[614766.6664503,9762510.9698727,84.394],[614766.7701057,9762510.9562262,84.394],[614766.8721773,9762510.9335975,84.394],[614766.9718883,9762510.9021588,84.394],[614767.0684797,9762510.8621493,84.394],[614767.1612166,9762510.8138735,84.394],[614767.249393,9762510.757699,84.394],[614767.332338,9762510.694053,84.394],[614767.4094202,9762510.6234202,84.394],[614767.480053,9762510.546338,84.394],[614767.5436989,9762510.463393,84.394],[614767.5998735,9762510.3752166,84.394],[614767.6481493,9762510.2824797,84.394],[614767.6881588,9762510.1858883,84.394],[614767.7195975,9762510.0861773,84.394],[614767.7422262,9762509.9841057,84.394],[614767.7558727,9762509.8804503,84.394],[614767.7604331,9762509.776,84.394]]]]}},
{"type":"Feature","properties":{"Layer":"MP_CAMARAS AASS"},"geometry":{"type":"MultiPolygon","coordinates":[[[[614766.7414331,9762501.173,85.397],[614766.7368727,9762501.0685497,85.397],[614766.7232262,9762500.9648943,85.397],[614766.7005975,9762500.8628227,85.397],[614766.6691588,9762500.7631117,85.397],[614766.6291493,9762500.6665203,85.397],[614766.5808735,9762500.5737834,85.397],[614766.5246989,9762500.485607,85.397],[614766.461053,9762500.402662,85.397],[614766.3904202,9762500.3255798,85.397],[614766.313338,9762500.254947,85.397],[614766.230393,9762500.191301,85.397],[614766.1422166,9762500.1351265,85.397],[614766.0494797,9762500.0868507,85.397],[614765.9528883,9762500.0468412,85.397],[614765.8531773,9762500.0154025,85.397],[614765.7511057,9762499.9927738,85.397],[614765.6474503,9762499.9791273,85.397],[614765.543,9762499.9745669,85.397],[614765.4385497,9762499.9791273,85.397],[614765.3348943,9762499.9927738,85.397],[614765.2328227,9762500.0154025,85.397],[614765.1331117,9762500.0468412,85.397],[614765.0365203,9762500.0868507,85.397],[614764.9437834,9762500.1351265,85.397],[614764.855607,9762500.191301,85.397],[614764.772662,9762500.254947,85.397],[614764.6955798,9762500.3255798,85.397],[614764.624947,9762500.402662,85.397],[614764.5613011,9762500.485607,85.397],[614764.5051265,9762500.5737834,85.397],[614764.4568507,9762500.6665203,85.397],[614764.4168412,9762500.7631117,85.397],[614764.3854025,9762500.8628227,85.397],[614764.3627738,9762500.9648943,85.397],[614764.3491273,9762501.0685497,85.397],[614764.3445669,9762501.173,85.397],[614764.3491273,9762501.2774503,85.397],[614764.3627738,9762501.3811057,85.397],[614764.3854025,9762501.4831773,85.397],[614764.4168412,9762501.5828883,85.397],[614764.4568507,9762501.6794797,85.397],[614764.5051265,9762501.7722166,85.397],[614764.5613011,9762501.860393,85.397],[614764.624947,9762501.943338,85.397],[614764.6955798,9762502.0204202,85.397],[614764.772662,9762502.091053,85.397],[614764.855607,9762502.154699,85.397],[614764.9437834,9762502.2108735,85.397],[614765.0365203,9762502.2591493,85.397],[614765.1331117,9762502.2991588,85.397],[614765.2328227,9762502.3305975,85.397],[614765.3348943,9762502.3532262,85.397],[614765.4385497,9762502.3668727,85.397],[614765.543,9762502.3714331,85.397],[614765.6474503,9762502.3668727,85.397],[614765.7511057,9762502.3532262,85.397],[614765.8531773,9762502.3305975,85.397],[614765.9528883,9762502.2991588,85.397],[614766.0494797,9762502.2591493,85.397],[614766.1422166,9762502.2108735,85.397],[614766.230393,9762502.154699,85.397],[614766.313338,9762502.091053,85.397],[614766.3904202,9762502.0204202,85.397],[614766.461053,9762501.943338,85.397],[614766.5246989,9762501.860393,85.397],[614766.5808735,9762501.7722166,85.397],[614766.6291493,9762501.6794797,85.397],[614766.6691588,9762501.5828883,85.397],[614766.7005975,9762501.4831773,85.397],[614766.7232262,9762501.3811057,85.397],[614766.7368727,9762501.2774503,85.397],[614766.7414331,9762501.173,85.397]]]]}},
{"type":"Feature","properties":{"Layer":"MP_CAMARAS AASS"},"geometry":{"type":"MultiPolygon","coordinates":[[[[614787.4214331,9762476.472,85.438],[614787.4168727,9762476.3675497,85.438],[614787.4032262,9762476.2638943,85.438],[614787.3805975,9762476.1618227,85.438],[614787.3491588,9762476.0621117,85.438],[614787.3091493,9762475.9655203,85.438],[614787.2608735,9762475.8727834,85.438],[614787.2046989,9762475.784607,85.438],[614787.141053,9762475.701662,85.438],[614787.0704202,9762475.6245798,85.438],[614786.993338,9762475.553947,85.438],[614786.910393,9762475.490301,85.438],[614786.8222166,9762475.4341265,85.438],[614786.7294797,9762475.3858507,85.438],[614786.6328883,9762475.3458412,85.438],[614786.5331773,9762475.3144025,85.438],[614786.4311057,9762475.2917738,85.438],[614786.3274503,9762475.2781273,85.438],[614786.223,9762475.2735669,85.438],[614786.1185497,9762475.2781273,85.438],[614786.0148943,9762475.2917738,85.438],[614785.9128227,9762475.3144025,85.438],[614785.8131117,9762475.3458412,85.438],[614785.7165203,9762475.3858507,85.438],[614785.6237834,9762475.4341265,85.438],[614785.535607,9762475.490301,85.438],[614785.452662,9762475.553947,85.438],[614785.3755798,9762475.6245798,85.438],[614785.304947,9762475.701662,85.438],[614785.2413011,9762475.784607,85.438],[614785.1851265,9762475.8727834,85.438],[614785.1368507,9762475.9655203,85.438],[614785.0968412,9762476.0621117,85.438],[614785.0654025,9762476.1618227,85.438],[614785.0427738,9762476.2638943,85.438],[614785.0291273,9762476.3675497,85.438],[614785.0245669,9762476.472,85.438],[614785.0291273,9762476.5764503,85.438],[614785.0427738,9762476.6801057,85.438],[614785.0654025,9762476.7821773,85.438],[614785.0968412,9762476.8818883,85.438],[614785.1368507,9762476.9784797,85.438],[614785.1851265,9762477.0712166,85.438],[614785.2413011,9762477.159393,85.438],[614785.304947,9762477.242338,85.438],[614785.3755798,9762477.3194202,85.438],[614785.452662,9762477.390053,85.438],[614785.535607,9762477.4536989,85.438],[614785.6237834,9762477.5098735,85.438],[614785.7165203,9762477.5581493,85.438],[614785.8131117,9762477.5981588,85.438],[614785.9128227,9762477.6295975,85.438],[614786.0148943,9762477.6522262,85.438],[614786.1185497,9762477.6658727,85.438],[614786.223,9762477.6704331,85.438],[614786.3274503,9762477.6658727,85.438],[614786.4311057,9762477.6522262,85.438],[614786.5331773,9762477.6295975,85.438],[614786.6328883,9762477.5981588,85.438],[614786.7294797,9762477.5581493,85.438],[614786.8222166,9762477.5098735,85.438],[614786.910393,9762477.4536989,85.438],[614786.993338,9762477.390053,85.438],[614787.0704202,9762477.3194202,85.438],[614787.141053,9762477.242338,85.438],[614787.2046989,9762477.159393,85.438],[614787.2608735,9762477.0712166,85.438],[614787.3091493,9762476.9784797,85.438],[614787.3491588,9762476.8818883,85.438],[614787.3805975,9762476.7821773,85.438],[614787.4032262,9762476.6801057,85.438],[614787.4168727,9762476.5764503,85.438],[614787.4214331,9762476.472,85.438]]]]}},
{"type":"Feature","properties":{"Layer":"MP_CAMARAS AASS"},"geometry":{"type":"MultiPolygon","coordinates":[[[[614797.3364331,9762482.694,85.459],[614797.3318727,9762482.5895497,85.459],[614797.3182262,9762482.4858943,85.459],[614797.2955975,9762482.3838227,85.459],[614797.2641588,9762482.2841117,85.459],[614797.2241493,9762482.1875203,85.459],[614797.1758735,9762482.0947834,85.459],[614797.1196989,9762482.006607,85.459],[614797.056053,9762481.923662,85.459],[614796.9854202,9762481.8465798,85.459],[614796.908338,9762481.775947,85.459],[614796.825393,9762481.712301,85.459],[614796.7372166,9762481.6561265,85.459],[614796.6444797,9762481.6078507,85.459],[614796.5478883,9762481.5678412,85.459],[614796.4481773,9762481.5364025,85.459],[614796.3461057,9762481.5137738,85.459],[614796.2424503,9762481.5001273,85.459],[614796.138,9762481.4955669,85.459],[614796.0335497,9762481.5001273,85.459],[614795.9298943,9762481.5137738,85.459],[614795.8278227,9762481.5364025,85.459],[614795.7281117,9762481.5678412,85.459],[614795.6315203,9762481.6078507,85.459],[614795.5387834,9762481.6561265,85.459],[614795.450607,9762481.712301,85.459],[614795.367662,9762481.775947,85.459],[614795.2905798,9762481.8465798,85.459],[614795.219947,9762481.923662,85.459],[614795.1563011,9762482.006607,85.459],[614795.1001265,9762482.0947834,85.459],[614795.0518507,9762482.1875203,85.459],[614795.0118412,9762482.2841117,85.459],[614794.9804025,9762482.3838227,85.459],[614794.9577738,9762482.4858943,85.459],[614794.9441273,9762482.5895497,85.459],[614794.9395669,9762482.694,85.459],[614794.9441273,9762482.7984503,85.459],[614794.9577738,9762482.9021057,85.459],[614794.9804025,9762483.0041773,85.459],[614795.0118412,9762483.1038883,85.459],[614795.0518507,9762483.2004797,85.459],[614795.1001265,9762483.2932166,85.459],[614795.1563011,9762483.381393,85.459],[614795.219947,9762483.464338,85.459],[614795.2905798,9762483.5414202,85.459],[614795.367662,9762483.612053,85.459],[614795.450607,9762483.675699,85.459],[614795.5387834,9762483.7318735,85.459],[614795.6315203,9762483.7801493,85.459],[614795.7281117,9762483.8201588,85.459],[614795.8278227,9762483.8515975,85.459],[614795.9298943,9762483.8742262,85.459],[614796.0335497,9762483.8878727,85.459],[614796.138,9762483.8924331,85.459],[614796.2424503,9762483.8878727,85.459],[614796.3461057,9762483.8742262,85.459],[614796.4481773,9762483.8515975,85.459],[614796.5478883,9762483.8201588,85.459],[614796.6444797,9762483.7801493,85.459],[614796.7372166,9762483.7318735,85.459],[614796.825393,9762483.675699,85.459],[614796.908338,9762483.612053,85.459],[614796.9854202,9762483.5414202,85.459],[614797.056053,9762483.464338,85.459],[614797.1196989,9762483.381393,85.459],[614797.1758735,9762483.2932166,85.459],[614797.2241493,9762483.2004797,85.459],[614797.2641588,9762483.1038883,85.459],[614797.2955975,9762483.0041773,85.459],[614797.3182262,9762482.9021057,85.459],[614797.3318727,9762482.7984503,85.459],[614797.3364331,9762482.694,85.459]]]]}},
{"type":"Feature","properties":{"Layer":"MP_CAMARAS AASS"},"geometry":{"type":"MultiPolygon","coordinates":[[[[615425.4284331,9762979.314,80.947],[615425.4238727,9762979.2095497,80.947],[615425.4102262,9762979.1058943,80.947],[615425.3875975,9762979.0038227,80.947],[615425.3561588,9762978.9041117,80.947],[615425.3161493,9762978.8075203,80.947],[615425.2678735,9762978.7147834,80.947],[615425.2116989,9762978.626607,80.947],[615425.148053,9762978.543662,80.947],[615425.0774202,9762978.4665798,80.947],[615425.000338,9762978.395947,80.947],[615424.917393,9762978.332301,80.947],[615424.8292166,9762978.2761265,80.947],[615424.7364797,9762978.2278507,80.947],[615424.6398883,9762978.1878412,80.947],[615424.5401773,9762978.1564025,80.947],[615424.4381057,9762978.1337738,80.947],[615424.3344503,9762978.1201273,80.947],[615424.23,9762978.1155669,80.947],[615424.1255497,9762978.1201273,80.947],[615424.0218943,9762978.1337738,80.947],[615423.9198227,9762978.1564025,80.947],[615423.8201117,9762978.1878412,80.947],[615423.7235203,9762978.2278507,80.947],[615423.6307834,9762978.2761265,80.947],[615423.542607,9762978.332301,80.947],[615423.459662,9762978.395947,80.947],[615423.3825798,9762978.4665798,80.947],[615423.311947,9762978.543662,80.947],[615423.2483011,9762978.626607,80.947],[615423.1921265,9762978.7147834,80.947],[615423.1438507,9762978.8075203,80.947],[615423.1038412,9762978.9041117,80.947],[615423.0724025,9762979.0038227,80.947],[615423.0497738,9762979.1058943,80.947],[615423.0361273,9762979.2095497,80.947],[615423.0315669,9762979.314,80.947],[615423.0361273,9762979.4184503,80.947],[615423.0497738,9762979.5221057,80.947],[615423.0724025,9762979.6241773,80.947],[615423.1038412,9762979.7238883,80.947],[615423.1438507,9762979.8204797,80.947],[615423.1921265,9762979.9132166,80.947],[615423.2483011,9762980.001393,80.947],[615423.311947,9762980.084338,80.947],[615423.3825798,9762980.1614202,80.947],[615423.459662,9762980.232053,80.947],[615423.542607,9762980.295699,80.947],[615423.6307834,9762980.3518735,80.947],[615423.7235203,9762980.4001493,80.947],[615423.8201117,9762980.4401588,80.947],[615423.9198227,9762980.4715975,80.947],[615424.0218943,9762980.4942262,80.947],[615424.1255497,9762980.5078727,80.947],[615424.23,9762980.5124331,80.947],[615424.3344503,9762980.5078727,80.947],[615424.4381057,9762980.4942262,80.947],[615424.5401773,9762980.4715975,80.947],[615424.6398883,9762980.4401588,80.947],[615424.7364797,9762980.4001493,80.947],[615424.8292166,9762980.3518735,80.947],[615424.917393,9762980.295699,80.947],[615425.000338,9762980.232053,80.947],[615425.0774202,9762980.1614202,80.947],[615425.148053,9762980.084338,80.947],[615425.2116989,9762980.001393,80.947],[615425.2678735,9762979.9132166,80.947],[615425.3161493,9762979.8204797,80.947],[615425.3561588,9762979.7238883,80.947],[615425.3875975,9762979.6241773,80.947],[615425.4102262,9762979.5221057,80.947],[615425.4238727,9762979.4184503,80.947],[615425.4284331,9762979.314,80.947]]]]}},
{"type":"Feature","properties":{"Layer":"MP_CAMARAS AASS"},"geometry":{"type":"MultiPolygon","coordinates":[[[[615381.1204331,9762943.489,80.952],[615381.1158727,9762943.3845497,80.952],[615381.1022262,9762943.2808943,80.952],[615381.0795975,9762943.1788227,80.952],[615381.0481588,9762943.0791117,80.952],[615381.0081493,9762942.9825203,80.952],[615380.9598735,9762942.8897834,80.952],[615380.9036989,9762942.801607,80.952],[615380.840053,9762942.718662,80.952],[615380.7694202,9762942.6415798,80.952],[615380.692338,9762942.570947,80.952],[615380.609393,9762942.507301,80.952],[615380.5212166,9762942.4511265,80.952],[615380.4284797,9762942.4028507,80.952],[615380.3318883,9762942.3628412,80.952],[615380.2321773,9762942.3314025,80.952],[615380.1301057,9762942.3087738,80.952],[615380.0264503,9762942.2951273,80.952],[615379.922,9762942.2905669,80.952],[615379.8175497,9762942.2951273,80.952],[615379.7138943,9762942.3087738,80.952],[615379.6118227,9762942.3314025,80.952],[615379.5121117,9762942.3628412,80.952],[615379.4155203,9762942.4028507,80.952],[615379.3227834,9762942.4511265,80.952],[615379.234607,9762942.507301,80.952],[615379.151662,9762942.570947,80.952],[615379.0745798,9762942.6415798,80.952],[615379.003947,9762942.718662,80.952],[615378.9403011,9762942.801607,80.952],[615378.8841265,9762942.8897834,80.952],[615378.8358507,9762942.9825203,80.952],[615378.7958412,9762943.0791117,80.952],[615378.7644025,9762943.1788227,80.952],[615378.7417738,9762943.2808943,80.952],[615378.7281273,9762943.3845497,80.952],[615378.7235669,9762943.489,80.952],[615378.7281273,9762943.5934503,80.952],[615378.7417738,9762943.6971057,80.952],[615378.7644025,9762943.7991773,80.952],[615378.7958412,9762943.8988883,80.952],[615378.8358507,9762943.9954797,80.952],[615378.8841265,9762944.0882166,80.952],[615378.9403011,9762944.176393,80.952],[615379.003947,9762944.259338,80.952],[615379.0745798,9762944.3364202,80.952],[615379.151662,9762944.407053,80.952],[615379.234607,9762944.470699,80.952],[615379.3227834,9762944.5268735,80.952],[615379.4155203,9762944.5751493,80.952],[615379.5121117,9762944.6151588,80.952],[615379.6118227,9762944.6465975,80.952],[615379.7138943,9762944.6692262,80.952],[615379.8175497,9762944.6828727,80.952],[615379.922,9762944.6874331,80.952],[615380.0264503,9762944.6828727,80.952],[615380.1301057,9762944.6692262,80.952],[615380.2321773,9762944.6465975,80.952],[615380.3318883,9762944.6151588,80.952],[615380.4284797,9762944.5751493,80.952],[615380.5212166,9762944.5268735,80.952],[615380.609393,9762944.470699,80.952],[615380.692338,9762944.407053,80.952],[615380.7694202,9762944.3364202,80.952],[615380.840053,9762944.259338,80.952],[615380.9036989,9762944.176393,80.952],[615380.9598735,9762944.0882166,80.952],[615381.0081493,9762943.9954797,80.952],[615381.0481588,9762943.8988883,80.952],[615381.0795975,9762943.7991773,80.952],[615381.1022262,9762943.6971057,80.952],[615381.1158727,9762943.5934503,80.952],[615381.1204331,9762943.489,80.952]]]]}},
{"type":"Feature","properties":{"Layer":"MP_CAMARAS AASS"},"geometry":{"type":"MultiPolygon","coordinates":[[[[615373.7484331,9762939.199,80.88],[615373.7438727,9762939.0945497,80.88],[615373.7302262,9762938.9908943,80.88],[615373.7075975,9762938.8888227,80.88],[615373.6761588,9762938.7891117,80.88],[615373.6361493,9762938.6925203,80.88],[615373.5878735,9762938.5997834,80.88],[615373.5316989,9762938.511607,80.88],[615373.468053,9762938.428662,80.88],[615373.3974202,9762938.3515798,80.88],[615373.320338,9762938.280947,80.88],[615373.237393,9762938.217301,80.88],[615373.1492166,9762938.1611265,80.88],[615373.0564797,9762938.1128507,80.88],[615372.9598883,9762938.0728412,80.88],[615372.8601773,9762938.0414025,80.88],[615372.7581057,9762938.0187738,80.88],[615372.6544503,9762938.0051273,80.88],[615372.55,9762938.0005669,80.88],[615372.4455497,9762938.0051273,80.88],[615372.3418943,9762938.0187738,80.88],[615372.2398227,9762938.0414025,80.88],[615372.1401117,9762938.0728412,80.88],[615372.0435203,9762938.1128507,80.88],[615371.9507834,9762938.1611265,80.88],[615371.862607,9762938.217301,80.88],[615371.779662,9762938.280947,80.88],[615371.7025798,9762938.3515798,80.88],[615371.631947,9762938.428662,80.88],[615371.5683011,9762938.511607,80.88],[615371.5121265,9762938.5997834,80.88],[615371.4638507,9762938.6925203,80.88],[615371.4238412,9762938.7891117,80.88],[615371.3924025,9762938.8888227,80.88],[615371.3697738,9762938.9908943,80.88],[615371.3561273,9762939.0945497,80.88],[615371.3515669,9762939.199,80.88],[615371.3561273,9762939.3034503,80.88],[615371.3697738,9762939.4071057,80.88],[615371.3924025,9762939.5091773,80.88],[615371.4238412,9762939.6088883,80.88],[615371.4638507,9762939.7054797,80.88],[615371.5121265,9762939.7982166,80.88],[615371.5683011,9762939.886393,80.88],[615371.631947,9762939.969338,80.88],[615371.7025798,9762940.0464202,80.88],[615371.779662,9762940.117053,80.88],[615371.862607,9762940.1806989,80.88],[615371.9507834,9762940.2368735,80.88],[615372.0435203,9762940.2851493,80.88],[615372.1401117,9762940.3251588,80.88],[615372.2398227,9762940.3565975,80.88],[615372.3418943,9762940.3792262,80.88],[615372.4455497,9762940.3928727,80.88],[615372.55,9762940.3974331,80.88],[615372.6544503,9762940.3928727,80.88],[615372.7581057,9762940.3792262,80.88],[615372.8601773,9762940.3565975,80.88],[615372.9598883,9762940.3251588,80.88],[615373.0564797,9762940.2851493,80.88],[615373.1492166,9762940.2368735,80.88],[615373.237393,9762940.1806989,80.88],[615373.320338,9762940.117053,80.88],[615373.3974202,9762940.0464202,80.88],[615373.468053,9762939.969338,80.88],[615373.5316989,9762939.886393,80.88],[615373.5878735,9762939.7982166,80.88],[615373.6361493,9762939.7054797,80.88],[615373.6761588,9762939.6088883,80.88],[615373.7075975,9762939.5091773,80.88],[615373.7302262,9762939.4071057,80.88],[615373.7438727,9762939.3034503,80.88],[615373.7484331,9762939.199,80.88]]]]}},
{"type":"Feature","properties":{"Layer":"MP_CAMARAS AASS"},"geometry":{"type":"MultiPolygon","coordinates":[[[[615371.3804331,9762935.778,81.057],[615371.3758727,9762935.6735497,81.057],[615371.3622262,9762935.5698943,81.057],[615371.3395975,9762935.4678227,81.057],[615371.3081588,9762935.3681117,81.057],[615371.2681493,9762935.2715203,81.057],[615371.2198735,9762935.1787834,81.057],[615371.1636989,9762935.090607,81.057],[615371.100053,9762935.007662,81.057],[615371.0294202,9762934.9305798,81.057],[615370.952338,9762934.859947,81.057],[615370.869393,9762934.7963011,81.057],[615370.7812166,9762934.7401265,81.057],[615370.6884797,9762934.6918507,81.057],[615370.5918883,9762934.6518412,81.057],[615370.4921773,9762934.6204025,81.057],[615370.3901057,9762934.5977738,81.057],[615370.2864503,9762934.5841273,81.057],[615370.182,9762934.5795669,81.057],[615370.0775497,9762934.5841273,81.057],[615369.9738943,9762934.5977738,81.057],[615369.8718227,9762934.6204025,81.057],[615369.7721117,9762934.6518412,81.057],[615369.6755203,9762934.6918507,81.057],[615369.5827834,9762934.7401265,81.057],[615369.494607,9762934.7963011,81.057],[615369.411662,9762934.859947,81.057],[615369.3345798,9762934.9305798,81.057],[615369.263947,9762935.007662,81.057],[615369.2003011,9762935.090607,81.057],[615369.1441265,9762935.1787834,81.057],[615369.0958507,9762935.2715203,81.057],[615369.0558412,9762935.3681117,81.057],[615369.0244025,9762935.4678227,81.057],[615369.0017738,9762935.5698943,81.057],[615368.9881273,9762935.6735497,81.057],[615368.9835669,9762935.778,81.057],[615368.9881273,9762935.8824503,81.057],[615369.0017738,9762935.9861057,81.057],[615369.0244025,9762936.0881773,81.057],[615369.0558412,9762936.1878883,81.057],[615369.0958507,9762936.2844797,81.057],[615369.1441265,9762936.3772166,81.057],[615369.2003011,9762936.465393,81.057],[615369.263947,9762936.548338,81.057],[615369.3345798,9762936.6254202,81.057],[615369.411662,9762936.696053,81.057],[615369.494607,9762936.759699,81.057],[615369.5827834,9762936.8158735,81.057],[615369.6755203,9762936.8641493,81.057],[615369.7721117,9762936.9041588,81.057],[615369.8718227,9762936.9355975,81.057],[615369.9738943,9762936.9582262,81.057],[615370.0775497,9762936.9718727,81.057],[615370.182,9762936.9764331,81.057],[615370.2864503,9762936.9718727,81.057],[615370.3901057,9762936.9582262,81.057],[615370.4921773,9762936.9355975,81.057],[615370.5918883,9762936.9041588,81.057],[615370.6884797,9762936.8641493,81.057],[615370.7812166,9762936.8158735,81.057],[615370.869393,9762936.759699,81.057],[615370.952338,9762936.696053,81.057],[615371.0294202,9762936.6254202,81.057],[615371.100053,9762936.548338,81.057],[615371.1636989,9762936.465393,81.057],[615371.2198735,9762936.3772166,81.057],[615371.2681493,9762936.2844797,81.057],[615371.3081588,9762936.1878883,81.057],[615371.3395975,9762936.0881773,81.057],[615371.3622262,9762935.9861057,81.057],[615371.3758727,9762935.8824503,81.057],[615371.3804331,9762935.778,81.057]]]]}},
{"type":"Feature","properties":{"Layer":"MP_CAMARAS AASS"},"geometry":{"type":"MultiPolygon","coordinates":[[[[615217.1094331,9762843.906,81.956],[615217.1048727,9762843.8015497,81.956],[615217.0912262,9762843.6978943,81.956],[615217.0685975,9762843.5958227,81.956],[615217.0371588,9762843.4961117,81.956],[615216.9971493,9762843.3995203,81.956],[615216.9488735,9762843.3067834,81.956],[615216.8926989,9762843.218607,81.956],[615216.829053,9762843.135662,81.956],[615216.7584202,9762843.0585798,81.956],[615216.681338,9762842.987947,81.956],[615216.598393,9762842.924301,81.956],[615216.5102166,9762842.8681265,81.956],[615216.4174797,9762842.8198507,81.956],[615216.3208883,9762842.7798412,81.956],[615216.2211773,9762842.7484025,81.956],[615216.1191057,9762842.7257738,81.956],[615216.0154503,9762842.7121273,81.956],[615215.911,9762842.7075669,81.956],[615215.8065497,9762842.7121273,81.956],[615215.7028943,9762842.7257738,81.956],[615215.6008227,9762842.7484025,81.956],[615215.5011117,9762842.7798412,81.956],[615215.4045203,9762842.8198507,81.956],[615215.3117834,9762842.8681265,81.956],[615215.223607,9762842.924301,81.956],[615215.140662,9762842.987947,81.956],[615215.0635798,9762843.0585798,81.956],[615214.992947,9762843.135662,81.956],[615214.9293011,9762843.218607,81.956],[615214.8731265,9762843.3067834,81.956],[615214.8248507,9762843.3995203,81.956],[615214.7848412,9762843.4961117,81.956],[615214.7534025,9762843.5958227,81.956],[615214.7307738,9762843.6978943,81.956],[615214.7171273,9762843.8015497,81.956],[615214.7125669,9762843.906,81.956],[615214.7171273,9762844.0104503,81.956],[615214.7307738,9762844.1141057,81.956],[615214.7534025,9762844.2161773,81.956],[615214.7848412,9762844.3158883,81.956],[615214.8248507,9762844.4124797,81.956],[615214.8731265,9762844.5052166,81.956],[615214.9293011,9762844.593393,81.956],[615214.992947,9762844.676338,81.956],[615215.0635798,9762844.7534202,81.956],[615215.140662,9762844.824053,81.956],[615215.223607,9762844.887699,81.956],[615215.3117834,9762844.9438735,81.956],[615215.4045203,9762844.9921493,81.956],[615215.5011117,9762845.0321588,81.956],[615215.6008227,9762845.0635975,81.956],[615215.7028943,9762845.0862262,81.956],[615215.8065497,9762845.0998727,81.956],[615215.911,9762845.1044331,81.956],[615216.0154503,9762845.0998727,81.956],[615216.1191057,9762845.0862262,81.956],[615216.2211773,9762845.0635975,81.956],[615216.3208883,9762845.0321588,81.956],[615216.4174797,9762844.9921493,81.956],[615216.5102166,9762844.9438735,81.956],[615216.598393,9762844.887699,81.956],[615216.681338,9762844.824053,81.956],[615216.7584202,9762844.7534202,81.956],[615216.829053,9762844.676338,81.956],[615216.8926989,9762844.593393,81.956],[615216.9488735,9762844.5052166,81.956],[615216.9971493,9762844.4124797,81.956],[615217.0371588,9762844.3158883,81.956],[615217.0685975,9762844.2161773,81.956],[615217.0912262,9762844.1141057,81.956],[615217.1048727,9762844.0104503,81.956],[615217.1094331,9762843.906,81.956]]]]}},
{"type":"Feature","properties":{"Layer":"MP_CAMARAS AASS"},"geometry":{"type":"MultiPolygon","coordinates":[[[[615192.8314331,9762834.318,82.382],[615192.8268727,9762834.2135497,82.382],[615192.8132262,9762834.1098943,82.382],[615192.7905975,9762834.0078227,82.382],[615192.7591588,9762833.9081117,82.382],[615192.7191493,9762833.8115203,82.382],[615192.6708735,9762833.7187834,82.382],[615192.6146989,9762833.630607,82.382],[615192.551053,9762833.547662,82.382],[615192.4804202,9762833.4705798,82.382],[615192.403338,9762833.399947,82.382],[615192.320393,9762833.336301,82.382],[615192.2322166,9762833.2801265,82.382],[615192.1394797,9762833.2318507,82.382],[615192.0428883,9762833.1918412,82.382],[615191.9431773,9762833.1604025,82.382],[615191.8411057,9762833.1377738,82.382],[615191.7374503,9762833.1241273,82.382],[615191.633,9762833.1195669,82.382],[615191.5285497,9762833.1241273,82.382],[615191.4248943,9762833.1377738,82.382],[615191.3228227,9762833.1604025,82.382],[615191.2231117,9762833.1918412,82.382],[615191.1265203,9762833.2318507,82.382],[615191.0337834,9762833.2801265,82.382],[615190.945607,9762833.336301,82.382],[615190.862662,9762833.399947,82.382],[615190.7855798,9762833.4705798,82.382],[615190.714947,9762833.547662,82.382],[615190.6513011,9762833.630607,82.382],[615190.5951265,9762833.7187834,82.382],[615190.5468507,9762833.8115203,82.382],[615190.5068412,9762833.9081117,82.382],[615190.4754025,9762834.0078227,82.382],[615190.4527738,9762834.1098943,82.382],[615190.4391273,9762834.2135497,82.382],[615190.4345669,9762834.318,82.382],[615190.4391273,9762834.4224503,82.382],[615190.4527738,9762834.5261057,82.382],[615190.4754025,9762834.6281773,82.382],[615190.5068412,9762834.7278883,82.382],[615190.5468507,9762834.8244797,82.382],[615190.5951265,9762834.9172166,82.382],[615190.6513011,9762835.005393,82.382],[615190.714947,9762835.088338,82.382],[615190.7855798,9762835.1654202,82.382],[615190.862662,9762835.236053,82.382],[615190.945607,9762835.299699,82.382],[615191.0337834,9762835.3558735,82.382],[615191.1265203,9762835.4041493,82.382],[615191.2231117,9762835.4441588,82.382],[615191.3228227,9762835.4755975,82.382],[615191.4248943,9762835.4982262,82.382],[615191.5285497,9762835.5118727,82.382],[615191.633,9762835.5164331,82.382],[615191.7374503,9762835.5118727,82.382],[615191.8411057,9762835.4982262,82.382],[615191.9431773,9762835.4755975,82.382],[615192.0428883,9762835.4441588,82.382],[615192.1394797,9762835.4041493,82.382],[615192.2322166,9762835.3558735,82.382],[615192.320393,9762835.299699,82.382],[615192.403338,9762835.236053,82.382],[615192.4804202,9762835.1654202,82.382],[615192.551053,9762835.088338,82.382],[615192.6146989,9762835.005393,82.382],[615192.6708735,9762834.9172166,82.382],[615192.7191493,9762834.8244797,82.382],[615192.7591588,9762834.7278883,82.382],[615192.7905975,9762834.6281773,82.382],[615192.8132262,9762834.5261057,82.382],[615192.8268727,9762834.4224503,82.382],[615192.8314331,9762834.318,82.382]]]]}},
{"type":"Feature","properties":{"Layer":"MP_CAMARAS AASS"},"geometry":{"type":"MultiPolygon","coordinates":[[[[615148.4624331,9762878.636,81.824],[615148.4578727,9762878.5315497,81.824],[615148.4442262,9762878.4278943,81.824],[615148.4215975,9762878.3258227,81.824],[615148.3901588,9762878.2261117,81.824],[615148.3501493,9762878.1295203,81.824],[615148.3018735,9762878.0367834,81.824],[615148.2456989,9762877.948607,81.824],[615148.182053,9762877.865662,81.824],[615148.1114202,9762877.7885798,81.824],[615148.034338,9762877.717947,81.824],[615147.951393,9762877.654301,81.824],[615147.8632166,9762877.5981265,81.824],[615147.7704797,9762877.5498507,81.824],[615147.6738883,9762877.5098412,81.824],[615147.5741773,9762877.4784025,81.824],[615147.4721057,9762877.4557738,81.824],[615147.3684503,9762877.4421273,81.824],[615147.264,9762877.4375669,81.824],[615147.1595497,9762877.4421273,81.824],[615147.0558943,9762877.4557738,81.824],[615146.9538227,9762877.4784025,81.824],[615146.8541117,9762877.5098412,81.824],[615146.7575203,9762877.5498507,81.824],[615146.6647834,9762877.5981265,81.824],[615146.576607,9762877.654301,81.824],[615146.493662,9762877.717947,81.824],[615146.4165798,9762877.7885798,81.824],[615146.345947,9762877.865662,81.824],[615146.2823011,9762877.948607,81.824],[615146.2261265,9762878.0367834,81.824],[615146.1778507,9762878.1295203,81.824],[615146.1378412,9762878.2261117,81.824],[615146.1064025,9762878.3258227,81.824],[615146.0837738,9762878.4278943,81.824],[615146.0701273,9762878.5315497,81.824],[615146.0655669,9762878.636,81.824],[615146.0701273,9762878.7404503,81.824],[615146.0837738,9762878.8441057,81.824],[615146.1064025,9762878.9461773,81.824],[615146.1378412,9762879.0458883,81.824],[615146.1778507,9762879.1424797,81.824],[615146.2261265,9762879.2352166,81.824],[615146.2823011,9762879.323393,81.824],[615146.345947,9762879.406338,81.824],[615146.4165798,9762879.4834202,81.824],[615146.493662,9762879.554053,81.824],[615146.576607,9762879.617699,81.824],[615146.6647834,9762879.6738735,81.824],[615146.7575203,9762879.7221493,81.824],[615146.8541117,9762879.7621588,81.824],[615146.9538227,9762879.7935975,81.824],[615147.0558943,9762879.8162262,81.824],[615147.1595497,9762879.8298727,81.824],[615147.264,9762879.8344331,81.824],[615147.3684503,9762879.8298727,81.824],[615147.4721057,9762879.8162262,81.824],[615147.5741773,9762879.7935975,81.824],[615147.6738883,9762879.7621588,81.824],[615147.7704797,9762879.7221493,81.824],[615147.8632166,9762879.6738735,81.824],[615147.951393,9762879.617699,81.824],[615148.034338,9762879.554053,81.824],[615148.1114202,9762879.4834202,81.824],[615148.182053,9762879.406338,81.824],[615148.2456989,9762879.323393,81.824],[615148.3018735,9762879.2352166,81.824],[615148.3501493,9762879.1424797,81.824],[615148.3901588,9762879.0458883,81.824],[615148.4215975,9762878.9461773,81.824],[615148.4442262,9762878.8441057,81.824],[615148.4578727,9762878.7404503,81.824],[615148.4624331,9762878.636,81.824]]]]}},
{"type":"Feature","properties":{"Layer":"MP_CAMARAS AASS"},"geometry":{"type":"MultiPolygon","coordinates":[[[[615125.0574331,9762885.712,79.512],[615125.0528727,9762885.6075497,79.512],[615125.0392262,9762885.5038943,79.512],[615125.0165975,9762885.4018227,79.512],[615124.9851588,9762885.3021117,79.512],[615124.9451493,9762885.2055203,79.512],[615124.8968735,9762885.1127834,79.512],[615124.8406989,9762885.024607,79.512],[615124.777053,9762884.941662,79.512],[615124.7064202,9762884.8645798,79.512],[615124.629338,9762884.793947,79.512],[615124.546393,9762884.730301,79.512],[615124.4582166,9762884.6741265,79.512],[615124.3654797,9762884.6258507,79.512],[615124.2688883,9762884.5858412,79.512],[615124.1691773,9762884.5544025,79.512],[615124.0671057,9762884.5317738,79.512],[615123.9634503,9762884.5181273,79.512],[615123.859,9762884.5135669,79.512],[615123.7545497,9762884.5181273,79.512],[615123.6508943,9762884.5317738,79.512],[615123.5488227,9762884.5544025,79.512],[615123.4491117,9762884.5858412,79.512],[615123.3525203,9762884.6258507,79.512],[615123.2597834,9762884.6741265,79.512],[615123.171607,9762884.730301,79.512],[615123.088662,9762884.793947,79.512],[615123.0115798,9762884.8645798,79.512],[615122.940947,9762884.941662,79.512],[615122.8773011,9762885.024607,79.512],[615122.8211265,9762885.1127834,79.512],[615122.7728507,9762885.2055203,79.512],[615122.7328412,9762885.3021117,79.512],[615122.7014025,9762885.4018227,79.512],[615122.6787738,9762885.5038943,79.512],[615122.6651273,9762885.6075497,79.512],[615122.6605669,9762885.712,79.512],[615122.6651273,9762885.8164503,79.512],[615122.6787738,9762885.9201057,79.512],[615122.7014025,9762886.0221773,79.512],[615122.7328412,9762886.1218883,79.512],[615122.7728507,9762886.2184797,79.512],[615122.8211265,9762886.3112166,79.512],[615122.8773011,9762886.399393,79.512],[615122.940947,9762886.482338,79.512],[615123.0115798,9762886.5594202,79.512],[615123.088662,9762886.630053,79.512],[615123.171607,9762886.693699,79.512],[615123.2597834,9762886.7498735,79.512],[615123.3525203,9762886.7981493,79.512],[615123.4491117,9762886.8381588,79.512],[615123.5488227,9762886.8695975,79.512],[615123.6508943,9762886.8922262,79.512],[615123.7545497,9762886.9058727,79.512],[615123.859,9762886.9104331,79.512],[615123.9634503,9762886.9058727,79.512],[615124.0671057,9762886.8922262,79.512],[615124.1691773,9762886.8695975,79.512],[615124.2688883,9762886.8381588,79.512],[615124.3654797,9762886.7981493,79.512],[615124.4582166,9762886.7498735,79.512],[615124.546393,9762886.693699,79.512],[615124.629338,9762886.630053,79.512],[615124.7064202,9762886.5594202,79.512],[615124.777053,9762886.482338,79.512],[615124.8406989,9762886.399393,79.512],[615124.8968735,9762886.3112166,79.512],[615124.9451493,9762886.2184797,79.512],[615124.9851588,9762886.1218883,79.512],[615125.0165975,9762886.0221773,79.512],[615125.0392262,9762885.9201057,79.512],[615125.0528727,9762885.8164503,79.512],[615125.0574331,9762885.712,79.512]]]]}},
{"type":"Feature","properties":{"Layer":"MP_CAMARAS AASS"},"geometry":{"type":"MultiPolygon","coordinates":[[[[615032.7354331,9763008.452,77.831],[615032.7308727,9763008.3475497,77.831],[615032.7172262,9763008.2438943,77.831],[615032.6945975,9763008.1418227,77.831],[615032.6631588,9763008.0421117,77.831],[615032.6231493,9763007.9455203,77.831],[615032.5748735,9763007.8527834,77.831],[615032.5186989,9763007.764607,77.831],[615032.455053,9763007.681662,77.831],[615032.3844202,9763007.6045798,77.831],[615032.307338,9763007.533947,77.831],[615032.224393,9763007.470301,77.831],[615032.1362166,9763007.4141265,77.831],[615032.0434797,9763007.3658507,77.831],[615031.9468883,9763007.3258412,77.831],[615031.8471773,9763007.2944025,77.831],[615031.7451057,9763007.2717738,77.831],[615031.6414503,9763007.2581273,77.831],[615031.537,9763007.2535669,77.831],[615031.4325497,9763007.2581273,77.831],[615031.3288943,9763007.2717738,77.831],[615031.2268227,9763007.2944025,77.831],[615031.1271117,9763007.3258412,77.831],[615031.0305203,9763007.3658507,77.831],[615030.9377834,9763007.4141265,77.831],[615030.849607,9763007.470301,77.831],[615030.766662,9763007.533947,77.831],[615030.6895798,9763007.6045798,77.831],[615030.618947,9763007.681662,77.831],[615030.5553011,9763007.764607,77.831],[615030.4991265,9763007.8527834,77.831],[615030.4508507,9763007.9455203,77.831],[615030.4108412,9763008.0421117,77.831],[615030.3794025,9763008.1418227,77.831],[615030.3567738,9763008.2438943,77.831],[615030.3431273,9763008.3475497,77.831],[615030.3385669,9763008.452,77.831],[615030.3431273,9763008.5564503,77.831],[615030.3567738,9763008.6601057,77.831],[615030.3794025,9763008.7621773,77.831],[615030.4108412,9763008.8618883,77.831],[615030.4508507,9763008.9584797,77.831],[615030.4991265,9763009.0512166,77.831],[615030.5553011,9763009.139393,77.831],[615030.618947,9763009.222338,77.831],[615030.6895798,9763009.2994202,77.831],[615030.766662,9763009.370053,77.831],[615030.849607,9763009.433699,77.831],[615030.9377834,9763009.4898735,77.831],[615031.0305203,9763009.5381493,77.831],[615031.1271117,9763009.5781588,77.831],[615031.2268227,9763009.6095975,77.831],[615031.3288943,9763009.6322262,77.831],[615031.4325497,9763009.6458727,77.831],[615031.537,9763009.6504331,77.831],[615031.6414503,9763009.6458727,77.831],[615031.7451057,9763009.6322262,77.831],[615031.8471773,9763009.6095975,77.831],[615031.9468883,9763009.5781588,77.831],[615032.0434797,9763009.5381493,77.831],[615032.1362166,9763009.4898735,77.831],[615032.224393,9763009.433699,77.831],[615032.307338,9763009.370053,77.831],[615032.3844202,9763009.2994202,77.831],[615032.455053,9763009.222338,77.831],[615032.5186989,9763009.139393,77.831],[615032.5748735,9763009.0512166,77.831],[615032.6231493,9763008.9584797,77.831],[615032.6631588,9763008.8618883,77.831],[615032.6945975,9763008.7621773,77.831],[615032.7172262,9763008.6601057,77.831],[615032.7308727,9763008.5564503,77.831],[615032.7354331,9763008.452,77.831]]]]}},
{"type":"Feature","properties":{"Layer":"MP_CAMARAS AASS"},"geometry":{"type":"MultiPolygon","coordinates":[[[[615002.6014331,9763046.942,77.593],[615002.5968727,9763046.8375497,77.593],[615002.5832262,9763046.7338943,77.593],[615002.5605975,9763046.6318227,77.593],[615002.5291588,9763046.5321117,77.593],[615002.4891493,9763046.4355203,77.593],[615002.4408735,9763046.3427834,77.593],[615002.3846989,9763046.254607,77.593],[615002.321053,9763046.171662,77.593],[615002.2504202,9763046.0945798,77.593],[615002.173338,9763046.023947,77.593],[615002.090393,9763045.960301,77.593],[615002.0022166,9763045.9041265,77.593],[615001.9094797,9763045.8558507,77.593],[615001.8128883,9763045.8158412,77.593],[615001.7131773,9763045.7844025,77.593],[615001.6111057,9763045.7617738,77.593],[615001.5074503,9763045.7481273,77.593],[615001.403,9763045.7435669,77.593],[615001.2985497,9763045.7481273,77.593],[615001.1948943,9763045.7617738,77.593],[615001.0928227,9763045.7844025,77.593],[615000.9931117,9763045.8158412,77.593],[615000.8965203,9763045.8558507,77.593],[615000.8037834,9763045.9041265,77.593],[615000.715607,9763045.960301,77.593],[615000.632662,9763046.023947,77.593],[615000.5555798,9763046.0945798,77.593],[615000.484947,9763046.171662,77.593],[615000.4213011,9763046.254607,77.593],[615000.3651265,9763046.3427834,77.593],[615000.3168507,9763046.4355203,77.593],[615000.2768412,9763046.5321117,77.593],[615000.2454025,9763046.6318227,77.593],[615000.2227738,9763046.7338943,77.593],[615000.2091273,9763046.8375497,77.593],[615000.2045669,9763046.942,77.593],[615000.2091273,9763047.0464503,77.593],[615000.2227738,9763047.1501057,77.593],[615000.2454025,9763047.2521773,77.593],[615000.2768412,9763047.3518883,77.593],[615000.3168507,9763047.4484797,77.593],[615000.3651265,9763047.5412166,77.593],[615000.4213011,9763047.629393,77.593],[615000.484947,9763047.712338,77.593],[615000.5555798,9763047.7894202,77.593],[615000.632662,9763047.860053,77.593],[615000.715607,9763047.923699,77.593],[615000.8037834,9763047.9798735,77.593],[615000.8965203,9763048.0281493,77.593],[615000.9931117,9763048.0681588,77.593],[615001.0928227,9763048.0995975,77.593],[615001.1948943,9763048.1222262,77.593],[615001.2985497,9763048.1358727,77.593],[615001.403,9763048.1404331,77.593],[615001.5074503,9763048.1358727,77.593],[615001.6111057,9763048.1222262,77.593],[615001.7131773,9763048.0995975,77.593],[615001.8128883,9763048.0681588,77.593],[615001.9094797,9763048.0281493,77.593],[615002.0022166,9763047.9798735,77.593],[615002.090393,9763047.923699,77.593],[615002.173338,9763047.860053,77.593],[615002.2504202,9763047.7894202,77.593],[615002.321053,9763047.712338,77.593],[615002.3846989,9763047.629393,77.593],[615002.4408735,9763047.5412166,77.593],[615002.4891493,9763047.4484797,77.593],[615002.5291588,9763047.3518883,77.593],[615002.5605975,9763047.2521773,77.593],[615002.5832262,9763047.1501057,77.593],[615002.5968727,9763047.0464503,77.593],[615002.6014331,9763046.942,77.593]]]]}},
{"type":"Feature","properties":{"Layer":"MP_CAMARAS AASS"},"geometry":{"type":"MultiPolygon","coordinates":[[[[614976.1634331,9763066.937,77.292],[614976.1588727,9763066.8325497,77.292],[614976.1452262,9763066.7288943,77.292],[614976.1225975,9763066.6268227,77.292],[614976.0911588,9763066.5271117,77.292],[614976.0511493,9763066.4305203,77.292],[614976.0028735,9763066.3377834,77.292],[614975.9466989,9763066.249607,77.292],[614975.883053,9763066.166662,77.292],[614975.8124202,9763066.0895798,77.292],[614975.735338,9763066.018947,77.292],[614975.652393,9763065.9553011,77.292],[614975.5642166,9763065.8991265,77.292],[614975.4714797,9763065.8508507,77.292],[614975.3748883,9763065.8108412,77.292],[614975.2751773,9763065.7794025,77.292],[614975.1731057,9763065.7567738,77.292],[614975.0694503,9763065.7431273,77.292],[614974.965,9763065.7385669,77.292],[614974.8605497,9763065.7431273,77.292],[614974.7568943,9763065.7567738,77.292],[614974.6548227,9763065.7794025,77.292],[614974.5551117,9763065.8108412,77.292],[614974.4585203,9763065.8508507,77.292],[614974.3657834,9763065.8991265,77.292],[614974.277607,9763065.9553011,77.292],[614974.194662,9763066.018947,77.292],[614974.1175798,9763066.0895798,77.292],[614974.046947,9763066.166662,77.292],[614973.9833011,9763066.249607,77.292],[614973.9271265,9763066.3377834,77.292],[614973.8788507,9763066.4305203,77.292],[614973.8388412,9763066.5271117,77.292],[614973.8074025,9763066.6268227,77.292],[614973.7847738,9763066.7288943,77.292],[614973.7711273,9763066.8325497,77.292],[614973.7665669,9763066.937,77.292],[614973.7711273,9763067.0414503,77.292],[614973.7847738,9763067.1451057,77.292],[614973.8074025,9763067.2471773,77.292],[614973.8388412,9763067.3468883,77.292],[614973.8788507,9763067.4434797,77.292],[614973.9271265,9763067.5362166,77.292],[614973.9833011,9763067.624393,77.292],[614974.046947,9763067.707338,77.292],[614974.1175798,9763067.7844202,77.292],[614974.194662,9763067.855053,77.292],[614974.277607,9763067.918699,77.292],[614974.3657834,9763067.9748735,77.292],[614974.4585203,9763068.0231493,77.292],[614974.5551117,9763068.0631588,77.292],[614974.6548227,9763068.0945975,77.292],[614974.7568943,9763068.1172262,77.292],[614974.8605497,9763068.1308727,77.292],[614974.965,9763068.1354331,77.292],[614975.0694503,9763068.1308727,77.292],[614975.1731057,9763068.1172262,77.292],[614975.2751773,9763068.0945975,77.292],[614975.3748883,9763068.0631588,77.292],[614975.4714797,9763068.0231493,77.292],[614975.5642166,9763067.9748735,77.292],[614975.652393,9763067.918699,77.292],[614975.735338,9763067.855053,77.292],[614975.8124202,9763067.7844202,77.292],[614975.883053,9763067.707338,77.292],[614975.9466989,9763067.624393,77.292],[614976.0028735,9763067.5362166,77.292],[614976.0511493,9763067.4434797,77.292],[614976.0911588,9763067.3468883,77.292],[614976.1225975,9763067.2471773,77.292],[614976.1452262,9763067.1451057,77.292],[614976.1588727,9763067.0414503,77.292],[614976.1634331,9763066.937,77.292]]]]}},
{"type":"Feature","properties":{"Layer":"MP_CAMARAS AASS"},"geometry":{"type":"MultiPolygon","coordinates":[[[[614908.9504331,9763042.628,76.155],[614908.9458727,9763042.5235497,76.155],[614908.9322262,9763042.4198943,76.155],[614908.9095975,9763042.3178227,76.155],[614908.8781588,9763042.2181117,76.155],[614908.8381493,9763042.1215203,76.155],[614908.7898735,9763042.0287834,76.155],[614908.7336989,9763041.940607,76.155],[614908.670053,9763041.857662,76.155],[614908.5994202,9763041.7805798,76.155],[614908.522338,9763041.709947,76.155],[614908.439393,9763041.646301,76.155],[614908.3512166,9763041.5901265,76.155],[614908.2584797,9763041.5418507,76.155],[614908.1618883,9763041.5018412,76.155],[614908.0621773,9763041.4704025,76.155],[614907.9601057,9763041.4477738,76.155],[614907.8564503,9763041.4341273,76.155],[614907.752,9763041.4295669,76.155],[614907.6475497,9763041.4341273,76.155],[614907.5438943,9763041.4477738,76.155],[614907.4418227,9763041.4704025,76.155],[614907.3421117,9763041.5018412,76.155],[614907.2455203,9763041.5418507,76.155],[614907.1527834,9763041.5901265,76.155],[614907.064607,9763041.646301,76.155],[614906.981662,9763041.709947,76.155],[614906.9045798,9763041.7805798,76.155],[614906.833947,9763041.857662,76.155],[614906.7703011,9763041.940607,76.155],[614906.7141265,9763042.0287834,76.155],[614906.6658507,9763042.1215203,76.155],[614906.6258412,9763042.2181117,76.155],[614906.5944025,9763042.3178227,76.155],[614906.5717738,9763042.4198943,76.155],[614906.5581273,9763042.5235497,76.155],[614906.5535669,9763042.628,76.155],[614906.5581273,9763042.7324503,76.155],[614906.5717738,9763042.8361057,76.155],[614906.5944025,9763042.9381773,76.155],[614906.6258412,9763043.0378883,76.155],[614906.6658507,9763043.1344797,76.155],[614906.7141265,9763043.2272166,76.155],[614906.7703011,9763043.315393,76.155],[614906.833947,9763043.398338,76.155],[614906.9045798,9763043.4754202,76.155],[614906.981662,9763043.546053,76.155],[614907.064607,9763043.609699,76.155],[614907.1527834,9763043.6658735,76.155],[614907.2455203,9763043.7141493,76.155],[614907.3421117,9763043.7541588,76.155],[614907.4418227,9763043.7855975,76.155],[614907.5438943,9763043.8082262,76.155],[614907.6475497,9763043.8218727,76.155],[614907.752,9763043.8264331,76.155],[614907.8564503,9763043.8218727,76.155],[614907.9601057,9763043.8082262,76.155],[614908.0621773,9763043.7855975,76.155],[614908.1618883,9763043.7541588,76.155],[614908.2584797,9763043.7141493,76.155],[614908.3512166,9763043.6658735,76.155],[614908.439393,9763043.609699,76.155],[614908.522338,9763043.546053,76.155],[614908.5994202,9763043.4754202,76.155],[614908.670053,9763043.398338,76.155],[614908.7336989,9763043.315393,76.155],[614908.7898735,9763043.2272166,76.155],[614908.8381493,9763043.1344797,76.155],[614908.8781588,9763043.0378883,76.155],[614908.9095975,9763042.9381773,76.155],[614908.9322262,9763042.8361057,76.155],[614908.9458727,9763042.7324503,76.155],[614908.9504331,9763042.628,76.155]]]]}},
{"type":"Feature","properties":{"Layer":"MP_CAMARAS AASS"},"geometry":{"type":"MultiPolygon","coordinates":[[[[614917.3534331,9763012.014,75.778],[614917.3488727,9763011.9095497,75.778],[614917.3352262,9763011.8058943,75.778],[614917.3125975,9763011.7038227,75.778],[614917.2811588,9763011.6041117,75.778],[614917.2411493,9763011.5075203,75.778],[614917.1928735,9763011.4147834,75.778],[614917.1366989,9763011.326607,75.778],[614917.073053,9763011.243662,75.778],[614917.0024202,9763011.1665798,75.778],[614916.925338,9763011.095947,75.778],[614916.842393,9763011.032301,75.778],[614916.7542166,9763010.9761265,75.778],[614916.6614797,9763010.9278507,75.778],[614916.5648883,9763010.8878412,75.778],[614916.4651773,9763010.8564025,75.778],[614916.3631057,9763010.8337738,75.778],[614916.2594503,9763010.8201273,75.778],[614916.155,9763010.8155669,75.778],[614916.0505497,9763010.8201273,75.778],[614915.9468943,9763010.8337738,75.778],[614915.8448227,9763010.8564025,75.778],[614915.7451117,9763010.8878412,75.778],[614915.6485203,9763010.9278507,75.778],[614915.5557834,9763010.9761265,75.778],[614915.467607,9763011.032301,75.778],[614915.384662,9763011.095947,75.778],[614915.3075798,9763011.1665798,75.778],[614915.236947,9763011.243662,75.778],[614915.1733011,9763011.326607,75.778],[614915.1171265,9763011.4147834,75.778],[614915.0688507,9763011.5075203,75.778],[614915.0288412,9763011.6041117,75.778],[614914.9974025,9763011.7038227,75.778],[614914.9747738,9763011.8058943,75.778],[614914.9611273,9763011.9095497,75.778],[614914.9565669,9763012.014,75.778],[614914.9611273,9763012.1184503,75.778],[614914.9747738,9763012.2221057,75.778],[614914.9974025,9763012.3241773,75.778],[614915.0288412,9763012.4238883,75.778],[614915.0688507,9763012.5204797,75.778],[614915.1171265,9763012.6132166,75.778],[614915.1733011,9763012.701393,75.778],[614915.236947,9763012.784338,75.778],[614915.3075798,9763012.8614202,75.778],[614915.384662,9763012.932053,75.778],[614915.467607,9763012.995699,75.778],[614915.5557834,9763013.0518735,75.778],[614915.6485203,9763013.1001493,75.778],[614915.7451117,9763013.1401588,75.778],[614915.8448227,9763013.1715975,75.778],[614915.9468943,9763013.1942262,75.778],[614916.0505497,9763013.2078727,75.778],[614916.155,9763013.2124331,75.778],[614916.2594503,9763013.2078727,75.778],[614916.3631057,9763013.1942262,75.778],[614916.4651773,9763013.1715975,75.778],[614916.5648883,9763013.1401588,75.778],[614916.6614797,9763013.1001493,75.778],[614916.7542166,9763013.0518735,75.778],[614916.842393,9763012.995699,75.778],[614916.925338,9763012.932053,75.778],[614917.0024202,9763012.8614202,75.778],[614917.073053,9763012.784338,75.778],[614917.1366989,9763012.701393,75.778],[614917.1928735,9763012.6132166,75.778],[614917.2411493,9763012.5204797,75.778],[614917.2811588,9763012.4238883,75.778],[614917.3125975,9763012.3241773,75.778],[614917.3352262,9763012.2221057,75.778],[614917.3488727,9763012.1184503,75.778],[614917.3534331,9763012.014,75.778]]]]}},
{"type":"Feature","properties":{"Layer":"MP_CAMARAS AASS"},"geometry":{"type":"MultiPolygon","coordinates":[[[[614925.7984331,9763012.574,74.544],[614925.7938727,9763012.4695497,74.544],[614925.7802262,9763012.3658943,74.544],[614925.7575975,9763012.2638227,74.544],[614925.7261588,9763012.1641117,74.544],[614925.6861493,9763012.0675203,74.544],[614925.6378735,9763011.9747834,74.544],[614925.5816989,9763011.886607,74.544],[614925.518053,9763011.803662,74.544],[614925.4474202,9763011.7265798,74.544],[614925.370338,9763011.655947,74.544],[614925.287393,9763011.592301,74.544],[614925.1992166,9763011.5361265,74.544],[614925.1064797,9763011.4878507,74.544],[614925.0098883,9763011.4478412,74.544],[614924.9101773,9763011.4164025,74.544],[614924.8081057,9763011.3937738,74.544],[614924.7044503,9763011.3801273,74.544],[614924.6,9763011.3755669,74.544],[614924.4955497,9763011.3801273,74.544],[614924.3918943,9763011.3937738,74.544],[614924.2898227,9763011.4164025,74.544],[614924.1901117,9763011.4478412,74.544],[614924.0935203,9763011.4878507,74.544],[614924.0007834,9763011.5361265,74.544],[614923.912607,9763011.592301,74.544],[614923.829662,9763011.655947,74.544],[614923.7525798,9763011.7265798,74.544],[614923.681947,9763011.803662,74.544],[614923.6183011,9763011.886607,74.544],[614923.5621265,9763011.9747834,74.544],[614923.5138507,9763012.0675203,74.544],[614923.4738412,9763012.1641117,74.544],[614923.4424025,9763012.2638227,74.544],[614923.4197738,9763012.3658943,74.544],[614923.4061273,9763012.4695497,74.544],[614923.4015669,9763012.574,74.544],[614923.4061273,9763012.6784503,74.544],[614923.4197738,9763012.7821057,74.544],[614923.4424025,9763012.8841773,74.544],[614923.4738412,9763012.9838883,74.544],[614923.5138507,9763013.0804797,74.544],[614923.5621265,9763013.1732166,74.544],[614923.6183011,9763013.261393,74.544],[614923.681947,9763013.344338,74.544],[614923.7525798,9763013.4214202,74.544],[614923.829662,9763013.492053,74.544],[614923.912607,9763013.5556989,74.544],[614924.0007834,9763013.6118735,74.544],[614924.0935203,9763013.6601493,74.544],[614924.1901117,9763013.7001588,74.544],[614924.2898227,9763013.7315975,74.544],[614924.3918943,9763013.7542262,74.544],[614924.4955497,9763013.7678727,74.544],[614924.6,9763013.7724331,74.544],[614924.7044503,9763013.7678727,74.544],[614924.8081057,9763013.7542262,74.544],[614924.9101773,9763013.7315975,74.544],[614925.0098883,9763013.7001588,74.544],[614925.1064797,9763013.6601493,74.544],[614925.1992166,9763013.6118735,74.544],[614925.287393,9763013.5556989,74.544],[614925.370338,9763013.492053,74.544],[614925.4474202,9763013.4214202,74.544],[614925.518053,9763013.344338,74.544],[614925.5816989,9763013.261393,74.544],[614925.6378735,9763013.1732166,74.544],[614925.6861493,9763013.0804797,74.544],[614925.7261588,9763012.9838883,74.544],[614925.7575975,9763012.8841773,74.544],[614925.7802262,9763012.7821057,74.544],[614925.7938727,9763012.6784503,74.544],[614925.7984331,9763012.574,74.544]]]]}},
{"type":"Feature","properties":{"Layer":"MP_CAMARAS AASS"},"geometry":{"type":"MultiPolygon","coordinates":[[[[614929.5704331,9762978.297,73.878],[614929.5658727,9762978.1925497,73.878],[614929.5522262,9762978.0888943,73.878],[614929.5295975,9762977.9868227,73.878],[614929.4981588,9762977.8871117,73.878],[614929.4581493,9762977.7905203,73.878],[614929.4098735,9762977.6977834,73.878],[614929.3536989,9762977.609607,73.878],[614929.290053,9762977.526662,73.878],[614929.2194202,9762977.4495798,73.878],[614929.142338,9762977.378947,73.878],[614929.059393,9762977.315301,73.878],[614928.9712166,9762977.2591265,73.878],[614928.8784797,9762977.2108507,73.878],[614928.7818883,9762977.1708412,73.878],[614928.6821773,9762977.1394025,73.878],[614928.5801057,9762977.1167738,73.878],[614928.4764503,9762977.1031273,73.878],[614928.372,9762977.0985669,73.878],[614928.2675497,9762977.1031273,73.878],[614928.1638943,9762977.1167738,73.878],[614928.0618227,9762977.1394025,73.878],[614927.9621117,9762977.1708412,73.878],[614927.8655203,9762977.2108507,73.878],[614927.7727834,9762977.2591265,73.878],[614927.684607,9762977.315301,73.878],[614927.601662,9762977.378947,73.878],[614927.5245798,9762977.4495798,73.878],[614927.453947,9762977.526662,73.878],[614927.3903011,9762977.609607,73.878],[614927.3341265,9762977.6977834,73.878],[614927.2858507,9762977.7905203,73.878],[614927.2458412,9762977.8871117,73.878],[614927.2144025,9762977.9868227,73.878],[614927.1917738,9762978.0888943,73.878],[614927.1781273,9762978.1925497,73.878],[614927.1735669,9762978.297,73.878],[614927.1781273,9762978.4014503,73.878],[614927.1917738,9762978.5051057,73.878],[614927.2144025,9762978.6071773,73.878],[614927.2458412,9762978.7068883,73.878],[614927.2858507,9762978.8034797,73.878],[614927.3341265,9762978.8962166,73.878],[614927.3903011,9762978.984393,73.878],[614927.453947,9762979.067338,73.878],[614927.5245798,9762979.1444202,73.878],[614927.601662,9762979.215053,73.878],[614927.684607,9762979.278699,73.878],[614927.7727834,9762979.3348735,73.878],[614927.8655203,9762979.3831493,73.878],[614927.9621117,9762979.4231588,73.878],[614928.0618227,9762979.4545975,73.878],[614928.1638943,9762979.4772262,73.878],[614928.2675497,9762979.4908727,73.878],[614928.372,9762979.4954331,73.878],[614928.4764503,9762979.4908727,73.878],[614928.5801057,9762979.4772262,73.878],[614928.6821773,9762979.4545975,73.878],[614928.7818883,9762979.4231588,73.878],[614928.8784797,9762979.3831493,73.878],[614928.9712166,9762979.3348735,73.878],[614929.059393,9762979.278699,73.878],[614929.142338,9762979.215053,73.878],[614929.2194202,9762979.1444202,73.878],[614929.290053,9762979.067338,73.878],[614929.3536989,9762978.984393,73.878],[614929.4098735,9762978.8962166,73.878],[614929.4581493,9762978.8034797,73.878],[614929.4981588,9762978.7068883,73.878],[614929.5295975,9762978.6071773,73.878],[614929.5522262,9762978.5051057,73.878],[614929.5658727,9762978.4014503,73.878],[614929.5704331,9762978.297,73.878]]]]}},
{"type":"Feature","properties":{"Layer":"MP_CAMARAS AASS"},"geometry":{"type":"MultiPolygon","coordinates":[[[[614913.2884331,9762982.185,72.984],[614913.2838727,9762982.0805497,72.984],[614913.2702262,9762981.9768943,72.984],[614913.2475975,9762981.8748227,72.984],[614913.2161588,9762981.7751117,72.984],[614913.1761493,9762981.6785203,72.984],[614913.1278735,9762981.5857834,72.984],[614913.0716989,9762981.497607,72.984],[614913.008053,9762981.414662,72.984],[614912.9374202,9762981.3375798,72.984],[614912.860338,9762981.266947,72.984],[614912.777393,9762981.203301,72.984],[614912.6892166,9762981.1471265,72.984],[614912.5964797,9762981.0988507,72.984],[614912.4998883,9762981.0588412,72.984],[614912.4001773,9762981.0274025,72.984],[614912.2981057,9762981.0047738,72.984],[614912.1944503,9762980.9911273,72.984],[614912.09,9762980.9865669,72.984],[614911.9855497,9762980.9911273,72.984],[614911.8818943,9762981.0047738,72.984],[614911.7798227,9762981.0274025,72.984],[614911.6801117,9762981.0588412,72.984],[614911.5835203,9762981.0988507,72.984],[614911.4907834,9762981.1471265,72.984],[614911.402607,9762981.203301,72.984],[614911.319662,9762981.266947,72.984],[614911.2425798,9762981.3375798,72.984],[614911.171947,9762981.414662,72.984],[614911.1083011,9762981.497607,72.984],[614911.0521265,9762981.5857834,72.984],[614911.0038507,9762981.6785203,72.984],[614910.9638412,9762981.7751117,72.984],[614910.9324025,9762981.8748227,72.984],[614910.9097738,9762981.9768943,72.984],[614910.8961273,9762982.0805497,72.984],[614910.8915669,9762982.185,72.984],[614910.8961273,9762982.2894503,72.984],[614910.9097738,9762982.3931057,72.984],[614910.9324025,9762982.4951773,72.984],[614910.9638412,9762982.5948883,72.984],[614911.0038507,9762982.6914797,72.984],[614911.0521265,9762982.7842166,72.984],[614911.1083011,9762982.872393,72.984],[614911.171947,9762982.955338,72.984],[614911.2425798,9762983.0324202,72.984],[614911.319662,9762983.103053,72.984],[614911.402607,9762983.166699,72.984],[614911.4907834,9762983.2228735,72.984],[614911.5835203,9762983.2711493,72.984],[614911.6801117,9762983.3111588,72.984],[614911.7798227,9762983.3425975,72.984],[614911.8818943,9762983.3652262,72.984],[614911.9855497,9762983.3788727,72.984],[614912.09,9762983.3834331,72.984],[614912.1944503,9762983.3788727,72.984],[614912.2981057,9762983.3652262,72.984],[614912.4001773,9762983.3425975,72.984],[614912.4998883,9762983.3111588,72.984],[614912.5964797,9762983.2711493,72.984],[614912.6892166,9762983.2228735,72.984],[614912.777393,9762983.166699,72.984],[614912.860338,9762983.103053,72.984],[614912.9374202,9762983.0324202,72.984],[614913.008053,9762982.955338,72.984],[614913.0716989,9762982.872393,72.984],[614913.1278735,9762982.7842166,72.984],[614913.1761493,9762982.6914797,72.984],[614913.2161588,9762982.5948883,72.984],[614913.2475975,9762982.4951773,72.984],[614913.2702262,9762982.3931057,72.984],[614913.2838727,9762982.2894503,72.984],[614913.2884331,9762982.185,72.984]]]]}},
{"type":"Feature","properties":{"Layer":"MP_CAMARAS AASS"},"geometry":{"type":"MultiPolygon","coordinates":[[[[614919.5864331,9762967.819,73.164],[614919.5818727,9762967.7145497,73.164],[614919.5682262,9762967.6108943,73.164],[614919.5455975,9762967.5088227,73.164],[614919.5141588,9762967.4091117,73.164],[614919.4741493,9762967.3125203,73.164],[614919.4258735,9762967.2197834,73.164],[614919.3696989,9762967.131607,73.164],[614919.306053,9762967.048662,73.164],[614919.2354202,9762966.9715798,73.164],[614919.158338,9762966.900947,73.164],[614919.075393,9762966.837301,73.164],[614918.9872166,9762966.7811265,73.164],[614918.8944797,9762966.7328507,73.164],[614918.7978883,9762966.6928412,73.164],[614918.6981773,9762966.6614025,73.164],[614918.5961057,9762966.6387738,73.164],[614918.4924503,9762966.6251273,73.164],[614918.388,9762966.6205669,73.164],[614918.2835497,9762966.6251273,73.164],[614918.1798943,9762966.6387738,73.164],[614918.0778227,9762966.6614025,73.164],[614917.9781117,9762966.6928412,73.164],[614917.8815203,9762966.7328507,73.164],[614917.7887834,9762966.7811265,73.164],[614917.700607,9762966.837301,73.164],[614917.617662,9762966.900947,73.164],[614917.5405798,9762966.9715798,73.164],[614917.469947,9762967.048662,73.164],[614917.4063011,9762967.131607,73.164],[614917.3501265,9762967.2197834,73.164],[614917.3018507,9762967.3125203,73.164],[614917.2618412,9762967.4091117,73.164],[614917.2304025,9762967.5088227,73.164],[614917.2077738,9762967.6108943,73.164],[614917.1941273,9762967.7145497,73.164],[614917.1895669,9762967.819,73.164],[614917.1941273,9762967.9234503,73.164],[614917.2077738,9762968.0271057,73.164],[614917.2304025,9762968.1291773,73.164],[614917.2618412,9762968.2288883,73.164],[614917.3018507,9762968.3254797,73.164],[614917.3501265,9762968.4182166,73.164],[614917.4063011,9762968.506393,73.164],[614917.469947,9762968.589338,73.164],[614917.5405798,9762968.6664202,73.164],[614917.617662,9762968.737053,73.164],[614917.700607,9762968.800699,73.164],[614917.7887834,9762968.8568735,73.164],[614917.8815203,9762968.9051493,73.164],[614917.9781117,9762968.9451588,73.164],[614918.0778227,9762968.9765975,73.164],[614918.1798943,9762968.9992262,73.164],[614918.2835497,9762969.0128727,73.164],[614918.388,9762969.0174331,73.164],[614918.4924503,9762969.0128727,73.164],[614918.5961057,9762968.9992262,73.164],[614918.6981773,9762968.9765975,73.164],[614918.7978883,9762968.9451588,73.164],[614918.8944797,9762968.9051493,73.164],[614918.9872166,9762968.8568735,73.164],[614919.075393,9762968.800699,73.164],[614919.158338,9762968.737053,73.164],[614919.2354202,9762968.6664202,73.164],[614919.306053,9762968.589338,73.164],[614919.3696989,9762968.506393,73.164],[614919.4258735,9762968.4182166,73.164],[614919.4741493,9762968.3254797,73.164],[614919.5141588,9762968.2288883,73.164],[614919.5455975,9762968.1291773,73.164],[614919.5682262,9762968.0271057,73.164],[614919.5818727,9762967.9234503,73.164],[614919.5864331,9762967.819,73.164]]]]}},
{"type":"Feature","properties":{"Layer":"MP_CAMARAS AASS"},"geometry":{"type":"MultiPolygon","coordinates":[[[[614917.0204331,9762959.542,73.473],[614917.0158727,9762959.4375497,73.473],[614917.0022262,9762959.3338943,73.473],[614916.9795975,9762959.2318227,73.473],[614916.9481588,9762959.1321117,73.473],[614916.9081493,9762959.0355203,73.473],[614916.8598735,9762958.9427834,73.473],[614916.8036989,9762958.854607,73.473],[614916.740053,9762958.771662,73.473],[614916.6694202,9762958.6945798,73.473],[614916.592338,9762958.623947,73.473],[614916.509393,9762958.560301,73.473],[614916.4212166,9762958.5041265,73.473],[614916.3284797,9762958.4558507,73.473],[614916.2318883,9762958.4158412,73.473],[614916.1321773,9762958.3844025,73.473],[614916.0301057,9762958.3617738,73.473],[614915.9264503,9762958.3481273,73.473],[614915.822,9762958.3435669,73.473],[614915.7175497,9762958.3481273,73.473],[614915.6138943,9762958.3617738,73.473],[614915.5118227,9762958.3844025,73.473],[614915.4121117,9762958.4158412,73.473],[614915.3155203,9762958.4558507,73.473],[614915.2227834,9762958.5041265,73.473],[614915.134607,9762958.560301,73.473],[614915.051662,9762958.623947,73.473],[614914.9745798,9762958.6945798,73.473],[614914.903947,9762958.771662,73.473],[614914.8403011,9762958.854607,73.473],[614914.7841265,9762958.9427834,73.473],[614914.7358507,9762959.0355203,73.473],[614914.6958412,9762959.1321117,73.473],[614914.6644025,9762959.2318227,73.473],[614914.6417738,9762959.3338943,73.473],[614914.6281273,9762959.4375497,73.473],[614914.6235669,9762959.542,73.473],[614914.6281273,9762959.6464503,73.473],[614914.6417738,9762959.7501057,73.473],[614914.6644025,9762959.8521773,73.473],[614914.6958412,9762959.9518883,73.473],[614914.7358507,9762960.0484797,73.473],[614914.7841265,9762960.1412166,73.473],[614914.8403011,9762960.229393,73.473],[614914.903947,9762960.312338,73.473],[614914.9745798,9762960.3894202,73.473],[614915.051662,9762960.460053,73.473],[614915.134607,9762960.523699,73.473],[614915.2227834,9762960.5798735,73.473],[614915.3155203,9762960.6281493,73.473],[614915.4121117,9762960.6681588,73.473],[614915.5118227,9762960.6995975,73.473],[614915.6138943,9762960.7222262,73.473],[614915.7175497,9762960.7358727,73.473],[614915.822,9762960.7404331,73.473],[614915.9264503,9762960.7358727,73.473],[614916.0301057,9762960.7222262,73.473],[614916.1321773,9762960.6995975,73.473],[614916.2318883,9762960.6681588,73.473],[614916.3284797,9762960.6281493,73.473],[614916.4212166,9762960.5798735,73.473],[614916.509393,9762960.523699,73.473],[614916.592338,9762960.460053,73.473],[614916.6694202,9762960.3894202,73.473],[614916.740053,9762960.312338,73.473],[614916.8036989,9762960.229393,73.473],[614916.8598735,9762960.1412166,73.473],[614916.9081493,9762960.0484797,73.473],[614916.9481588,9762959.9518883,73.473],[614916.9795975,9762959.8521773,73.473],[614917.0022262,9762959.7501057,73.473],[614917.0158727,9762959.6464503,73.473],[614917.0204331,9762959.542,73.473]]]]}},
{"type":"Feature","properties":{"Layer":"MP_CAMARAS AASS"},"geometry":{"type":"MultiPolygon","coordinates":[[[[614909.8224331,9762937.662,74.43],[614909.8178727,9762937.5575497,74.43],[614909.8042262,9762937.4538943,74.43],[614909.7815975,9762937.3518227,74.43],[614909.7501588,9762937.2521117,74.43],[614909.7101493,9762937.1555203,74.43],[614909.6618735,9762937.0627834,74.43],[614909.6056989,9762936.974607,74.43],[614909.542053,9762936.891662,74.43],[614909.4714202,9762936.8145798,74.43],[614909.394338,9762936.743947,74.43],[614909.311393,9762936.680301,74.43],[614909.2232166,9762936.6241265,74.43],[614909.1304797,9762936.5758507,74.43],[614909.0338883,9762936.5358412,74.43],[614908.9341773,9762936.5044025,74.43],[614908.8321057,9762936.4817738,74.43],[614908.7284503,9762936.4681273,74.43],[614908.624,9762936.4635669,74.43],[614908.5195497,9762936.4681273,74.43],[614908.4158943,9762936.4817738,74.43],[614908.3138227,9762936.5044025,74.43],[614908.2141117,9762936.5358412,74.43],[614908.1175203,9762936.5758507,74.43],[614908.0247834,9762936.6241265,74.43],[614907.936607,9762936.680301,74.43],[614907.853662,9762936.743947,74.43],[614907.7765798,9762936.8145798,74.43],[614907.705947,9762936.891662,74.43],[614907.6423011,9762936.974607,74.43],[614907.5861265,9762937.0627834,74.43],[614907.5378507,9762937.1555203,74.43],[614907.4978412,9762937.2521117,74.43],[614907.4664025,9762937.3518227,74.43],[614907.4437738,9762937.4538943,74.43],[614907.4301273,9762937.5575497,74.43],[614907.4255669,9762937.662,74.43],[614907.4301273,9762937.7664503,74.43],[614907.4437738,9762937.8701057,74.43],[614907.4664025,9762937.9721773,74.43],[614907.4978412,9762938.0718883,74.43],[614907.5378507,9762938.1684797,74.43],[614907.5861265,9762938.2612166,74.43],[614907.6423011,9762938.349393,74.43],[614907.705947,9762938.432338,74.43],[614907.7765798,9762938.5094202,74.43],[614907.853662,9762938.580053,74.43],[614907.936607,9762938.643699,74.43],[614908.0247834,9762938.6998735,74.43],[614908.1175203,9762938.7481493,74.43],[614908.2141117,9762938.7881588,74.43],[614908.3138227,9762938.8195975,74.43],[614908.4158943,9762938.8422262,74.43],[614908.5195497,9762938.8558727,74.43],[614908.624,9762938.8604331,74.43],[614908.7284503,9762938.8558727,74.43],[614908.8321057,9762938.8422262,74.43],[614908.9341773,9762938.8195975,74.43],[614909.0338883,9762938.7881588,74.43],[614909.1304797,9762938.7481493,74.43],[614909.2232166,9762938.6998735,74.43],[614909.311393,9762938.643699,74.43],[614909.394338,9762938.580053,74.43],[614909.4714202,9762938.5094202,74.43],[614909.542053,9762938.432338,74.43],[614909.6056989,9762938.349393,74.43],[614909.6618735,9762938.2612166,74.43],[614909.7101493,9762938.1684797,74.43],[614909.7501588,9762938.0718883,74.43],[614909.7815975,9762937.9721773,74.43],[614909.8042262,9762937.8701057,74.43],[614909.8178727,9762937.7664503,74.43],[614909.8224331,9762937.662,74.43]]]]}},
{"type":"Feature","properties":{"Layer":"MP_CAMARAS AASS"},"geometry":{"type":"MultiPolygon","coordinates":[[[[614915.8814331,9762935.056,74.824],[614915.8768727,9762934.9515497,74.824],[614915.8632262,9762934.8478943,74.824],[614915.8405975,9762934.7458227,74.824],[614915.8091588,9762934.6461117,74.824],[614915.7691493,9762934.5495203,74.824],[614915.7208735,9762934.4567834,74.824],[614915.6646989,9762934.368607,74.824],[614915.601053,9762934.285662,74.824],[614915.5304202,9762934.2085798,74.824],[614915.453338,9762934.137947,74.824],[614915.370393,9762934.074301,74.824],[614915.2822166,9762934.0181265,74.824],[614915.1894797,9762933.9698507,74.824],[614915.0928883,9762933.9298412,74.824],[614914.9931773,9762933.8984025,74.824],[614914.8911057,9762933.8757738,74.824],[614914.7874503,9762933.8621273,74.824],[614914.683,9762933.8575669,74.824],[614914.5785497,9762933.8621273,74.824],[614914.4748943,9762933.8757738,74.824],[614914.3728227,9762933.8984025,74.824],[614914.2731117,9762933.9298412,74.824],[614914.1765203,9762933.9698507,74.824],[614914.0837834,9762934.0181265,74.824],[614913.995607,9762934.074301,74.824],[614913.912662,9762934.137947,74.824],[614913.8355798,9762934.2085798,74.824],[614913.764947,9762934.285662,74.824],[614913.7013011,9762934.368607,74.824],[614913.6451265,9762934.4567834,74.824],[614913.5968507,9762934.5495203,74.824],[614913.5568412,9762934.6461117,74.824],[614913.5254025,9762934.7458227,74.824],[614913.5027738,9762934.8478943,74.824],[614913.4891273,9762934.9515497,74.824],[614913.4845669,9762935.056,74.824],[614913.4891273,9762935.1604503,74.824],[614913.5027738,9762935.2641057,74.824],[614913.5254025,9762935.3661773,74.824],[614913.5568412,9762935.4658883,74.824],[614913.5968507,9762935.5624797,74.824],[614913.6451265,9762935.6552166,74.824],[614913.7013011,9762935.743393,74.824],[614913.764947,9762935.826338,74.824],[614913.8355798,9762935.9034202,74.824],[614913.912662,9762935.974053,74.824],[614913.995607,9762936.037699,74.824],[614914.0837834,9762936.0938735,74.824],[614914.1765203,9762936.1421493,74.824],[614914.2731117,9762936.1821588,74.824],[614914.3728227,9762936.2135975,74.824],[614914.4748943,9762936.2362262,74.824],[614914.5785497,9762936.2498727,74.824],[614914.683,9762936.2544331,74.824],[614914.7874503,9762936.2498727,74.824],[614914.8911057,9762936.2362262,74.824],[614914.9931773,9762936.2135975,74.824],[614915.0928883,9762936.1821588,74.824],[614915.1894797,9762936.1421493,74.824],[614915.2822166,9762936.0938735,74.824],[614915.370393,9762936.037699,74.824],[614915.453338,9762935.974053,74.824],[614915.5304202,9762935.9034202,74.824],[614915.601053,9762935.826338,74.824],[614915.6646989,9762935.743393,74.824],[614915.7208735,9762935.6552166,74.824],[614915.7691493,9762935.5624797,74.824],[614915.8091588,9762935.4658883,74.824],[614915.8405975,9762935.3661773,74.824],[614915.8632262,9762935.2641057,74.824],[614915.8768727,9762935.1604503,74.824],[614915.8814331,9762935.056,74.824]]]]}},
{"type":"Feature","properties":{"Layer":"MP_CAMARAS AASS"},"geometry":{"type":"MultiPolygon","coordinates":[[[[614911.5734331,9762918.948,75.101],[614911.5688727,9762918.8435497,75.101],[614911.5552262,9762918.7398943,75.101],[614911.5325975,9762918.6378227,75.101],[614911.5011588,9762918.5381117,75.101],[614911.4611493,9762918.4415203,75.101],[614911.4128735,9762918.3487834,75.101],[614911.3566989,9762918.260607,75.101],[614911.293053,9762918.177662,75.101],[614911.2224202,9762918.1005798,75.101],[614911.145338,9762918.029947,75.101],[614911.062393,9762917.9663011,75.101],[614910.9742166,9762917.9101265,75.101],[614910.8814797,9762917.8618507,75.101],[614910.7848883,9762917.8218412,75.101],[614910.6851773,9762917.7904025,75.101],[614910.5831057,9762917.7677738,75.101],[614910.4794503,9762917.7541273,75.101],[614910.375,9762917.7495669,75.101],[614910.2705497,9762917.7541273,75.101],[614910.1668943,9762917.7677738,75.101],[614910.0648227,9762917.7904025,75.101],[614909.9651117,9762917.8218412,75.101],[614909.8685203,9762917.8618507,75.101],[614909.7757834,9762917.9101265,75.101],[614909.687607,9762917.9663011,75.101],[614909.604662,9762918.029947,75.101],[614909.5275798,9762918.1005798,75.101],[614909.456947,9762918.177662,75.101],[614909.3933011,9762918.260607,75.101],[614909.3371265,9762918.3487834,75.101],[614909.2888507,9762918.4415203,75.101],[614909.2488412,9762918.5381117,75.101],[614909.2174025,9762918.6378227,75.101],[614909.1947738,9762918.7398943,75.101],[614909.1811273,9762918.8435497,75.101],[614909.1765669,9762918.948,75.101],[614909.1811273,9762919.0524503,75.101],[614909.1947738,9762919.1561057,75.101],[614909.2174025,9762919.2581773,75.101],[614909.2488412,9762919.3578883,75.101],[614909.2888507,9762919.4544797,75.101],[614909.3371265,9762919.5472166,75.101],[614909.3933011,9762919.635393,75.101],[614909.456947,9762919.718338,75.101],[614909.5275798,9762919.7954202,75.101],[614909.604662,9762919.866053,75.101],[614909.687607,9762919.929699,75.101],[614909.7757834,9762919.9858735,75.101],[614909.8685203,9762920.0341493,75.101],[614909.9651117,9762920.0741588,75.101],[614910.0648227,9762920.1055975,75.101],[614910.1668943,9762920.1282262,75.101],[614910.2705497,9762920.1418727,75.101],[614910.375,9762920.1464331,75.101],[614910.4794503,9762920.1418727,75.101],[614910.5831057,9762920.1282262,75.101],[614910.6851773,9762920.1055975,75.101],[614910.7848883,9762920.0741588,75.101],[614910.8814797,9762920.0341493,75.101],[614910.9742166,9762919.9858735,75.101],[614911.062393,9762919.929699,75.101],[614911.145338,9762919.866053,75.101],[614911.2224202,9762919.7954202,75.101],[614911.293053,9762919.718338,75.101],[614911.3566989,9762919.635393,75.101],[614911.4128735,9762919.5472166,75.101],[614911.4611493,9762919.4544797,75.101],[614911.5011588,9762919.3578883,75.101],[614911.5325975,9762919.2581773,75.101],[614911.5552262,9762919.1561057,75.101],[614911.5688727,9762919.0524503,75.101],[614911.5734331,9762918.948,75.101]]]]}},
{"type":"Feature","properties":{"Layer":"MP_CAMARAS AASS"},"geometry":{"type":"MultiPolygon","coordinates":[[[[614905.9154331,9762896.256,76.016],[614905.9108727,9762896.1515497,76.016],[614905.8972262,9762896.0478943,76.016],[614905.8745975,9762895.9458227,76.016],[614905.8431588,9762895.8461117,76.016],[614905.8031493,9762895.7495203,76.016],[614905.7548735,9762895.6567834,76.016],[614905.6986989,9762895.568607,76.016],[614905.635053,9762895.485662,76.016],[614905.5644202,9762895.4085798,76.016],[614905.487338,9762895.337947,76.016],[614905.404393,9762895.274301,76.016],[614905.3162166,9762895.2181265,76.016],[614905.2234797,9762895.1698507,76.016],[614905.1268883,9762895.1298412,76.016],[614905.0271773,9762895.0984025,76.016],[614904.9251057,9762895.0757738,76.016],[614904.8214503,9762895.0621273,76.016],[614904.717,9762895.0575669,76.016],[614904.6125497,9762895.0621273,76.016],[614904.5088943,9762895.0757738,76.016],[614904.4068227,9762895.0984025,76.016],[614904.3071117,9762895.1298412,76.016],[614904.2105203,9762895.1698507,76.016],[614904.1177834,9762895.2181265,76.016],[614904.029607,9762895.274301,76.016],[614903.946662,9762895.337947,76.016],[614903.8695798,9762895.4085798,76.016],[614903.798947,9762895.485662,76.016],[614903.7353011,9762895.568607,76.016],[614903.6791265,9762895.6567834,76.016],[614903.6308507,9762895.7495203,76.016],[614903.5908412,9762895.8461117,76.016],[614903.5594025,9762895.9458227,76.016],[614903.5367738,9762896.0478943,76.016],[614903.5231273,9762896.1515497,76.016],[614903.5185669,9762896.256,76.016],[614903.5231273,9762896.3604503,76.016],[614903.5367738,9762896.4641057,76.016],[614903.5594025,9762896.5661773,76.016],[614903.5908412,9762896.6658883,76.016],[614903.6308507,9762896.7624797,76.016],[614903.6791265,9762896.8552166,76.016],[614903.7353011,9762896.943393,76.016],[614903.798947,9762897.026338,76.016],[614903.8695798,9762897.1034202,76.016],[614903.946662,9762897.174053,76.016],[614904.029607,9762897.2376989,76.016],[614904.1177834,9762897.2938735,76.016],[614904.2105203,9762897.3421493,76.016],[614904.3071117,9762897.3821588,76.016],[614904.4068227,9762897.4135975,76.016],[614904.5088943,9762897.4362262,76.016],[614904.6125497,9762897.4498727,76.016],[614904.717,9762897.4544331,76.016],[614904.8214503,9762897.4498727,76.016],[614904.9251057,9762897.4362262,76.016],[614905.0271773,9762897.4135975,76.016],[614905.1268883,9762897.3821588,76.016],[614905.2234797,9762897.3421493,76.016],[614905.3162166,9762897.2938735,76.016],[614905.404393,9762897.2376989,76.016],[614905.487338,9762897.174053,76.016],[614905.5644202,9762897.1034202,76.016],[614905.635053,9762897.026338,76.016],[614905.6986989,9762896.943393,76.016],[614905.7548735,9762896.8552166,76.016],[614905.8031493,9762896.7624797,76.016],[614905.8431588,9762896.6658883,76.016],[614905.8745975,9762896.5661773,76.016],[614905.8972262,9762896.4641057,76.016],[614905.9108727,9762896.3604503,76.016],[614905.9154331,9762896.256,76.016]]]]}},
{"type":"Feature","properties":{"Layer":"MP_CAMARAS AASS"},"geometry":{"type":"MultiPolygon","coordinates":[[[[614893.8424331,9762852.611,78.444],[614893.8378727,9762852.5065497,78.444],[614893.8242262,9762852.4028943,78.444],[614893.8015975,9762852.3008227,78.444],[614893.7701588,9762852.2011117,78.444],[614893.7301493,9762852.1045203,78.444],[614893.6818735,9762852.0117834,78.444],[614893.6256989,9762851.923607,78.444],[614893.562053,9762851.840662,78.444],[614893.4914202,9762851.7635798,78.444],[614893.414338,9762851.692947,78.444],[614893.331393,9762851.629301,78.444],[614893.2432166,9762851.5731265,78.444],[614893.1504797,9762851.5248507,78.444],[614893.0538883,9762851.4848412,78.444],[614892.9541773,9762851.4534025,78.444],[614892.8521057,9762851.4307738,78.444],[614892.7484503,9762851.4171273,78.444],[614892.644,9762851.4125669,78.444],[614892.5395497,9762851.4171273,78.444],[614892.4358943,9762851.4307738,78.444],[614892.3338227,9762851.4534025,78.444],[614892.2341117,9762851.4848412,78.444],[614892.1375203,9762851.5248507,78.444],[614892.0447834,9762851.5731265,78.444],[614891.956607,9762851.629301,78.444],[614891.873662,9762851.692947,78.444],[614891.7965798,9762851.7635798,78.444],[614891.725947,9762851.840662,78.444],[614891.6623011,9762851.923607,78.444],[614891.6061265,9762852.0117834,78.444],[614891.5578507,9762852.1045203,78.444],[614891.5178412,9762852.2011117,78.444],[614891.4864025,9762852.3008227,78.444],[614891.4637738,9762852.4028943,78.444],[614891.4501273,9762852.5065497,78.444],[614891.4455669,9762852.611,78.444],[614891.4501273,9762852.7154503,78.444],[614891.4637738,9762852.8191057,78.444],[614891.4864025,9762852.9211773,78.444],[614891.5178412,9762853.0208883,78.444],[614891.5578507,9762853.1174797,78.444],[614891.6061265,9762853.2102166,78.444],[614891.6623011,9762853.298393,78.444],[614891.725947,9762853.381338,78.444],[614891.7965798,9762853.4584202,78.444],[614891.873662,9762853.529053,78.444],[614891.956607,9762853.592699,78.444],[614892.0447834,9762853.6488735,78.444],[614892.1375203,9762853.6971493,78.444],[614892.2341117,9762853.7371588,78.444],[614892.3338227,9762853.7685975,78.444],[614892.4358943,9762853.7912262,78.444],[614892.5395497,9762853.8048727,78.444],[614892.644,9762853.8094331,78.444],[614892.7484503,9762853.8048727,78.444],[614892.8521057,9762853.7912262,78.444],[614892.9541773,9762853.7685975,78.444],[614893.0538883,9762853.7371588,78.444],[614893.1504797,9762853.6971493,78.444],[614893.2432166,9762853.6488735,78.444],[614893.331393,9762853.592699,78.444],[614893.414338,9762853.529053,78.444],[614893.4914202,9762853.4584202,78.444],[614893.562053,9762853.381338,78.444],[614893.6256989,9762853.298393,78.444],[614893.6818735,9762853.2102166,78.444],[614893.7301493,9762853.1174797,78.444],[614893.7701588,9762853.0208883,78.444],[614893.8015975,9762852.9211773,78.444],[614893.8242262,9762852.8191057,78.444],[614893.8378727,9762852.7154503,78.444],[614893.8424331,9762852.611,78.444]]]]}},
{"type":"Feature","properties":{"Layer":"MP_CAMARAS AASS"},"geometry":{"type":"MultiPolygon","coordinates":[[[[614866.7914331,9762848.68,77.653],[614866.7868727,9762848.5755497,77.653],[614866.7732262,9762848.4718943,77.653],[614866.7505975,9762848.3698227,77.653],[614866.7191588,9762848.2701117,77.653],[614866.6791493,9762848.1735203,77.653],[614866.6308735,9762848.0807834,77.653],[614866.5746989,9762847.992607,77.653],[614866.511053,9762847.909662,77.653],[614866.4404202,9762847.8325798,77.653],[614866.363338,9762847.761947,77.653],[614866.280393,9762847.698301,77.653],[614866.1922166,9762847.6421265,77.653],[614866.0994797,9762847.5938507,77.653],[614866.0028883,9762847.5538412,77.653],[614865.9031773,9762847.5224025,77.653],[614865.8011057,9762847.4997738,77.653],[614865.6974503,9762847.4861273,77.653],[614865.593,9762847.4815669,77.653],[614865.4885497,9762847.4861273,77.653],[614865.3848943,9762847.4997738,77.653],[614865.2828227,9762847.5224025,77.653],[614865.1831117,9762847.5538412,77.653],[614865.0865203,9762847.5938507,77.653],[614864.9937834,9762847.6421265,77.653],[614864.905607,9762847.698301,77.653],[614864.822662,9762847.761947,77.653],[614864.7455798,9762847.8325798,77.653],[614864.674947,9762847.909662,77.653],[614864.6113011,9762847.992607,77.653],[614864.5551265,9762848.0807834,77.653],[614864.5068507,9762848.1735203,77.653],[614864.4668412,9762848.2701117,77.653],[614864.4354025,9762848.3698227,77.653],[614864.4127738,9762848.4718943,77.653],[614864.3991273,9762848.5755497,77.653],[614864.3945669,9762848.68,77.653],[614864.3991273,9762848.7844503,77.653],[614864.4127738,9762848.8881057,77.653],[614864.4354025,9762848.9901773,77.653],[614864.4668412,9762849.0898883,77.653],[614864.5068507,9762849.1864797,77.653],[614864.5551265,9762849.2792166,77.653],[614864.6113011,9762849.367393,77.653],[614864.674947,9762849.450338,77.653],[614864.7455798,9762849.5274202,77.653],[614864.822662,9762849.598053,77.653],[614864.905607,9762849.661699,77.653],[614864.9937834,9762849.7178735,77.653],[614865.0865203,9762849.7661493,77.653],[614865.1831117,9762849.8061588,77.653],[614865.2828227,9762849.8375975,77.653],[614865.3848943,9762849.8602262,77.653],[614865.4885497,9762849.8738727,77.653],[614865.593,9762849.8784331,77.653],[614865.6974503,9762849.8738727,77.653],[614865.8011057,9762849.8602262,77.653],[614865.9031773,9762849.8375975,77.653],[614866.0028883,9762849.8061588,77.653],[614866.0994797,9762849.7661493,77.653],[614866.1922166,9762849.7178735,77.653],[614866.280393,9762849.661699,77.653],[614866.363338,9762849.598053,77.653],[614866.4404202,9762849.5274202,77.653],[614866.511053,9762849.450338,77.653],[614866.5746989,9762849.367393,77.653],[614866.6308735,9762849.2792166,77.653],[614866.6791493,9762849.1864797,77.653],[614866.7191588,9762849.0898883,77.653],[614866.7505975,9762848.9901773,77.653],[614866.7732262,9762848.8881057,77.653],[614866.7868727,9762848.7844503,77.653],[614866.7914331,9762848.68,77.653]]]]}},
{"type":"Feature","properties":{"Layer":"MP_CAMARAS AASS"},"geometry":{"type":"MultiPolygon","coordinates":[[[[614824.4064331,9762750.964,77.69],[614824.4018727,9762750.8595497,77.69],[614824.3882262,9762750.7558943,77.69],[614824.3655975,9762750.6538227,77.69],[614824.3341588,9762750.5541117,77.69],[614824.2941493,9762750.4575203,77.69],[614824.2458735,9762750.3647834,77.69],[614824.1896989,9762750.276607,77.69],[614824.126053,9762750.193662,77.69],[614824.0554202,9762750.1165798,77.69],[614823.978338,9762750.045947,77.69],[614823.895393,9762749.982301,77.69],[614823.8072166,9762749.9261265,77.69],[614823.7144797,9762749.8778507,77.69],[614823.6178883,9762749.8378412,77.69],[614823.5181773,9762749.8064025,77.69],[614823.4161057,9762749.7837738,77.69],[614823.3124503,9762749.7701273,77.69],[614823.208,9762749.7655669,77.69],[614823.1035497,9762749.7701273,77.69],[614822.9998943,9762749.7837738,77.69],[614822.8978227,9762749.8064025,77.69],[614822.7981117,9762749.8378412,77.69],[614822.7015203,9762749.8778507,77.69],[614822.6087834,9762749.9261265,77.69],[614822.520607,9762749.982301,77.69],[614822.437662,9762750.045947,77.69],[614822.3605798,9762750.1165798,77.69],[614822.289947,9762750.193662,77.69],[614822.2263011,9762750.276607,77.69],[614822.1701265,9762750.3647834,77.69],[614822.1218507,9762750.4575203,77.69],[614822.0818412,9762750.5541117,77.69],[614822.0504025,9762750.6538227,77.69],[614822.0277738,9762750.7558943,77.69],[614822.0141273,9762750.8595497,77.69],[614822.0095669,9762750.964,77.69],[614822.0141273,9762751.0684503,77.69],[614822.0277738,9762751.1721057,77.69],[614822.0504025,9762751.2741773,77.69],[614822.0818412,9762751.3738883,77.69],[614822.1218507,9762751.4704797,77.69],[614822.1701265,9762751.5632166,77.69],[614822.2263011,9762751.651393,77.69],[614822.289947,9762751.734338,77.69],[614822.3605798,9762751.8114202,77.69],[614822.437662,9762751.882053,77.69],[614822.520607,9762751.945699,77.69],[614822.6087834,9762752.0018735,77.69],[614822.7015203,9762752.0501493,77.69],[614822.7981117,9762752.0901588,77.69],[614822.8978227,9762752.1215975,77.69],[614822.9998943,9762752.1442262,77.69],[614823.1035497,9762752.1578727,77.69],[614823.208,9762752.1624331,77.69],[614823.3124503,9762752.1578727,77.69],[614823.4161057,9762752.1442262,77.69],[614823.5181773,9762752.1215975,77.69],[614823.6178883,9762752.0901588,77.69],[614823.7144797,9762752.0501493,77.69],[614823.8072166,9762752.0018735,77.69],[614823.895393,9762751.945699,77.69],[614823.978338,9762751.882053,77.69],[614824.0554202,9762751.8114202,77.69],[614824.126053,9762751.734338,77.69],[614824.1896989,9762751.651393,77.69],[614824.2458735,9762751.5632166,77.69],[614824.2941493,9762751.4704797,77.69],[614824.3341588,9762751.3738883,77.69],[614824.3655975,9762751.2741773,77.69],[614824.3882262,9762751.1721057,77.69],[614824.4018727,9762751.0684503,77.69],[614824.4064331,9762750.964,77.69]]]]}},
{"type":"Feature","properties":{"Layer":"MP_CAMARAS AASS"},"geometry":{"type":"MultiPolygon","coordinates":[[[[614850.7714331,9762728.609,77.651],[614850.7668727,9762728.5045497,77.651],[614850.7532262,9762728.4008943,77.651],[614850.7305975,9762728.2988227,77.651],[614850.6991588,9762728.1991117,77.651],[614850.6591493,9762728.1025203,77.651],[614850.6108735,9762728.0097834,77.651],[614850.5546989,9762727.921607,77.651],[614850.491053,9762727.838662,77.651],[614850.4204202,9762727.7615798,77.651],[614850.343338,9762727.690947,77.651],[614850.260393,9762727.627301,77.651],[614850.1722166,9762727.5711265,77.651],[614850.0794797,9762727.5228507,77.651],[614849.9828883,9762727.4828412,77.651],[614849.8831773,9762727.4514025,77.651],[614849.7811057,9762727.4287738,77.651],[614849.6774503,9762727.4151273,77.651],[614849.573,9762727.4105669,77.651],[614849.4685497,9762727.4151273,77.651],[614849.3648943,9762727.4287738,77.651],[614849.2628227,9762727.4514025,77.651],[614849.1631117,9762727.4828412,77.651],[614849.0665203,9762727.5228507,77.651],[614848.9737834,9762727.5711265,77.651],[614848.885607,9762727.627301,77.651],[614848.802662,9762727.690947,77.651],[614848.7255798,9762727.7615798,77.651],[614848.654947,9762727.838662,77.651],[614848.5913011,9762727.921607,77.651],[614848.5351265,9762728.0097834,77.651],[614848.4868507,9762728.1025203,77.651],[614848.4468412,9762728.1991117,77.651],[614848.4154025,9762728.2988227,77.651],[614848.3927738,9762728.4008943,77.651],[614848.3791273,9762728.5045497,77.651],[614848.3745669,9762728.609,77.651],[614848.3791273,9762728.7134503,77.651],[614848.3927738,9762728.8171057,77.651],[614848.4154025,9762728.9191773,77.651],[614848.4468412,9762729.0188883,77.651],[614848.4868507,9762729.1154797,77.651],[614848.5351265,9762729.2082166,77.651],[614848.5913011,9762729.296393,77.651],[614848.654947,9762729.379338,77.651],[614848.7255798,9762729.4564202,77.651],[614848.802662,9762729.527053,77.651],[614848.885607,9762729.5906989,77.651],[614848.9737834,9762729.6468735,77.651],[614849.0665203,9762729.6951493,77.651],[614849.1631117,9762729.7351588,77.651],[614849.2628227,9762729.7665975,77.651],[614849.3648943,9762729.7892262,77.651],[614849.4685497,9762729.8028727,77.651],[614849.573,9762729.8074331,77.651],[614849.6774503,9762729.8028727,77.651],[614849.7811057,9762729.7892262,77.651],[614849.8831773,9762729.7665975,77.651],[614849.9828883,9762729.7351588,77.651],[614850.0794797,9762729.6951493,77.651],[614850.1722166,9762729.6468735,77.651],[614850.260393,9762729.5906989,77.651],[614850.343338,9762729.527053,77.651],[614850.4204202,9762729.4564202,77.651],[614850.491053,9762729.379338,77.651],[614850.5546989,9762729.296393,77.651],[614850.6108735,9762729.2082166,77.651],[614850.6591493,9762729.1154797,77.651],[614850.6991588,9762729.0188883,77.651],[614850.7305975,9762728.9191773,77.651],[614850.7532262,9762728.8171057,77.651],[614850.7668727,9762728.7134503,77.651],[614850.7714331,9762728.609,77.651]]]]}},
{"type":"Feature","properties":{"Layer":"MP_CAMARAS AASS"},"geometry":{"type":"MultiPolygon","coordinates":[[[[614839.3404331,9762686.394,77.763],[614839.3358727,9762686.2895497,77.763],[614839.3222262,9762686.1858943,77.763],[614839.2995975,9762686.0838227,77.763],[614839.2681588,9762685.9841117,77.763],[614839.2281493,9762685.8875203,77.763],[614839.1798735,9762685.7947834,77.763],[614839.1236989,9762685.706607,77.763],[614839.060053,9762685.623662,77.763],[614838.9894202,9762685.5465798,77.763],[614838.912338,9762685.475947,77.763],[614838.829393,9762685.412301,77.763],[614838.7412166,9762685.3561265,77.763],[614838.6484797,9762685.3078507,77.763],[614838.5518883,9762685.2678412,77.763],[614838.4521773,9762685.2364025,77.763],[614838.3501057,9762685.2137738,77.763],[614838.2464503,9762685.2001273,77.763],[614838.142,9762685.1955669,77.763],[614838.0375497,9762685.2001273,77.763],[614837.9338943,9762685.2137738,77.763],[614837.8318227,9762685.2364025,77.763],[614837.7321117,9762685.2678412,77.763],[614837.6355203,9762685.3078507,77.763],[614837.5427834,9762685.3561265,77.763],[614837.454607,9762685.412301,77.763],[614837.371662,9762685.475947,77.763],[614837.2945798,9762685.5465798,77.763],[614837.223947,9762685.623662,77.763],[614837.1603011,9762685.706607,77.763],[614837.1041265,9762685.7947834,77.763],[614837.0558507,9762685.8875203,77.763],[614837.0158412,9762685.9841117,77.763],[614836.9844025,9762686.0838227,77.763],[614836.9617738,9762686.1858943,77.763],[614836.9481273,9762686.2895497,77.763],[614836.9435669,9762686.394,77.763],[614836.9481273,9762686.4984503,77.763],[614836.9617738,9762686.6021057,77.763],[614836.9844025,9762686.7041773,77.763],[614837.0158412,9762686.8038883,77.763],[614837.0558507,9762686.9004797,77.763],[614837.1041265,9762686.9932166,77.763],[614837.1603011,9762687.081393,77.763],[614837.223947,9762687.164338,77.763],[614837.2945798,9762687.2414202,77.763],[614837.371662,9762687.312053,77.763],[614837.454607,9762687.375699,77.763],[614837.5427834,9762687.4318735,77.763],[614837.6355203,9762687.4801493,77.763],[614837.7321117,9762687.5201588,77.763],[614837.8318227,9762687.5515975,77.763],[614837.9338943,9762687.5742262,77.763],[614838.0375497,9762687.5878727,77.763],[614838.142,9762687.5924331,77.763],[614838.2464503,9762687.5878727,77.763],[614838.3501057,9762687.5742262,77.763],[614838.4521773,9762687.5515975,77.763],[614838.5518883,9762687.5201588,77.763],[614838.6484797,9762687.4801493,77.763],[614838.7412166,9762687.4318735,77.763],[614838.829393,9762687.375699,77.763],[614838.912338,9762687.312053,77.763],[614838.9894202,9762687.2414202,77.763],[614839.060053,9762687.164338,77.763],[614839.1236989,9762687.081393,77.763],[614839.1798735,9762686.9932166,77.763],[614839.2281493,9762686.9004797,77.763],[614839.2681588,9762686.8038883,77.763],[614839.2995975,9762686.7041773,77.763],[614839.3222262,9762686.6021057,77.763],[614839.3358727,9762686.4984503,77.763],[614839.3404331,9762686.394,77.763]]]]}},
{"type":"Feature","properties":{"Layer":"MP_CAMARAS AASS"},"geometry":{"type":"MultiPolygon","coordinates":[[[[614827.8904331,9762690.253,77.745],[614827.8858727,9762690.1485497,77.745],[614827.8722262,9762690.0448943,77.745],[614827.8495975,9762689.9428227,77.745],[614827.8181588,9762689.8431117,77.745],[614827.7781493,9762689.7465203,77.745],[614827.7298735,9762689.6537834,77.745],[614827.6736989,9762689.565607,77.745],[614827.610053,9762689.482662,77.745],[614827.5394202,9762689.4055798,77.745],[614827.462338,9762689.334947,77.745],[614827.379393,9762689.271301,77.745],[614827.2912166,9762689.2151265,77.745],[614827.1984797,9762689.1668507,77.745],[614827.1018883,9762689.1268412,77.745],[614827.0021773,9762689.0954025,77.745],[614826.9001057,9762689.0727738,77.745],[614826.7964503,9762689.0591273,77.745],[614826.692,9762689.0545669,77.745],[614826.5875497,9762689.0591273,77.745],[614826.4838943,9762689.0727738,77.745],[614826.3818227,9762689.0954025,77.745],[614826.2821117,9762689.1268412,77.745],[614826.1855203,9762689.1668507,77.745],[614826.0927834,9762689.2151265,77.745],[614826.004607,9762689.271301,77.745],[614825.921662,9762689.334947,77.745],[614825.8445798,9762689.4055798,77.745],[614825.773947,9762689.482662,77.745],[614825.7103011,9762689.565607,77.745],[614825.6541265,9762689.6537834,77.745],[614825.6058507,9762689.7465203,77.745],[614825.5658412,9762689.8431117,77.745],[614825.5344025,9762689.9428227,77.745],[614825.5117738,9762690.0448943,77.745],[614825.4981273,9762690.1485497,77.745],[614825.4935669,9762690.253,77.745],[614825.4981273,9762690.3574503,77.745],[614825.5117738,9762690.4611057,77.745],[614825.5344025,9762690.5631773,77.745],[614825.5658412,9762690.6628883,77.745],[614825.6058507,9762690.7594797,77.745],[614825.6541265,9762690.8522166,77.745],[614825.7103011,9762690.940393,77.745],[614825.773947,9762691.023338,77.745],[614825.8445798,9762691.1004202,77.745],[614825.921662,9762691.171053,77.745],[614826.004607,9762691.234699,77.745],[614826.0927834,9762691.2908735,77.745],[614826.1855203,9762691.3391493,77.745],[614826.2821117,9762691.3791588,77.745],[614826.3818227,9762691.4105975,77.745],[614826.4838943,9762691.4332262,77.745],[614826.5875497,9762691.4468727,77.745],[614826.692,9762691.4514331,77.745],[614826.7964503,9762691.4468727,77.745],[614826.9001057,9762691.4332262,77.745],[614827.0021773,9762691.4105975,77.745],[614827.1018883,9762691.3791588,77.745],[614827.1984797,9762691.3391493,77.745],[614827.2912166,9762691.2908735,77.745],[614827.379393,9762691.234699,77.745],[614827.462338,9762691.171053,77.745],[614827.5394202,9762691.1004202,77.745],[614827.610053,9762691.023338,77.745],[614827.6736989,9762690.940393,77.745],[614827.7298735,9762690.8522166,77.745],[614827.7781493,9762690.7594797,77.745],[614827.8181588,9762690.6628883,77.745],[614827.8495975,9762690.5631773,77.745],[614827.8722262,9762690.4611057,77.745],[614827.8858727,9762690.3574503,77.745],[614827.8904331,9762690.253,77.745]]]]}},
{"type":"Feature","properties":{"Layer":"MP_CAMARAS AASS"},"geometry":{"type":"MultiPolygon","coordinates":[[[[615016.6684331,9762650.654,91.633],[615016.6638727,9762650.5495497,91.633],[615016.6502262,9762650.4458943,91.633],[615016.6275975,9762650.3438227,91.633],[615016.5961588,9762650.2441117,91.633],[615016.5561493,9762650.1475203,91.633],[615016.5078735,9762650.0547834,91.633],[615016.4516989,9762649.966607,91.633],[615016.388053,9762649.883662,91.633],[615016.3174202,9762649.8065798,91.633],[615016.240338,9762649.735947,91.633],[615016.157393,9762649.672301,91.633],[615016.0692166,9762649.6161265,91.633],[615015.9764797,9762649.5678507,91.633],[615015.8798883,9762649.5278412,91.633],[615015.7801773,9762649.4964025,91.633],[615015.6781057,9762649.4737738,91.633],[615015.5744503,9762649.4601273,91.633],[615015.47,9762649.4555669,91.633],[615015.3655497,9762649.4601273,91.633],[615015.2618943,9762649.4737738,91.633],[615015.1598227,9762649.4964025,91.633],[615015.0601117,9762649.5278412,91.633],[615014.9635203,9762649.5678507,91.633],[615014.8707834,9762649.6161265,91.633],[615014.782607,9762649.672301,91.633],[615014.699662,9762649.735947,91.633],[615014.6225798,9762649.8065798,91.633],[615014.551947,9762649.883662,91.633],[615014.4883011,9762649.966607,91.633],[615014.4321265,9762650.0547834,91.633],[615014.3838507,9762650.1475203,91.633],[615014.3438412,9762650.2441117,91.633],[615014.3124025,9762650.3438227,91.633],[615014.2897738,9762650.4458943,91.633],[615014.2761273,9762650.5495497,91.633],[615014.2715669,9762650.654,91.633],[615014.2761273,9762650.7584503,91.633],[615014.2897738,9762650.8621057,91.633],[615014.3124025,9762650.9641773,91.633],[615014.3438412,9762651.0638883,91.633],[615014.3838507,9762651.1604797,91.633],[615014.4321265,9762651.2532166,91.633],[615014.4883011,9762651.341393,91.633],[615014.551947,9762651.424338,91.633],[615014.6225798,9762651.5014202,91.633],[615014.699662,9762651.572053,91.633],[615014.782607,9762651.6356989,91.633],[615014.8707834,9762651.6918735,91.633],[615014.9635203,9762651.7401493,91.633],[615015.0601117,9762651.7801588,91.633],[615015.1598227,9762651.8115975,91.633],[615015.2618943,9762651.8342262,91.633],[615015.3655497,9762651.8478727,91.633],[615015.47,9762651.8524331,91.633],[615015.5744503,9762651.8478727,91.633],[615015.6781057,9762651.8342262,91.633],[615015.7801773,9762651.8115975,91.633],[615015.8798883,9762651.7801588,91.633],[615015.9764797,9762651.7401493,91.633],[615016.0692166,9762651.6918735,91.633],[615016.157393,9762651.6356989,91.633],[615016.240338,9762651.572053,91.633],[615016.3174202,9762651.5014202,91.633],[615016.388053,9762651.424338,91.633],[615016.4516989,9762651.341393,91.633],[615016.5078735,9762651.2532166,91.633],[615016.5561493,9762651.1604797,91.633],[615016.5961588,9762651.0638883,91.633],[615016.6275975,9762650.9641773,91.633],[615016.6502262,9762650.8621057,91.633],[615016.6638727,9762650.7584503,91.633],[615016.6684331,9762650.654,91.633]]]]}},
{"type":"Feature","properties":{"Layer":"MP_CAMARAS AASS"},"geometry":{"type":"MultiPolygon","coordinates":[[[[614995.0254331,9762655.749,92.163],[614995.0208727,9762655.6445497,92.163],[614995.0072262,9762655.5408943,92.163],[614994.9845975,9762655.4388227,92.163],[614994.9531588,9762655.3391117,92.163],[614994.9131493,9762655.2425203,92.163],[614994.8648735,9762655.1497834,92.163],[614994.8086989,9762655.061607,92.163],[614994.745053,9762654.978662,92.163],[614994.6744202,9762654.9015798,92.163],[614994.597338,9762654.830947,92.163],[614994.514393,9762654.767301,92.163],[614994.4262166,9762654.7111265,92.163],[614994.3334797,9762654.6628507,92.163],[614994.2368883,9762654.6228412,92.163],[614994.1371773,9762654.5914025,92.163],[614994.0351057,9762654.5687738,92.163],[614993.9314503,9762654.5551273,92.163],[614993.827,9762654.5505669,92.163],[614993.7225497,9762654.5551273,92.163],[614993.6188943,9762654.5687738,92.163],[614993.5168227,9762654.5914025,92.163],[614993.4171117,9762654.6228412,92.163],[614993.3205203,9762654.6628507,92.163],[614993.2277834,9762654.7111265,92.163],[614993.139607,9762654.767301,92.163],[614993.056662,9762654.830947,92.163],[614992.9795798,9762654.9015798,92.163],[614992.908947,9762654.978662,92.163],[614992.8453011,9762655.061607,92.163],[614992.7891265,9762655.1497834,92.163],[614992.7408507,9762655.2425203,92.163],[614992.7008412,9762655.3391117,92.163],[614992.6694025,9762655.4388227,92.163],[614992.6467738,9762655.5408943,92.163],[614992.6331273,9762655.6445497,92.163],[614992.6285669,9762655.749,92.163],[614992.6331273,9762655.8534503,92.163],[614992.6467738,9762655.9571057,92.163],[614992.6694025,9762656.0591773,92.163],[614992.7008412,9762656.1588883,92.163],[614992.7408507,9762656.2554797,92.163],[614992.7891265,9762656.3482166,92.163],[614992.8453011,9762656.436393,92.163],[614992.908947,9762656.519338,92.163],[614992.9795798,9762656.5964202,92.163],[614993.056662,9762656.667053,92.163],[614993.139607,9762656.730699,92.163],[614993.2277834,9762656.7868735,92.163],[614993.3205203,9762656.8351493,92.163],[614993.4171117,9762656.8751588,92.163],[614993.5168227,9762656.9065975,92.163],[614993.6188943,9762656.9292262,92.163],[614993.7225497,9762656.9428727,92.163],[614993.827,9762656.9474331,92.163],[614993.9314503,9762656.9428727,92.163],[614994.0351057,9762656.9292262,92.163],[614994.1371773,9762656.9065975,92.163],[614994.2368883,9762656.8751588,92.163],[614994.3334797,9762656.8351493,92.163],[614994.4262166,9762656.7868735,92.163],[614994.514393,9762656.730699,92.163],[614994.597338,9762656.667053,92.163],[614994.6744202,9762656.5964202,92.163],[614994.745053,9762656.519338,92.163],[614994.8086989,9762656.436393,92.163],[614994.8648735,9762656.3482166,92.163],[614994.9131493,9762656.2554797,92.163],[614994.9531588,9762656.1588883,92.163],[614994.9845975,9762656.0591773,92.163],[614995.0072262,9762655.9571057,92.163],[614995.0208727,9762655.8534503,92.163],[614995.0254331,9762655.749,92.163]]]]}},
{"type":"Feature","properties":{"Layer":"MP_CAMARAS AASS"},"geometry":{"type":"MultiPolygon","coordinates":[[[[614986.5844331,9762690.112,85.723],[614986.5798727,9762690.0075497,85.723],[614986.5662262,9762689.9038943,85.723],[614986.5435975,9762689.8018227,85.723],[614986.5121588,9762689.7021117,85.723],[614986.4721493,9762689.6055203,85.723],[614986.4238735,9762689.5127834,85.723],[614986.3676989,9762689.424607,85.723],[614986.304053,9762689.341662,85.723],[614986.2334202,9762689.2645798,85.723],[614986.156338,9762689.193947,85.723],[614986.073393,9762689.130301,85.723],[614985.9852166,9762689.0741265,85.723],[614985.8924797,9762689.0258507,85.723],[614985.7958883,9762688.9858412,85.723],[614985.6961773,9762688.9544025,85.723],[614985.5941057,9762688.9317738,85.723],[614985.4904503,9762688.9181273,85.723],[614985.386,9762688.9135669,85.723],[614985.2815497,9762688.9181273,85.723],[614985.1778943,9762688.9317738,85.723],[614985.0758227,9762688.9544025,85.723],[614984.9761117,9762688.9858412,85.723],[614984.8795203,9762689.0258507,85.723],[614984.7867834,9762689.0741265,85.723],[614984.698607,9762689.130301,85.723],[614984.615662,9762689.193947,85.723],[614984.5385798,9762689.2645798,85.723],[614984.467947,9762689.341662,85.723],[614984.4043011,9762689.424607,85.723],[614984.3481265,9762689.5127834,85.723],[614984.2998507,9762689.6055203,85.723],[614984.2598412,9762689.7021117,85.723],[614984.2284025,9762689.8018227,85.723],[614984.2057738,9762689.9038943,85.723],[614984.1921273,9762690.0075497,85.723],[614984.1875669,9762690.112,85.723],[614984.1921273,9762690.2164503,85.723],[614984.2057738,9762690.3201057,85.723],[614984.2284025,9762690.4221773,85.723],[614984.2598412,9762690.5218883,85.723],[614984.2998507,9762690.6184797,85.723],[614984.3481265,9762690.7112166,85.723],[614984.4043011,9762690.799393,85.723],[614984.467947,9762690.882338,85.723],[614984.5385798,9762690.9594202,85.723],[614984.615662,9762691.030053,85.723],[614984.698607,9762691.093699,85.723],[614984.7867834,9762691.1498735,85.723],[614984.8795203,9762691.1981493,85.723],[614984.9761117,9762691.2381588,85.723],[614985.0758227,9762691.2695975,85.723],[614985.1778943,9762691.2922262,85.723],[614985.2815497,9762691.3058727,85.723],[614985.386,9762691.3104331,85.723],[614985.4904503,9762691.3058727,85.723],[614985.5941057,9762691.2922262,85.723],[614985.6961773,9762691.2695975,85.723],[614985.7958883,9762691.2381588,85.723],[614985.8924797,9762691.1981493,85.723],[614985.9852166,9762691.1498735,85.723],[614986.073393,9762691.093699,85.723],[614986.156338,9762691.030053,85.723],[614986.2334202,9762690.9594202,85.723],[614986.304053,9762690.882338,85.723],[614986.3676989,9762690.799393,85.723],[614986.4238735,9762690.7112166,85.723],[614986.4721493,9762690.6184797,85.723],[614986.5121588,9762690.5218883,85.723],[614986.5435975,9762690.4221773,85.723],[614986.5662262,9762690.3201057,85.723],[614986.5798727,9762690.2164503,85.723],[614986.5844331,9762690.112,85.723]]]]}},
{"type":"Feature","properties":{"Layer":"MP_CAMARAS AASS"},"geometry":{"type":"MultiPolygon","coordinates":[[[[614965.3834331,9762692.475,85.647],[614965.3788727,9762692.3705497,85.647],[614965.3652262,9762692.2668943,85.647],[614965.3425975,9762692.1648227,85.647],[614965.3111588,9762692.0651117,85.647],[614965.2711493,9762691.9685203,85.647],[614965.2228735,9762691.8757834,85.647],[614965.1666989,9762691.787607,85.647],[614965.103053,9762691.704662,85.647],[614965.0324202,9762691.6275798,85.647],[614964.955338,9762691.556947,85.647],[614964.872393,9762691.493301,85.647],[614964.7842166,9762691.4371265,85.647],[614964.6914797,9762691.3888507,85.647],[614964.5948883,9762691.3488412,85.647],[614964.4951773,9762691.3174025,85.647],[614964.3931057,9762691.2947738,85.647],[614964.2894503,9762691.2811273,85.647],[614964.185,9762691.2765669,85.647],[614964.0805497,9762691.2811273,85.647],[614963.9768943,9762691.2947738,85.647],[614963.8748227,9762691.3174025,85.647],[614963.7751117,9762691.3488412,85.647],[614963.6785203,9762691.3888507,85.647],[614963.5857834,9762691.4371265,85.647],[614963.497607,9762691.493301,85.647],[614963.414662,9762691.556947,85.647],[614963.3375798,9762691.6275798,85.647],[614963.266947,9762691.704662,85.647],[614963.2033011,9762691.787607,85.647],[614963.1471265,9762691.8757834,85.647],[614963.0988507,9762691.9685203,85.647],[614963.0588412,9762692.0651117,85.647],[614963.0274025,9762692.1648227,85.647],[614963.0047738,9762692.2668943,85.647],[614962.9911273,9762692.3705497,85.647],[614962.9865669,9762692.475,85.647],[614962.9911273,9762692.5794503,85.647],[614963.0047738,9762692.6831057,85.647],[614963.0274025,9762692.7851773,85.647],[614963.0588412,9762692.8848883,85.647],[614963.0988507,9762692.9814797,85.647],[614963.1471265,9762693.0742166,85.647],[614963.2033011,9762693.162393,85.647],[614963.266947,9762693.245338,85.647],[614963.3375798,9762693.3224202,85.647],[614963.414662,9762693.393053,85.647],[614963.497607,9762693.456699,85.647],[614963.5857834,9762693.5128735,85.647],[614963.6785203,9762693.5611493,85.647],[614963.7751117,9762693.6011588,85.647],[614963.8748227,9762693.6325975,85.647],[614963.9768943,9762693.6552262,85.647],[614964.0805497,9762693.6688727,85.647],[614964.185,9762693.6734331,85.647],[614964.2894503,9762693.6688727,85.647],[614964.3931057,9762693.6552262,85.647],[614964.4951773,9762693.6325975,85.647],[614964.5948883,9762693.6011588,85.647],[614964.6914797,9762693.5611493,85.647],[614964.7842166,9762693.5128735,85.647],[614964.872393,9762693.456699,85.647],[614964.955338,9762693.393053,85.647],[614965.0324202,9762693.3224202,85.647],[614965.103053,9762693.245338,85.647],[614965.1666989,9762693.162393,85.647],[614965.2228735,9762693.0742166,85.647],[614965.2711493,9762692.9814797,85.647],[614965.3111588,9762692.8848883,85.647],[614965.3425975,9762692.7851773,85.647],[614965.3652262,9762692.6831057,85.647],[614965.3788727,9762692.5794503,85.647],[614965.3834331,9762692.475,85.647]]]]}},
{"type":"Feature","properties":{"Layer":"MP_CAMARAS AASS"},"geometry":{"type":"MultiPolygon","coordinates":[[[[614937.6524331,9762692.081,85.107],[614937.6478727,9762691.9765497,85.107],[614937.6342262,9762691.8728943,85.107],[614937.6115975,9762691.7708227,85.107],[614937.5801588,9762691.6711117,85.107],[614937.5401493,9762691.5745203,85.107],[614937.4918735,9762691.4817834,85.107],[614937.4356989,9762691.393607,85.107],[614937.372053,9762691.310662,85.107],[614937.3014202,9762691.2335798,85.107],[614937.224338,9762691.162947,85.107],[614937.141393,9762691.099301,85.107],[614937.0532166,9762691.0431265,85.107],[614936.9604797,9762690.9948507,85.107],[614936.8638883,9762690.9548412,85.107],[614936.7641773,9762690.9234025,85.107],[614936.6621057,9762690.9007738,85.107],[614936.5584503,9762690.8871273,85.107],[614936.454,9762690.8825669,85.107],[614936.3495497,9762690.8871273,85.107],[614936.2458943,9762690.9007738,85.107],[614936.1438227,9762690.9234025,85.107],[614936.0441117,9762690.9548412,85.107],[614935.9475203,9762690.9948507,85.107],[614935.8547834,9762691.0431265,85.107],[614935.766607,9762691.099301,85.107],[614935.683662,9762691.162947,85.107],[614935.6065798,9762691.2335798,85.107],[614935.535947,9762691.310662,85.107],[614935.4723011,9762691.393607,85.107],[614935.4161265,9762691.4817834,85.107],[614935.3678507,9762691.5745203,85.107],[614935.3278412,9762691.6711117,85.107],[614935.2964025,9762691.7708227,85.107],[614935.2737738,9762691.8728943,85.107],[614935.2601273,9762691.9765497,85.107],[614935.2555669,9762692.081,85.107],[614935.2601273,9762692.1854503,85.107],[614935.2737738,9762692.2891057,85.107],[614935.2964025,9762692.3911773,85.107],[614935.3278412,9762692.4908883,85.107],[614935.3678507,9762692.5874797,85.107],[614935.4161265,9762692.6802166,85.107],[614935.4723011,9762692.768393,85.107],[614935.535947,9762692.851338,85.107],[614935.6065798,9762692.9284202,85.107],[614935.683662,9762692.999053,85.107],[614935.766607,9762693.062699,85.107],[614935.8547834,9762693.1188735,85.107],[614935.9475203,9762693.1671493,85.107],[614936.0441117,9762693.2071588,85.107],[614936.1438227,9762693.2385975,85.107],[614936.2458943,9762693.2612262,85.107],[614936.3495497,9762693.2748727,85.107],[614936.454,9762693.2794331,85.107],[614936.5584503,9762693.2748727,85.107],[614936.6621057,9762693.2612262,85.107],[614936.7641773,9762693.2385975,85.107],[614936.8638883,9762693.2071588,85.107],[614936.9604797,9762693.1671493,85.107],[614937.0532166,9762693.1188735,85.107],[614937.141393,9762693.062699,85.107],[614937.224338,9762692.999053,85.107],[614937.3014202,9762692.9284202,85.107],[614937.372053,9762692.851338,85.107],[614937.4356989,9762692.768393,85.107],[614937.4918735,9762692.6802166,85.107],[614937.5401493,9762692.5874797,85.107],[614937.5801588,9762692.4908883,85.107],[614937.6115975,9762692.3911773,85.107],[614937.6342262,9762692.2891057,85.107],[614937.6478727,9762692.1854503,85.107],[614937.6524331,9762692.081,85.107]]]]}},
{"type":"Feature","properties":{"Layer":"MP_CAMARAS AASS"},"geometry":{"type":"MultiPolygon","coordinates":[[[[614919.0354331,9762635.97,87.882],[614919.0308727,9762635.8655497,87.882],[614919.0172262,9762635.7618943,87.882],[614918.9945975,9762635.6598227,87.882],[614918.9631588,9762635.5601117,87.882],[614918.9231493,9762635.4635203,87.882],[614918.8748735,9762635.3707834,87.882],[614918.8186989,9762635.282607,87.882],[614918.755053,9762635.199662,87.882],[614918.6844202,9762635.1225798,87.882],[614918.607338,9762635.051947,87.882],[614918.524393,9762634.988301,87.882],[614918.4362166,9762634.9321265,87.882],[614918.3434797,9762634.8838507,87.882],[614918.2468883,9762634.8438412,87.882],[614918.1471773,9762634.8124025,87.882],[614918.0451057,9762634.7897738,87.882],[614917.9414503,9762634.7761273,87.882],[614917.837,9762634.7715669,87.882],[614917.7325497,9762634.7761273,87.882],[614917.6288943,9762634.7897738,87.882],[614917.5268227,9762634.8124025,87.882],[614917.4271117,9762634.8438412,87.882],[614917.3305203,9762634.8838507,87.882],[614917.2377834,9762634.9321265,87.882],[614917.149607,9762634.988301,87.882],[614917.066662,9762635.051947,87.882],[614916.9895798,9762635.1225798,87.882],[614916.918947,9762635.199662,87.882],[614916.8553011,9762635.282607,87.882],[614916.7991265,9762635.3707834,87.882],[614916.7508507,9762635.4635203,87.882],[614916.7108412,9762635.5601117,87.882],[614916.6794025,9762635.6598227,87.882],[614916.6567738,9762635.7618943,87.882],[614916.6431273,9762635.8655497,87.882],[614916.6385669,9762635.97,87.882],[614916.6431273,9762636.0744503,87.882],[614916.6567738,9762636.1781057,87.882],[614916.6794025,9762636.2801773,87.882],[614916.7108412,9762636.3798883,87.882],[614916.7508507,9762636.4764797,87.882],[614916.7991265,9762636.5692166,87.882],[614916.8553011,9762636.657393,87.882],[614916.918947,9762636.740338,87.882],[614916.9895798,9762636.8174202,87.882],[614917.066662,9762636.888053,87.882],[614917.149607,9762636.951699,87.882],[614917.2377834,9762637.0078735,87.882],[614917.3305203,9762637.0561493,87.882],[614917.4271117,9762637.0961588,87.882],[614917.5268227,9762637.1275975,87.882],[614917.6288943,9762637.1502262,87.882],[614917.7325497,9762637.1638727,87.882],[614917.837,9762637.1684331,87.882],[614917.9414503,9762637.1638727,87.882],[614918.0451057,9762637.1502262,87.882],[614918.1471773,9762637.1275975,87.882],[614918.2468883,9762637.0961588,87.882],[614918.3434797,9762637.0561493,87.882],[614918.4362166,9762637.0078735,87.882],[614918.524393,9762636.951699,87.882],[614918.607338,9762636.888053,87.882],[614918.6844202,9762636.8174202,87.882],[614918.755053,9762636.740338,87.882],[614918.8186989,9762636.657393,87.882],[614918.8748735,9762636.5692166,87.882],[614918.9231493,9762636.4764797,87.882],[614918.9631588,9762636.3798883,87.882],[614918.9945975,9762636.2801773,87.882],[614919.0172262,9762636.1781057,87.882],[614919.0308727,9762636.0744503,87.882],[614919.0354331,9762635.97,87.882]]]]}},
{"type":"Feature","properties":{"Layer":"MP_CAMARAS AASS"},"geometry":{"type":"MultiPolygon","coordinates":[[[[614942.7434331,9762629.92,92.51],[614942.7388727,9762629.8155497,92.51],[614942.7252262,9762629.7118943,92.51],[614942.7025975,9762629.6098227,92.51],[614942.6711588,9762629.5101117,92.51],[614942.6311493,9762629.4135203,92.51],[614942.5828735,9762629.3207834,92.51],[614942.5266989,9762629.232607,92.51],[614942.463053,9762629.149662,92.51],[614942.3924202,9762629.0725798,92.51],[614942.315338,9762629.001947,92.51],[614942.232393,9762628.938301,92.51],[614942.1442166,9762628.8821265,92.51],[614942.0514797,9762628.8338507,92.51],[614941.9548883,9762628.7938412,92.51],[614941.8551773,9762628.7624025,92.51],[614941.7531057,9762628.7397738,92.51],[614941.6494503,9762628.7261273,92.51],[614941.545,9762628.7215669,92.51],[614941.4405497,9762628.7261273,92.51],[614941.3368943,9762628.7397738,92.51],[614941.2348227,9762628.7624025,92.51],[614941.1351117,9762628.7938412,92.51],[614941.0385203,9762628.8338507,92.51],[614940.9457834,9762628.8821265,92.51],[614940.857607,9762628.938301,92.51],[614940.774662,9762629.001947,92.51],[614940.6975798,9762629.0725798,92.51],[614940.626947,9762629.149662,92.51],[614940.5633011,9762629.232607,92.51],[614940.5071265,9762629.3207834,92.51],[614940.4588507,9762629.4135203,92.51],[614940.4188412,9762629.5101117,92.51],[614940.3874025,9762629.6098227,92.51],[614940.3647738,9762629.7118943,92.51],[614940.3511273,9762629.8155497,92.51],[614940.3465669,9762629.92,92.51],[614940.3511273,9762630.0244503,92.51],[614940.3647738,9762630.1281057,92.51],[614940.3874025,9762630.2301773,92.51],[614940.4188412,9762630.3298883,92.51],[614940.4588507,9762630.4264797,92.51],[614940.5071265,9762630.5192166,92.51],[614940.5633011,9762630.607393,92.51],[614940.626947,9762630.690338,92.51],[614940.6975798,9762630.7674202,92.51],[614940.774662,9762630.838053,92.51],[614940.857607,9762630.901699,92.51],[614940.9457834,9762630.9578735,92.51],[614941.0385203,9762631.0061493,92.51],[614941.1351117,9762631.0461588,92.51],[614941.2348227,9762631.0775975,92.51],[614941.3368943,9762631.1002262,92.51],[614941.4405497,9762631.1138727,92.51],[614941.545,9762631.1184331,92.51],[614941.6494503,9762631.1138727,92.51],[614941.7531057,9762631.1002262,92.51],[614941.8551773,9762631.0775975,92.51],[614941.9548883,9762631.0461588,92.51],[614942.0514797,9762631.0061493,92.51],[614942.1442166,9762630.9578735,92.51],[614942.232393,9762630.901699,92.51],[614942.315338,9762630.838053,92.51],[614942.3924202,9762630.7674202,92.51],[614942.463053,9762630.690338,92.51],[614942.5266989,9762630.607393,92.51],[614942.5828735,9762630.5192166,92.51],[614942.6311493,9762630.4264797,92.51],[614942.6711588,9762630.3298883,92.51],[614942.7025975,9762630.2301773,92.51],[614942.7252262,9762630.1281057,92.51],[614942.7388727,9762630.0244503,92.51],[614942.7434331,9762629.92,92.51]]]]}},
{"type":"Feature","properties":{"Layer":"MP_CAMARAS AASS"},"geometry":{"type":"MultiPolygon","coordinates":[[[[614942.7664331,9762589.568,96.882],[614942.7618727,9762589.4635497,96.882],[614942.7482262,9762589.3598943,96.882],[614942.7255975,9762589.2578227,96.882],[614942.6941588,9762589.1581117,96.882],[614942.6541493,9762589.0615203,96.882],[614942.6058735,9762588.9687834,96.882],[614942.5496989,9762588.880607,96.882],[614942.486053,9762588.797662,96.882],[614942.4154202,9762588.7205798,96.882],[614942.338338,9762588.649947,96.882],[614942.255393,9762588.586301,96.882],[614942.1672166,9762588.5301265,96.882],[614942.0744797,9762588.4818507,96.882],[614941.9778883,9762588.4418412,96.882],[614941.8781773,9762588.4104025,96.882],[614941.7761057,9762588.3877738,96.882],[614941.6724503,9762588.3741273,96.882],[614941.568,9762588.3695669,96.882],[614941.4635497,9762588.3741273,96.882],[614941.3598943,9762588.3877738,96.882],[614941.2578227,9762588.4104025,96.882],[614941.1581117,9762588.4418412,96.882],[614941.0615203,9762588.4818507,96.882],[614940.9687834,9762588.5301265,96.882],[614940.880607,9762588.586301,96.882],[614940.797662,9762588.649947,96.882],[614940.7205798,9762588.7205798,96.882],[614940.649947,9762588.797662,96.882],[614940.5863011,9762588.880607,96.882],[614940.5301265,9762588.9687834,96.882],[614940.4818507,9762589.0615203,96.882],[614940.4418412,9762589.1581117,96.882],[614940.4104025,9762589.2578227,96.882],[614940.3877738,9762589.3598943,96.882],[614940.3741273,9762589.4635497,96.882],[614940.3695669,9762589.568,96.882],[614940.3741273,9762589.6724503,96.882],[614940.3877738,9762589.7761057,96.882],[614940.4104025,9762589.8781773,96.882],[614940.4418412,9762589.9778883,96.882],[614940.4818507,9762590.0744797,96.882],[614940.5301265,9762590.1672166,96.882],[614940.5863011,9762590.255393,96.882],[614940.649947,9762590.338338,96.882],[614940.7205798,9762590.4154202,96.882],[614940.797662,9762590.486053,96.882],[614940.880607,9762590.549699,96.882],[614940.9687834,9762590.6058735,96.882],[614941.0615203,9762590.6541493,96.882],[614941.1581117,9762590.6941588,96.882],[614941.2578227,9762590.7255975,96.882],[614941.3598943,9762590.7482262,96.882],[614941.4635497,9762590.7618727,96.882],[614941.568,9762590.7664331,96.882],[614941.6724503,9762590.7618727,96.882],[614941.7761057,9762590.7482262,96.882],[614941.8781773,9762590.7255975,96.882],[614941.9778883,9762590.6941588,96.882],[614942.0744797,9762590.6541493,96.882],[614942.1672166,9762590.6058735,96.882],[614942.255393,9762590.549699,96.882],[614942.338338,9762590.486053,96.882],[614942.4154202,9762590.4154202,96.882],[614942.486053,9762590.338338,96.882],[614942.5496989,9762590.255393,96.882],[614942.6058735,9762590.1672166,96.882],[614942.6541493,9762590.0744797,96.882],[614942.6941588,9762589.9778883,96.882],[614942.7255975,9762589.8781773,96.882],[614942.7482262,9762589.7761057,96.882],[614942.7618727,9762589.6724503,96.882],[614942.7664331,9762589.568,96.882]]]]}},
{"type":"Feature","properties":{"Layer":"MP_CAMARAS AASS"},"geometry":{"type":"MultiPolygon","coordinates":[[[[614906.9104331,9762635.596,82.75],[614906.9058727,9762635.4915497,82.75],[614906.8922262,9762635.3878943,82.75],[614906.8695975,9762635.2858227,82.75],[614906.8381588,9762635.1861117,82.75],[614906.7981493,9762635.0895203,82.75],[614906.7498735,9762634.9967834,82.75],[614906.6936989,9762634.908607,82.75],[614906.630053,9762634.825662,82.75],[614906.5594202,9762634.7485798,82.75],[614906.482338,9762634.677947,82.75],[614906.399393,9762634.6143011,82.75],[614906.3112166,9762634.5581265,82.75],[614906.2184797,9762634.5098507,82.75],[614906.1218883,9762634.4698412,82.75],[614906.0221773,9762634.4384025,82.75],[614905.9201057,9762634.4157738,82.75],[614905.8164503,9762634.4021273,82.75],[614905.712,9762634.3975669,82.75],[614905.6075497,9762634.4021273,82.75],[614905.5038943,9762634.4157738,82.75],[614905.4018227,9762634.4384025,82.75],[614905.3021117,9762634.4698412,82.75],[614905.2055203,9762634.5098507,82.75],[614905.1127834,9762634.5581265,82.75],[614905.024607,9762634.6143011,82.75],[614904.941662,9762634.677947,82.75],[614904.8645798,9762634.7485798,82.75],[614904.793947,9762634.825662,82.75],[614904.7303011,9762634.908607,82.75],[614904.6741265,9762634.9967834,82.75],[614904.6258507,9762635.0895203,82.75],[614904.5858412,9762635.1861117,82.75],[614904.5544025,9762635.2858227,82.75],[614904.5317738,9762635.3878943,82.75],[614904.5181273,9762635.4915497,82.75],[614904.5135669,9762635.596,82.75],[614904.5181273,9762635.7004503,82.75],[614904.5317738,9762635.8041057,82.75],[614904.5544025,9762635.9061773,82.75],[614904.5858412,9762636.0058883,82.75],[614904.6258507,9762636.1024797,82.75],[614904.6741265,9762636.1952166,82.75],[614904.7303011,9762636.283393,82.75],[614904.793947,9762636.366338,82.75],[614904.8645798,9762636.4434202,82.75],[614904.941662,9762636.514053,82.75],[614905.024607,9762636.577699,82.75],[614905.1127834,9762636.6338735,82.75],[614905.2055203,9762636.6821493,82.75],[614905.3021117,9762636.7221588,82.75],[614905.4018227,9762636.7535975,82.75],[614905.5038943,9762636.7762262,82.75],[614905.6075497,9762636.7898727,82.75],[614905.712,9762636.7944331,82.75],[614905.8164503,9762636.7898727,82.75],[614905.9201057,9762636.7762262,82.75],[614906.0221773,9762636.7535975,82.75],[614906.1218883,9762636.7221588,82.75],[614906.2184797,9762636.6821493,82.75],[614906.3112166,9762636.6338735,82.75],[614906.399393,9762636.577699,82.75],[614906.482338,9762636.514053,82.75],[614906.5594202,9762636.4434202,82.75],[614906.630053,9762636.366338,82.75],[614906.6936989,9762636.283393,82.75],[614906.7498735,9762636.1952166,82.75],[614906.7981493,9762636.1024797,82.75],[614906.8381588,9762636.0058883,82.75],[614906.8695975,9762635.9061773,82.75],[614906.8922262,9762635.8041057,82.75],[614906.9058727,9762635.7004503,82.75],[614906.9104331,9762635.596,82.75]]]]}},
{"type":"Feature","properties":{"Layer":"MP_CAMARAS AASS"},"geometry":{"type":"MultiPolygon","coordinates":[[[[614886.8484331,9762638.383,81.705],[614886.8438727,9762638.2785497,81.705],[614886.8302262,9762638.1748943,81.705],[614886.8075975,9762638.0728227,81.705],[614886.7761588,9762637.9731117,81.705],[614886.7361493,9762637.8765203,81.705],[614886.6878735,9762637.7837834,81.705],[614886.6316989,9762637.695607,81.705],[614886.568053,9762637.612662,81.705],[614886.4974202,9762637.5355798,81.705],[614886.420338,9762637.464947,81.705],[614886.337393,9762637.401301,81.705],[614886.2492166,9762637.3451265,81.705],[614886.1564797,9762637.2968507,81.705],[614886.0598883,9762637.2568412,81.705],[614885.9601773,9762637.2254025,81.705],[614885.8581057,9762637.2027738,81.705],[614885.7544503,9762637.1891273,81.705],[614885.65,9762637.1845669,81.705],[614885.5455497,9762637.1891273,81.705],[614885.4418943,9762637.2027738,81.705],[614885.3398227,9762637.2254025,81.705],[614885.2401117,9762637.2568412,81.705],[614885.1435203,9762637.2968507,81.705],[614885.0507834,9762637.3451265,81.705],[614884.962607,9762637.401301,81.705],[614884.879662,9762637.464947,81.705],[614884.8025798,9762637.5355798,81.705],[614884.731947,9762637.612662,81.705],[614884.6683011,9762637.695607,81.705],[614884.6121265,9762637.7837834,81.705],[614884.5638507,9762637.8765203,81.705],[614884.5238412,9762637.9731117,81.705],[614884.4924025,9762638.0728227,81.705],[614884.4697738,9762638.1748943,81.705],[614884.4561273,9762638.2785497,81.705],[614884.4515669,9762638.383,81.705],[614884.4561273,9762638.4874503,81.705],[614884.4697738,9762638.5911057,81.705],[614884.4924025,9762638.6931773,81.705],[614884.5238412,9762638.7928883,81.705],[614884.5638507,9762638.8894797,81.705],[614884.6121265,9762638.9822166,81.705],[614884.6683011,9762639.070393,81.705],[614884.731947,9762639.153338,81.705],[614884.8025798,9762639.2304202,81.705],[614884.879662,9762639.301053,81.705],[614884.962607,9762639.364699,81.705],[614885.0507834,9762639.4208735,81.705],[614885.1435203,9762639.4691493,81.705],[614885.2401117,9762639.5091588,81.705],[614885.3398227,9762639.5405975,81.705],[614885.4418943,9762639.5632262,81.705],[614885.5455497,9762639.5768727,81.705],[614885.65,9762639.5814331,81.705],[614885.7544503,9762639.5768727,81.705],[614885.8581057,9762639.5632262,81.705],[614885.9601773,9762639.5405975,81.705],[614886.0598883,9762639.5091588,81.705],[614886.1564797,9762639.4691493,81.705],[614886.2492166,9762639.4208735,81.705],[614886.337393,9762639.364699,81.705],[614886.420338,9762639.301053,81.705],[614886.4974202,9762639.2304202,81.705],[614886.568053,9762639.153338,81.705],[614886.6316989,9762639.070393,81.705],[614886.6878735,9762638.9822166,81.705],[614886.7361493,9762638.8894797,81.705],[614886.7761588,9762638.7928883,81.705],[614886.8075975,9762638.6931773,81.705],[614886.8302262,9762638.5911057,81.705],[614886.8438727,9762638.4874503,81.705],[614886.8484331,9762638.383,81.705]]]]}},
{"type":"Feature","properties":{"Layer":"MP_CAMARAS AASS"},"geometry":{"type":"MultiPolygon","coordinates":[[[[614870.5094331,9762653.399,79.38],[614870.5048727,9762653.2945497,79.38],[614870.4912262,9762653.1908943,79.38],[614870.4685975,9762653.0888227,79.38],[614870.4371588,9762652.9891117,79.38],[614870.3971493,9762652.8925203,79.38],[614870.3488735,9762652.7997834,79.38],[614870.2926989,9762652.711607,79.38],[614870.229053,9762652.628662,79.38],[614870.1584202,9762652.5515798,79.38],[614870.081338,9762652.480947,79.38],[614869.998393,9762652.417301,79.38],[614869.9102166,9762652.3611265,79.38],[614869.8174797,9762652.3128507,79.38],[614869.7208883,9762652.2728412,79.38],[614869.6211773,9762652.2414025,79.38],[614869.5191057,9762652.2187738,79.38],[614869.4154503,9762652.2051273,79.38],[614869.311,9762652.2005669,79.38],[614869.2065497,9762652.2051273,79.38],[614869.1028943,9762652.2187738,79.38],[614869.0008227,9762652.2414025,79.38],[614868.9011117,9762652.2728412,79.38],[614868.8045203,9762652.3128507,79.38],[614868.7117834,9762652.3611265,79.38],[614868.623607,9762652.417301,79.38],[614868.540662,9762652.480947,79.38],[614868.4635798,9762652.5515798,79.38],[614868.392947,9762652.628662,79.38],[614868.3293011,9762652.711607,79.38],[614868.2731265,9762652.7997834,79.38],[614868.2248507,9762652.8925203,79.38],[614868.1848412,9762652.9891117,79.38],[614868.1534025,9762653.0888227,79.38],[614868.1307738,9762653.1908943,79.38],[614868.1171273,9762653.2945497,79.38],[614868.1125669,9762653.399,79.38],[614868.1171273,9762653.5034503,79.38],[614868.1307738,9762653.6071057,79.38],[614868.1534025,9762653.7091773,79.38],[614868.1848412,9762653.8088883,79.38],[614868.2248507,9762653.9054797,79.38],[614868.2731265,9762653.9982166,79.38],[614868.3293011,9762654.086393,79.38],[614868.392947,9762654.169338,79.38],[614868.4635798,9762654.2464202,79.38],[614868.540662,9762654.317053,79.38],[614868.623607,9762654.380699,79.38],[614868.7117834,9762654.4368735,79.38],[614868.8045203,9762654.4851493,79.38],[614868.9011117,9762654.5251588,79.38],[614869.0008227,9762654.5565975,79.38],[614869.1028943,9762654.5792262,79.38],[614869.2065497,9762654.5928727,79.38],[614869.311,9762654.5974331,79.38],[614869.4154503,9762654.5928727,79.38],[614869.5191057,9762654.5792262,79.38],[614869.6211773,9762654.5565975,79.38],[614869.7208883,9762654.5251588,79.38],[614869.8174797,9762654.4851493,79.38],[614869.9102166,9762654.4368735,79.38],[614869.998393,9762654.380699,79.38],[614870.081338,9762654.317053,79.38],[614870.1584202,9762654.2464202,79.38],[614870.229053,9762654.169338,79.38],[614870.2926989,9762654.086393,79.38],[614870.3488735,9762653.9982166,79.38],[614870.3971493,9762653.9054797,79.38],[614870.4371588,9762653.8088883,79.38],[614870.4685975,9762653.7091773,79.38],[614870.4912262,9762653.6071057,79.38],[614870.5048727,9762653.5034503,79.38],[614870.5094331,9762653.399,79.38]]]]}},
{"type":"Feature","properties":{"Layer":"MP_CAMARAS AASS"},"geometry":{"type":"MultiPolygon","coordinates":[[[[614896.8674331,9762738.048,77.609],[614896.8628727,9762737.9435497,77.609],[614896.8492262,9762737.8398943,77.609],[614896.8265975,9762737.7378227,77.609],[614896.7951588,9762737.6381117,77.609],[614896.7551493,9762737.5415203,77.609],[614896.7068735,9762737.4487834,77.609],[614896.6506989,9762737.360607,77.609],[614896.587053,9762737.277662,77.609],[614896.5164202,9762737.2005798,77.609],[614896.439338,9762737.129947,77.609],[614896.356393,9762737.066301,77.609],[614896.2682166,9762737.0101265,77.609],[614896.1754797,9762736.9618507,77.609],[614896.0788883,9762736.9218412,77.609],[614895.9791773,9762736.8904025,77.609],[614895.8771057,9762736.8677738,77.609],[614895.7734503,9762736.8541273,77.609],[614895.669,9762736.8495669,77.609],[614895.5645497,9762736.8541273,77.609],[614895.4608943,9762736.8677738,77.609],[614895.3588227,9762736.8904025,77.609],[614895.2591117,9762736.9218412,77.609],[614895.1625203,9762736.9618507,77.609],[614895.0697834,9762737.0101265,77.609],[614894.981607,9762737.066301,77.609],[614894.898662,9762737.129947,77.609],[614894.8215798,9762737.2005798,77.609],[614894.750947,9762737.277662,77.609],[614894.6873011,9762737.360607,77.609],[614894.6311265,9762737.4487834,77.609],[614894.5828507,9762737.5415203,77.609],[614894.5428412,9762737.6381117,77.609],[614894.5114025,9762737.7378227,77.609],[614894.4887738,9762737.8398943,77.609],[614894.4751273,9762737.9435497,77.609],[614894.4705669,9762738.048,77.609],[614894.4751273,9762738.1524503,77.609],[614894.4887738,9762738.2561057,77.609],[614894.5114025,9762738.3581773,77.609],[614894.5428412,9762738.4578883,77.609],[614894.5828507,9762738.5544797,77.609],[614894.6311265,9762738.6472166,77.609],[614894.6873011,9762738.735393,77.609],[614894.750947,9762738.818338,77.609],[614894.8215798,9762738.8954202,77.609],[614894.898662,9762738.966053,77.609],[614894.981607,9762739.029699,77.609],[614895.0697834,9762739.0858735,77.609],[614895.1625203,9762739.1341493,77.609],[614895.2591117,9762739.1741588,77.609],[614895.3588227,9762739.2055975,77.609],[614895.4608943,9762739.2282262,77.609],[614895.5645497,9762739.2418727,77.609],[614895.669,9762739.2464331,77.609],[614895.7734503,9762739.2418727,77.609],[614895.8771057,9762739.2282262,77.609],[614895.9791773,9762739.2055975,77.609],[614896.0788883,9762739.1741588,77.609],[614896.1754797,9762739.1341493,77.609],[614896.2682166,9762739.0858735,77.609],[614896.356393,9762739.029699,77.609],[614896.439338,9762738.966053,77.609],[614896.5164202,9762738.8954202,77.609],[614896.587053,9762738.818338,77.609],[614896.6506989,9762738.735393,77.609],[614896.7068735,9762738.6472166,77.609],[614896.7551493,9762738.5544797,77.609],[614896.7951588,9762738.4578883,77.609],[614896.8265975,9762738.3581773,77.609],[614896.8492262,9762738.2561057,77.609],[614896.8628727,9762738.1524503,77.609],[614896.8674331,9762738.048,77.609]]]]}},
{"type":"Feature","properties":{"Layer":"MP_CAMARAS AASS"},"geometry":{"type":"MultiPolygon","coordinates":[[[[614866.7264331,9762776.394,77.065],[614866.7218727,9762776.2895497,77.065],[614866.7082262,9762776.1858943,77.065],[614866.6855975,9762776.0838227,77.065],[614866.6541588,9762775.9841117,77.065],[614866.6141493,9762775.8875203,77.065],[614866.5658735,9762775.7947834,77.065],[614866.5096989,9762775.706607,77.065],[614866.446053,9762775.623662,77.065],[614866.3754202,9762775.5465798,77.065],[614866.298338,9762775.475947,77.065],[614866.215393,9762775.412301,77.065],[614866.1272166,9762775.3561265,77.065],[614866.0344797,9762775.3078507,77.065],[614865.9378883,9762775.2678412,77.065],[614865.8381773,9762775.2364025,77.065],[614865.7361057,9762775.2137738,77.065],[614865.6324503,9762775.2001273,77.065],[614865.528,9762775.1955669,77.065],[614865.4235497,9762775.2001273,77.065],[614865.3198943,9762775.2137738,77.065],[614865.2178227,9762775.2364025,77.065],[614865.1181117,9762775.2678412,77.065],[614865.0215203,9762775.3078507,77.065],[614864.9287834,9762775.3561265,77.065],[614864.840607,9762775.412301,77.065],[614864.757662,9762775.475947,77.065],[614864.6805798,9762775.5465798,77.065],[614864.609947,9762775.623662,77.065],[614864.5463011,9762775.706607,77.065],[614864.4901265,9762775.7947834,77.065],[614864.4418507,9762775.8875203,77.065],[614864.4018412,9762775.9841117,77.065],[614864.3704025,9762776.0838227,77.065],[614864.3477738,9762776.1858943,77.065],[614864.3341273,9762776.2895497,77.065],[614864.3295669,9762776.394,77.065],[614864.3341273,9762776.4984503,77.065],[614864.3477738,9762776.6021057,77.065],[614864.3704025,9762776.7041773,77.065],[614864.4018412,9762776.8038883,77.065],[614864.4418507,9762776.9004797,77.065],[614864.4901265,9762776.9932166,77.065],[614864.5463011,9762777.081393,77.065],[614864.609947,9762777.164338,77.065],[614864.6805798,9762777.2414202,77.065],[614864.757662,9762777.312053,77.065],[614864.840607,9762777.375699,77.065],[614864.9287834,9762777.4318735,77.065],[614865.0215203,9762777.4801493,77.065],[614865.1181117,9762777.5201588,77.065],[614865.2178227,9762777.5515975,77.065],[614865.3198943,9762777.5742262,77.065],[614865.4235497,9762777.5878727,77.065],[614865.528,9762777.5924331,77.065],[614865.6324503,9762777.5878727,77.065],[614865.7361057,9762777.5742262,77.065],[614865.8381773,9762777.5515975,77.065],[614865.9378883,9762777.5201588,77.065],[614866.0344797,9762777.4801493,77.065],[614866.1272166,9762777.4318735,77.065],[614866.215393,9762777.375699,77.065],[614866.298338,9762777.312053,77.065],[614866.3754202,9762777.2414202,77.065],[614866.446053,9762777.164338,77.065],[614866.5096989,9762777.081393,77.065],[614866.5658735,9762776.9932166,77.065],[614866.6141493,9762776.9004797,77.065],[614866.6541588,9762776.8038883,77.065],[614866.6855975,9762776.7041773,77.065],[614866.7082262,9762776.6021057,77.065],[614866.7218727,9762776.4984503,77.065],[614866.7264331,9762776.394,77.065]]]]}},
{"type":"Feature","properties":{"Layer":"MP_CAMARAS AASS"},"geometry":{"type":"MultiPolygon","coordinates":[[[[615104.9084331,9762590.608,101.031],[615104.9038727,9762590.5035497,101.031],[615104.8902262,9762590.3998943,101.031],[615104.8675975,9762590.2978227,101.031],[615104.8361588,9762590.1981117,101.031],[615104.7961493,9762590.1015203,101.031],[615104.7478735,9762590.0087834,101.031],[615104.6916989,9762589.920607,101.031],[615104.628053,9762589.837662,101.031],[615104.5574202,9762589.7605798,101.031],[615104.480338,9762589.689947,101.031],[615104.397393,9762589.626301,101.031],[615104.3092166,9762589.5701265,101.031],[615104.2164797,9762589.5218507,101.031],[615104.1198883,9762589.4818412,101.031],[615104.0201773,9762589.4504025,101.031],[615103.9181057,9762589.4277738,101.031],[615103.8144503,9762589.4141273,101.031],[615103.71,9762589.4095669,101.031],[615103.6055497,9762589.4141273,101.031],[615103.5018943,9762589.4277738,101.031],[615103.3998227,9762589.4504025,101.031],[615103.3001117,9762589.4818412,101.031],[615103.2035203,9762589.5218507,101.031],[615103.1107834,9762589.5701265,101.031],[615103.022607,9762589.626301,101.031],[615102.939662,9762589.689947,101.031],[615102.8625798,9762589.7605798,101.031],[615102.791947,9762589.837662,101.031],[615102.7283011,9762589.920607,101.031],[615102.6721265,9762590.0087834,101.031],[615102.6238507,9762590.1015203,101.031],[615102.5838412,9762590.1981117,101.031],[615102.5524025,9762590.2978227,101.031],[615102.5297738,9762590.3998943,101.031],[615102.5161273,9762590.5035497,101.031],[615102.5115669,9762590.608,101.031],[615102.5161273,9762590.7124503,101.031],[615102.5297738,9762590.8161057,101.031],[615102.5524025,9762590.9181773,101.031],[615102.5838412,9762591.0178883,101.031],[615102.6238507,9762591.1144797,101.031],[615102.6721265,9762591.2072166,101.031],[615102.7283011,9762591.295393,101.031],[615102.791947,9762591.378338,101.031],[615102.8625798,9762591.4554202,101.031],[615102.939662,9762591.526053,101.031],[615103.022607,9762591.5896989,101.031],[615103.1107834,9762591.6458735,101.031],[615103.2035203,9762591.6941493,101.031],[615103.3001117,9762591.7341588,101.031],[615103.3998227,9762591.7655975,101.031],[615103.5018943,9762591.7882262,101.031],[615103.6055497,9762591.8018727,101.031],[615103.71,9762591.8064331,101.031],[615103.8144503,9762591.8018727,101.031],[615103.9181057,9762591.7882262,101.031],[615104.0201773,9762591.7655975,101.031],[615104.1198883,9762591.7341588,101.031],[615104.2164797,9762591.6941493,101.031],[615104.3092166,9762591.6458735,101.031],[615104.397393,9762591.5896989,101.031],[615104.480338,9762591.526053,101.031],[615104.5574202,9762591.4554202,101.031],[615104.628053,9762591.378338,101.031],[615104.6916989,9762591.295393,101.031],[615104.7478735,9762591.2072166,101.031],[615104.7961493,9762591.1144797,101.031],[615104.8361588,9762591.0178883,101.031],[615104.8675975,9762590.9181773,101.031],[615104.8902262,9762590.8161057,101.031],[615104.9038727,9762590.7124503,101.031],[615104.9084331,9762590.608,101.031]]]]}},
{"type":"Feature","properties":{"Layer":"MP_CAMARAS AASS"},"geometry":{"type":"MultiPolygon","coordinates":[[[[615097.8344331,9762605.626,100.254],[615097.8298727,9762605.5215497,100.254],[615097.8162262,9762605.4178943,100.254],[615097.7935975,9762605.3158227,100.254],[615097.7621588,9762605.2161117,100.254],[615097.7221493,9762605.1195203,100.254],[615097.6738735,9762605.0267834,100.254],[615097.6176989,9762604.938607,100.254],[615097.554053,9762604.855662,100.254],[615097.4834202,9762604.7785798,100.254],[615097.406338,9762604.707947,100.254],[615097.323393,9762604.644301,100.254],[615097.2352166,9762604.5881265,100.254],[615097.1424797,9762604.5398507,100.254],[615097.0458883,9762604.4998412,100.254],[615096.9461773,9762604.4684025,100.254],[615096.8441057,9762604.4457738,100.254],[615096.7404503,9762604.4321273,100.254],[615096.636,9762604.4275669,100.254],[615096.5315497,9762604.4321273,100.254],[615096.4278943,9762604.4457738,100.254],[615096.3258227,9762604.4684025,100.254],[615096.2261117,9762604.4998412,100.254],[615096.1295203,9762604.5398507,100.254],[615096.0367834,9762604.5881265,100.254],[615095.948607,9762604.644301,100.254],[615095.865662,9762604.707947,100.254],[615095.7885798,9762604.7785798,100.254],[615095.717947,9762604.855662,100.254],[615095.6543011,9762604.938607,100.254],[615095.5981265,9762605.0267834,100.254],[615095.5498507,9762605.1195203,100.254],[615095.5098412,9762605.2161117,100.254],[615095.4784025,9762605.3158227,100.254],[615095.4557738,9762605.4178943,100.254],[615095.4421273,9762605.5215497,100.254],[615095.4375669,9762605.626,100.254],[615095.4421273,9762605.7304503,100.254],[615095.4557738,9762605.8341057,100.254],[615095.4784025,9762605.9361773,100.254],[615095.5098412,9762606.0358883,100.254],[615095.5498507,9762606.1324797,100.254],[615095.5981265,9762606.2252166,100.254],[615095.6543011,9762606.313393,100.254],[615095.717947,9762606.396338,100.254],[615095.7885798,9762606.4734202,100.254],[615095.865662,9762606.544053,100.254],[615095.948607,9762606.607699,100.254],[615096.0367834,9762606.6638735,100.254],[615096.1295203,9762606.7121493,100.254],[615096.2261117,9762606.7521588,100.254],[615096.3258227,9762606.7835975,100.254],[615096.4278943,9762606.8062262,100.254],[615096.5315497,9762606.8198727,100.254],[615096.636,9762606.8244331,100.254],[615096.7404503,9762606.8198727,100.254],[615096.8441057,9762606.8062262,100.254],[615096.9461773,9762606.7835975,100.254],[615097.0458883,9762606.7521588,100.254],[615097.1424797,9762606.7121493,100.254],[615097.2352166,9762606.6638735,100.254],[615097.323393,9762606.607699,100.254],[615097.406338,9762606.544053,100.254],[615097.4834202,9762606.4734202,100.254],[615097.554053,9762606.396338,100.254],[615097.6176989,9762606.313393,100.254],[615097.6738735,9762606.2252166,100.254],[615097.7221493,9762606.1324797,100.254],[615097.7621588,9762606.0358883,100.254],[615097.7935975,9762605.9361773,100.254],[615097.8162262,9762605.8341057,100.254],[615097.8298727,9762605.7304503,100.254],[615097.8344331,9762605.626,100.254]]]]}},
{"type":"Feature","properties":{"Layer":"MP_CAMARAS AASS"},"geometry":{"type":"MultiPolygon","coordinates":[[[[615088.3784331,9762626.14,96.786],[615088.3738727,9762626.0355497,96.786],[615088.3602262,9762625.9318943,96.786],[615088.3375975,9762625.8298227,96.786],[615088.3061588,9762625.7301117,96.786],[615088.2661493,9762625.6335203,96.786],[615088.2178735,9762625.5407834,96.786],[615088.1616989,9762625.452607,96.786],[615088.098053,9762625.369662,96.786],[615088.0274202,9762625.2925798,96.786],[615087.950338,9762625.221947,96.786],[615087.867393,9762625.158301,96.786],[615087.7792166,9762625.1021265,96.786],[615087.6864797,9762625.0538507,96.786],[615087.5898883,9762625.0138412,96.786],[615087.4901773,9762624.9824025,96.786],[615087.3881057,9762624.9597738,96.786],[615087.2844503,9762624.9461273,96.786],[615087.18,9762624.9415669,96.786],[615087.0755497,9762624.9461273,96.786],[615086.9718943,9762624.9597738,96.786],[615086.8698227,9762624.9824025,96.786],[615086.7701117,9762625.0138412,96.786],[615086.6735203,9762625.0538507,96.786],[615086.5807834,9762625.1021265,96.786],[615086.492607,9762625.158301,96.786],[615086.409662,9762625.221947,96.786],[615086.3325798,9762625.2925798,96.786],[615086.261947,9762625.369662,96.786],[615086.1983011,9762625.452607,96.786],[615086.1421265,9762625.5407834,96.786],[615086.0938507,9762625.6335203,96.786],[615086.0538412,9762625.7301117,96.786],[615086.0224025,9762625.8298227,96.786],[615085.9997738,9762625.9318943,96.786],[615085.9861273,9762626.0355497,96.786],[615085.9815669,9762626.14,96.786],[615085.9861273,9762626.2444503,96.786],[615085.9997738,9762626.3481057,96.786],[615086.0224025,9762626.4501773,96.786],[615086.0538412,9762626.5498883,96.786],[615086.0938507,9762626.6464797,96.786],[615086.1421265,9762626.7392166,96.786],[615086.1983011,9762626.827393,96.786],[615086.261947,9762626.910338,96.786],[615086.3325798,9762626.9874202,96.786],[615086.409662,9762627.058053,96.786],[615086.492607,9762627.121699,96.786],[615086.5807834,9762627.1778735,96.786],[615086.6735203,9762627.2261493,96.786],[615086.7701117,9762627.2661588,96.786],[615086.8698227,9762627.2975975,96.786],[615086.9718943,9762627.3202262,96.786],[615087.0755497,9762627.3338727,96.786],[615087.18,9762627.3384331,96.786],[615087.2844503,9762627.3338727,96.786],[615087.3881057,9762627.3202262,96.786],[615087.4901773,9762627.2975975,96.786],[615087.5898883,9762627.2661588,96.786],[615087.6864797,9762627.2261493,96.786],[615087.7792166,9762627.1778735,96.786],[615087.867393,9762627.121699,96.786],[615087.950338,9762627.058053,96.786],[615088.0274202,9762626.9874202,96.786],[615088.098053,9762626.910338,96.786],[615088.1616989,9762626.827393,96.786],[615088.2178735,9762626.7392166,96.786],[615088.2661493,9762626.6464797,96.786],[615088.3061588,9762626.5498883,96.786],[615088.3375975,9762626.4501773,96.786],[615088.3602262,9762626.3481057,96.786],[615088.3738727,9762626.2444503,96.786],[615088.3784331,9762626.14,96.786]]]]}},
{"type":"Feature","properties":{"Layer":"MP_CAMARAS AASS"},"geometry":{"type":"MultiPolygon","coordinates":[[[[615069.8834331,9762662.11,93.674],[615069.8788727,9762662.0055497,93.674],[615069.8652262,9762661.9018943,93.674],[615069.8425975,9762661.7998227,93.674],[615069.8111588,9762661.7001117,93.674],[615069.7711493,9762661.6035203,93.674],[615069.7228735,9762661.5107834,93.674],[615069.6666989,9762661.422607,93.674],[615069.603053,9762661.339662,93.674],[615069.5324202,9762661.2625798,93.674],[615069.455338,9762661.191947,93.674],[615069.372393,9762661.128301,93.674],[615069.2842166,9762661.0721265,93.674],[615069.1914797,9762661.0238507,93.674],[615069.0948883,9762660.9838412,93.674],[615068.9951773,9762660.9524025,93.674],[615068.8931057,9762660.9297738,93.674],[615068.7894503,9762660.9161273,93.674],[615068.685,9762660.9115669,93.674],[615068.5805497,9762660.9161273,93.674],[615068.4768943,9762660.9297738,93.674],[615068.3748227,9762660.9524025,93.674],[615068.2751117,9762660.9838412,93.674],[615068.1785203,9762661.0238507,93.674],[615068.0857834,9762661.0721265,93.674],[615067.997607,9762661.128301,93.674],[615067.914662,9762661.191947,93.674],[615067.8375798,9762661.2625798,93.674],[615067.766947,9762661.339662,93.674],[615067.7033011,9762661.422607,93.674],[615067.6471265,9762661.5107834,93.674],[615067.5988507,9762661.6035203,93.674],[615067.5588412,9762661.7001117,93.674],[615067.5274025,9762661.7998227,93.674],[615067.5047738,9762661.9018943,93.674],[615067.4911273,9762662.0055497,93.674],[615067.4865669,9762662.11,93.674],[615067.4911273,9762662.2144503,93.674],[615067.5047738,9762662.3181057,93.674],[615067.5274025,9762662.4201773,93.674],[615067.5588412,9762662.5198883,93.674],[615067.5988507,9762662.6164797,93.674],[615067.6471265,9762662.7092166,93.674],[615067.7033011,9762662.797393,93.674],[615067.766947,9762662.880338,93.674],[615067.8375798,9762662.9574202,93.674],[615067.914662,9762663.028053,93.674],[615067.997607,9762663.091699,93.674],[615068.0857834,9762663.1478735,93.674],[615068.1785203,9762663.1961493,93.674],[615068.2751117,9762663.2361588,93.674],[615068.3748227,9762663.2675975,93.674],[615068.4768943,9762663.2902262,93.674],[615068.5805497,9762663.3038727,93.674],[615068.685,9762663.3084331,93.674],[615068.7894503,9762663.3038727,93.674],[615068.8931057,9762663.2902262,93.674],[615068.9951773,9762663.2675975,93.674],[615069.0948883,9762663.2361588,93.674],[615069.1914797,9762663.1961493,93.674],[615069.2842166,9762663.1478735,93.674],[615069.372393,9762663.091699,93.674],[615069.455338,9762663.028053,93.674],[615069.5324202,9762662.9574202,93.674],[615069.603053,9762662.880338,93.674],[615069.6666989,9762662.797393,93.674],[615069.7228735,9762662.7092166,93.674],[615069.7711493,9762662.6164797,93.674],[615069.8111588,9762662.5198883,93.674],[615069.8425975,9762662.4201773,93.674],[615069.8652262,9762662.3181057,93.674],[615069.8788727,9762662.2144503,93.674],[615069.8834331,9762662.11,93.674]]]]}},
{"type":"Feature","properties":{"Layer":"MP_CAMARAS AASS"},"geometry":{"type":"MultiPolygon","coordinates":[[[[615060.0254331,9762685.672,93.034],[615060.0208727,9762685.5675497,93.034],[615060.0072262,9762685.4638943,93.034],[615059.9845975,9762685.3618227,93.034],[615059.9531588,9762685.2621117,93.034],[615059.9131493,9762685.1655203,93.034],[615059.8648735,9762685.0727834,93.034],[615059.8086989,9762684.984607,93.034],[615059.745053,9762684.901662,93.034],[615059.6744202,9762684.8245798,93.034],[615059.597338,9762684.753947,93.034],[615059.514393,9762684.690301,93.034],[615059.4262166,9762684.6341265,93.034],[615059.3334797,9762684.5858507,93.034],[615059.2368883,9762684.5458412,93.034],[615059.1371773,9762684.5144025,93.034],[615059.0351057,9762684.4917738,93.034],[615058.9314503,9762684.4781273,93.034],[615058.827,9762684.4735669,93.034],[615058.7225497,9762684.4781273,93.034],[615058.6188943,9762684.4917738,93.034],[615058.5168227,9762684.5144025,93.034],[615058.4171117,9762684.5458412,93.034],[615058.3205203,9762684.5858507,93.034],[615058.2277834,9762684.6341265,93.034],[615058.139607,9762684.690301,93.034],[615058.056662,9762684.753947,93.034],[615057.9795798,9762684.8245798,93.034],[615057.908947,9762684.901662,93.034],[615057.8453011,9762684.984607,93.034],[615057.7891265,9762685.0727834,93.034],[615057.7408507,9762685.1655203,93.034],[615057.7008412,9762685.2621117,93.034],[615057.6694025,9762685.3618227,93.034],[615057.6467738,9762685.4638943,93.034],[615057.6331273,9762685.5675497,93.034],[615057.6285669,9762685.672,93.034],[615057.6331273,9762685.7764503,93.034],[615057.6467738,9762685.8801057,93.034],[615057.6694025,9762685.9821773,93.034],[615057.7008412,9762686.0818883,93.034],[615057.7408507,9762686.1784797,93.034],[615057.7891265,9762686.2712166,93.034],[615057.8453011,9762686.359393,93.034],[615057.908947,9762686.442338,93.034],[615057.9795798,9762686.5194202,93.034],[615058.056662,9762686.590053,93.034],[615058.139607,9762686.653699,93.034],[615058.2277834,9762686.7098735,93.034],[615058.3205203,9762686.7581493,93.034],[615058.4171117,9762686.7981588,93.034],[615058.5168227,9762686.8295975,93.034],[615058.6188943,9762686.8522262,93.034],[615058.7225497,9762686.8658727,93.034],[615058.827,9762686.8704331,93.034],[615058.9314503,9762686.8658727,93.034],[615059.0351057,9762686.8522262,93.034],[615059.1371773,9762686.8295975,93.034],[615059.2368883,9762686.7981588,93.034],[615059.3334797,9762686.7581493,93.034],[615059.4262166,9762686.7098735,93.034],[615059.514393,9762686.653699,93.034],[615059.597338,9762686.590053,93.034],[615059.6744202,9762686.5194202,93.034],[615059.745053,9762686.442338,93.034],[615059.8086989,9762686.359393,93.034],[615059.8648735,9762686.2712166,93.034],[615059.9131493,9762686.1784797,93.034],[615059.9531588,9762686.0818883,93.034],[615059.9845975,9762685.9821773,93.034],[615060.0072262,9762685.8801057,93.034],[615060.0208727,9762685.7764503,93.034],[615060.0254331,9762685.672,93.034]]]]}},
{"type":"Feature","properties":{"Layer":"MP_CAMARAS AASS"},"geometry":{"type":"MultiPolygon","coordinates":[[[[615091.8014331,9762712.262,92.551],[615091.7968727,9762712.1575497,92.551],[615091.7832262,9762712.0538943,92.551],[615091.7605975,9762711.9518227,92.551],[615091.7291588,9762711.8521117,92.551],[615091.6891493,9762711.7555203,92.551],[615091.6408735,9762711.6627834,92.551],[615091.5846989,9762711.574607,92.551],[615091.521053,9762711.491662,92.551],[615091.4504202,9762711.4145798,92.551],[615091.373338,9762711.343947,92.551],[615091.290393,9762711.280301,92.551],[615091.2022166,9762711.2241265,92.551],[615091.1094797,9762711.1758507,92.551],[615091.0128883,9762711.1358412,92.551],[615090.9131773,9762711.1044025,92.551],[615090.8111057,9762711.0817738,92.551],[615090.7074503,9762711.0681273,92.551],[615090.603,9762711.0635669,92.551],[615090.4985497,9762711.0681273,92.551],[615090.3948943,9762711.0817738,92.551],[615090.2928227,9762711.1044025,92.551],[615090.1931117,9762711.1358412,92.551],[615090.0965203,9762711.1758507,92.551],[615090.0037834,9762711.2241265,92.551],[615089.915607,9762711.280301,92.551],[615089.832662,9762711.343947,92.551],[615089.7555798,9762711.4145798,92.551],[615089.684947,9762711.491662,92.551],[615089.6213011,9762711.574607,92.551],[615089.5651265,9762711.6627834,92.551],[615089.5168507,9762711.7555203,92.551],[615089.4768412,9762711.8521117,92.551],[615089.4454025,9762711.9518227,92.551],[615089.4227738,9762712.0538943,92.551],[615089.4091273,9762712.1575497,92.551],[615089.4045669,9762712.262,92.551],[615089.4091273,9762712.3664503,92.551],[615089.4227738,9762712.4701057,92.551],[615089.4454025,9762712.5721773,92.551],[615089.4768412,9762712.6718883,92.551],[615089.5168507,9762712.7684797,92.551],[615089.5651265,9762712.8612166,92.551],[615089.6213011,9762712.949393,92.551],[615089.684947,9762713.032338,92.551],[615089.7555798,9762713.1094202,92.551],[615089.832662,9762713.180053,92.551],[615089.915607,9762713.243699,92.551],[615090.0037834,9762713.2998735,92.551],[615090.0965203,9762713.3481493,92.551],[615090.1931117,9762713.3881588,92.551],[615090.2928227,9762713.4195975,92.551],[615090.3948943,9762713.4422262,92.551],[615090.4985497,9762713.4558727,92.551],[615090.603,9762713.4604331,92.551],[615090.7074503,9762713.4558727,92.551],[615090.8111057,9762713.4422262,92.551],[615090.9131773,9762713.4195975,92.551],[615091.0128883,9762713.3881588,92.551],[615091.1094797,9762713.3481493,92.551],[615091.2022166,9762713.2998735,92.551],[615091.290393,9762713.243699,92.551],[615091.373338,9762713.180053,92.551],[615091.4504202,9762713.1094202,92.551],[615091.521053,9762713.032338,92.551],[615091.5846989,9762712.949393,92.551],[615091.6408735,9762712.8612166,92.551],[615091.6891493,9762712.7684797,92.551],[615091.7291588,9762712.6718883,92.551],[615091.7605975,9762712.5721773,92.551],[615091.7832262,9762712.4701057,92.551],[615091.7968727,9762712.3664503,92.551],[615091.8014331,9762712.262,92.551]]]]}},
{"type":"Feature","properties":{"Layer":"MP_CAMARAS AASS"},"geometry":{"type":"MultiPolygon","coordinates":[[[[615044.8604331,9762727.731,90.379],[615044.8558727,9762727.6265497,90.379],[615044.8422262,9762727.5228943,90.379],[615044.8195975,9762727.4208227,90.379],[615044.7881588,9762727.3211117,90.379],[615044.7481493,9762727.2245203,90.379],[615044.6998735,9762727.1317834,90.379],[615044.6436989,9762727.043607,90.379],[615044.580053,9762726.960662,90.379],[615044.5094202,9762726.8835798,90.379],[615044.432338,9762726.812947,90.379],[615044.349393,9762726.749301,90.379],[615044.2612166,9762726.6931265,90.379],[615044.1684797,9762726.6448507,90.379],[615044.0718883,9762726.6048412,90.379],[615043.9721773,9762726.5734025,90.379],[615043.8701057,9762726.5507738,90.379],[615043.7664503,9762726.5371273,90.379],[615043.662,9762726.5325669,90.379],[615043.5575497,9762726.5371273,90.379],[615043.4538943,9762726.5507738,90.379],[615043.3518227,9762726.5734025,90.379],[615043.2521117,9762726.6048412,90.379],[615043.1555203,9762726.6448507,90.379],[615043.0627834,9762726.6931265,90.379],[615042.974607,9762726.749301,90.379],[615042.891662,9762726.812947,90.379],[615042.8145798,9762726.8835798,90.379],[615042.743947,9762726.960662,90.379],[615042.6803011,9762727.043607,90.379],[615042.6241265,9762727.1317834,90.379],[615042.5758507,9762727.2245203,90.379],[615042.5358412,9762727.3211117,90.379],[615042.5044025,9762727.4208227,90.379],[615042.4817738,9762727.5228943,90.379],[615042.4681273,9762727.6265497,90.379],[615042.4635669,9762727.731,90.379],[615042.4681273,9762727.8354503,90.379],[615042.4817738,9762727.9391057,90.379],[615042.5044025,9762728.0411773,90.379],[615042.5358412,9762728.1408883,90.379],[615042.5758507,9762728.2374797,90.379],[615042.6241265,9762728.3302166,90.379],[615042.6803011,9762728.418393,90.379],[615042.743947,9762728.501338,90.379],[615042.8145798,9762728.5784202,90.379],[615042.891662,9762728.649053,90.379],[615042.974607,9762728.712699,90.379],[615043.0627834,9762728.7688735,90.379],[615043.1555203,9762728.8171493,90.379],[615043.2521117,9762728.8571588,90.379],[615043.3518227,9762728.8885975,90.379],[615043.4538943,9762728.9112262,90.379],[615043.5575497,9762728.9248727,90.379],[615043.662,9762728.9294331,90.379],[615043.7664503,9762728.9248727,90.379],[615043.8701057,9762728.9112262,90.379],[615043.9721773,9762728.8885975,90.379],[615044.0718883,9762728.8571588,90.379],[615044.1684797,9762728.8171493,90.379],[615044.2612166,9762728.7688735,90.379],[615044.349393,9762728.712699,90.379],[615044.432338,9762728.649053,90.379],[615044.5094202,9762728.5784202,90.379],[615044.580053,9762728.501338,90.379],[615044.6436989,9762728.418393,90.379],[615044.6998735,9762728.3302166,90.379],[615044.7481493,9762728.2374797,90.379],[615044.7881588,9762728.1408883,90.379],[615044.8195975,9762728.0411773,90.379],[615044.8422262,9762727.9391057,90.379],[615044.8558727,9762727.8354503,90.379],[615044.8604331,9762727.731,90.379]]]]}},
{"type":"Feature","properties":{"Layer":"MP_CAMARAS AASS"},"geometry":{"type":"MultiPolygon","coordinates":[[[[615056.6694331,9762764.576,88.621],[615056.6648727,9762764.4715497,88.621],[615056.6512262,9762764.3678943,88.621],[615056.6285975,9762764.2658227,88.621],[615056.5971588,9762764.1661117,88.621],[615056.5571493,9762764.0695203,88.621],[615056.5088735,9762763.9767834,88.621],[615056.4526989,9762763.888607,88.621],[615056.389053,9762763.805662,88.621],[615056.3184202,9762763.7285798,88.621],[615056.241338,9762763.657947,88.621],[615056.158393,9762763.594301,88.621],[615056.0702166,9762763.5381265,88.621],[615055.9774797,9762763.4898507,88.621],[615055.8808883,9762763.4498412,88.621],[615055.7811773,9762763.4184025,88.621],[615055.6791057,9762763.3957738,88.621],[615055.5754503,9762763.3821273,88.621],[615055.471,9762763.3775669,88.621],[615055.3665497,9762763.3821273,88.621],[615055.2628943,9762763.3957738,88.621],[615055.1608227,9762763.4184025,88.621],[615055.0611117,9762763.4498412,88.621],[615054.9645203,9762763.4898507,88.621],[615054.8717834,9762763.5381265,88.621],[615054.783607,9762763.594301,88.621],[615054.700662,9762763.657947,88.621],[615054.6235798,9762763.7285798,88.621],[615054.552947,9762763.805662,88.621],[615054.4893011,9762763.888607,88.621],[615054.4331265,9762763.9767834,88.621],[615054.3848507,9762764.0695203,88.621],[615054.3448412,9762764.1661117,88.621],[615054.3134025,9762764.2658227,88.621],[615054.2907738,9762764.3678943,88.621],[615054.2771273,9762764.4715497,88.621],[615054.2725669,9762764.576,88.621],[615054.2771273,9762764.6804503,88.621],[615054.2907738,9762764.7841057,88.621],[615054.3134025,9762764.8861773,88.621],[615054.3448412,9762764.9858883,88.621],[615054.3848507,9762765.0824797,88.621],[615054.4331265,9762765.1752166,88.621],[615054.4893011,9762765.263393,88.621],[615054.552947,9762765.346338,88.621],[615054.6235798,9762765.4234202,88.621],[615054.700662,9762765.494053,88.621],[615054.783607,9762765.557699,88.621],[615054.8717834,9762765.6138735,88.621],[615054.9645203,9762765.6621493,88.621],[615055.0611117,9762765.7021588,88.621],[615055.1608227,9762765.7335975,88.621],[615055.2628943,9762765.7562262,88.621],[615055.3665497,9762765.7698727,88.621],[615055.471,9762765.7744331,88.621],[615055.5754503,9762765.7698727,88.621],[615055.6791057,9762765.7562262,88.621],[615055.7811773,9762765.7335975,88.621],[615055.8808883,9762765.7021588,88.621],[615055.9774797,9762765.6621493,88.621],[615056.0702166,9762765.6138735,88.621],[615056.158393,9762765.557699,88.621],[615056.241338,9762765.494053,88.621],[615056.3184202,9762765.4234202,88.621],[615056.389053,9762765.346338,88.621],[615056.4526989,9762765.263393,88.621],[615056.5088735,9762765.1752166,88.621],[615056.5571493,9762765.0824797,88.621],[615056.5971588,9762764.9858883,88.621],[615056.6285975,9762764.8861773,88.621],[615056.6512262,9762764.7841057,88.621],[615056.6648727,9762764.6804503,88.621],[615056.6694331,9762764.576,88.621]]]]}},
{"type":"Feature","properties":{"Layer":"MP_CAMARAS AASS"},"geometry":{"type":"MultiPolygon","coordinates":[[[[615064.0704331,9762787.742,86.717],[615064.0658727,9762787.6375497,86.717],[615064.0522262,9762787.5338943,86.717],[615064.0295975,9762787.4318227,86.717],[615063.9981588,9762787.3321117,86.717],[615063.9581493,9762787.2355203,86.717],[615063.9098735,9762787.1427834,86.717],[615063.8536989,9762787.054607,86.717],[615063.790053,9762786.971662,86.717],[615063.7194202,9762786.8945798,86.717],[615063.642338,9762786.823947,86.717],[615063.559393,9762786.760301,86.717],[615063.4712166,9762786.7041265,86.717],[615063.3784797,9762786.6558507,86.717],[615063.2818883,9762786.6158412,86.717],[615063.1821773,9762786.5844025,86.717],[615063.0801057,9762786.5617738,86.717],[615062.9764503,9762786.5481273,86.717],[615062.872,9762786.5435669,86.717],[615062.7675497,9762786.5481273,86.717],[615062.6638943,9762786.5617738,86.717],[615062.5618227,9762786.5844025,86.717],[615062.4621117,9762786.6158412,86.717],[615062.3655203,9762786.6558507,86.717],[615062.2727834,9762786.7041265,86.717],[615062.184607,9762786.760301,86.717],[615062.101662,9762786.823947,86.717],[615062.0245798,9762786.8945798,86.717],[615061.953947,9762786.971662,86.717],[615061.8903011,9762787.054607,86.717],[615061.8341265,9762787.1427834,86.717],[615061.7858507,9762787.2355203,86.717],[615061.7458412,9762787.3321117,86.717],[615061.7144025,9762787.4318227,86.717],[615061.6917738,9762787.5338943,86.717],[615061.6781273,9762787.6375497,86.717],[615061.6735669,9762787.742,86.717],[615061.6781273,9762787.8464503,86.717],[615061.6917738,9762787.9501057,86.717],[615061.7144025,9762788.0521773,86.717],[615061.7458412,9762788.1518883,86.717],[615061.7858507,9762788.2484797,86.717],[615061.8341265,9762788.3412166,86.717],[615061.8903011,9762788.429393,86.717],[615061.953947,9762788.512338,86.717],[615062.0245798,9762788.5894202,86.717],[615062.101662,9762788.660053,86.717],[615062.184607,9762788.723699,86.717],[615062.2727834,9762788.7798735,86.717],[615062.3655203,9762788.8281493,86.717],[615062.4621117,9762788.8681588,86.717],[615062.5618227,9762788.8995975,86.717],[615062.6638943,9762788.9222262,86.717],[615062.7675497,9762788.9358727,86.717],[615062.872,9762788.9404331,86.717],[615062.9764503,9762788.9358727,86.717],[615063.0801057,9762788.9222262,86.717],[615063.1821773,9762788.8995975,86.717],[615063.2818883,9762788.8681588,86.717],[615063.3784797,9762788.8281493,86.717],[615063.4712166,9762788.7798735,86.717],[615063.559393,9762788.723699,86.717],[615063.642338,9762788.660053,86.717],[615063.7194202,9762788.5894202,86.717],[615063.790053,9762788.512338,86.717],[615063.8536989,9762788.429393,86.717],[615063.9098735,9762788.3412166,86.717],[615063.9581493,9762788.2484797,86.717],[615063.9981588,9762788.1518883,86.717],[615064.0295975,9762788.0521773,86.717],[615064.0522262,9762787.9501057,86.717],[615064.0658727,9762787.8464503,86.717],[615064.0704331,9762787.742,86.717]]]]}},
{"type":"Feature","properties":{"Layer":"MP_CAMARAS AASS"},"geometry":{"type":"MultiPolygon","coordinates":[[[[615056.8854331,9762798.364,85.168],[615056.8808727,9762798.2595497,85.168],[615056.8672262,9762798.1558943,85.168],[615056.8445975,9762798.0538227,85.168],[615056.8131588,9762797.9541117,85.168],[615056.7731493,9762797.8575203,85.168],[615056.7248735,9762797.7647834,85.168],[615056.6686989,9762797.676607,85.168],[615056.605053,9762797.593662,85.168],[615056.5344202,9762797.5165798,85.168],[615056.457338,9762797.445947,85.168],[615056.374393,9762797.382301,85.168],[615056.2862166,9762797.3261265,85.168],[615056.1934797,9762797.2778507,85.168],[615056.0968883,9762797.2378412,85.168],[615055.9971773,9762797.2064025,85.168],[615055.8951057,9762797.1837738,85.168],[615055.7914503,9762797.1701273,85.168],[615055.687,9762797.1655669,85.168],[615055.5825497,9762797.1701273,85.168],[615055.4788943,9762797.1837738,85.168],[615055.3768227,9762797.2064025,85.168],[615055.2771117,9762797.2378412,85.168],[615055.1805203,9762797.2778507,85.168],[615055.0877834,9762797.3261265,85.168],[615054.999607,9762797.382301,85.168],[615054.916662,9762797.445947,85.168],[615054.8395798,9762797.5165798,85.168],[615054.768947,9762797.593662,85.168],[615054.7053011,9762797.676607,85.168],[615054.6491265,9762797.7647834,85.168],[615054.6008507,9762797.8575203,85.168],[615054.5608412,9762797.9541117,85.168],[615054.5294025,9762798.0538227,85.168],[615054.5067738,9762798.1558943,85.168],[615054.4931273,9762798.2595497,85.168],[615054.4885669,9762798.364,85.168],[615054.4931273,9762798.4684503,85.168],[615054.5067738,9762798.5721057,85.168],[615054.5294025,9762798.6741773,85.168],[615054.5608412,9762798.7738883,85.168],[615054.6008507,9762798.8704797,85.168],[615054.6491265,9762798.9632166,85.168],[615054.7053011,9762799.051393,85.168],[615054.768947,9762799.134338,85.168],[615054.8395798,9762799.2114202,85.168],[615054.916662,9762799.282053,85.168],[615054.999607,9762799.345699,85.168],[615055.0877834,9762799.4018735,85.168],[615055.1805203,9762799.4501493,85.168],[615055.2771117,9762799.4901588,85.168],[615055.3768227,9762799.5215975,85.168],[615055.4788943,9762799.5442262,85.168],[615055.5825497,9762799.5578727,85.168],[615055.687,9762799.5624331,85.168],[615055.7914503,9762799.5578727,85.168],[615055.8951057,9762799.5442262,85.168],[615055.9971773,9762799.5215975,85.168],[615056.0968883,9762799.4901588,85.168],[615056.1934797,9762799.4501493,85.168],[615056.2862166,9762799.4018735,85.168],[615056.374393,9762799.345699,85.168],[615056.457338,9762799.282053,85.168],[615056.5344202,9762799.2114202,85.168],[615056.605053,9762799.134338,85.168],[615056.6686989,9762799.051393,85.168],[615056.7248735,9762798.9632166,85.168],[615056.7731493,9762798.8704797,85.168],[615056.8131588,9762798.7738883,85.168],[615056.8445975,9762798.6741773,85.168],[615056.8672262,9762798.5721057,85.168],[615056.8808727,9762798.4684503,85.168],[615056.8854331,9762798.364,85.168]]]]}},
{"type":"Feature","properties":{"Layer":"MP_CAMARAS AASS"},"geometry":{"type":"MultiPolygon","coordinates":[[[[615022.4234331,9762809.698,85.056],[615022.4188727,9762809.5935497,85.056],[615022.4052262,9762809.4898943,85.056],[615022.3825975,9762809.3878227,85.056],[615022.3511588,9762809.2881117,85.056],[615022.3111493,9762809.1915203,85.056],[615022.2628735,9762809.0987834,85.056],[615022.2066989,9762809.010607,85.056],[615022.143053,9762808.927662,85.056],[615022.0724202,9762808.8505798,85.056],[615021.995338,9762808.779947,85.056],[615021.912393,9762808.7163011,85.056],[615021.8242166,9762808.6601265,85.056],[615021.7314797,9762808.6118507,85.056],[615021.6348883,9762808.5718412,85.056],[615021.5351773,9762808.5404025,85.056],[615021.4331057,9762808.5177738,85.056],[615021.3294503,9762808.5041273,85.056],[615021.225,9762808.4995669,85.056],[615021.1205497,9762808.5041273,85.056],[615021.0168943,9762808.5177738,85.056],[615020.9148227,9762808.5404025,85.056],[615020.8151117,9762808.5718412,85.056],[615020.7185203,9762808.6118507,85.056],[615020.6257834,9762808.6601265,85.056],[615020.537607,9762808.7163011,85.056],[615020.454662,9762808.779947,85.056],[615020.3775798,9762808.8505798,85.056],[615020.306947,9762808.927662,85.056],[615020.2433011,9762809.010607,85.056],[615020.1871265,9762809.0987834,85.056],[615020.1388507,9762809.1915203,85.056],[615020.0988412,9762809.2881117,85.056],[615020.0674025,9762809.3878227,85.056],[615020.0447738,9762809.4898943,85.056],[615020.0311273,9762809.5935497,85.056],[615020.0265669,9762809.698,85.056],[615020.0311273,9762809.8024503,85.056],[615020.0447738,9762809.9061057,85.056],[615020.0674025,9762810.0081773,85.056],[615020.0988412,9762810.1078883,85.056],[615020.1388507,9762810.2044797,85.056],[615020.1871265,9762810.2972166,85.056],[615020.2433011,9762810.385393,85.056],[615020.306947,9762810.468338,85.056],[615020.3775798,9762810.5454202,85.056],[615020.454662,9762810.616053,85.056],[615020.537607,9762810.679699,85.056],[615020.6257834,9762810.7358735,85.056],[615020.7185203,9762810.7841493,85.056],[615020.8151117,9762810.8241588,85.056],[615020.9148227,9762810.8555975,85.056],[615021.0168943,9762810.8782262,85.056],[615021.1205497,9762810.8918727,85.056],[615021.225,9762810.8964331,85.056],[615021.3294503,9762810.8918727,85.056],[615021.4331057,9762810.8782262,85.056],[615021.5351773,9762810.8555975,85.056],[615021.6348883,9762810.8241588,85.056],[615021.7314797,9762810.7841493,85.056],[615021.8242166,9762810.7358735,85.056],[615021.912393,9762810.679699,85.056],[615021.995338,9762810.616053,85.056],[615022.0724202,9762810.5454202,85.056],[615022.143053,9762810.468338,85.056],[615022.2066989,9762810.385393,85.056],[615022.2628735,9762810.2972166,85.056],[615022.3111493,9762810.2044797,85.056],[615022.3511588,9762810.1078883,85.056],[615022.3825975,9762810.0081773,85.056],[615022.4052262,9762809.9061057,85.056],[615022.4188727,9762809.8024503,85.056],[615022.4234331,9762809.698,85.056]]]]}},
{"type":"Feature","properties":{"Layer":"MP_CAMARAS AASS"},"geometry":{"type":"MultiPolygon","coordinates":[[[[615006.3394331,9762818.044,83.328],[615006.3348727,9762817.9395497,83.328],[615006.3212262,9762817.8358943,83.328],[615006.2985975,9762817.7338227,83.328],[615006.2671588,9762817.6341117,83.328],[615006.2271493,9762817.5375203,83.328],[615006.1788735,9762817.4447834,83.328],[615006.1226989,9762817.356607,83.328],[615006.059053,9762817.273662,83.328],[615005.9884202,9762817.1965798,83.328],[615005.911338,9762817.125947,83.328],[615005.828393,9762817.062301,83.328],[615005.7402166,9762817.0061265,83.328],[615005.6474797,9762816.9578507,83.328],[615005.5508883,9762816.9178412,83.328],[615005.4511773,9762816.8864025,83.328],[615005.3491057,9762816.8637738,83.328],[615005.2454503,9762816.8501273,83.328],[615005.141,9762816.8455669,83.328],[615005.0365497,9762816.8501273,83.328],[615004.9328943,9762816.8637738,83.328],[615004.8308227,9762816.8864025,83.328],[615004.7311117,9762816.9178412,83.328],[615004.6345203,9762816.9578507,83.328],[615004.5417834,9762817.0061265,83.328],[615004.453607,9762817.062301,83.328],[615004.370662,9762817.125947,83.328],[615004.2935798,9762817.1965798,83.328],[615004.222947,9762817.273662,83.328],[615004.1593011,9762817.356607,83.328],[615004.1031265,9762817.4447834,83.328],[615004.0548507,9762817.5375203,83.328],[615004.0148412,9762817.6341117,83.328],[615003.9834025,9762817.7338227,83.328],[615003.9607738,9762817.8358943,83.328],[615003.9471273,9762817.9395497,83.328],[615003.9425669,9762818.044,83.328],[615003.9471273,9762818.1484503,83.328],[615003.9607738,9762818.2521057,83.328],[615003.9834025,9762818.3541773,83.328],[615004.0148412,9762818.4538883,83.328],[615004.0548507,9762818.5504797,83.328],[615004.1031265,9762818.6432166,83.328],[615004.1593011,9762818.731393,83.328],[615004.222947,9762818.814338,83.328],[615004.2935798,9762818.8914202,83.328],[615004.370662,9762818.962053,83.328],[615004.453607,9762819.025699,83.328],[615004.5417834,9762819.0818735,83.328],[615004.6345203,9762819.1301493,83.328],[615004.7311117,9762819.1701588,83.328],[615004.8308227,9762819.2015975,83.328],[615004.9328943,9762819.2242262,83.328],[615005.0365497,9762819.2378727,83.328],[615005.141,9762819.2424331,83.328],[615005.2454503,9762819.2378727,83.328],[615005.3491057,9762819.2242262,83.328],[615005.4511773,9762819.2015975,83.328],[615005.5508883,9762819.1701588,83.328],[615005.6474797,9762819.1301493,83.328],[615005.7402166,9762819.0818735,83.328],[615005.828393,9762819.025699,83.328],[615005.911338,9762818.962053,83.328],[615005.9884202,9762818.8914202,83.328],[615006.059053,9762818.814338,83.328],[615006.1226989,9762818.731393,83.328],[615006.1788735,9762818.6432166,83.328],[615006.2271493,9762818.5504797,83.328],[615006.2671588,9762818.4538883,83.328],[615006.2985975,9762818.3541773,83.328],[615006.3212262,9762818.2521057,83.328],[615006.3348727,9762818.1484503,83.328],[615006.3394331,9762818.044,83.328]]]]}},
{"type":"Feature","properties":{"Layer":"MP_CAMARAS AASS"},"geometry":{"type":"MultiPolygon","coordinates":[[[[614985.7314331,9762824.769,83.605],[614985.7268727,9762824.6645497,83.605],[614985.7132262,9762824.5608943,83.605],[614985.6905975,9762824.4588227,83.605],[614985.6591588,9762824.3591117,83.605],[614985.6191493,9762824.2625203,83.605],[614985.5708735,9762824.1697834,83.605],[614985.5146989,9762824.081607,83.605],[614985.451053,9762823.998662,83.605],[614985.3804202,9762823.9215798,83.605],[614985.303338,9762823.850947,83.605],[614985.220393,9762823.787301,83.605],[614985.1322166,9762823.7311265,83.605],[614985.0394797,9762823.6828507,83.605],[614984.9428883,9762823.6428412,83.605],[614984.8431773,9762823.6114025,83.605],[614984.7411057,9762823.5887738,83.605],[614984.6374503,9762823.5751273,83.605],[614984.533,9762823.5705669,83.605],[614984.4285497,9762823.5751273,83.605],[614984.3248943,9762823.5887738,83.605],[614984.2228227,9762823.6114025,83.605],[614984.1231117,9762823.6428412,83.605],[614984.0265203,9762823.6828507,83.605],[614983.9337834,9762823.7311265,83.605],[614983.845607,9762823.787301,83.605],[614983.762662,9762823.850947,83.605],[614983.6855798,9762823.9215798,83.605],[614983.614947,9762823.998662,83.605],[614983.5513011,9762824.081607,83.605],[614983.4951265,9762824.1697834,83.605],[614983.4468507,9762824.2625203,83.605],[614983.4068412,9762824.3591117,83.605],[614983.3754025,9762824.4588227,83.605],[614983.3527738,9762824.5608943,83.605],[614983.3391273,9762824.6645497,83.605],[614983.3345669,9762824.769,83.605],[614983.3391273,9762824.8734503,83.605],[614983.3527738,9762824.9771057,83.605],[614983.3754025,9762825.0791773,83.605],[614983.4068412,9762825.1788883,83.605],[614983.4468507,9762825.2754797,83.605],[614983.4951265,9762825.3682166,83.605],[614983.5513011,9762825.456393,83.605],[614983.614947,9762825.539338,83.605],[614983.6855798,9762825.6164202,83.605],[614983.762662,9762825.687053,83.605],[614983.845607,9762825.750699,83.605],[614983.9337834,9762825.8068735,83.605],[614984.0265203,9762825.8551493,83.605],[614984.1231117,9762825.8951588,83.605],[614984.2228227,9762825.9265975,83.605],[614984.3248943,9762825.9492262,83.605],[614984.4285497,9762825.9628727,83.605],[614984.533,9762825.9674331,83.605],[614984.6374503,9762825.9628727,83.605],[614984.7411057,9762825.9492262,83.605],[614984.8431773,9762825.9265975,83.605],[614984.9428883,9762825.8951588,83.605],[614985.0394797,9762825.8551493,83.605],[614985.1322166,9762825.8068735,83.605],[614985.220393,9762825.750699,83.605],[614985.303338,9762825.687053,83.605],[614985.3804202,9762825.6164202,83.605],[614985.451053,9762825.539338,83.605],[614985.5146989,9762825.456393,83.605],[614985.5708735,9762825.3682166,83.605],[614985.6191493,9762825.2754797,83.605],[614985.6591588,9762825.1788883,83.605],[614985.6905975,9762825.0791773,83.605],[614985.7132262,9762824.9771057,83.605],[614985.7268727,9762824.8734503,83.605],[614985.7314331,9762824.769,83.605]]]]}},
{"type":"Feature","properties":{"Layer":"MP_CAMARAS AASS"},"geometry":{"type":"MultiPolygon","coordinates":[[[[614950.6304331,9762836.411,81.158],[614950.6258727,9762836.3065497,81.158],[614950.6122262,9762836.2028943,81.158],[614950.5895975,9762836.1008227,81.158],[614950.5581588,9762836.0011117,81.158],[614950.5181493,9762835.9045203,81.158],[614950.4698735,9762835.8117834,81.158],[614950.4136989,9762835.723607,81.158],[614950.350053,9762835.640662,81.158],[614950.2794202,9762835.5635798,81.158],[614950.202338,9762835.492947,81.158],[614950.119393,9762835.429301,81.158],[614950.0312166,9762835.3731265,81.158],[614949.9384797,9762835.3248507,81.158],[614949.8418883,9762835.2848412,81.158],[614949.7421773,9762835.2534025,81.158],[614949.6401057,9762835.2307738,81.158],[614949.5364503,9762835.2171273,81.158],[614949.432,9762835.2125669,81.158],[614949.3275497,9762835.2171273,81.158],[614949.2238943,9762835.2307738,81.158],[614949.1218227,9762835.2534025,81.158],[614949.0221117,9762835.2848412,81.158],[614948.9255203,9762835.3248507,81.158],[614948.8327834,9762835.3731265,81.158],[614948.744607,9762835.429301,81.158],[614948.661662,9762835.492947,81.158],[614948.5845798,9762835.5635798,81.158],[614948.513947,9762835.640662,81.158],[614948.4503011,9762835.723607,81.158],[614948.3941265,9762835.8117834,81.158],[614948.3458507,9762835.9045203,81.158],[614948.3058412,9762836.0011117,81.158],[614948.2744025,9762836.1008227,81.158],[614948.2517738,9762836.2028943,81.158],[614948.2381273,9762836.3065497,81.158],[614948.2335669,9762836.411,81.158],[614948.2381273,9762836.5154503,81.158],[614948.2517738,9762836.6191057,81.158],[614948.2744025,9762836.7211773,81.158],[614948.3058412,9762836.8208883,81.158],[614948.3458507,9762836.9174797,81.158],[614948.3941265,9762837.0102166,81.158],[614948.4503011,9762837.098393,81.158],[614948.513947,9762837.181338,81.158],[614948.5845798,9762837.2584202,81.158],[614948.661662,9762837.329053,81.158],[614948.744607,9762837.392699,81.158],[614948.8327834,9762837.4488735,81.158],[614948.9255203,9762837.4971493,81.158],[614949.0221117,9762837.5371588,81.158],[614949.1218227,9762837.5685975,81.158],[614949.2238943,9762837.5912262,81.158],[614949.3275497,9762837.6048727,81.158],[614949.432,9762837.6094331,81.158],[614949.5364503,9762837.6048727,81.158],[614949.6401057,9762837.5912262,81.158],[614949.7421773,9762837.5685975,81.158],[614949.8418883,9762837.5371588,81.158],[614949.9384797,9762837.4971493,81.158],[614950.0312166,9762837.4488735,81.158],[614950.119393,9762837.392699,81.158],[614950.202338,9762837.329053,81.158],[614950.2794202,9762837.2584202,81.158],[614950.350053,9762837.181338,81.158],[614950.4136989,9762837.098393,81.158],[614950.4698735,9762837.0102166,81.158],[614950.5181493,9762836.9174797,81.158],[614950.5581588,9762836.8208883,81.158],[614950.5895975,9762836.7211773,81.158],[614950.6122262,9762836.6191057,81.158],[614950.6258727,9762836.5154503,81.158],[614950.6304331,9762836.411,81.158]]]]}},
{"type":"Feature","properties":{"Layer":"MP_CAMARAS AASS"},"geometry":{"type":"MultiPolygon","coordinates":[[[[614928.9244331,9762846.819,79.382],[614928.9198727,9762846.7145497,79.382],[614928.9062262,9762846.6108943,79.382],[614928.8835975,9762846.5088227,79.382],[614928.8521588,9762846.4091117,79.382],[614928.8121493,9762846.3125203,79.382],[614928.7638735,9762846.2197834,79.382],[614928.7076989,9762846.131607,79.382],[614928.644053,9762846.048662,79.382],[614928.5734202,9762845.9715798,79.382],[614928.496338,9762845.900947,79.382],[614928.413393,9762845.837301,79.382],[614928.3252166,9762845.7811265,79.382],[614928.2324797,9762845.7328507,79.382],[614928.1358883,9762845.6928412,79.382],[614928.0361773,9762845.6614025,79.382],[614927.9341057,9762845.6387738,79.382],[614927.8304503,9762845.6251273,79.382],[614927.726,9762845.6205669,79.382],[614927.6215497,9762845.6251273,79.382],[614927.5178943,9762845.6387738,79.382],[614927.4158227,9762845.6614025,79.382],[614927.3161117,9762845.6928412,79.382],[614927.2195203,9762845.7328507,79.382],[614927.1267834,9762845.7811265,79.382],[614927.038607,9762845.837301,79.382],[614926.955662,9762845.900947,79.382],[614926.8785798,9762845.9715798,79.382],[614926.807947,9762846.048662,79.382],[614926.7443011,9762846.131607,79.382],[614926.6881265,9762846.2197834,79.382],[614926.6398507,9762846.3125203,79.382],[614926.5998412,9762846.4091117,79.382],[614926.5684025,9762846.5088227,79.382],[614926.5457738,9762846.6108943,79.382],[614926.5321273,9762846.7145497,79.382],[614926.5275669,9762846.819,79.382],[614926.5321273,9762846.9234503,79.382],[614926.5457738,9762847.0271057,79.382],[614926.5684025,9762847.1291773,79.382],[614926.5998412,9762847.2288883,79.382],[614926.6398507,9762847.3254797,79.382],[614926.6881265,9762847.4182166,79.382],[614926.7443011,9762847.506393,79.382],[614926.807947,9762847.589338,79.382],[614926.8785798,9762847.6664202,79.382],[614926.955662,9762847.737053,79.382],[614927.038607,9762847.800699,79.382],[614927.1267834,9762847.8568735,79.382],[614927.2195203,9762847.9051493,79.382],[614927.3161117,9762847.9451588,79.382],[614927.4158227,9762847.9765975,79.382],[614927.5178943,9762847.9992262,79.382],[614927.6215497,9762848.0128727,79.382],[614927.726,9762848.0174331,79.382],[614927.8304503,9762848.0128727,79.382],[614927.9341057,9762847.9992262,79.382],[614928.0361773,9762847.9765975,79.382],[614928.1358883,9762847.9451588,79.382],[614928.2324797,9762847.9051493,79.382],[614928.3252166,9762847.8568735,79.382],[614928.413393,9762847.800699,79.382],[614928.496338,9762847.737053,79.382],[614928.5734202,9762847.6664202,79.382],[614928.644053,9762847.589338,79.382],[614928.7076989,9762847.506393,79.382],[614928.7638735,9762847.4182166,79.382],[614928.8121493,9762847.3254797,79.382],[614928.8521588,9762847.2288883,79.382],[614928.8835975,9762847.1291773,79.382],[614928.9062262,9762847.0271057,79.382],[614928.9198727,9762846.9234503,79.382],[614928.9244331,9762846.819,79.382]]]]}},
{"type":"Feature","properties":{"Layer":"MP_CAMARAS AASS"},"geometry":{"type":"MultiPolygon","coordinates":[[[[615082.7524331,9762863.167,80.833],[615082.7478727,9762863.0625497,80.833],[615082.7342262,9762862.9588943,80.833],[615082.7115975,9762862.8568227,80.833],[615082.6801588,9762862.7571117,80.833],[615082.6401493,9762862.6605203,80.833],[615082.5918735,9762862.5677834,80.833],[615082.5356989,9762862.479607,80.833],[615082.472053,9762862.396662,80.833],[615082.4014202,9762862.3195798,80.833],[615082.324338,9762862.248947,80.833],[615082.241393,9762862.185301,80.833],[615082.1532166,9762862.1291265,80.833],[615082.0604797,9762862.0808507,80.833],[615081.9638883,9762862.0408412,80.833],[615081.8641773,9762862.0094025,80.833],[615081.7621057,9762861.9867738,80.833],[615081.6584503,9762861.9731273,80.833],[615081.554,9762861.9685669,80.833],[615081.4495497,9762861.9731273,80.833],[615081.3458943,9762861.9867738,80.833],[615081.2438227,9762862.0094025,80.833],[615081.1441117,9762862.0408412,80.833],[615081.0475203,9762862.0808507,80.833],[615080.9547834,9762862.1291265,80.833],[615080.866607,9762862.185301,80.833],[615080.783662,9762862.248947,80.833],[615080.7065798,9762862.3195798,80.833],[615080.635947,9762862.396662,80.833],[615080.5723011,9762862.479607,80.833],[615080.5161265,9762862.5677834,80.833],[615080.4678507,9762862.6605203,80.833],[615080.4278412,9762862.7571117,80.833],[615080.3964025,9762862.8568227,80.833],[615080.3737738,9762862.9588943,80.833],[615080.3601273,9762863.0625497,80.833],[615080.3555669,9762863.167,80.833],[615080.3601273,9762863.2714503,80.833],[615080.3737738,9762863.3751057,80.833],[615080.3964025,9762863.4771773,80.833],[615080.4278412,9762863.5768883,80.833],[615080.4678507,9762863.6734797,80.833],[615080.5161265,9762863.7662166,80.833],[615080.5723011,9762863.854393,80.833],[615080.635947,9762863.937338,80.833],[615080.7065798,9762864.0144202,80.833],[615080.783662,9762864.085053,80.833],[615080.866607,9762864.148699,80.833],[615080.9547834,9762864.2048735,80.833],[615081.0475203,9762864.2531493,80.833],[615081.1441117,9762864.2931588,80.833],[615081.2438227,9762864.3245975,80.833],[615081.3458943,9762864.3472262,80.833],[615081.4495497,9762864.3608727,80.833],[615081.554,9762864.3654331,80.833],[615081.6584503,9762864.3608727,80.833],[615081.7621057,9762864.3472262,80.833],[615081.8641773,9762864.3245975,80.833],[615081.9638883,9762864.2931588,80.833],[615082.0604797,9762864.2531493,80.833],[615082.1532166,9762864.2048735,80.833],[615082.241393,9762864.148699,80.833],[615082.324338,9762864.085053,80.833],[615082.4014202,9762864.0144202,80.833],[615082.472053,9762863.937338,80.833],[615082.5356989,9762863.854393,80.833],[615082.5918735,9762863.7662166,80.833],[615082.6401493,9762863.6734797,80.833],[615082.6801588,9762863.5768883,80.833],[615082.7115975,9762863.4771773,80.833],[615082.7342262,9762863.3751057,80.833],[615082.7478727,9762863.2714503,80.833],[615082.7524331,9762863.167,80.833]]]]}},
{"type":"Feature","properties":{"Layer":"MP_CAMARAS AASS"},"geometry":{"type":"MultiPolygon","coordinates":[[[[615037.7014331,9762877.868,80.59],[615037.6968727,9762877.7635497,80.59],[615037.6832262,9762877.6598943,80.59],[615037.6605975,9762877.5578227,80.59],[615037.6291588,9762877.4581117,80.59],[615037.5891493,9762877.3615203,80.59],[615037.5408735,9762877.2687834,80.59],[615037.4846989,9762877.180607,80.59],[615037.421053,9762877.097662,80.59],[615037.3504202,9762877.0205798,80.59],[615037.273338,9762876.949947,80.59],[615037.190393,9762876.886301,80.59],[615037.1022166,9762876.8301265,80.59],[615037.0094797,9762876.7818507,80.59],[615036.9128883,9762876.7418412,80.59],[615036.8131773,9762876.7104025,80.59],[615036.7111057,9762876.6877738,80.59],[615036.6074503,9762876.6741273,80.59],[615036.503,9762876.6695669,80.59],[615036.3985497,9762876.6741273,80.59],[615036.2948943,9762876.6877738,80.59],[615036.1928227,9762876.7104025,80.59],[615036.0931117,9762876.7418412,80.59],[615035.9965203,9762876.7818507,80.59],[615035.9037834,9762876.8301265,80.59],[615035.815607,9762876.886301,80.59],[615035.732662,9762876.949947,80.59],[615035.6555798,9762877.0205798,80.59],[615035.584947,9762877.097662,80.59],[615035.5213011,9762877.180607,80.59],[615035.4651265,9762877.2687834,80.59],[615035.4168507,9762877.3615203,80.59],[615035.3768412,9762877.4581117,80.59],[615035.3454025,9762877.5578227,80.59],[615035.3227738,9762877.6598943,80.59],[615035.3091273,9762877.7635497,80.59],[615035.3045669,9762877.868,80.59],[615035.3091273,9762877.9724503,80.59],[615035.3227738,9762878.0761057,80.59],[615035.3454025,9762878.1781773,80.59],[615035.3768412,9762878.2778883,80.59],[615035.4168507,9762878.3744797,80.59],[615035.4651265,9762878.4672166,80.59],[615035.5213011,9762878.555393,80.59],[615035.584947,9762878.638338,80.59],[615035.6555798,9762878.7154202,80.59],[615035.732662,9762878.786053,80.59],[615035.815607,9762878.849699,80.59],[615035.9037834,9762878.9058735,80.59],[615035.9965203,9762878.9541493,80.59],[615036.0931117,9762878.9941588,80.59],[615036.1928227,9762879.0255975,80.59],[615036.2948943,9762879.0482262,80.59],[615036.3985497,9762879.0618727,80.59],[615036.503,9762879.0664331,80.59],[615036.6074503,9762879.0618727,80.59],[615036.7111057,9762879.0482262,80.59],[615036.8131773,9762879.0255975,80.59],[615036.9128883,9762878.9941588,80.59],[615037.0094797,9762878.9541493,80.59],[615037.1022166,9762878.9058735,80.59],[615037.190393,9762878.849699,80.59],[615037.273338,9762878.786053,80.59],[615037.3504202,9762878.7154202,80.59],[615037.421053,9762878.638338,80.59],[615037.4846989,9762878.555393,80.59],[615037.5408735,9762878.4672166,80.59],[615037.5891493,9762878.3744797,80.59],[615037.6291588,9762878.2778883,80.59],[615037.6605975,9762878.1781773,80.59],[615037.6832262,9762878.0761057,80.59],[615037.6968727,9762877.9724503,80.59],[615037.7014331,9762877.868,80.59]]]]}},
{"type":"Feature","properties":{"Layer":"MP_CAMARAS AASS"},"geometry":{"type":"MultiPolygon","coordinates":[[[[615004.1684331,9762888.518,80.215],[615004.1638727,9762888.4135497,80.215],[615004.1502262,9762888.3098943,80.215],[615004.1275975,9762888.2078227,80.215],[615004.0961588,9762888.1081117,80.215],[615004.0561493,9762888.0115203,80.215],[615004.0078735,9762887.9187834,80.215],[615003.9516989,9762887.830607,80.215],[615003.888053,9762887.747662,80.215],[615003.8174202,9762887.6705798,80.215],[615003.740338,9762887.599947,80.215],[615003.657393,9762887.536301,80.215],[615003.5692166,9762887.4801265,80.215],[615003.4764797,9762887.4318507,80.215],[615003.3798883,9762887.3918412,80.215],[615003.2801773,9762887.3604025,80.215],[615003.1781057,9762887.3377738,80.215],[615003.0744503,9762887.3241273,80.215],[615002.97,9762887.3195669,80.215],[615002.8655497,9762887.3241273,80.215],[615002.7618943,9762887.3377738,80.215],[615002.6598227,9762887.3604025,80.215],[615002.5601117,9762887.3918412,80.215],[615002.4635203,9762887.4318507,80.215],[615002.3707834,9762887.4801265,80.215],[615002.282607,9762887.536301,80.215],[615002.199662,9762887.599947,80.215],[615002.1225798,9762887.6705798,80.215],[615002.051947,9762887.747662,80.215],[615001.9883011,9762887.830607,80.215],[615001.9321265,9762887.9187834,80.215],[615001.8838507,9762888.0115203,80.215],[615001.8438412,9762888.1081117,80.215],[615001.8124025,9762888.2078227,80.215],[615001.7897738,9762888.3098943,80.215],[615001.7761273,9762888.4135497,80.215],[615001.7715669,9762888.518,80.215],[615001.7761273,9762888.6224503,80.215],[615001.7897738,9762888.7261057,80.215],[615001.8124025,9762888.8281773,80.215],[615001.8438412,9762888.9278883,80.215],[615001.8838507,9762889.0244797,80.215],[615001.9321265,9762889.1172166,80.215],[615001.9883011,9762889.205393,80.215],[615002.051947,9762889.288338,80.215],[615002.1225798,9762889.3654202,80.215],[615002.199662,9762889.436053,80.215],[615002.282607,9762889.4996989,80.215],[615002.3707834,9762889.5558735,80.215],[615002.4635203,9762889.6041493,80.215],[615002.5601117,9762889.6441588,80.215],[615002.6598227,9762889.6755975,80.215],[615002.7618943,9762889.6982262,80.215],[615002.8655497,9762889.7118727,80.215],[615002.97,9762889.7164331,80.215],[615003.0744503,9762889.7118727,80.215],[615003.1781057,9762889.6982262,80.215],[615003.2801773,9762889.6755975,80.215],[615003.3798883,9762889.6441588,80.215],[615003.4764797,9762889.6041493,80.215],[615003.5692166,9762889.5558735,80.215],[615003.657393,9762889.4996989,80.215],[615003.740338,9762889.436053,80.215],[615003.8174202,9762889.3654202,80.215],[615003.888053,9762889.288338,80.215],[615003.9516989,9762889.205393,80.215],[615004.0078735,9762889.1172166,80.215],[615004.0561493,9762889.0244797,80.215],[615004.0961588,9762888.9278883,80.215],[615004.1275975,9762888.8281773,80.215],[615004.1502262,9762888.7261057,80.215],[615004.1638727,9762888.6224503,80.215],[615004.1684331,9762888.518,80.215]]]]}},
{"type":"Feature","properties":{"Layer":"MP_CAMARAS AASS"},"geometry":{"type":"MultiPolygon","coordinates":[[[[614960.6354331,9762902.882,78.264],[614960.6308727,9762902.7775497,78.264],[614960.6172262,9762902.6738943,78.264],[614960.5945975,9762902.5718227,78.264],[614960.5631588,9762902.4721117,78.264],[614960.5231493,9762902.3755203,78.264],[614960.4748735,9762902.2827834,78.264],[614960.4186989,9762902.194607,78.264],[614960.355053,9762902.111662,78.264],[614960.2844202,9762902.0345798,78.264],[614960.207338,9762901.963947,78.264],[614960.124393,9762901.900301,78.264],[614960.0362166,9762901.8441265,78.264],[614959.9434797,9762901.7958507,78.264],[614959.8468883,9762901.7558412,78.264],[614959.7471773,9762901.7244025,78.264],[614959.6451057,9762901.7017738,78.264],[614959.5414503,9762901.6881273,78.264],[614959.437,9762901.6835669,78.264],[614959.3325497,9762901.6881273,78.264],[614959.2288943,9762901.7017738,78.264],[614959.1268227,9762901.7244025,78.264],[614959.0271117,9762901.7558412,78.264],[614958.9305203,9762901.7958507,78.264],[614958.8377834,9762901.8441265,78.264],[614958.749607,9762901.900301,78.264],[614958.666662,9762901.963947,78.264],[614958.5895798,9762902.0345798,78.264],[614958.518947,9762902.111662,78.264],[614958.4553011,9762902.194607,78.264],[614958.3991265,9762902.2827834,78.264],[614958.3508507,9762902.3755203,78.264],[614958.3108412,9762902.4721117,78.264],[614958.2794025,9762902.5718227,78.264],[614958.2567738,9762902.6738943,78.264],[614958.2431273,9762902.7775497,78.264],[614958.2385669,9762902.882,78.264],[614958.2431273,9762902.9864503,78.264],[614958.2567738,9762903.0901057,78.264],[614958.2794025,9762903.1921773,78.264],[614958.3108412,9762903.2918883,78.264],[614958.3508507,9762903.3884797,78.264],[614958.3991265,9762903.4812166,78.264],[614958.4553011,9762903.569393,78.264],[614958.518947,9762903.652338,78.264],[614958.5895798,9762903.7294202,78.264],[614958.666662,9762903.800053,78.264],[614958.749607,9762903.863699,78.264],[614958.8377834,9762903.9198735,78.264],[614958.9305203,9762903.9681493,78.264],[614959.0271117,9762904.0081588,78.264],[614959.1268227,9762904.0395975,78.264],[614959.2288943,9762904.0622262,78.264],[614959.3325497,9762904.0758727,78.264],[614959.437,9762904.0804331,78.264],[614959.5414503,9762904.0758727,78.264],[614959.6451057,9762904.0622262,78.264],[614959.7471773,9762904.0395975,78.264],[614959.8468883,9762904.0081588,78.264],[614959.9434797,9762903.9681493,78.264],[614960.0362166,9762903.9198735,78.264],[614960.124393,9762903.863699,78.264],[614960.207338,9762903.800053,78.264],[614960.2844202,9762903.7294202,78.264],[614960.355053,9762903.652338,78.264],[614960.4186989,9762903.569393,78.264],[614960.4748735,9762903.4812166,78.264],[614960.5231493,9762903.3884797,78.264],[614960.5631588,9762903.2918883,78.264],[614960.5945975,9762903.1921773,78.264],[614960.6172262,9762903.0901057,78.264],[614960.6308727,9762902.9864503,78.264],[614960.6354331,9762902.882,78.264]]]]}},
{"type":"Feature","properties":{"Layer":"MP_CAMARAS AASS"},"geometry":{"type":"MultiPolygon","coordinates":[[[[614973.4574331,9762939.381,78.236],[614973.4528727,9762939.2765497,78.236],[614973.4392262,9762939.1728943,78.236],[614973.4165975,9762939.0708227,78.236],[614973.3851588,9762938.9711117,78.236],[614973.3451493,9762938.8745203,78.236],[614973.2968735,9762938.7817834,78.236],[614973.2406989,9762938.693607,78.236],[614973.177053,9762938.610662,78.236],[614973.1064202,9762938.5335798,78.236],[614973.029338,9762938.462947,78.236],[614972.946393,9762938.399301,78.236],[614972.8582166,9762938.3431265,78.236],[614972.7654797,9762938.2948507,78.236],[614972.6688883,9762938.2548412,78.236],[614972.5691773,9762938.2234025,78.236],[614972.4671057,9762938.2007738,78.236],[614972.3634503,9762938.1871273,78.236],[614972.259,9762938.1825669,78.236],[614972.1545497,9762938.1871273,78.236],[614972.0508943,9762938.2007738,78.236],[614971.9488227,9762938.2234025,78.236],[614971.8491117,9762938.2548412,78.236],[614971.7525203,9762938.2948507,78.236],[614971.6597834,9762938.3431265,78.236],[614971.571607,9762938.399301,78.236],[614971.488662,9762938.462947,78.236],[614971.4115798,9762938.5335798,78.236],[614971.340947,9762938.610662,78.236],[614971.2773011,9762938.693607,78.236],[614971.2211265,9762938.7817834,78.236],[614971.1728507,9762938.8745203,78.236],[614971.1328412,9762938.9711117,78.236],[614971.1014025,9762939.0708227,78.236],[614971.0787738,9762939.1728943,78.236],[614971.0651273,9762939.2765497,78.236],[614971.0605669,9762939.381,78.236],[614971.0651273,9762939.4854503,78.236],[614971.0787738,9762939.5891057,78.236],[614971.1014025,9762939.6911773,78.236],[614971.1328412,9762939.7908883,78.236],[614971.1728507,9762939.8874797,78.236],[614971.2211265,9762939.9802166,78.236],[614971.2773011,9762940.068393,78.236],[614971.340947,9762940.151338,78.236],[614971.4115798,9762940.2284202,78.236],[614971.488662,9762940.299053,78.236],[614971.571607,9762940.3626989,78.236],[614971.6597834,9762940.4188735,78.236],[614971.7525203,9762940.4671493,78.236],[614971.8491117,9762940.5071588,78.236],[614971.9488227,9762940.5385975,78.236],[614972.0508943,9762940.5612262,78.236],[614972.1545497,9762940.5748727,78.236],[614972.259,9762940.5794331,78.236],[614972.3634503,9762940.5748727,78.236],[614972.4671057,9762940.5612262,78.236],[614972.5691773,9762940.5385975,78.236],[614972.6688883,9762940.5071588,78.236],[614972.7654797,9762940.4671493,78.236],[614972.8582166,9762940.4188735,78.236],[614972.946393,9762940.3626989,78.236],[614973.029338,9762940.299053,78.236],[614973.1064202,9762940.2284202,78.236],[614973.177053,9762940.151338,78.236],[614973.2406989,9762940.068393,78.236],[614973.2968735,9762939.9802166,78.236],[614973.3451493,9762939.8874797,78.236],[614973.3851588,9762939.7908883,78.236],[614973.4165975,9762939.6911773,78.236],[614973.4392262,9762939.5891057,78.236],[614973.4528727,9762939.4854503,78.236],[614973.4574331,9762939.381,78.236]]]]}},
{"type":"Feature","properties":{"Layer":"MP_CAMARAS AASS"},"geometry":{"type":"MultiPolygon","coordinates":[[[[614978.7834331,9762955.456,78.021],[614978.7788727,9762955.3515497,78.021],[614978.7652262,9762955.2478943,78.021],[614978.7425975,9762955.1458227,78.021],[614978.7111588,9762955.0461117,78.021],[614978.6711493,9762954.9495203,78.021],[614978.6228735,9762954.8567834,78.021],[614978.5666989,9762954.768607,78.021],[614978.503053,9762954.685662,78.021],[614978.4324202,9762954.6085798,78.021],[614978.355338,9762954.537947,78.021],[614978.272393,9762954.474301,78.021],[614978.1842166,9762954.4181265,78.021],[614978.0914797,9762954.3698507,78.021],[614977.9948883,9762954.3298412,78.021],[614977.8951773,9762954.2984025,78.021],[614977.7931057,9762954.2757738,78.021],[614977.6894503,9762954.2621273,78.021],[614977.585,9762954.2575669,78.021],[614977.4805497,9762954.2621273,78.021],[614977.3768943,9762954.2757738,78.021],[614977.2748227,9762954.2984025,78.021],[614977.1751117,9762954.3298412,78.021],[614977.0785203,9762954.3698507,78.021],[614976.9857834,9762954.4181265,78.021],[614976.897607,9762954.474301,78.021],[614976.814662,9762954.537947,78.021],[614976.7375798,9762954.6085798,78.021],[614976.666947,9762954.685662,78.021],[614976.6033011,9762954.768607,78.021],[614976.5471265,9762954.8567834,78.021],[614976.4988507,9762954.9495203,78.021],[614976.4588412,9762955.0461117,78.021],[614976.4274025,9762955.1458227,78.021],[614976.4047738,9762955.2478943,78.021],[614976.3911273,9762955.3515497,78.021],[614976.3865669,9762955.456,78.021],[614976.3911273,9762955.5604503,78.021],[614976.4047738,9762955.6641057,78.021],[614976.4274025,9762955.7661773,78.021],[614976.4588412,9762955.8658883,78.021],[614976.4988507,9762955.9624797,78.021],[614976.5471265,9762956.0552166,78.021],[614976.6033011,9762956.143393,78.021],[614976.666947,9762956.226338,78.021],[614976.7375798,9762956.3034202,78.021],[614976.814662,9762956.374053,78.021],[614976.897607,9762956.437699,78.021],[614976.9857834,9762956.4938735,78.021],[614977.0785203,9762956.5421493,78.021],[614977.1751117,9762956.5821588,78.021],[614977.2748227,9762956.6135975,78.021],[614977.3768943,9762956.6362262,78.021],[614977.4805497,9762956.6498727,78.021],[614977.585,9762956.6544331,78.021],[614977.6894503,9762956.6498727,78.021],[614977.7931057,9762956.6362262,78.021],[614977.8951773,9762956.6135975,78.021],[614977.9948883,9762956.5821588,78.021],[614978.0914797,9762956.5421493,78.021],[614978.1842166,9762956.4938735,78.021],[614978.272393,9762956.437699,78.021],[614978.355338,9762956.374053,78.021],[614978.4324202,9762956.3034202,78.021],[614978.503053,9762956.226338,78.021],[614978.5666989,9762956.143393,78.021],[614978.6228735,9762956.0552166,78.021],[614978.6711493,9762955.9624797,78.021],[614978.7111588,9762955.8658883,78.021],[614978.7425975,9762955.7661773,78.021],[614978.7652262,9762955.6641057,78.021],[614978.7788727,9762955.5604503,78.021],[614978.7834331,9762955.456,78.021]]]]}},
{"type":"Feature","properties":{"Layer":"MP_CAMARAS AASS"},"geometry":{"type":"MultiPolygon","coordinates":[[[[614977.8524331,9762962.184,74.218],[614977.8478727,9762962.0795497,74.218],[614977.8342262,9762961.9758943,74.218],[614977.8115975,9762961.8738227,74.218],[614977.7801588,9762961.7741117,74.218],[614977.7401493,9762961.6775203,74.218],[614977.6918735,9762961.5847834,74.218],[614977.6356989,9762961.496607,74.218],[614977.572053,9762961.413662,74.218],[614977.5014202,9762961.3365798,74.218],[614977.424338,9762961.265947,74.218],[614977.341393,9762961.202301,74.218],[614977.2532166,9762961.1461265,74.218],[614977.1604797,9762961.0978507,74.218],[614977.0638883,9762961.0578412,74.218],[614976.9641773,9762961.0264025,74.218],[614976.8621057,9762961.0037738,74.218],[614976.7584503,9762960.9901273,74.218],[614976.654,9762960.9855669,74.218],[614976.5495497,9762960.9901273,74.218],[614976.4458943,9762961.0037738,74.218],[614976.3438227,9762961.0264025,74.218],[614976.2441117,9762961.0578412,74.218],[614976.1475203,9762961.0978507,74.218],[614976.0547834,9762961.1461265,74.218],[614975.966607,9762961.202301,74.218],[614975.883662,9762961.265947,74.218],[614975.8065798,9762961.3365798,74.218],[614975.735947,9762961.413662,74.218],[614975.6723011,9762961.496607,74.218],[614975.6161265,9762961.5847834,74.218],[614975.5678507,9762961.6775203,74.218],[614975.5278412,9762961.7741117,74.218],[614975.4964025,9762961.8738227,74.218],[614975.4737738,9762961.9758943,74.218],[614975.4601273,9762962.0795497,74.218],[614975.4555669,9762962.184,74.218],[614975.4601273,9762962.2884503,74.218],[614975.4737738,9762962.3921057,74.218],[614975.4964025,9762962.4941773,74.218],[614975.5278412,9762962.5938883,74.218],[614975.5678507,9762962.6904797,74.218],[614975.6161265,9762962.7832166,74.218],[614975.6723011,9762962.871393,74.218],[614975.735947,9762962.954338,74.218],[614975.8065798,9762963.0314202,74.218],[614975.883662,9762963.102053,74.218],[614975.966607,9762963.165699,74.218],[614976.0547834,9762963.2218735,74.218],[614976.1475203,9762963.2701493,74.218],[614976.2441117,9762963.3101588,74.218],[614976.3438227,9762963.3415975,74.218],[614976.4458943,9762963.3642262,74.218],[614976.5495497,9762963.3778727,74.218],[614976.654,9762963.3824331,74.218],[614976.7584503,9762963.3778727,74.218],[614976.8621057,9762963.3642262,74.218],[614976.9641773,9762963.3415975,74.218],[614977.0638883,9762963.3101588,74.218],[614977.1604797,9762963.2701493,74.218],[614977.2532166,9762963.2218735,74.218],[614977.341393,9762963.165699,74.218],[614977.424338,9762963.102053,74.218],[614977.5014202,9762963.0314202,74.218],[614977.572053,9762962.954338,74.218],[614977.6356989,9762962.871393,74.218],[614977.6918735,9762962.7832166,74.218],[614977.7401493,9762962.6904797,74.218],[614977.7801588,9762962.5938883,74.218],[614977.8115975,9762962.4941773,74.218],[614977.8342262,9762962.3921057,74.218],[614977.8478727,9762962.2884503,74.218],[614977.8524331,9762962.184,74.218]]]]}},
{"type":"Feature","properties":{"Layer":"MP_CAMARAS AASS"},"geometry":{"type":"MultiPolygon","coordinates":[[[[615399.3274331,9762653.169,85.507],[615399.3228727,9762653.0645497,85.507],[615399.3092262,9762652.9608943,85.507],[615399.2865975,9762652.8588227,85.507],[615399.2551588,9762652.7591117,85.507],[615399.2151493,9762652.6625203,85.507],[615399.1668735,9762652.5697834,85.507],[615399.1106989,9762652.481607,85.507],[615399.047053,9762652.398662,85.507],[615398.9764202,9762652.3215798,85.507],[615398.899338,9762652.250947,85.507],[615398.816393,9762652.187301,85.507],[615398.7282166,9762652.1311265,85.507],[615398.6354797,9762652.0828507,85.507],[615398.5388883,9762652.0428412,85.507],[615398.4391773,9762652.0114025,85.507],[615398.3371057,9762651.9887738,85.507],[615398.2334503,9762651.9751273,85.507],[615398.129,9762651.9705669,85.507],[615398.0245497,9762651.9751273,85.507],[615397.9208943,9762651.9887738,85.507],[615397.8188227,9762652.0114025,85.507],[615397.7191117,9762652.0428412,85.507],[615397.6225203,9762652.0828507,85.507],[615397.5297834,9762652.1311265,85.507],[615397.441607,9762652.187301,85.507],[615397.358662,9762652.250947,85.507],[615397.2815798,9762652.3215798,85.507],[615397.210947,9762652.398662,85.507],[615397.1473011,9762652.481607,85.507],[615397.0911265,9762652.5697834,85.507],[615397.0428507,9762652.6625203,85.507],[615397.0028412,9762652.7591117,85.507],[615396.9714025,9762652.8588227,85.507],[615396.9487738,9762652.9608943,85.507],[615396.9351273,9762653.0645497,85.507],[615396.9305669,9762653.169,85.507],[615396.9351273,9762653.2734503,85.507],[615396.9487738,9762653.3771057,85.507],[615396.9714025,9762653.4791773,85.507],[615397.0028412,9762653.5788883,85.507],[615397.0428507,9762653.6754797,85.507],[615397.0911265,9762653.7682166,85.507],[615397.1473011,9762653.856393,85.507],[615397.210947,9762653.939338,85.507],[615397.2815798,9762654.0164202,85.507],[615397.358662,9762654.087053,85.507],[615397.441607,9762654.150699,85.507],[615397.5297834,9762654.2068735,85.507],[615397.6225203,9762654.2551493,85.507],[615397.7191117,9762654.2951588,85.507],[615397.8188227,9762654.3265975,85.507],[615397.9208943,9762654.3492262,85.507],[615398.0245497,9762654.3628727,85.507],[615398.129,9762654.3674331,85.507],[615398.2334503,9762654.3628727,85.507],[615398.3371057,9762654.3492262,85.507],[615398.4391773,9762654.3265975,85.507],[615398.5388883,9762654.2951588,85.507],[615398.6354797,9762654.2551493,85.507],[615398.7282166,9762654.2068735,85.507],[615398.816393,9762654.150699,85.507],[615398.899338,9762654.087053,85.507],[615398.9764202,9762654.0164202,85.507],[615399.047053,9762653.939338,85.507],[615399.1106989,9762653.856393,85.507],[615399.1668735,9762653.7682166,85.507],[615399.2151493,9762653.6754797,85.507],[615399.2551588,9762653.5788883,85.507],[615399.2865975,9762653.4791773,85.507],[615399.3092262,9762653.3771057,85.507],[615399.3228727,9762653.2734503,85.507],[615399.3274331,9762653.169,85.507]]]]}},
{"type":"Feature","properties":{"Layer":"MP_CAMARAS AASS"},"geometry":{"type":"MultiPolygon","coordinates":[[[[615404.4294331,9762670.87,84.321],[615404.4248727,9762670.7655497,84.321],[615404.4112262,9762670.6618943,84.321],[615404.3885975,9762670.5598227,84.321],[615404.3571588,9762670.4601117,84.321],[615404.3171493,9762670.3635203,84.321],[615404.2688735,9762670.2707834,84.321],[615404.2126989,9762670.182607,84.321],[615404.149053,9762670.099662,84.321],[615404.0784202,9762670.0225798,84.321],[615404.001338,9762669.951947,84.321],[615403.918393,9762669.888301,84.321],[615403.8302166,9762669.8321265,84.321],[615403.7374797,9762669.7838507,84.321],[615403.6408883,9762669.7438412,84.321],[615403.5411773,9762669.7124025,84.321],[615403.4391057,9762669.6897738,84.321],[615403.3354503,9762669.6761273,84.321],[615403.231,9762669.6715669,84.321],[615403.1265497,9762669.6761273,84.321],[615403.0228943,9762669.6897738,84.321],[615402.9208227,9762669.7124025,84.321],[615402.8211117,9762669.7438412,84.321],[615402.7245203,9762669.7838507,84.321],[615402.6317834,9762669.8321265,84.321],[615402.543607,9762669.888301,84.321],[615402.460662,9762669.951947,84.321],[615402.3835798,9762670.0225798,84.321],[615402.312947,9762670.099662,84.321],[615402.2493011,9762670.182607,84.321],[615402.1931265,9762670.2707834,84.321],[615402.1448507,9762670.3635203,84.321],[615402.1048412,9762670.4601117,84.321],[615402.0734025,9762670.5598227,84.321],[615402.0507738,9762670.6618943,84.321],[615402.0371273,9762670.7655497,84.321],[615402.0325669,9762670.87,84.321],[615402.0371273,9762670.9744503,84.321],[615402.0507738,9762671.0781057,84.321],[615402.0734025,9762671.1801773,84.321],[615402.1048412,9762671.2798883,84.321],[615402.1448507,9762671.3764797,84.321],[615402.1931265,9762671.4692166,84.321],[615402.2493011,9762671.557393,84.321],[615402.312947,9762671.640338,84.321],[615402.3835798,9762671.7174202,84.321],[615402.460662,9762671.788053,84.321],[615402.543607,9762671.8516989,84.321],[615402.6317834,9762671.9078735,84.321],[615402.7245203,9762671.9561493,84.321],[615402.8211117,9762671.9961588,84.321],[615402.9208227,9762672.0275975,84.321],[615403.0228943,9762672.0502262,84.321],[615403.1265497,9762672.0638727,84.321],[615403.231,9762672.0684331,84.321],[615403.3354503,9762672.0638727,84.321],[615403.4391057,9762672.0502262,84.321],[615403.5411773,9762672.0275975,84.321],[615403.6408883,9762671.9961588,84.321],[615403.7374797,9762671.9561493,84.321],[615403.8302166,9762671.9078735,84.321],[615403.918393,9762671.8516989,84.321],[615404.001338,9762671.788053,84.321],[615404.0784202,9762671.7174202,84.321],[615404.149053,9762671.640338,84.321],[615404.2126989,9762671.557393,84.321],[615404.2688735,9762671.4692166,84.321],[615404.3171493,9762671.3764797,84.321],[615404.3571588,9762671.2798883,84.321],[615404.3885975,9762671.1801773,84.321],[615404.4112262,9762671.0781057,84.321],[615404.4248727,9762670.9744503,84.321],[615404.4294331,9762670.87,84.321]]]]}},
{"type":"Feature","properties":{"Layer":"MP_CAMARAS AASS"},"geometry":{"type":"MultiPolygon","coordinates":[[[[615404.9044331,9762682.839,83.85],[615404.8998727,9762682.7345497,83.85],[615404.8862262,9762682.6308943,83.85],[615404.8635975,9762682.5288227,83.85],[615404.8321588,9762682.4291117,83.85],[615404.7921493,9762682.3325203,83.85],[615404.7438735,9762682.2397834,83.85],[615404.6876989,9762682.151607,83.85],[615404.624053,9762682.068662,83.85],[615404.5534202,9762681.9915798,83.85],[615404.476338,9762681.920947,83.85],[615404.393393,9762681.857301,83.85],[615404.3052166,9762681.8011265,83.85],[615404.2124797,9762681.7528507,83.85],[615404.1158883,9762681.7128412,83.85],[615404.0161773,9762681.6814025,83.85],[615403.9141057,9762681.6587738,83.85],[615403.8104503,9762681.6451273,83.85],[615403.706,9762681.6405669,83.85],[615403.6015497,9762681.6451273,83.85],[615403.4978943,9762681.6587738,83.85],[615403.3958227,9762681.6814025,83.85],[615403.2961117,9762681.7128412,83.85],[615403.1995203,9762681.7528507,83.85],[615403.1067834,9762681.8011265,83.85],[615403.018607,9762681.857301,83.85],[615402.935662,9762681.920947,83.85],[615402.8585798,9762681.9915798,83.85],[615402.787947,9762682.068662,83.85],[615402.7243011,9762682.151607,83.85],[615402.6681265,9762682.2397834,83.85],[615402.6198507,9762682.3325203,83.85],[615402.5798412,9762682.4291117,83.85],[615402.5484025,9762682.5288227,83.85],[615402.5257738,9762682.6308943,83.85],[615402.5121273,9762682.7345497,83.85],[615402.5075669,9762682.839,83.85],[615402.5121273,9762682.9434503,83.85],[615402.5257738,9762683.0471057,83.85],[615402.5484025,9762683.1491773,83.85],[615402.5798412,9762683.2488883,83.85],[615402.6198507,9762683.3454797,83.85],[615402.6681265,9762683.4382166,83.85],[615402.7243011,9762683.526393,83.85],[615402.787947,9762683.609338,83.85],[615402.8585798,9762683.6864202,83.85],[615402.935662,9762683.757053,83.85],[615403.018607,9762683.820699,83.85],[615403.1067834,9762683.8768735,83.85],[615403.1995203,9762683.9251493,83.85],[615403.2961117,9762683.9651588,83.85],[615403.3958227,9762683.9965975,83.85],[615403.4978943,9762684.0192262,83.85],[615403.6015497,9762684.0328727,83.85],[615403.706,9762684.0374331,83.85],[615403.8104503,9762684.0328727,83.85],[615403.9141057,9762684.0192262,83.85],[615404.0161773,9762683.9965975,83.85],[615404.1158883,9762683.9651588,83.85],[615404.2124797,9762683.9251493,83.85],[615404.3052166,9762683.8768735,83.85],[615404.393393,9762683.820699,83.85],[615404.476338,9762683.757053,83.85],[615404.5534202,9762683.6864202,83.85],[615404.624053,9762683.609338,83.85],[615404.6876989,9762683.526393,83.85],[615404.7438735,9762683.4382166,83.85],[615404.7921493,9762683.3454797,83.85],[615404.8321588,9762683.2488883,83.85],[615404.8635975,9762683.1491773,83.85],[615404.8862262,9762683.0471057,83.85],[615404.8998727,9762682.9434503,83.85],[615404.9044331,9762682.839,83.85]]]]}},
{"type":"Feature","properties":{"Layer":"MP_CAMARAS AASS"},"geometry":{"type":"MultiPolygon","coordinates":[[[[615400.7594331,9762702.722,82.753],[615400.7548727,9762702.6175497,82.753],[615400.7412262,9762702.5138943,82.753],[615400.7185975,9762702.4118227,82.753],[615400.6871588,9762702.3121117,82.753],[615400.6471493,9762702.2155203,82.753],[615400.5988735,9762702.1227834,82.753],[615400.5426989,9762702.034607,82.753],[615400.479053,9762701.951662,82.753],[615400.4084202,9762701.8745798,82.753],[615400.331338,9762701.803947,82.753],[615400.248393,9762701.740301,82.753],[615400.1602166,9762701.6841265,82.753],[615400.0674797,9762701.6358507,82.753],[615399.9708883,9762701.5958412,82.753],[615399.8711773,9762701.5644025,82.753],[615399.7691057,9762701.5417738,82.753],[615399.6654503,9762701.5281273,82.753],[615399.561,9762701.5235669,82.753],[615399.4565497,9762701.5281273,82.753],[615399.3528943,9762701.5417738,82.753],[615399.2508227,9762701.5644025,82.753],[615399.1511117,9762701.5958412,82.753],[615399.0545203,9762701.6358507,82.753],[615398.9617834,9762701.6841265,82.753],[615398.873607,9762701.740301,82.753],[615398.790662,9762701.803947,82.753],[615398.7135798,9762701.8745798,82.753],[615398.642947,9762701.951662,82.753],[615398.5793011,9762702.034607,82.753],[615398.5231265,9762702.1227834,82.753],[615398.4748507,9762702.2155203,82.753],[615398.4348412,9762702.3121117,82.753],[615398.4034025,9762702.4118227,82.753],[615398.3807738,9762702.5138943,82.753],[615398.3671273,9762702.6175497,82.753],[615398.3625669,9762702.722,82.753],[615398.3671273,9762702.8264503,82.753],[615398.3807738,9762702.9301057,82.753],[615398.4034025,9762703.0321773,82.753],[615398.4348412,9762703.1318883,82.753],[615398.4748507,9762703.2284797,82.753],[615398.5231265,9762703.3212166,82.753],[615398.5793011,9762703.409393,82.753],[615398.642947,9762703.492338,82.753],[615398.7135798,9762703.5694202,82.753],[615398.790662,9762703.640053,82.753],[615398.873607,9762703.7036989,82.753],[615398.9617834,9762703.7598735,82.753],[615399.0545203,9762703.8081493,82.753],[615399.1511117,9762703.8481588,82.753],[615399.2508227,9762703.8795975,82.753],[615399.3528943,9762703.9022262,82.753],[615399.4565497,9762703.9158727,82.753],[615399.561,9762703.9204331,82.753],[615399.6654503,9762703.9158727,82.753],[615399.7691057,9762703.9022262,82.753],[615399.8711773,9762703.8795975,82.753],[615399.9708883,9762703.8481588,82.753],[615400.0674797,9762703.8081493,82.753],[615400.1602166,9762703.7598735,82.753],[615400.248393,9762703.7036989,82.753],[615400.331338,9762703.640053,82.753],[615400.4084202,9762703.5694202,82.753],[615400.479053,9762703.492338,82.753],[615400.5426989,9762703.409393,82.753],[615400.5988735,9762703.3212166,82.753],[615400.6471493,9762703.2284797,82.753],[615400.6871588,9762703.1318883,82.753],[615400.7185975,9762703.0321773,82.753],[615400.7412262,9762702.9301057,82.753],[615400.7548727,9762702.8264503,82.753],[615400.7594331,9762702.722,82.753]]]]}},
{"type":"Feature","properties":{"Layer":"MP_CAMARAS AASS"},"geometry":{"type":"MultiPolygon","coordinates":[[[[615387.7174331,9762703.425,83.158],[615387.7128727,9762703.3205497,83.158],[615387.6992262,9762703.2168943,83.158],[615387.6765975,9762703.1148227,83.158],[615387.6451588,9762703.0151117,83.158],[615387.6051493,9762702.9185203,83.158],[615387.5568735,9762702.8257834,83.158],[615387.5006989,9762702.737607,83.158],[615387.437053,9762702.654662,83.158],[615387.3664202,9762702.5775798,83.158],[615387.289338,9762702.506947,83.158],[615387.206393,9762702.443301,83.158],[615387.1182166,9762702.3871265,83.158],[615387.0254797,9762702.3388507,83.158],[615386.9288883,9762702.2988412,83.158],[615386.8291773,9762702.2674025,83.158],[615386.7271057,9762702.2447738,83.158],[615386.6234503,9762702.2311273,83.158],[615386.519,9762702.2265669,83.158],[615386.4145497,9762702.2311273,83.158],[615386.3108943,9762702.2447738,83.158],[615386.2088227,9762702.2674025,83.158],[615386.1091117,9762702.2988412,83.158],[615386.0125203,9762702.3388507,83.158],[615385.9197834,9762702.3871265,83.158],[615385.831607,9762702.443301,83.158],[615385.748662,9762702.506947,83.158],[615385.6715798,9762702.5775798,83.158],[615385.600947,9762702.654662,83.158],[615385.5373011,9762702.737607,83.158],[615385.4811265,9762702.8257834,83.158],[615385.4328507,9762702.9185203,83.158],[615385.3928412,9762703.0151117,83.158],[615385.3614025,9762703.1148227,83.158],[615385.3387738,9762703.2168943,83.158],[615385.3251273,9762703.3205497,83.158],[615385.3205669,9762703.425,83.158],[615385.3251273,9762703.5294503,83.158],[615385.3387738,9762703.6331057,83.158],[615385.3614025,9762703.7351773,83.158],[615385.3928412,9762703.8348883,83.158],[615385.4328507,9762703.9314797,83.158],[615385.4811265,9762704.0242166,83.158],[615385.5373011,9762704.112393,83.158],[615385.600947,9762704.195338,83.158],[615385.6715798,9762704.2724202,83.158],[615385.748662,9762704.343053,83.158],[615385.831607,9762704.406699,83.158],[615385.9197834,9762704.4628735,83.158],[615386.0125203,9762704.5111493,83.158],[615386.1091117,9762704.5511588,83.158],[615386.2088227,9762704.5825975,83.158],[615386.3108943,9762704.6052262,83.158],[615386.4145497,9762704.6188727,83.158],[615386.519,9762704.6234331,83.158],[615386.6234503,9762704.6188727,83.158],[615386.7271057,9762704.6052262,83.158],[615386.8291773,9762704.5825975,83.158],[615386.9288883,9762704.5511588,83.158],[615387.0254797,9762704.5111493,83.158],[615387.1182166,9762704.4628735,83.158],[615387.206393,9762704.406699,83.158],[615387.289338,9762704.343053,83.158],[615387.3664202,9762704.2724202,83.158],[615387.437053,9762704.195338,83.158],[615387.5006989,9762704.112393,83.158],[615387.5568735,9762704.0242166,83.158],[615387.6051493,9762703.9314797,83.158],[615387.6451588,9762703.8348883,83.158],[615387.6765975,9762703.7351773,83.158],[615387.6992262,9762703.6331057,83.158],[615387.7128727,9762703.5294503,83.158],[615387.7174331,9762703.425,83.158]]]]}},
{"type":"Feature","properties":{"Layer":"MP_CAMARAS AASS"},"geometry":{"type":"MultiPolygon","coordinates":[[[[615404.0334331,9762712.618,82.8],[615404.0288727,9762712.5135497,82.8],[615404.0152262,9762712.4098943,82.8],[615403.9925975,9762712.3078227,82.8],[615403.9611588,9762712.2081117,82.8],[615403.9211493,9762712.1115203,82.8],[615403.8728735,9762712.0187834,82.8],[615403.8166989,9762711.930607,82.8],[615403.753053,9762711.847662,82.8],[615403.6824202,9762711.7705798,82.8],[615403.605338,9762711.699947,82.8],[615403.522393,9762711.636301,82.8],[615403.4342166,9762711.5801265,82.8],[615403.3414797,9762711.5318507,82.8],[615403.2448883,9762711.4918412,82.8],[615403.1451773,9762711.4604025,82.8],[615403.0431057,9762711.4377738,82.8],[615402.9394503,9762711.4241273,82.8],[615402.835,9762711.4195669,82.8],[615402.7305497,9762711.4241273,82.8],[615402.6268943,9762711.4377738,82.8],[615402.5248227,9762711.4604025,82.8],[615402.4251117,9762711.4918412,82.8],[615402.3285203,9762711.5318507,82.8],[615402.2357834,9762711.5801265,82.8],[615402.147607,9762711.636301,82.8],[615402.064662,9762711.699947,82.8],[615401.9875798,9762711.7705798,82.8],[615401.916947,9762711.847662,82.8],[615401.8533011,9762711.930607,82.8],[615401.7971265,9762712.0187834,82.8],[615401.7488507,9762712.1115203,82.8],[615401.7088412,9762712.2081117,82.8],[615401.6774025,9762712.3078227,82.8],[615401.6547738,9762712.4098943,82.8],[615401.6411273,9762712.5135497,82.8],[615401.6365669,9762712.618,82.8],[615401.6411273,9762712.7224503,82.8],[615401.6547738,9762712.8261057,82.8],[615401.6774025,9762712.9281773,82.8],[615401.7088412,9762713.0278883,82.8],[615401.7488507,9762713.1244797,82.8],[615401.7971265,9762713.2172166,82.8],[615401.8533011,9762713.305393,82.8],[615401.916947,9762713.388338,82.8],[615401.9875798,9762713.4654202,82.8],[615402.064662,9762713.536053,82.8],[615402.147607,9762713.599699,82.8],[615402.2357834,9762713.6558735,82.8],[615402.3285203,9762713.7041493,82.8],[615402.4251117,9762713.7441588,82.8],[615402.5248227,9762713.7755975,82.8],[615402.6268943,9762713.7982262,82.8],[615402.7305497,9762713.8118727,82.8],[615402.835,9762713.8164331,82.8],[615402.9394503,9762713.8118727,82.8],[615403.0431057,9762713.7982262,82.8],[615403.1451773,9762713.7755975,82.8],[615403.2448883,9762713.7441588,82.8],[615403.3414797,9762713.7041493,82.8],[615403.4342166,9762713.6558735,82.8],[615403.522393,9762713.599699,82.8],[615403.605338,9762713.536053,82.8],[615403.6824202,9762713.4654202,82.8],[615403.753053,9762713.388338,82.8],[615403.8166989,9762713.305393,82.8],[615403.8728735,9762713.2172166,82.8],[615403.9211493,9762713.1244797,82.8],[615403.9611588,9762713.0278883,82.8],[615403.9925975,9762712.9281773,82.8],[615404.0152262,9762712.8261057,82.8],[615404.0288727,9762712.7224503,82.8],[615404.0334331,9762712.618,82.8]]]]}},
{"type":"Feature","properties":{"Layer":"MP_CAMARAS AASS"},"geometry":{"type":"MultiPolygon","coordinates":[[[[615392.2194331,9762725.534,82.841],[615392.2148727,9762725.4295497,82.841],[615392.2012262,9762725.3258943,82.841],[615392.1785975,9762725.2238227,82.841],[615392.1471588,9762725.1241117,82.841],[615392.1071493,9762725.0275203,82.841],[615392.0588735,9762724.9347834,82.841],[615392.0026989,9762724.846607,82.841],[615391.939053,9762724.763662,82.841],[615391.8684202,9762724.6865798,82.841],[615391.791338,9762724.615947,82.841],[615391.708393,9762724.552301,82.841],[615391.6202166,9762724.4961265,82.841],[615391.5274797,9762724.4478507,82.841],[615391.4308883,9762724.4078412,82.841],[615391.3311773,9762724.3764025,82.841],[615391.2291057,9762724.3537738,82.841],[615391.1254503,9762724.3401273,82.841],[615391.021,9762724.3355669,82.841],[615390.9165497,9762724.3401273,82.841],[615390.8128943,9762724.3537738,82.841],[615390.7108227,9762724.3764025,82.841],[615390.6111117,9762724.4078412,82.841],[615390.5145203,9762724.4478507,82.841],[615390.4217834,9762724.4961265,82.841],[615390.333607,9762724.552301,82.841],[615390.250662,9762724.615947,82.841],[615390.1735798,9762724.6865798,82.841],[615390.102947,9762724.763662,82.841],[615390.0393011,9762724.846607,82.841],[615389.9831265,9762724.9347834,82.841],[615389.9348507,9762725.0275203,82.841],[615389.8948412,9762725.1241117,82.841],[615389.8634025,9762725.2238227,82.841],[615389.8407738,9762725.3258943,82.841],[615389.8271273,9762725.4295497,82.841],[615389.8225669,9762725.534,82.841],[615389.8271273,9762725.6384503,82.841],[615389.8407738,9762725.7421057,82.841],[615389.8634025,9762725.8441773,82.841],[615389.8948412,9762725.9438883,82.841],[615389.9348507,9762726.0404797,82.841],[615389.9831265,9762726.1332166,82.841],[615390.0393011,9762726.221393,82.841],[615390.102947,9762726.304338,82.841],[615390.1735798,9762726.3814202,82.841],[615390.250662,9762726.452053,82.841],[615390.333607,9762726.515699,82.841],[615390.4217834,9762726.5718735,82.841],[615390.5145203,9762726.6201493,82.841],[615390.6111117,9762726.6601588,82.841],[615390.7108227,9762726.6915975,82.841],[615390.8128943,9762726.7142262,82.841],[615390.9165497,9762726.7278727,82.841],[615391.021,9762726.7324331,82.841],[615391.1254503,9762726.7278727,82.841],[615391.2291057,9762726.7142262,82.841],[615391.3311773,9762726.6915975,82.841],[615391.4308883,9762726.6601588,82.841],[615391.5274797,9762726.6201493,82.841],[615391.6202166,9762726.5718735,82.841],[615391.708393,9762726.515699,82.841],[615391.791338,9762726.452053,82.841],[615391.8684202,9762726.3814202,82.841],[615391.939053,9762726.304338,82.841],[615392.0026989,9762726.221393,82.841],[615392.0588735,9762726.1332166,82.841],[615392.1071493,9762726.0404797,82.841],[615392.1471588,9762725.9438883,82.841],[615392.1785975,9762725.8441773,82.841],[615392.2012262,9762725.7421057,82.841],[615392.2148727,9762725.6384503,82.841],[615392.2194331,9762725.534,82.841]]]]}},
{"type":"Feature","properties":{"Layer":"MP_CAMARAS AASS"},"geometry":{"type":"MultiPolygon","coordinates":[[[[615385.9894331,9762721.621,82.946],[615385.9848727,9762721.5165497,82.946],[615385.9712262,9762721.4128943,82.946],[615385.9485975,9762721.3108227,82.946],[615385.9171588,9762721.2111117,82.946],[615385.8771493,9762721.1145203,82.946],[615385.8288735,9762721.0217834,82.946],[615385.7726989,9762720.933607,82.946],[615385.709053,9762720.850662,82.946],[615385.6384202,9762720.7735798,82.946],[615385.561338,9762720.702947,82.946],[615385.478393,9762720.639301,82.946],[615385.3902166,9762720.5831265,82.946],[615385.2974797,9762720.5348507,82.946],[615385.2008883,9762720.4948412,82.946],[615385.1011773,9762720.4634025,82.946],[615384.9991057,9762720.4407738,82.946],[615384.8954503,9762720.4271273,82.946],[615384.791,9762720.4225669,82.946],[615384.6865497,9762720.4271273,82.946],[615384.5828943,9762720.4407738,82.946],[615384.4808227,9762720.4634025,82.946],[615384.3811117,9762720.4948412,82.946],[615384.2845203,9762720.5348507,82.946],[615384.1917834,9762720.5831265,82.946],[615384.103607,9762720.639301,82.946],[615384.020662,9762720.702947,82.946],[615383.9435798,9762720.7735798,82.946],[615383.872947,9762720.850662,82.946],[615383.8093011,9762720.933607,82.946],[615383.7531265,9762721.0217834,82.946],[615383.7048507,9762721.1145203,82.946],[615383.6648412,9762721.2111117,82.946],[615383.6334025,9762721.3108227,82.946],[615383.6107738,9762721.4128943,82.946],[615383.5971273,9762721.5165497,82.946],[615383.5925669,9762721.621,82.946],[615383.5971273,9762721.7254503,82.946],[615383.6107738,9762721.8291057,82.946],[615383.6334025,9762721.9311773,82.946],[615383.6648412,9762722.0308883,82.946],[615383.7048507,9762722.1274797,82.946],[615383.7531265,9762722.2202166,82.946],[615383.8093011,9762722.308393,82.946],[615383.872947,9762722.391338,82.946],[615383.9435798,9762722.4684202,82.946],[615384.020662,9762722.539053,82.946],[615384.103607,9762722.602699,82.946],[615384.1917834,9762722.6588735,82.946],[615384.2845203,9762722.7071493,82.946],[615384.3811117,9762722.7471588,82.946],[615384.4808227,9762722.7785975,82.946],[615384.5828943,9762722.8012262,82.946],[615384.6865497,9762722.8148727,82.946],[615384.791,9762722.8194331,82.946],[615384.8954503,9762722.8148727,82.946],[615384.9991057,9762722.8012262,82.946],[615385.1011773,9762722.7785975,82.946],[615385.2008883,9762722.7471588,82.946],[615385.2974797,9762722.7071493,82.946],[615385.3902166,9762722.6588735,82.946],[615385.478393,9762722.602699,82.946],[615385.561338,9762722.539053,82.946],[615385.6384202,9762722.4684202,82.946],[615385.709053,9762722.391338,82.946],[615385.7726989,9762722.308393,82.946],[615385.8288735,9762722.2202166,82.946],[615385.8771493,9762722.1274797,82.946],[615385.9171588,9762722.0308883,82.946],[615385.9485975,9762721.9311773,82.946],[615385.9712262,9762721.8291057,82.946],[615385.9848727,9762721.7254503,82.946],[615385.9894331,9762721.621,82.946]]]]}},
{"type":"Feature","properties":{"Layer":"MP_CAMARAS AASS"},"geometry":{"type":"MultiPolygon","coordinates":[[[[615372.1954331,9762726.512,83.033],[615372.1908727,9762726.4075497,83.033],[615372.1772262,9762726.3038943,83.033],[615372.1545975,9762726.2018227,83.033],[615372.1231588,9762726.1021117,83.033],[615372.0831493,9762726.0055203,83.033],[615372.0348735,9762725.9127834,83.033],[615371.9786989,9762725.824607,83.033],[615371.915053,9762725.741662,83.033],[615371.8444202,9762725.6645798,83.033],[615371.767338,9762725.593947,83.033],[615371.684393,9762725.530301,83.033],[615371.5962166,9762725.4741265,83.033],[615371.5034797,9762725.4258507,83.033],[615371.4068883,9762725.3858412,83.033],[615371.3071773,9762725.3544025,83.033],[615371.2051057,9762725.3317738,83.033],[615371.1014503,9762725.3181273,83.033],[615370.997,9762725.3135669,83.033],[615370.8925497,9762725.3181273,83.033],[615370.7888943,9762725.3317738,83.033],[615370.6868227,9762725.3544025,83.033],[615370.5871117,9762725.3858412,83.033],[615370.4905203,9762725.4258507,83.033],[615370.3977834,9762725.4741265,83.033],[615370.309607,9762725.530301,83.033],[615370.226662,9762725.593947,83.033],[615370.1495798,9762725.6645798,83.033],[615370.078947,9762725.741662,83.033],[615370.0153011,9762725.824607,83.033],[615369.9591265,9762725.9127834,83.033],[615369.9108507,9762726.0055203,83.033],[615369.8708412,9762726.1021117,83.033],[615369.8394025,9762726.2018227,83.033],[615369.8167738,9762726.3038943,83.033],[615369.8031273,9762726.4075497,83.033],[615369.7985669,9762726.512,83.033],[615369.8031273,9762726.6164503,83.033],[615369.8167738,9762726.7201057,83.033],[615369.8394025,9762726.8221773,83.033],[615369.8708412,9762726.9218883,83.033],[615369.9108507,9762727.0184797,83.033],[615369.9591265,9762727.1112166,83.033],[615370.0153011,9762727.199393,83.033],[615370.078947,9762727.282338,83.033],[615370.1495798,9762727.3594202,83.033],[615370.226662,9762727.430053,83.033],[615370.309607,9762727.493699,83.033],[615370.3977834,9762727.5498735,83.033],[615370.4905203,9762727.5981493,83.033],[615370.5871117,9762727.6381588,83.033],[615370.6868227,9762727.6695975,83.033],[615370.7888943,9762727.6922262,83.033],[615370.8925497,9762727.7058727,83.033],[615370.997,9762727.7104331,83.033],[615371.1014503,9762727.7058727,83.033],[615371.2051057,9762727.6922262,83.033],[615371.3071773,9762727.6695975,83.033],[615371.4068883,9762727.6381588,83.033],[615371.5034797,9762727.5981493,83.033],[615371.5962166,9762727.5498735,83.033],[615371.684393,9762727.493699,83.033],[615371.767338,9762727.430053,83.033],[615371.8444202,9762727.3594202,83.033],[615371.915053,9762727.282338,83.033],[615371.9786989,9762727.199393,83.033],[615372.0348735,9762727.1112166,83.033],[615372.0831493,9762727.0184797,83.033],[615372.1231588,9762726.9218883,83.033],[615372.1545975,9762726.8221773,83.033],[615372.1772262,9762726.7201057,83.033],[615372.1908727,9762726.6164503,83.033],[615372.1954331,9762726.512,83.033]]]]}},
{"type":"Feature","properties":{"Layer":"MP_CAMARAS AASS"},"geometry":{"type":"MultiPolygon","coordinates":[[[[615357.4714331,9762730.356,82.646],[615357.4668727,9762730.2515497,82.646],[615357.4532262,9762730.1478943,82.646],[615357.4305975,9762730.0458227,82.646],[615357.3991588,9762729.9461117,82.646],[615357.3591493,9762729.8495203,82.646],[615357.3108735,9762729.7567834,82.646],[615357.2546989,9762729.668607,82.646],[615357.191053,9762729.585662,82.646],[615357.1204202,9762729.5085798,82.646],[615357.043338,9762729.437947,82.646],[615356.960393,9762729.374301,82.646],[615356.8722166,9762729.3181265,82.646],[615356.7794797,9762729.2698507,82.646],[615356.6828883,9762729.2298412,82.646],[615356.5831773,9762729.1984025,82.646],[615356.4811057,9762729.1757738,82.646],[615356.3774503,9762729.1621273,82.646],[615356.273,9762729.1575669,82.646],[615356.1685497,9762729.1621273,82.646],[615356.0648943,9762729.1757738,82.646],[615355.9628227,9762729.1984025,82.646],[615355.8631117,9762729.2298412,82.646],[615355.7665203,9762729.2698507,82.646],[615355.6737834,9762729.3181265,82.646],[615355.585607,9762729.374301,82.646],[615355.502662,9762729.437947,82.646],[615355.4255798,9762729.5085798,82.646],[615355.354947,9762729.585662,82.646],[615355.2913011,9762729.668607,82.646],[615355.2351265,9762729.7567834,82.646],[615355.1868507,9762729.8495203,82.646],[615355.1468412,9762729.9461117,82.646],[615355.1154025,9762730.0458227,82.646],[615355.0927738,9762730.1478943,82.646],[615355.0791273,9762730.2515497,82.646],[615355.0745669,9762730.356,82.646],[615355.0791273,9762730.4604503,82.646],[615355.0927738,9762730.5641057,82.646],[615355.1154025,9762730.6661773,82.646],[615355.1468412,9762730.7658883,82.646],[615355.1868507,9762730.8624797,82.646],[615355.2351265,9762730.9552166,82.646],[615355.2913011,9762731.043393,82.646],[615355.354947,9762731.126338,82.646],[615355.4255798,9762731.2034202,82.646],[615355.502662,9762731.274053,82.646],[615355.585607,9762731.337699,82.646],[615355.6737834,9762731.3938735,82.646],[615355.7665203,9762731.4421493,82.646],[615355.8631117,9762731.4821588,82.646],[615355.9628227,9762731.5135975,82.646],[615356.0648943,9762731.5362262,82.646],[615356.1685497,9762731.5498727,82.646],[615356.273,9762731.5544331,82.646],[615356.3774503,9762731.5498727,82.646],[615356.4811057,9762731.5362262,82.646],[615356.5831773,9762731.5135975,82.646],[615356.6828883,9762731.4821588,82.646],[615356.7794797,9762731.4421493,82.646],[615356.8722166,9762731.3938735,82.646],[615356.960393,9762731.337699,82.646],[615357.043338,9762731.274053,82.646],[615357.1204202,9762731.2034202,82.646],[615357.191053,9762731.126338,82.646],[615357.2546989,9762731.043393,82.646],[615357.3108735,9762730.9552166,82.646],[615357.3591493,9762730.8624797,82.646],[615357.3991588,9762730.7658883,82.646],[615357.4305975,9762730.6661773,82.646],[615357.4532262,9762730.5641057,82.646],[615357.4668727,9762730.4604503,82.646],[615357.4714331,9762730.356,82.646]]]]}},
{"type":"Feature","properties":{"Layer":"MP_CAMARAS AASS"},"geometry":{"type":"MultiPolygon","coordinates":[[[[615349.9694331,9762733.998,82.148],[615349.9648727,9762733.8935497,82.148],[615349.9512262,9762733.7898943,82.148],[615349.9285975,9762733.6878227,82.148],[615349.8971588,9762733.5881117,82.148],[615349.8571493,9762733.4915203,82.148],[615349.8088735,9762733.3987834,82.148],[615349.7526989,9762733.310607,82.148],[615349.689053,9762733.227662,82.148],[615349.6184202,9762733.1505798,82.148],[615349.541338,9762733.079947,82.148],[615349.458393,9762733.016301,82.148],[615349.3702166,9762732.9601265,82.148],[615349.2774797,9762732.9118507,82.148],[615349.1808883,9762732.8718412,82.148],[615349.0811773,9762732.8404025,82.148],[615348.9791057,9762732.8177738,82.148],[615348.8754503,9762732.8041273,82.148],[615348.771,9762732.7995669,82.148],[615348.6665497,9762732.8041273,82.148],[615348.5628943,9762732.8177738,82.148],[615348.4608227,9762732.8404025,82.148],[615348.3611117,9762732.8718412,82.148],[615348.2645203,9762732.9118507,82.148],[615348.1717834,9762732.9601265,82.148],[615348.083607,9762733.016301,82.148],[615348.000662,9762733.079947,82.148],[615347.9235798,9762733.1505798,82.148],[615347.852947,9762733.227662,82.148],[615347.7893011,9762733.310607,82.148],[615347.7331265,9762733.3987834,82.148],[615347.6848507,9762733.4915203,82.148],[615347.6448412,9762733.5881117,82.148],[615347.6134025,9762733.6878227,82.148],[615347.5907738,9762733.7898943,82.148],[615347.5771273,9762733.8935497,82.148],[615347.5725669,9762733.998,82.148],[615347.5771273,9762734.1024503,82.148],[615347.5907738,9762734.2061057,82.148],[615347.6134025,9762734.3081773,82.148],[615347.6448412,9762734.4078883,82.148],[615347.6848507,9762734.5044797,82.148],[615347.7331265,9762734.5972166,82.148],[615347.7893011,9762734.685393,82.148],[615347.852947,9762734.768338,82.148],[615347.9235798,9762734.8454202,82.148],[615348.000662,9762734.916053,82.148],[615348.083607,9762734.979699,82.148],[615348.1717834,9762735.0358735,82.148],[615348.2645203,9762735.0841493,82.148],[615348.3611117,9762735.1241588,82.148],[615348.4608227,9762735.1555975,82.148],[615348.5628943,9762735.1782262,82.148],[615348.6665497,9762735.1918727,82.148],[615348.771,9762735.1964331,82.148],[615348.8754503,9762735.1918727,82.148],[615348.9791057,9762735.1782262,82.148],[615349.0811773,9762735.1555975,82.148],[615349.1808883,9762735.1241588,82.148],[615349.2774797,9762735.0841493,82.148],[615349.3702166,9762735.0358735,82.148],[615349.458393,9762734.979699,82.148],[615349.541338,9762734.916053,82.148],[615349.6184202,9762734.8454202,82.148],[615349.689053,9762734.768338,82.148],[615349.7526989,9762734.685393,82.148],[615349.8088735,9762734.5972166,82.148],[615349.8571493,9762734.5044797,82.148],[615349.8971588,9762734.4078883,82.148],[615349.9285975,9762734.3081773,82.148],[615349.9512262,9762734.2061057,82.148],[615349.9648727,9762734.1024503,82.148],[615349.9694331,9762733.998,82.148]]]]}},
{"type":"Feature","properties":{"Layer":"MP_CAMARAS AASS"},"geometry":{"type":"MultiPolygon","coordinates":[[[[615353.3084331,9762746.377,80.868],[615353.3038727,9762746.2725497,80.868],[615353.2902262,9762746.1688943,80.868],[615353.2675975,9762746.0668227,80.868],[615353.2361588,9762745.9671117,80.868],[615353.1961493,9762745.8705203,80.868],[615353.1478735,9762745.7777834,80.868],[615353.0916989,9762745.689607,80.868],[615353.028053,9762745.606662,80.868],[615352.9574202,9762745.5295798,80.868],[615352.880338,9762745.458947,80.868],[615352.797393,9762745.395301,80.868],[615352.7092166,9762745.3391265,80.868],[615352.6164797,9762745.2908507,80.868],[615352.5198883,9762745.2508412,80.868],[615352.4201773,9762745.2194025,80.868],[615352.3181057,9762745.1967738,80.868],[615352.2144503,9762745.1831273,80.868],[615352.11,9762745.1785669,80.868],[615352.0055497,9762745.1831273,80.868],[615351.9018943,9762745.1967738,80.868],[615351.7998227,9762745.2194025,80.868],[615351.7001117,9762745.2508412,80.868],[615351.6035203,9762745.2908507,80.868],[615351.5107834,9762745.3391265,80.868],[615351.422607,9762745.395301,80.868],[615351.339662,9762745.458947,80.868],[615351.2625798,9762745.5295798,80.868],[615351.191947,9762745.606662,80.868],[615351.1283011,9762745.689607,80.868],[615351.0721265,9762745.7777834,80.868],[615351.0238507,9762745.8705203,80.868],[615350.9838412,9762745.9671117,80.868],[615350.9524025,9762746.0668227,80.868],[615350.9297738,9762746.1688943,80.868],[615350.9161273,9762746.2725497,80.868],[615350.9115669,9762746.377,80.868],[615350.9161273,9762746.4814503,80.868],[615350.9297738,9762746.5851057,80.868],[615350.9524025,9762746.6871773,80.868],[615350.9838412,9762746.7868883,80.868],[615351.0238507,9762746.8834797,80.868],[615351.0721265,9762746.9762166,80.868],[615351.1283011,9762747.064393,80.868],[615351.191947,9762747.147338,80.868],[615351.2625798,9762747.2244202,80.868],[615351.339662,9762747.295053,80.868],[615351.422607,9762747.358699,80.868],[615351.5107834,9762747.4148735,80.868],[615351.6035203,9762747.4631493,80.868],[615351.7001117,9762747.5031588,80.868],[615351.7998227,9762747.5345975,80.868],[615351.9018943,9762747.5572262,80.868],[615352.0055497,9762747.5708727,80.868],[615352.11,9762747.5754331,80.868],[615352.2144503,9762747.5708727,80.868],[615352.3181057,9762747.5572262,80.868],[615352.4201773,9762747.5345975,80.868],[615352.5198883,9762747.5031588,80.868],[615352.6164797,9762747.4631493,80.868],[615352.7092166,9762747.4148735,80.868],[615352.797393,9762747.358699,80.868],[615352.880338,9762747.295053,80.868],[615352.9574202,9762747.2244202,80.868],[615353.028053,9762747.147338,80.868],[615353.0916989,9762747.064393,80.868],[615353.1478735,9762746.9762166,80.868],[615353.1961493,9762746.8834797,80.868],[615353.2361588,9762746.7868883,80.868],[615353.2675975,9762746.6871773,80.868],[615353.2902262,9762746.5851057,80.868],[615353.3038727,9762746.4814503,80.868],[615353.3084331,9762746.377,80.868]]]]}},
{"type":"Feature","properties":{"Layer":"MP_CAMARAS AASS"},"geometry":{"type":"MultiPolygon","coordinates":[[[[615339.6104331,9762748.933,81.097],[615339.6058727,9762748.8285497,81.097],[615339.5922262,9762748.7248943,81.097],[615339.5695975,9762748.6228227,81.097],[615339.5381588,9762748.5231117,81.097],[615339.4981493,9762748.4265203,81.097],[615339.4498735,9762748.3337834,81.097],[615339.3936989,9762748.245607,81.097],[615339.330053,9762748.162662,81.097],[615339.2594202,9762748.0855798,81.097],[615339.182338,9762748.014947,81.097],[615339.099393,9762747.951301,81.097],[615339.0112166,9762747.8951265,81.097],[615338.9184797,9762747.8468507,81.097],[615338.8218883,9762747.8068412,81.097],[615338.7221773,9762747.7754025,81.097],[615338.6201057,9762747.7527738,81.097],[615338.5164503,9762747.7391273,81.097],[615338.412,9762747.7345669,81.097],[615338.3075497,9762747.7391273,81.097],[615338.2038943,9762747.7527738,81.097],[615338.1018227,9762747.7754025,81.097],[615338.0021117,9762747.8068412,81.097],[615337.9055203,9762747.8468507,81.097],[615337.8127834,9762747.8951265,81.097],[615337.724607,9762747.951301,81.097],[615337.641662,9762748.014947,81.097],[615337.5645798,9762748.0855798,81.097],[615337.493947,9762748.162662,81.097],[615337.4303011,9762748.245607,81.097],[615337.3741265,9762748.3337834,81.097],[615337.3258507,9762748.4265203,81.097],[615337.2858412,9762748.5231117,81.097],[615337.2544025,9762748.6228227,81.097],[615337.2317738,9762748.7248943,81.097],[615337.2181273,9762748.8285497,81.097],[615337.2135669,9762748.933,81.097],[615337.2181273,9762749.0374503,81.097],[615337.2317738,9762749.1411057,81.097],[615337.2544025,9762749.2431773,81.097],[615337.2858412,9762749.3428883,81.097],[615337.3258507,9762749.4394797,81.097],[615337.3741265,9762749.5322166,81.097],[615337.4303011,9762749.620393,81.097],[615337.493947,9762749.703338,81.097],[615337.5645798,9762749.7804202,81.097],[615337.641662,9762749.851053,81.097],[615337.724607,9762749.914699,81.097],[615337.8127834,9762749.9708735,81.097],[615337.9055203,9762750.0191493,81.097],[615338.0021117,9762750.0591588,81.097],[615338.1018227,9762750.0905975,81.097],[615338.2038943,9762750.1132262,81.097],[615338.3075497,9762750.1268727,81.097],[615338.412,9762750.1314331,81.097],[615338.5164503,9762750.1268727,81.097],[615338.6201057,9762750.1132262,81.097],[615338.7221773,9762750.0905975,81.097],[615338.8218883,9762750.0591588,81.097],[615338.9184797,9762750.0191493,81.097],[615339.0112166,9762749.9708735,81.097],[615339.099393,9762749.914699,81.097],[615339.182338,9762749.851053,81.097],[615339.2594202,9762749.7804202,81.097],[615339.330053,9762749.703338,81.097],[615339.3936989,9762749.620393,81.097],[615339.4498735,9762749.5322166,81.097],[615339.4981493,9762749.4394797,81.097],[615339.5381588,9762749.3428883,81.097],[615339.5695975,9762749.2431773,81.097],[615339.5922262,9762749.1411057,81.097],[615339.6058727,9762749.0374503,81.097],[615339.6104331,9762748.933,81.097]]]]}},
{"type":"Feature","properties":{"Layer":"MP_CAMARAS AASS"},"geometry":{"type":"MultiPolygon","coordinates":[[[[615326.7784331,9762754.965,80.114],[615326.7738727,9762754.8605497,80.114],[615326.7602262,9762754.7568943,80.114],[615326.7375975,9762754.6548227,80.114],[615326.7061588,9762754.5551117,80.114],[615326.6661493,9762754.4585203,80.114],[615326.6178735,9762754.3657834,80.114],[615326.5616989,9762754.277607,80.114],[615326.498053,9762754.194662,80.114],[615326.4274202,9762754.1175798,80.114],[615326.350338,9762754.046947,80.114],[615326.267393,9762753.983301,80.114],[615326.1792166,9762753.9271265,80.114],[615326.0864797,9762753.8788507,80.114],[615325.9898883,9762753.8388412,80.114],[615325.8901773,9762753.8074025,80.114],[615325.7881057,9762753.7847738,80.114],[615325.6844503,9762753.7711273,80.114],[615325.58,9762753.7665669,80.114],[615325.4755497,9762753.7711273,80.114],[615325.3718943,9762753.7847738,80.114],[615325.2698227,9762753.8074025,80.114],[615325.1701117,9762753.8388412,80.114],[615325.0735203,9762753.8788507,80.114],[615324.9807834,9762753.9271265,80.114],[615324.892607,9762753.983301,80.114],[615324.809662,9762754.046947,80.114],[615324.7325798,9762754.1175798,80.114],[615324.661947,9762754.194662,80.114],[615324.5983011,9762754.277607,80.114],[615324.5421265,9762754.3657834,80.114],[615324.4938507,9762754.4585203,80.114],[615324.4538412,9762754.5551117,80.114],[615324.4224025,9762754.6548227,80.114],[615324.3997738,9762754.7568943,80.114],[615324.3861273,9762754.8605497,80.114],[615324.3815669,9762754.965,80.114],[615324.3861273,9762755.0694503,80.114],[615324.3997738,9762755.1731057,80.114],[615324.4224025,9762755.2751773,80.114],[615324.4538412,9762755.3748883,80.114],[615324.4938507,9762755.4714797,80.114],[615324.5421265,9762755.5642166,80.114],[615324.5983011,9762755.652393,80.114],[615324.661947,9762755.735338,80.114],[615324.7325798,9762755.8124202,80.114],[615324.809662,9762755.883053,80.114],[615324.892607,9762755.946699,80.114],[615324.9807834,9762756.0028735,80.114],[615325.0735203,9762756.0511493,80.114],[615325.1701117,9762756.0911588,80.114],[615325.2698227,9762756.1225975,80.114],[615325.3718943,9762756.1452262,80.114],[615325.4755497,9762756.1588727,80.114],[615325.58,9762756.1634331,80.114],[615325.6844503,9762756.1588727,80.114],[615325.7881057,9762756.1452262,80.114],[615325.8901773,9762756.1225975,80.114],[615325.9898883,9762756.0911588,80.114],[615326.0864797,9762756.0511493,80.114],[615326.1792166,9762756.0028735,80.114],[615326.267393,9762755.946699,80.114],[615326.350338,9762755.883053,80.114],[615326.4274202,9762755.8124202,80.114],[615326.498053,9762755.735338,80.114],[615326.5616989,9762755.652393,80.114],[615326.6178735,9762755.5642166,80.114],[615326.6661493,9762755.4714797,80.114],[615326.7061588,9762755.3748883,80.114],[615326.7375975,9762755.2751773,80.114],[615326.7602262,9762755.1731057,80.114],[615326.7738727,9762755.0694503,80.114],[615326.7784331,9762754.965,80.114]]]]}},
{"type":"Feature","properties":{"Layer":"MP_CAMARAS AASS"},"geometry":{"type":"MultiPolygon","coordinates":[[[[615305.5174331,9762762.138,79.962],[615305.5128727,9762762.0335497,79.962],[615305.4992262,9762761.9298943,79.962],[615305.4765975,9762761.8278227,79.962],[615305.4451588,9762761.7281117,79.962],[615305.4051493,9762761.6315203,79.962],[615305.3568735,9762761.5387834,79.962],[615305.3006989,9762761.450607,79.962],[615305.237053,9762761.367662,79.962],[615305.1664202,9762761.2905798,79.962],[615305.089338,9762761.219947,79.962],[615305.006393,9762761.156301,79.962],[615304.9182166,9762761.1001265,79.962],[615304.8254797,9762761.0518507,79.962],[615304.7288883,9762761.0118412,79.962],[615304.6291773,9762760.9804025,79.962],[615304.5271057,9762760.9577738,79.962],[615304.4234503,9762760.9441273,79.962],[615304.319,9762760.9395669,79.962],[615304.2145497,9762760.9441273,79.962],[615304.1108943,9762760.9577738,79.962],[615304.0088227,9762760.9804025,79.962],[615303.9091117,9762761.0118412,79.962],[615303.8125203,9762761.0518507,79.962],[615303.7197834,9762761.1001265,79.962],[615303.631607,9762761.156301,79.962],[615303.548662,9762761.219947,79.962],[615303.4715798,9762761.2905798,79.962],[615303.400947,9762761.367662,79.962],[615303.3373011,9762761.450607,79.962],[615303.2811265,9762761.5387834,79.962],[615303.2328507,9762761.6315203,79.962],[615303.1928412,9762761.7281117,79.962],[615303.1614025,9762761.8278227,79.962],[615303.1387738,9762761.9298943,79.962],[615303.1251273,9762762.0335497,79.962],[615303.1205669,9762762.138,79.962],[615303.1251273,9762762.2424503,79.962],[615303.1387738,9762762.3461057,79.962],[615303.1614025,9762762.4481773,79.962],[615303.1928412,9762762.5478883,79.962],[615303.2328507,9762762.6444797,79.962],[615303.2811265,9762762.7372166,79.962],[615303.3373011,9762762.825393,79.962],[615303.400947,9762762.908338,79.962],[615303.4715798,9762762.9854202,79.962],[615303.548662,9762763.056053,79.962],[615303.631607,9762763.119699,79.962],[615303.7197834,9762763.1758735,79.962],[615303.8125203,9762763.2241493,79.962],[615303.9091117,9762763.2641588,79.962],[615304.0088227,9762763.2955975,79.962],[615304.1108943,9762763.3182262,79.962],[615304.2145497,9762763.3318727,79.962],[615304.319,9762763.3364331,79.962],[615304.4234503,9762763.3318727,79.962],[615304.5271057,9762763.3182262,79.962],[615304.6291773,9762763.2955975,79.962],[615304.7288883,9762763.2641588,79.962],[615304.8254797,9762763.2241493,79.962],[615304.9182166,9762763.1758735,79.962],[615305.006393,9762763.119699,79.962],[615305.089338,9762763.056053,79.962],[615305.1664202,9762762.9854202,79.962],[615305.237053,9762762.908338,79.962],[615305.3006989,9762762.825393,79.962],[615305.3568735,9762762.7372166,79.962],[615305.4051493,9762762.6444797,79.962],[615305.4451588,9762762.5478883,79.962],[615305.4765975,9762762.4481773,79.962],[615305.4992262,9762762.3461057,79.962],[615305.5128727,9762762.2424503,79.962],[615305.5174331,9762762.138,79.962]]]]}},
{"type":"Feature","properties":{"Layer":"MP_CAMARAS AASS"},"geometry":{"type":"MultiPolygon","coordinates":[[[[615236.1084331,9762831.256,82.273],[615236.1038727,9762831.1515497,82.273],[615236.0902262,9762831.0478943,82.273],[615236.0675975,9762830.9458227,82.273],[615236.0361588,9762830.8461117,82.273],[615235.9961493,9762830.7495203,82.273],[615235.9478735,9762830.6567834,82.273],[615235.8916989,9762830.568607,82.273],[615235.828053,9762830.485662,82.273],[615235.7574202,9762830.4085798,82.273],[615235.680338,9762830.337947,82.273],[615235.597393,9762830.274301,82.273],[615235.5092166,9762830.2181265,82.273],[615235.4164797,9762830.1698507,82.273],[615235.3198883,9762830.1298412,82.273],[615235.2201773,9762830.0984025,82.273],[615235.1181057,9762830.0757738,82.273],[615235.0144503,9762830.0621273,82.273],[615234.91,9762830.0575669,82.273],[615234.8055497,9762830.0621273,82.273],[615234.7018943,9762830.0757738,82.273],[615234.5998227,9762830.0984025,82.273],[615234.5001117,9762830.1298412,82.273],[615234.4035203,9762830.1698507,82.273],[615234.3107834,9762830.2181265,82.273],[615234.222607,9762830.274301,82.273],[615234.139662,9762830.337947,82.273],[615234.0625798,9762830.4085798,82.273],[615233.991947,9762830.485662,82.273],[615233.9283011,9762830.568607,82.273],[615233.8721265,9762830.6567834,82.273],[615233.8238507,9762830.7495203,82.273],[615233.7838412,9762830.8461117,82.273],[615233.7524025,9762830.9458227,82.273],[615233.7297738,9762831.0478943,82.273],[615233.7161273,9762831.1515497,82.273],[615233.7115669,9762831.256,82.273],[615233.7161273,9762831.3604503,82.273],[615233.7297738,9762831.4641057,82.273],[615233.7524025,9762831.5661773,82.273],[615233.7838412,9762831.6658883,82.273],[615233.8238507,9762831.7624797,82.273],[615233.8721265,9762831.8552166,82.273],[615233.9283011,9762831.943393,82.273],[615233.991947,9762832.026338,82.273],[615234.0625798,9762832.1034202,82.273],[615234.139662,9762832.174053,82.273],[615234.222607,9762832.2376989,82.273],[615234.3107834,9762832.2938735,82.273],[615234.4035203,9762832.3421493,82.273],[615234.5001117,9762832.3821588,82.273],[615234.5998227,9762832.4135975,82.273],[615234.7018943,9762832.4362262,82.273],[615234.8055497,9762832.4498727,82.273],[615234.91,9762832.4544331,82.273],[615235.0144503,9762832.4498727,82.273],[615235.1181057,9762832.4362262,82.273],[615235.2201773,9762832.4135975,82.273],[615235.3198883,9762832.3821588,82.273],[615235.4164797,9762832.3421493,82.273],[615235.5092166,9762832.2938735,82.273],[615235.597393,9762832.2376989,82.273],[615235.680338,9762832.174053,82.273],[615235.7574202,9762832.1034202,82.273],[615235.828053,9762832.026338,82.273],[615235.8916989,9762831.943393,82.273],[615235.9478735,9762831.8552166,82.273],[615235.9961493,9762831.7624797,82.273],[615236.0361588,9762831.6658883,82.273],[615236.0675975,9762831.5661773,82.273],[615236.0902262,9762831.4641057,82.273],[615236.1038727,9762831.3604503,82.273],[615236.1084331,9762831.256,82.273]]]]}},
{"type":"Feature","properties":{"Layer":"MP_CAMARAS AASS"},"geometry":{"type":"MultiPolygon","coordinates":[[[[615257.0544331,9762843.253,81.49],[615257.0498727,9762843.1485497,81.49],[615257.0362262,9762843.0448943,81.49],[615257.0135975,9762842.9428227,81.49],[615256.9821588,9762842.8431117,81.49],[615256.9421493,9762842.7465203,81.49],[615256.8938735,9762842.6537834,81.49],[615256.8376989,9762842.565607,81.49],[615256.774053,9762842.482662,81.49],[615256.7034202,9762842.4055798,81.49],[615256.626338,9762842.334947,81.49],[615256.543393,9762842.271301,81.49],[615256.4552166,9762842.2151265,81.49],[615256.3624797,9762842.1668507,81.49],[615256.2658883,9762842.1268412,81.49],[615256.1661773,9762842.0954025,81.49],[615256.0641057,9762842.0727738,81.49],[615255.9604503,9762842.0591273,81.49],[615255.856,9762842.0545669,81.49],[615255.7515497,9762842.0591273,81.49],[615255.6478943,9762842.0727738,81.49],[615255.5458227,9762842.0954025,81.49],[615255.4461117,9762842.1268412,81.49],[615255.3495203,9762842.1668507,81.49],[615255.2567834,9762842.2151265,81.49],[615255.168607,9762842.271301,81.49],[615255.085662,9762842.334947,81.49],[615255.0085798,9762842.4055798,81.49],[615254.937947,9762842.482662,81.49],[615254.8743011,9762842.565607,81.49],[615254.8181265,9762842.6537834,81.49],[615254.7698507,9762842.7465203,81.49],[615254.7298412,9762842.8431117,81.49],[615254.6984025,9762842.9428227,81.49],[615254.6757738,9762843.0448943,81.49],[615254.6621273,9762843.1485497,81.49],[615254.6575669,9762843.253,81.49],[615254.6621273,9762843.3574503,81.49],[615254.6757738,9762843.4611057,81.49],[615254.6984025,9762843.5631773,81.49],[615254.7298412,9762843.6628883,81.49],[615254.7698507,9762843.7594797,81.49],[615254.8181265,9762843.8522166,81.49],[615254.8743011,9762843.940393,81.49],[615254.937947,9762844.023338,81.49],[615255.0085798,9762844.1004202,81.49],[615255.085662,9762844.171053,81.49],[615255.168607,9762844.234699,81.49],[615255.2567834,9762844.2908735,81.49],[615255.3495203,9762844.3391493,81.49],[615255.4461117,9762844.3791588,81.49],[615255.5458227,9762844.4105975,81.49],[615255.6478943,9762844.4332262,81.49],[615255.7515497,9762844.4468727,81.49],[615255.856,9762844.4514331,81.49],[615255.9604503,9762844.4468727,81.49],[615256.0641057,9762844.4332262,81.49],[615256.1661773,9762844.4105975,81.49],[615256.2658883,9762844.3791588,81.49],[615256.3624797,9762844.3391493,81.49],[615256.4552166,9762844.2908735,81.49],[615256.543393,9762844.234699,81.49],[615256.626338,9762844.171053,81.49],[615256.7034202,9762844.1004202,81.49],[615256.774053,9762844.023338,81.49],[615256.8376989,9762843.940393,81.49],[615256.8938735,9762843.8522166,81.49],[615256.9421493,9762843.7594797,81.49],[615256.9821588,9762843.6628883,81.49],[615257.0135975,9762843.5631773,81.49],[615257.0362262,9762843.4611057,81.49],[615257.0498727,9762843.3574503,81.49],[615257.0544331,9762843.253,81.49]]]]}},
{"type":"Feature","properties":{"Layer":"MP_CAMARAS AASS"},"geometry":{"type":"MultiPolygon","coordinates":[[[[615095.9054331,9762656.136,97.023],[615095.9008727,9762656.0315497,97.023],[615095.8872262,9762655.9278943,97.023],[615095.8645975,9762655.8258227,97.023],[615095.8331588,9762655.7261117,97.023],[615095.7931493,9762655.6295203,97.023],[615095.7448735,9762655.5367834,97.023],[615095.6886989,9762655.448607,97.023],[615095.625053,9762655.365662,97.023],[615095.5544202,9762655.2885798,97.023],[615095.477338,9762655.217947,97.023],[615095.394393,9762655.154301,97.023],[615095.3062166,9762655.0981265,97.023],[615095.2134797,9762655.0498507,97.023],[615095.1168883,9762655.0098412,97.023],[615095.0171773,9762654.9784025,97.023],[615094.9151057,9762654.9557738,97.023],[615094.8114503,9762654.9421273,97.023],[615094.707,9762654.9375669,97.023],[615094.6025497,9762654.9421273,97.023],[615094.4988943,9762654.9557738,97.023],[615094.3968227,9762654.9784025,97.023],[615094.2971117,9762655.0098412,97.023],[615094.2005203,9762655.0498507,97.023],[615094.1077834,9762655.0981265,97.023],[615094.019607,9762655.154301,97.023],[615093.936662,9762655.217947,97.023],[615093.8595798,9762655.2885798,97.023],[615093.788947,9762655.365662,97.023],[615093.7253011,9762655.448607,97.023],[615093.6691265,9762655.5367834,97.023],[615093.6208507,9762655.6295203,97.023],[615093.5808412,9762655.7261117,97.023],[615093.5494025,9762655.8258227,97.023],[615093.5267738,9762655.9278943,97.023],[615093.5131273,9762656.0315497,97.023],[615093.5085669,9762656.136,97.023],[615093.5131273,9762656.2404503,97.023],[615093.5267738,9762656.3441057,97.023],[615093.5494025,9762656.4461773,97.023],[615093.5808412,9762656.5458883,97.023],[615093.6208507,9762656.6424797,97.023],[615093.6691265,9762656.7352166,97.023],[615093.7253011,9762656.823393,97.023],[615093.788947,9762656.906338,97.023],[615093.8595798,9762656.9834202,97.023],[615093.936662,9762657.054053,97.023],[615094.019607,9762657.117699,97.023],[615094.1077834,9762657.1738735,97.023],[615094.2005203,9762657.2221493,97.023],[615094.2971117,9762657.2621588,97.023],[615094.3968227,9762657.2935975,97.023],[615094.4988943,9762657.3162262,97.023],[615094.6025497,9762657.3298727,97.023],[615094.707,9762657.3344331,97.023],[615094.8114503,9762657.3298727,97.023],[615094.9151057,9762657.3162262,97.023],[615095.0171773,9762657.2935975,97.023],[615095.1168883,9762657.2621588,97.023],[615095.2134797,9762657.2221493,97.023],[615095.3062166,9762657.1738735,97.023],[615095.394393,9762657.117699,97.023],[615095.477338,9762657.054053,97.023],[615095.5544202,9762656.9834202,97.023],[615095.625053,9762656.906338,97.023],[615095.6886989,9762656.823393,97.023],[615095.7448735,9762656.7352166,97.023],[615095.7931493,9762656.6424797,97.023],[615095.8331588,9762656.5458883,97.023],[615095.8645975,9762656.4461773,97.023],[615095.8872262,9762656.3441057,97.023],[615095.9008727,9762656.2404503,97.023],[615095.9054331,9762656.136,97.023]]]]}},
{"type":"Feature","properties":{"Layer":"MP_CAMARAS AASS"},"geometry":{"type":"MultiPolygon","coordinates":[[[[615158.6204331,9762637.471,97.755],[615158.6158727,9762637.3665497,97.755],[615158.6022262,9762637.2628943,97.755],[615158.5795975,9762637.1608227,97.755],[615158.5481588,9762637.0611117,97.755],[615158.5081493,9762636.9645203,97.755],[615158.4598735,9762636.8717834,97.755],[615158.4036989,9762636.783607,97.755],[615158.340053,9762636.700662,97.755],[615158.2694202,9762636.6235798,97.755],[615158.192338,9762636.552947,97.755],[615158.109393,9762636.4893011,97.755],[615158.0212166,9762636.4331265,97.755],[615157.9284797,9762636.3848507,97.755],[615157.8318883,9762636.3448412,97.755],[615157.7321773,9762636.3134025,97.755],[615157.6301057,9762636.2907738,97.755],[615157.5264503,9762636.2771273,97.755],[615157.422,9762636.2725669,97.755],[615157.3175497,9762636.2771273,97.755],[615157.2138943,9762636.2907738,97.755],[615157.1118227,9762636.3134025,97.755],[615157.0121117,9762636.3448412,97.755],[615156.9155203,9762636.3848507,97.755],[615156.8227834,9762636.4331265,97.755],[615156.734607,9762636.4893011,97.755],[615156.651662,9762636.552947,97.755],[615156.5745798,9762636.6235798,97.755],[615156.503947,9762636.700662,97.755],[615156.4403011,9762636.783607,97.755],[615156.3841265,9762636.8717834,97.755],[615156.3358507,9762636.9645203,97.755],[615156.2958412,9762637.0611117,97.755],[615156.2644025,9762637.1608227,97.755],[615156.2417738,9762637.2628943,97.755],[615156.2281273,9762637.3665497,97.755],[615156.2235669,9762637.471,97.755],[615156.2281273,9762637.5754503,97.755],[615156.2417738,9762637.6791057,97.755],[615156.2644025,9762637.7811773,97.755],[615156.2958412,9762637.8808883,97.755],[615156.3358507,9762637.9774797,97.755],[615156.3841265,9762638.0702166,97.755],[615156.4403011,9762638.158393,97.755],[615156.503947,9762638.241338,97.755],[615156.5745798,9762638.3184202,97.755],[615156.651662,9762638.389053,97.755],[615156.734607,9762638.452699,97.755],[615156.8227834,9762638.5088735,97.755],[615156.9155203,9762638.5571493,97.755],[615157.0121117,9762638.5971588,97.755],[615157.1118227,9762638.6285975,97.755],[615157.2138943,9762638.6512262,97.755],[615157.3175497,9762638.6648727,97.755],[615157.422,9762638.6694331,97.755],[615157.5264503,9762638.6648727,97.755],[615157.6301057,9762638.6512262,97.755],[615157.7321773,9762638.6285975,97.755],[615157.8318883,9762638.5971588,97.755],[615157.9284797,9762638.5571493,97.755],[615158.0212166,9762638.5088735,97.755],[615158.109393,9762638.452699,97.755],[615158.192338,9762638.389053,97.755],[615158.2694202,9762638.3184202,97.755],[615158.340053,9762638.241338,97.755],[615158.4036989,9762638.158393,97.755],[615158.4598735,9762638.0702166,97.755],[615158.5081493,9762637.9774797,97.755],[615158.5481588,9762637.8808883,97.755],[615158.5795975,9762637.7811773,97.755],[615158.6022262,9762637.6791057,97.755],[615158.6158727,9762637.5754503,97.755],[615158.6204331,9762637.471,97.755]]]]}},
{"type":"Feature","properties":{"Layer":"MP_CAMARAS AASS"},"geometry":{"type":"MultiPolygon","coordinates":[[[[616032.7724331,9761929.107,95.345],[616032.7678727,9761929.0025497,95.345],[616032.7542262,9761928.8988943,95.345],[616032.7315975,9761928.7968227,95.345],[616032.7001588,9761928.6971117,95.345],[616032.6601493,9761928.6005203,95.345],[616032.6118735,9761928.5077834,95.345],[616032.5556989,9761928.419607,95.345],[616032.492053,9761928.336662,95.345],[616032.4214202,9761928.2595798,95.345],[616032.344338,9761928.188947,95.345],[616032.261393,9761928.1253011,95.345],[616032.1732166,9761928.0691265,95.345],[616032.0804797,9761928.0208507,95.345],[616031.9838883,9761927.9808412,95.345],[616031.8841773,9761927.9494025,95.345],[616031.7821057,9761927.9267738,95.345],[616031.6784503,9761927.9131273,95.345],[616031.574,9761927.9085669,95.345],[616031.4695497,9761927.9131273,95.345],[616031.3658943,9761927.9267738,95.345],[616031.2638227,9761927.9494025,95.345],[616031.1641117,9761927.9808412,95.345],[616031.0675203,9761928.0208507,95.345],[616030.9747834,9761928.0691265,95.345],[616030.886607,9761928.1253011,95.345],[616030.803662,9761928.188947,95.345],[616030.7265798,9761928.2595798,95.345],[616030.655947,9761928.336662,95.345],[616030.5923011,9761928.419607,95.345],[616030.5361265,9761928.5077834,95.345],[616030.4878507,9761928.6005203,95.345],[616030.4478412,9761928.6971117,95.345],[616030.4164025,9761928.7968227,95.345],[616030.3937738,9761928.8988943,95.345],[616030.3801273,9761929.0025497,95.345],[616030.3755669,9761929.107,95.345],[616030.3801273,9761929.2114503,95.345],[616030.3937738,9761929.3151057,95.345],[616030.4164025,9761929.4171773,95.345],[616030.4478412,9761929.5168883,95.345],[616030.4878507,9761929.6134797,95.345],[616030.5361265,9761929.7062166,95.345],[616030.5923011,9761929.794393,95.345],[616030.655947,9761929.877338,95.345],[616030.7265798,9761929.9544202,95.345],[616030.803662,9761930.025053,95.345],[616030.886607,9761930.088699,95.345],[616030.9747834,9761930.1448735,95.345],[616031.0675203,9761930.1931493,95.345],[616031.1641117,9761930.2331588,95.345],[616031.2638227,9761930.2645975,95.345],[616031.3658943,9761930.2872262,95.345],[616031.4695497,9761930.3008727,95.345],[616031.574,9761930.3054331,95.345],[616031.6784503,9761930.3008727,95.345],[616031.7821057,9761930.2872262,95.345],[616031.8841773,9761930.2645975,95.345],[616031.9838883,9761930.2331588,95.345],[616032.0804797,9761930.1931493,95.345],[616032.1732166,9761930.1448735,95.345],[616032.261393,9761930.088699,95.345],[616032.344338,9761930.025053,95.345],[616032.4214202,9761929.9544202,95.345],[616032.492053,9761929.877338,95.345],[616032.5556989,9761929.794393,95.345],[616032.6118735,9761929.7062166,95.345],[616032.6601493,9761929.6134797,95.345],[616032.7001588,9761929.5168883,95.345],[616032.7315975,9761929.4171773,95.345],[616032.7542262,9761929.3151057,95.345],[616032.7678727,9761929.2114503,95.345],[616032.7724331,9761929.107,95.345]]]]}},
{"type":"Feature","properties":{"Layer":"MP_CAMARAS AASS"},"geometry":{"type":"MultiPolygon","coordinates":[[[[616040.3504331,9761949.033,95.048],[616040.3458727,9761948.9285497,95.048],[616040.3322262,9761948.8248943,95.048],[616040.3095975,9761948.7228227,95.048],[616040.2781588,9761948.6231117,95.048],[616040.2381493,9761948.5265203,95.048],[616040.1898735,9761948.4337834,95.048],[616040.1336989,9761948.345607,95.048],[616040.070053,9761948.262662,95.048],[616039.9994202,9761948.1855798,95.048],[616039.922338,9761948.114947,95.048],[616039.839393,9761948.051301,95.048],[616039.7512166,9761947.9951265,95.048],[616039.6584797,9761947.9468507,95.048],[616039.5618883,9761947.9068412,95.048],[616039.4621773,9761947.8754025,95.048],[616039.3601057,9761947.8527738,95.048],[616039.2564503,9761947.8391273,95.048],[616039.152,9761947.8345669,95.048],[616039.0475497,9761947.8391273,95.048],[616038.9438943,9761947.8527738,95.048],[616038.8418227,9761947.8754025,95.048],[616038.7421117,9761947.9068412,95.048],[616038.6455203,9761947.9468507,95.048],[616038.5527834,9761947.9951265,95.048],[616038.464607,9761948.051301,95.048],[616038.381662,9761948.114947,95.048],[616038.3045798,9761948.1855798,95.048],[616038.233947,9761948.262662,95.048],[616038.1703011,9761948.345607,95.048],[616038.1141265,9761948.4337834,95.048],[616038.0658507,9761948.5265203,95.048],[616038.0258412,9761948.6231117,95.048],[616037.9944025,9761948.7228227,95.048],[616037.9717738,9761948.8248943,95.048],[616037.9581273,9761948.9285497,95.048],[616037.9535669,9761949.033,95.048],[616037.9581273,9761949.1374503,95.048],[616037.9717738,9761949.2411057,95.048],[616037.9944025,9761949.3431773,95.048],[616038.0258412,9761949.4428883,95.048],[616038.0658507,9761949.5394797,95.048],[616038.1141265,9761949.6322166,95.048],[616038.1703011,9761949.720393,95.048],[616038.233947,9761949.803338,95.048],[616038.3045798,9761949.8804202,95.048],[616038.381662,9761949.951053,95.048],[616038.464607,9761950.014699,95.048],[616038.5527834,9761950.0708735,95.048],[616038.6455203,9761950.1191493,95.048],[616038.7421117,9761950.1591588,95.048],[616038.8418227,9761950.1905975,95.048],[616038.9438943,9761950.2132262,95.048],[616039.0475497,9761950.2268727,95.048],[616039.152,9761950.2314331,95.048],[616039.2564503,9761950.2268727,95.048],[616039.3601057,9761950.2132262,95.048],[616039.4621773,9761950.1905975,95.048],[616039.5618883,9761950.1591588,95.048],[616039.6584797,9761950.1191493,95.048],[616039.7512166,9761950.0708735,95.048],[616039.839393,9761950.014699,95.048],[616039.922338,9761949.951053,95.048],[616039.9994202,9761949.8804202,95.048],[616040.070053,9761949.803338,95.048],[616040.1336989,9761949.720393,95.048],[616040.1898735,9761949.6322166,95.048],[616040.2381493,9761949.5394797,95.048],[616040.2781588,9761949.4428883,95.048],[616040.3095975,9761949.3431773,95.048],[616040.3322262,9761949.2411057,95.048],[616040.3458727,9761949.1374503,95.048],[616040.3504331,9761949.033,95.048]]]]}},
{"type":"Feature","properties":{"Layer":"MP_CAMARAS AASS"},"geometry":{"type":"MultiPolygon","coordinates":[[[[616032.9834331,9761977.887,94.855],[616032.9788727,9761977.7825497,94.855],[616032.9652262,9761977.6788943,94.855],[616032.9425975,9761977.5768227,94.855],[616032.9111588,9761977.4771117,94.855],[616032.8711493,9761977.3805203,94.855],[616032.8228735,9761977.2877834,94.855],[616032.7666989,9761977.199607,94.855],[616032.703053,9761977.116662,94.855],[616032.6324202,9761977.0395798,94.855],[616032.555338,9761976.968947,94.855],[616032.472393,9761976.905301,94.855],[616032.3842166,9761976.8491265,94.855],[616032.2914797,9761976.8008507,94.855],[616032.1948883,9761976.7608412,94.855],[616032.0951773,9761976.7294025,94.855],[616031.9931057,9761976.7067738,94.855],[616031.8894503,9761976.6931273,94.855],[616031.785,9761976.6885669,94.855],[616031.6805497,9761976.6931273,94.855],[616031.5768943,9761976.7067738,94.855],[616031.4748227,9761976.7294025,94.855],[616031.3751117,9761976.7608412,94.855],[616031.2785203,9761976.8008507,94.855],[616031.1857834,9761976.8491265,94.855],[616031.097607,9761976.905301,94.855],[616031.014662,9761976.968947,94.855],[616030.9375798,9761977.0395798,94.855],[616030.866947,9761977.116662,94.855],[616030.8033011,9761977.199607,94.855],[616030.7471265,9761977.2877834,94.855],[616030.6988507,9761977.3805203,94.855],[616030.6588412,9761977.4771117,94.855],[616030.6274025,9761977.5768227,94.855],[616030.6047738,9761977.6788943,94.855],[616030.5911273,9761977.7825497,94.855],[616030.5865669,9761977.887,94.855],[616030.5911273,9761977.9914503,94.855],[616030.6047738,9761978.0951057,94.855],[616030.6274025,9761978.1971773,94.855],[616030.6588412,9761978.2968883,94.855],[616030.6988507,9761978.3934797,94.855],[616030.7471265,9761978.4862166,94.855],[616030.8033011,9761978.574393,94.855],[616030.866947,9761978.657338,94.855],[616030.9375798,9761978.7344202,94.855],[616031.014662,9761978.805053,94.855],[616031.097607,9761978.868699,94.855],[616031.1857834,9761978.9248735,94.855],[616031.2785203,9761978.9731493,94.855],[616031.3751117,9761979.0131588,94.855],[616031.4748227,9761979.0445975,94.855],[616031.5768943,9761979.0672262,94.855],[616031.6805497,9761979.0808727,94.855],[616031.785,9761979.0854331,94.855],[616031.8894503,9761979.0808727,94.855],[616031.9931057,9761979.0672262,94.855],[616032.0951773,9761979.0445975,94.855],[616032.1948883,9761979.0131588,94.855],[616032.2914797,9761978.9731493,94.855],[616032.3842166,9761978.9248735,94.855],[616032.472393,9761978.868699,94.855],[616032.555338,9761978.805053,94.855],[616032.6324202,9761978.7344202,94.855],[616032.703053,9761978.657338,94.855],[616032.7666989,9761978.574393,94.855],[616032.8228735,9761978.4862166,94.855],[616032.8711493,9761978.3934797,94.855],[616032.9111588,9761978.2968883,94.855],[616032.9425975,9761978.1971773,94.855],[616032.9652262,9761978.0951057,94.855],[616032.9788727,9761977.9914503,94.855],[616032.9834331,9761977.887,94.855]]]]}},
{"type":"Feature","properties":{"Layer":"MP_CAMARAS AASS"},"geometry":{"type":"MultiPolygon","coordinates":[[[[616028.7284331,9761990.458,94.998],[616028.7238727,9761990.3535497,94.998],[616028.7102262,9761990.2498943,94.998],[616028.6875975,9761990.1478227,94.998],[616028.6561588,9761990.0481117,94.998],[616028.6161493,9761989.9515203,94.998],[616028.5678735,9761989.8587834,94.998],[616028.5116989,9761989.770607,94.998],[616028.448053,9761989.687662,94.998],[616028.3774202,9761989.6105798,94.998],[616028.300338,9761989.539947,94.998],[616028.217393,9761989.476301,94.998],[616028.1292166,9761989.4201265,94.998],[616028.0364797,9761989.3718507,94.998],[616027.9398883,9761989.3318412,94.998],[616027.8401773,9761989.3004025,94.998],[616027.7381057,9761989.2777738,94.998],[616027.6344503,9761989.2641273,94.998],[616027.53,9761989.2595669,94.998],[616027.4255497,9761989.2641273,94.998],[616027.3218943,9761989.2777738,94.998],[616027.2198227,9761989.3004025,94.998],[616027.1201117,9761989.3318412,94.998],[616027.0235203,9761989.3718507,94.998],[616026.9307834,9761989.4201265,94.998],[616026.842607,9761989.476301,94.998],[616026.759662,9761989.539947,94.998],[616026.6825798,9761989.6105798,94.998],[616026.611947,9761989.687662,94.998],[616026.5483011,9761989.770607,94.998],[616026.4921265,9761989.8587834,94.998],[616026.4438507,9761989.9515203,94.998],[616026.4038412,9761990.0481117,94.998],[616026.3724025,9761990.1478227,94.998],[616026.3497738,9761990.2498943,94.998],[616026.3361273,9761990.3535497,94.998],[616026.3315669,9761990.458,94.998],[616026.3361273,9761990.5624503,94.998],[616026.3497738,9761990.6661057,94.998],[616026.3724025,9761990.7681773,94.998],[616026.4038412,9761990.8678883,94.998],[616026.4438507,9761990.9644797,94.998],[616026.4921265,9761991.0572166,94.998],[616026.5483011,9761991.145393,94.998],[616026.611947,9761991.228338,94.998],[616026.6825798,9761991.3054202,94.998],[616026.759662,9761991.376053,94.998],[616026.842607,9761991.439699,94.998],[616026.9307834,9761991.4958735,94.998],[616027.0235203,9761991.5441493,94.998],[616027.1201117,9761991.5841588,94.998],[616027.2198227,9761991.6155975,94.998],[616027.3218943,9761991.6382262,94.998],[616027.4255497,9761991.6518727,94.998],[616027.53,9761991.6564331,94.998],[616027.6344503,9761991.6518727,94.998],[616027.7381057,9761991.6382262,94.998],[616027.8401773,9761991.6155975,94.998],[616027.9398883,9761991.5841588,94.998],[616028.0364797,9761991.5441493,94.998],[616028.1292166,9761991.4958735,94.998],[616028.217393,9761991.439699,94.998],[616028.300338,9761991.376053,94.998],[616028.3774202,9761991.3054202,94.998],[616028.448053,9761991.228338,94.998],[616028.5116989,9761991.145393,94.998],[616028.5678735,9761991.0572166,94.998],[616028.6161493,9761990.9644797,94.998],[616028.6561588,9761990.8678883,94.998],[616028.6875975,9761990.7681773,94.998],[616028.7102262,9761990.6661057,94.998],[616028.7238727,9761990.5624503,94.998],[616028.7284331,9761990.458,94.998]]]]}},
{"type":"Feature","properties":{"Layer":"MP_CAMARAS AASS"},"geometry":{"type":"MultiPolygon","coordinates":[[[[616019.7884331,9761999.375,95.961],[616019.7838727,9761999.2705497,95.961],[616019.7702262,9761999.1668943,95.961],[616019.7475975,9761999.0648227,95.961],[616019.7161588,9761998.9651117,95.961],[616019.6761493,9761998.8685203,95.961],[616019.6278735,9761998.7757834,95.961],[616019.5716989,9761998.687607,95.961],[616019.508053,9761998.604662,95.961],[616019.4374202,9761998.5275798,95.961],[616019.360338,9761998.456947,95.961],[616019.277393,9761998.393301,95.961],[616019.1892166,9761998.3371265,95.961],[616019.0964797,9761998.2888507,95.961],[616018.9998883,9761998.2488412,95.961],[616018.9001773,9761998.2174025,95.961],[616018.7981057,9761998.1947738,95.961],[616018.6944503,9761998.1811273,95.961],[616018.59,9761998.1765669,95.961],[616018.4855497,9761998.1811273,95.961],[616018.3818943,9761998.1947738,95.961],[616018.2798227,9761998.2174025,95.961],[616018.1801117,9761998.2488412,95.961],[616018.0835203,9761998.2888507,95.961],[616017.9907834,9761998.3371265,95.961],[616017.902607,9761998.393301,95.961],[616017.819662,9761998.456947,95.961],[616017.7425798,9761998.5275798,95.961],[616017.671947,9761998.604662,95.961],[616017.6083011,9761998.687607,95.961],[616017.5521265,9761998.7757834,95.961],[616017.5038507,9761998.8685203,95.961],[616017.4638412,9761998.9651117,95.961],[616017.4324025,9761999.0648227,95.961],[616017.4097738,9761999.1668943,95.961],[616017.3961273,9761999.2705497,95.961],[616017.3915669,9761999.375,95.961],[616017.3961273,9761999.4794503,95.961],[616017.4097738,9761999.5831057,95.961],[616017.4324025,9761999.6851773,95.961],[616017.4638412,9761999.7848883,95.961],[616017.5038507,9761999.8814797,95.961],[616017.5521265,9761999.9742166,95.961],[616017.6083011,9762000.062393,95.961],[616017.671947,9762000.145338,95.961],[616017.7425798,9762000.2224202,95.961],[616017.819662,9762000.293053,95.961],[616017.902607,9762000.356699,95.961],[616017.9907834,9762000.4128735,95.961],[616018.0835203,9762000.4611493,95.961],[616018.1801117,9762000.5011588,95.961],[616018.2798227,9762000.5325975,95.961],[616018.3818943,9762000.5552262,95.961],[616018.4855497,9762000.5688727,95.961],[616018.59,9762000.5734331,95.961],[616018.6944503,9762000.5688727,95.961],[616018.7981057,9762000.5552262,95.961],[616018.9001773,9762000.5325975,95.961],[616018.9998883,9762000.5011588,95.961],[616019.0964797,9762000.4611493,95.961],[616019.1892166,9762000.4128735,95.961],[616019.277393,9762000.356699,95.961],[616019.360338,9762000.293053,95.961],[616019.4374202,9762000.2224202,95.961],[616019.508053,9762000.145338,95.961],[616019.5716989,9762000.062393,95.961],[616019.6278735,9761999.9742166,95.961],[616019.6761493,9761999.8814797,95.961],[616019.7161588,9761999.7848883,95.961],[616019.7475975,9761999.6851773,95.961],[616019.7702262,9761999.5831057,95.961],[616019.7838727,9761999.4794503,95.961],[616019.7884331,9761999.375,95.961]]]]}},
{"type":"Feature","properties":{"Layer":"MP_CAMARAS AASS"},"geometry":{"type":"MultiPolygon","coordinates":[[[[616015.4054331,9762027.91,94.667],[616015.4008727,9762027.8055497,94.667],[616015.3872262,9762027.7018943,94.667],[616015.3645975,9762027.5998227,94.667],[616015.3331588,9762027.5001117,94.667],[616015.2931493,9762027.4035203,94.667],[616015.2448735,9762027.3107834,94.667],[616015.1886989,9762027.222607,94.667],[616015.125053,9762027.139662,94.667],[616015.0544202,9762027.0625798,94.667],[616014.977338,9762026.991947,94.667],[616014.894393,9762026.928301,94.667],[616014.8062166,9762026.8721265,94.667],[616014.7134797,9762026.8238507,94.667],[616014.6168883,9762026.7838412,94.667],[616014.5171773,9762026.7524025,94.667],[616014.4151057,9762026.7297738,94.667],[616014.3114503,9762026.7161273,94.667],[616014.207,9762026.7115669,94.667],[616014.1025497,9762026.7161273,94.667],[616013.9988943,9762026.7297738,94.667],[616013.8968227,9762026.7524025,94.667],[616013.7971117,9762026.7838412,94.667],[616013.7005203,9762026.8238507,94.667],[616013.6077834,9762026.8721265,94.667],[616013.519607,9762026.928301,94.667],[616013.436662,9762026.991947,94.667],[616013.3595798,9762027.0625798,94.667],[616013.288947,9762027.139662,94.667],[616013.2253011,9762027.222607,94.667],[616013.1691265,9762027.3107834,94.667],[616013.1208507,9762027.4035203,94.667],[616013.0808412,9762027.5001117,94.667],[616013.0494025,9762027.5998227,94.667],[616013.0267738,9762027.7018943,94.667],[616013.0131273,9762027.8055497,94.667],[616013.0085669,9762027.91,94.667],[616013.0131273,9762028.0144503,94.667],[616013.0267738,9762028.1181057,94.667],[616013.0494025,9762028.2201773,94.667],[616013.0808412,9762028.3198883,94.667],[616013.1208507,9762028.4164797,94.667],[616013.1691265,9762028.5092166,94.667],[616013.2253011,9762028.597393,94.667],[616013.288947,9762028.680338,94.667],[616013.3595798,9762028.7574202,94.667],[616013.436662,9762028.828053,94.667],[616013.519607,9762028.891699,94.667],[616013.6077834,9762028.9478735,94.667],[616013.7005203,9762028.9961493,94.667],[616013.7971117,9762029.0361588,94.667],[616013.8968227,9762029.0675975,94.667],[616013.9988943,9762029.0902262,94.667],[616014.1025497,9762029.1038727,94.667],[616014.207,9762029.1084331,94.667],[616014.3114503,9762029.1038727,94.667],[616014.4151057,9762029.0902262,94.667],[616014.5171773,9762029.0675975,94.667],[616014.6168883,9762029.0361588,94.667],[616014.7134797,9762028.9961493,94.667],[616014.8062166,9762028.9478735,94.667],[616014.894393,9762028.891699,94.667],[616014.977338,9762028.828053,94.667],[616015.0544202,9762028.7574202,94.667],[616015.125053,9762028.680338,94.667],[616015.1886989,9762028.597393,94.667],[616015.2448735,9762028.5092166,94.667],[616015.2931493,9762028.4164797,94.667],[616015.3331588,9762028.3198883,94.667],[616015.3645975,9762028.2201773,94.667],[616015.3872262,9762028.1181057,94.667],[616015.4008727,9762028.0144503,94.667],[616015.4054331,9762027.91,94.667]]]]}},
{"type":"Feature","properties":{"Layer":"MP_CAMARAS AASS"},"geometry":{"type":"MultiPolygon","coordinates":[[[[616025.9294331,9762039.871,93.814],[616025.9248727,9762039.7665497,93.814],[616025.9112262,9762039.6628943,93.814],[616025.8885975,9762039.5608227,93.814],[616025.8571588,9762039.4611117,93.814],[616025.8171493,9762039.3645203,93.814],[616025.7688735,9762039.2717834,93.814],[616025.7126989,9762039.183607,93.814],[616025.649053,9762039.100662,93.814],[616025.5784202,9762039.0235798,93.814],[616025.501338,9762038.952947,93.814],[616025.418393,9762038.889301,93.814],[616025.3302166,9762038.8331265,93.814],[616025.2374797,9762038.7848507,93.814],[616025.1408883,9762038.7448412,93.814],[616025.0411773,9762038.7134025,93.814],[616024.9391057,9762038.6907738,93.814],[616024.8354503,9762038.6771273,93.814],[616024.731,9762038.6725669,93.814],[616024.6265497,9762038.6771273,93.814],[616024.5228943,9762038.6907738,93.814],[616024.4208227,9762038.7134025,93.814],[616024.3211117,9762038.7448412,93.814],[616024.2245203,9762038.7848507,93.814],[616024.1317834,9762038.8331265,93.814],[616024.043607,9762038.889301,93.814],[616023.960662,9762038.952947,93.814],[616023.8835798,9762039.0235798,93.814],[616023.812947,9762039.100662,93.814],[616023.7493011,9762039.183607,93.814],[616023.6931265,9762039.2717834,93.814],[616023.6448507,9762039.3645203,93.814],[616023.6048412,9762039.4611117,93.814],[616023.5734025,9762039.5608227,93.814],[616023.5507738,9762039.6628943,93.814],[616023.5371273,9762039.7665497,93.814],[616023.5325669,9762039.871,93.814],[616023.5371273,9762039.9754503,93.814],[616023.5507738,9762040.0791057,93.814],[616023.5734025,9762040.1811773,93.814],[616023.6048412,9762040.2808883,93.814],[616023.6448507,9762040.3774797,93.814],[616023.6931265,9762040.4702166,93.814],[616023.7493011,9762040.558393,93.814],[616023.812947,9762040.641338,93.814],[616023.8835798,9762040.7184202,93.814],[616023.960662,9762040.789053,93.814],[616024.043607,9762040.852699,93.814],[616024.1317834,9762040.9088735,93.814],[616024.2245203,9762040.9571493,93.814],[616024.3211117,9762040.9971588,93.814],[616024.4208227,9762041.0285975,93.814],[616024.5228943,9762041.0512262,93.814],[616024.6265497,9762041.0648727,93.814],[616024.731,9762041.0694331,93.814],[616024.8354503,9762041.0648727,93.814],[616024.9391057,9762041.0512262,93.814],[616025.0411773,9762041.0285975,93.814],[616025.1408883,9762040.9971588,93.814],[616025.2374797,9762040.9571493,93.814],[616025.3302166,9762040.9088735,93.814],[616025.418393,9762040.852699,93.814],[616025.501338,9762040.789053,93.814],[616025.5784202,9762040.7184202,93.814],[616025.649053,9762040.641338,93.814],[616025.7126989,9762040.558393,93.814],[616025.7688735,9762040.4702166,93.814],[616025.8171493,9762040.3774797,93.814],[616025.8571588,9762040.2808883,93.814],[616025.8885975,9762040.1811773,93.814],[616025.9112262,9762040.0791057,93.814],[616025.9248727,9762039.9754503,93.814],[616025.9294331,9762039.871,93.814]]]]}},
{"type":"Feature","properties":{"Layer":"MP_CAMARAS AASS"},"geometry":{"type":"MultiPolygon","coordinates":[[[[616025.7654331,9762048.433,93.376],[616025.7608727,9762048.3285497,93.376],[616025.7472262,9762048.2248943,93.376],[616025.7245975,9762048.1228227,93.376],[616025.6931588,9762048.0231117,93.376],[616025.6531493,9762047.9265203,93.376],[616025.6048735,9762047.8337834,93.376],[616025.5486989,9762047.745607,93.376],[616025.485053,9762047.662662,93.376],[616025.4144202,9762047.5855798,93.376],[616025.337338,9762047.514947,93.376],[616025.254393,9762047.451301,93.376],[616025.1662166,9762047.3951265,93.376],[616025.0734797,9762047.3468507,93.376],[616024.9768883,9762047.3068412,93.376],[616024.8771773,9762047.2754025,93.376],[616024.7751057,9762047.2527738,93.376],[616024.6714503,9762047.2391273,93.376],[616024.567,9762047.2345669,93.376],[616024.4625497,9762047.2391273,93.376],[616024.3588943,9762047.2527738,93.376],[616024.2568227,9762047.2754025,93.376],[616024.1571117,9762047.3068412,93.376],[616024.0605203,9762047.3468507,93.376],[616023.9677834,9762047.3951265,93.376],[616023.879607,9762047.451301,93.376],[616023.796662,9762047.514947,93.376],[616023.7195798,9762047.5855798,93.376],[616023.648947,9762047.662662,93.376],[616023.5853011,9762047.745607,93.376],[616023.5291265,9762047.8337834,93.376],[616023.4808507,9762047.9265203,93.376],[616023.4408412,9762048.0231117,93.376],[616023.4094025,9762048.1228227,93.376],[616023.3867738,9762048.2248943,93.376],[616023.3731273,9762048.3285497,93.376],[616023.3685669,9762048.433,93.376],[616023.3731273,9762048.5374503,93.376],[616023.3867738,9762048.6411057,93.376],[616023.4094025,9762048.7431773,93.376],[616023.4408412,9762048.8428883,93.376],[616023.4808507,9762048.9394797,93.376],[616023.5291265,9762049.0322166,93.376],[616023.5853011,9762049.120393,93.376],[616023.648947,9762049.203338,93.376],[616023.7195798,9762049.2804202,93.376],[616023.796662,9762049.351053,93.376],[616023.879607,9762049.414699,93.376],[616023.9677834,9762049.4708735,93.376],[616024.0605203,9762049.5191493,93.376],[616024.1571117,9762049.5591588,93.376],[616024.2568227,9762049.5905975,93.376],[616024.3588943,9762049.6132262,93.376],[616024.4625497,9762049.6268727,93.376],[616024.567,9762049.6314331,93.376],[616024.6714503,9762049.6268727,93.376],[616024.7751057,9762049.6132262,93.376],[616024.8771773,9762049.5905975,93.376],[616024.9768883,9762049.5591588,93.376],[616025.0734797,9762049.5191493,93.376],[616025.1662166,9762049.4708735,93.376],[616025.254393,9762049.414699,93.376],[616025.337338,9762049.351053,93.376],[616025.4144202,9762049.2804202,93.376],[616025.485053,9762049.203338,93.376],[616025.5486989,9762049.120393,93.376],[616025.6048735,9762049.0322166,93.376],[616025.6531493,9762048.9394797,93.376],[616025.6931588,9762048.8428883,93.376],[616025.7245975,9762048.7431773,93.376],[616025.7472262,9762048.6411057,93.376],[616025.7608727,9762048.5374503,93.376],[616025.7654331,9762048.433,93.376]]]]}},
{"type":"Feature","properties":{"Layer":"MP_CAMARAS AASS"},"geometry":{"type":"MultiPolygon","coordinates":[[[[616031.7094331,9762067.198,91.918],[616031.7048727,9762067.0935497,91.918],[616031.6912262,9762066.9898943,91.918],[616031.6685975,9762066.8878227,91.918],[616031.6371588,9762066.7881117,91.918],[616031.5971493,9762066.6915203,91.918],[616031.5488735,9762066.5987834,91.918],[616031.4926989,9762066.510607,91.918],[616031.429053,9762066.427662,91.918],[616031.3584202,9762066.3505798,91.918],[616031.281338,9762066.279947,91.918],[616031.198393,9762066.2163011,91.918],[616031.1102166,9762066.1601265,91.918],[616031.0174797,9762066.1118507,91.918],[616030.9208883,9762066.0718412,91.918],[616030.8211773,9762066.0404025,91.918],[616030.7191057,9762066.0177738,91.918],[616030.6154503,9762066.0041273,91.918],[616030.511,9762065.9995669,91.918],[616030.4065497,9762066.0041273,91.918],[616030.3028943,9762066.0177738,91.918],[616030.2008227,9762066.0404025,91.918],[616030.1011117,9762066.0718412,91.918],[616030.0045203,9762066.1118507,91.918],[616029.9117834,9762066.1601265,91.918],[616029.823607,9762066.2163011,91.918],[616029.740662,9762066.279947,91.918],[616029.6635798,9762066.3505798,91.918],[616029.592947,9762066.427662,91.918],[616029.5293011,9762066.510607,91.918],[616029.4731265,9762066.5987834,91.918],[616029.4248507,9762066.6915203,91.918],[616029.3848412,9762066.7881117,91.918],[616029.3534025,9762066.8878227,91.918],[616029.3307738,9762066.9898943,91.918],[616029.3171273,9762067.0935497,91.918],[616029.3125669,9762067.198,91.918],[616029.3171273,9762067.3024503,91.918],[616029.3307738,9762067.4061057,91.918],[616029.3534025,9762067.5081773,91.918],[616029.3848412,9762067.6078883,91.918],[616029.4248507,9762067.7044797,91.918],[616029.4731265,9762067.7972166,91.918],[616029.5293011,9762067.885393,91.918],[616029.592947,9762067.968338,91.918],[616029.6635798,9762068.0454202,91.918],[616029.740662,9762068.116053,91.918],[616029.823607,9762068.179699,91.918],[616029.9117834,9762068.2358735,91.918],[616030.0045203,9762068.2841493,91.918],[616030.1011117,9762068.3241588,91.918],[616030.2008227,9762068.3555975,91.918],[616030.3028943,9762068.3782262,91.918],[616030.4065497,9762068.3918727,91.918],[616030.511,9762068.3964331,91.918],[616030.6154503,9762068.3918727,91.918],[616030.7191057,9762068.3782262,91.918],[616030.8211773,9762068.3555975,91.918],[616030.9208883,9762068.3241588,91.918],[616031.0174797,9762068.2841493,91.918],[616031.1102166,9762068.2358735,91.918],[616031.198393,9762068.179699,91.918],[616031.281338,9762068.116053,91.918],[616031.3584202,9762068.0454202,91.918],[616031.429053,9762067.968338,91.918],[616031.4926989,9762067.885393,91.918],[616031.5488735,9762067.7972166,91.918],[616031.5971493,9762067.7044797,91.918],[616031.6371588,9762067.6078883,91.918],[616031.6685975,9762067.5081773,91.918],[616031.6912262,9762067.4061057,91.918],[616031.7048727,9762067.3024503,91.918],[616031.7094331,9762067.198,91.918]]]]}},
{"type":"Feature","properties":{"Layer":"MP_CAMARAS AASS"},"geometry":{"type":"MultiPolygon","coordinates":[[[[616103.2074331,9762094.352,91.281],[616103.2028727,9762094.2475497,91.281],[616103.1892262,9762094.1438943,91.281],[616103.1665975,9762094.0418227,91.281],[616103.1351588,9762093.9421117,91.281],[616103.0951493,9762093.8455203,91.281],[616103.0468735,9762093.7527834,91.281],[616102.9906989,9762093.664607,91.281],[616102.927053,9762093.581662,91.281],[616102.8564202,9762093.5045798,91.281],[616102.779338,9762093.433947,91.281],[616102.696393,9762093.370301,91.281],[616102.6082166,9762093.3141265,91.281],[616102.5154797,9762093.2658507,91.281],[616102.4188883,9762093.2258412,91.281],[616102.3191773,9762093.1944025,91.281],[616102.2171057,9762093.1717738,91.281],[616102.1134503,9762093.1581273,91.281],[616102.009,9762093.1535669,91.281],[616101.9045497,9762093.1581273,91.281],[616101.8008943,9762093.1717738,91.281],[616101.6988227,9762093.1944025,91.281],[616101.5991117,9762093.2258412,91.281],[616101.5025203,9762093.2658507,91.281],[616101.4097834,9762093.3141265,91.281],[616101.321607,9762093.370301,91.281],[616101.238662,9762093.433947,91.281],[616101.1615798,9762093.5045798,91.281],[616101.090947,9762093.581662,91.281],[616101.0273011,9762093.664607,91.281],[616100.9711265,9762093.7527834,91.281],[616100.9228507,9762093.8455203,91.281],[616100.8828412,9762093.9421117,91.281],[616100.8514025,9762094.0418227,91.281],[616100.8287738,9762094.1438943,91.281],[616100.8151273,9762094.2475497,91.281],[616100.8105669,9762094.352,91.281],[616100.8151273,9762094.4564503,91.281],[616100.8287738,9762094.5601057,91.281],[616100.8514025,9762094.6621773,91.281],[616100.8828412,9762094.7618883,91.281],[616100.9228507,9762094.8584797,91.281],[616100.9711265,9762094.9512166,91.281],[616101.0273011,9762095.039393,91.281],[616101.090947,9762095.122338,91.281],[616101.1615798,9762095.1994202,91.281],[616101.238662,9762095.270053,91.281],[616101.321607,9762095.333699,91.281],[616101.4097834,9762095.3898735,91.281],[616101.5025203,9762095.4381493,91.281],[616101.5991117,9762095.4781588,91.281],[616101.6988227,9762095.5095975,91.281],[616101.8008943,9762095.5322262,91.281],[616101.9045497,9762095.5458727,91.281],[616102.009,9762095.5504331,91.281],[616102.1134503,9762095.5458727,91.281],[616102.2171057,9762095.5322262,91.281],[616102.3191773,9762095.5095975,91.281],[616102.4188883,9762095.4781588,91.281],[616102.5154797,9762095.4381493,91.281],[616102.6082166,9762095.3898735,91.281],[616102.696393,9762095.333699,91.281],[616102.779338,9762095.270053,91.281],[616102.8564202,9762095.1994202,91.281],[616102.927053,9762095.122338,91.281],[616102.9906989,9762095.039393,91.281],[616103.0468735,9762094.9512166,91.281],[616103.0951493,9762094.8584797,91.281],[616103.1351588,9762094.7618883,91.281],[616103.1665975,9762094.6621773,91.281],[616103.1892262,9762094.5601057,91.281],[616103.2028727,9762094.4564503,91.281],[616103.2074331,9762094.352,91.281]]]]}},
{"type":"Feature","properties":{"Layer":"MP_CAMARAS AASS"},"geometry":{"type":"MultiPolygon","coordinates":[[[[616103.3484331,9762099.697,91.273],[616103.3438727,9762099.5925497,91.273],[616103.3302262,9762099.4888943,91.273],[616103.3075975,9762099.3868227,91.273],[616103.2761588,9762099.2871117,91.273],[616103.2361493,9762099.1905203,91.273],[616103.1878735,9762099.0977834,91.273],[616103.1316989,9762099.009607,91.273],[616103.068053,9762098.926662,91.273],[616102.9974202,9762098.8495798,91.273],[616102.920338,9762098.778947,91.273],[616102.837393,9762098.715301,91.273],[616102.7492166,9762098.6591265,91.273],[616102.6564797,9762098.6108507,91.273],[616102.5598883,9762098.5708412,91.273],[616102.4601773,9762098.5394025,91.273],[616102.3581057,9762098.5167738,91.273],[616102.2544503,9762098.5031273,91.273],[616102.15,9762098.4985669,91.273],[616102.0455497,9762098.5031273,91.273],[616101.9418943,9762098.5167738,91.273],[616101.8398227,9762098.5394025,91.273],[616101.7401117,9762098.5708412,91.273],[616101.6435203,9762098.6108507,91.273],[616101.5507834,9762098.6591265,91.273],[616101.462607,9762098.715301,91.273],[616101.379662,9762098.778947,91.273],[616101.3025798,9762098.8495798,91.273],[616101.231947,9762098.926662,91.273],[616101.1683011,9762099.009607,91.273],[616101.1121265,9762099.0977834,91.273],[616101.0638507,9762099.1905203,91.273],[616101.0238412,9762099.2871117,91.273],[616100.9924025,9762099.3868227,91.273],[616100.9697738,9762099.4888943,91.273],[616100.9561273,9762099.5925497,91.273],[616100.9515669,9762099.697,91.273],[616100.9561273,9762099.8014503,91.273],[616100.9697738,9762099.9051057,91.273],[616100.9924025,9762100.0071773,91.273],[616101.0238412,9762100.1068883,91.273],[616101.0638507,9762100.2034797,91.273],[616101.1121265,9762100.2962166,91.273],[616101.1683011,9762100.384393,91.273],[616101.231947,9762100.467338,91.273],[616101.3025798,9762100.5444202,91.273],[616101.379662,9762100.615053,91.273],[616101.462607,9762100.678699,91.273],[616101.5507834,9762100.7348735,91.273],[616101.6435203,9762100.7831493,91.273],[616101.7401117,9762100.8231588,91.273],[616101.8398227,9762100.8545975,91.273],[616101.9418943,9762100.8772262,91.273],[616102.0455497,9762100.8908727,91.273],[616102.15,9762100.8954331,91.273],[616102.2544503,9762100.8908727,91.273],[616102.3581057,9762100.8772262,91.273],[616102.4601773,9762100.8545975,91.273],[616102.5598883,9762100.8231588,91.273],[616102.6564797,9762100.7831493,91.273],[616102.7492166,9762100.7348735,91.273],[616102.837393,9762100.678699,91.273],[616102.920338,9762100.615053,91.273],[616102.9974202,9762100.5444202,91.273],[616103.068053,9762100.467338,91.273],[616103.1316989,9762100.384393,91.273],[616103.1878735,9762100.2962166,91.273],[616103.2361493,9762100.2034797,91.273],[616103.2761588,9762100.1068883,91.273],[616103.3075975,9762100.0071773,91.273],[616103.3302262,9762099.9051057,91.273],[616103.3438727,9762099.8014503,91.273],[616103.3484331,9762099.697,91.273]]]]}},
{"type":"Feature","properties":{"Layer":"MP_CAMARAS AASS"},"geometry":{"type":"MultiPolygon","coordinates":[[[[616120.3934331,9762099.416,89.866],[616120.3888727,9762099.3115497,89.866],[616120.3752262,9762099.2078943,89.866],[616120.3525975,9762099.1058227,89.866],[616120.3211588,9762099.0061117,89.866],[616120.2811493,9762098.9095203,89.866],[616120.2328735,9762098.8167834,89.866],[616120.1766989,9762098.728607,89.866],[616120.113053,9762098.645662,89.866],[616120.0424202,9762098.5685798,89.866],[616119.965338,9762098.497947,89.866],[616119.882393,9762098.4343011,89.866],[616119.7942166,9762098.3781265,89.866],[616119.7014797,9762098.3298507,89.866],[616119.6048883,9762098.2898412,89.866],[616119.5051773,9762098.2584025,89.866],[616119.4031057,9762098.2357738,89.866],[616119.2994503,9762098.2221273,89.866],[616119.195,9762098.2175669,89.866],[616119.0905497,9762098.2221273,89.866],[616118.9868943,9762098.2357738,89.866],[616118.8848227,9762098.2584025,89.866],[616118.7851117,9762098.2898412,89.866],[616118.6885203,9762098.3298507,89.866],[616118.5957834,9762098.3781265,89.866],[616118.507607,9762098.4343011,89.866],[616118.424662,9762098.497947,89.866],[616118.3475798,9762098.5685798,89.866],[616118.276947,9762098.645662,89.866],[616118.2133011,9762098.728607,89.866],[616118.1571265,9762098.8167834,89.866],[616118.1088507,9762098.9095203,89.866],[616118.0688412,9762099.0061117,89.866],[616118.0374025,9762099.1058227,89.866],[616118.0147738,9762099.2078943,89.866],[616118.0011273,9762099.3115497,89.866],[616117.9965669,9762099.416,89.866],[616118.0011273,9762099.5204503,89.866],[616118.0147738,9762099.6241057,89.866],[616118.0374025,9762099.7261773,89.866],[616118.0688412,9762099.8258883,89.866],[616118.1088507,9762099.9224797,89.866],[616118.1571265,9762100.0152166,89.866],[616118.2133011,9762100.103393,89.866],[616118.276947,9762100.186338,89.866],[616118.3475798,9762100.2634202,89.866],[616118.424662,9762100.334053,89.866],[616118.507607,9762100.397699,89.866],[616118.5957834,9762100.4538735,89.866],[616118.6885203,9762100.5021493,89.866],[616118.7851117,9762100.5421588,89.866],[616118.8848227,9762100.5735975,89.866],[616118.9868943,9762100.5962262,89.866],[616119.0905497,9762100.6098727,89.866],[616119.195,9762100.6144331,89.866],[616119.2994503,9762100.6098727,89.866],[616119.4031057,9762100.5962262,89.866],[616119.5051773,9762100.5735975,89.866],[616119.6048883,9762100.5421588,89.866],[616119.7014797,9762100.5021493,89.866],[616119.7942166,9762100.4538735,89.866],[616119.882393,9762100.397699,89.866],[616119.965338,9762100.334053,89.866],[616120.0424202,9762100.2634202,89.866],[616120.113053,9762100.186338,89.866],[616120.1766989,9762100.103393,89.866],[616120.2328735,9762100.0152166,89.866],[616120.2811493,9762099.9224797,89.866],[616120.3211588,9762099.8258883,89.866],[616120.3525975,9762099.7261773,89.866],[616120.3752262,9762099.6241057,89.866],[616120.3888727,9762099.5204503,89.866],[616120.3934331,9762099.416,89.866]]]]}},
{"type":"Feature","properties":{"Layer":"MP_CAMARAS AASS"},"geometry":{"type":"MultiPolygon","coordinates":[[[[616148.5264331,9762119.54,88.049],[616148.5218727,9762119.4355497,88.049],[616148.5082262,9762119.3318943,88.049],[616148.4855975,9762119.2298227,88.049],[616148.4541588,9762119.1301117,88.049],[616148.4141493,9762119.0335203,88.049],[616148.3658735,9762118.9407834,88.049],[616148.3096989,9762118.852607,88.049],[616148.246053,9762118.769662,88.049],[616148.1754202,9762118.6925798,88.049],[616148.098338,9762118.621947,88.049],[616148.015393,9762118.558301,88.049],[616147.9272166,9762118.5021265,88.049],[616147.8344797,9762118.4538507,88.049],[616147.7378883,9762118.4138412,88.049],[616147.6381773,9762118.3824025,88.049],[616147.5361057,9762118.3597738,88.049],[616147.4324503,9762118.3461273,88.049],[616147.328,9762118.3415669,88.049],[616147.2235497,9762118.3461273,88.049],[616147.1198943,9762118.3597738,88.049],[616147.0178227,9762118.3824025,88.049],[616146.9181117,9762118.4138412,88.049],[616146.8215203,9762118.4538507,88.049],[616146.7287834,9762118.5021265,88.049],[616146.640607,9762118.558301,88.049],[616146.557662,9762118.621947,88.049],[616146.4805798,9762118.6925798,88.049],[616146.409947,9762118.769662,88.049],[616146.3463011,9762118.852607,88.049],[616146.2901265,9762118.9407834,88.049],[616146.2418507,9762119.0335203,88.049],[616146.2018412,9762119.1301117,88.049],[616146.1704025,9762119.2298227,88.049],[616146.1477738,9762119.3318943,88.049],[616146.1341273,9762119.4355497,88.049],[616146.1295669,9762119.54,88.049],[616146.1341273,9762119.6444503,88.049],[616146.1477738,9762119.7481057,88.049],[616146.1704025,9762119.8501773,88.049],[616146.2018412,9762119.9498883,88.049],[616146.2418507,9762120.0464797,88.049],[616146.2901265,9762120.1392166,88.049],[616146.3463011,9762120.227393,88.049],[616146.409947,9762120.310338,88.049],[616146.4805798,9762120.3874202,88.049],[616146.557662,9762120.458053,88.049],[616146.640607,9762120.5216989,88.049],[616146.7287834,9762120.5778735,88.049],[616146.8215203,9762120.6261493,88.049],[616146.9181117,9762120.6661588,88.049],[616147.0178227,9762120.6975975,88.049],[616147.1198943,9762120.7202262,88.049],[616147.2235497,9762120.7338727,88.049],[616147.328,9762120.7384331,88.049],[616147.4324503,9762120.7338727,88.049],[616147.5361057,9762120.7202262,88.049],[616147.6381773,9762120.6975975,88.049],[616147.7378883,9762120.6661588,88.049],[616147.8344797,9762120.6261493,88.049],[616147.9272166,9762120.5778735,88.049],[616148.015393,9762120.5216989,88.049],[616148.098338,9762120.458053,88.049],[616148.1754202,9762120.3874202,88.049],[616148.246053,9762120.310338,88.049],[616148.3096989,9762120.227393,88.049],[616148.3658735,9762120.1392166,88.049],[616148.4141493,9762120.0464797,88.049],[616148.4541588,9762119.9498883,88.049],[616148.4855975,9762119.8501773,88.049],[616148.5082262,9762119.7481057,88.049],[616148.5218727,9762119.6444503,88.049],[616148.5264331,9762119.54,88.049]]]]}},
{"type":"Feature","properties":{"Layer":"MP_CAMARAS AASS"},"geometry":{"type":"MultiPolygon","coordinates":[[[[616148.3684331,9762142.516,87.571],[616148.3638727,9762142.4115497,87.571],[616148.3502262,9762142.3078943,87.571],[616148.3275975,9762142.2058227,87.571],[616148.2961588,9762142.1061117,87.571],[616148.2561493,9762142.0095203,87.571],[616148.2078735,9762141.9167834,87.571],[616148.1516989,9762141.828607,87.571],[616148.088053,9762141.745662,87.571],[616148.0174202,9762141.6685798,87.571],[616147.940338,9762141.597947,87.571],[616147.857393,9762141.5343011,87.571],[616147.7692166,9762141.4781265,87.571],[616147.6764797,9762141.4298507,87.571],[616147.5798883,9762141.3898412,87.571],[616147.4801773,9762141.3584025,87.571],[616147.3781057,9762141.3357738,87.571],[616147.2744503,9762141.3221273,87.571],[616147.17,9762141.3175669,87.571],[616147.0655497,9762141.3221273,87.571],[616146.9618943,9762141.3357738,87.571],[616146.8598227,9762141.3584025,87.571],[616146.7601117,9762141.3898412,87.571],[616146.6635203,9762141.4298507,87.571],[616146.5707834,9762141.4781265,87.571],[616146.482607,9762141.5343011,87.571],[616146.399662,9762141.597947,87.571],[616146.3225798,9762141.6685798,87.571],[616146.251947,9762141.745662,87.571],[616146.1883011,9762141.828607,87.571],[616146.1321265,9762141.9167834,87.571],[616146.0838507,9762142.0095203,87.571],[616146.0438412,9762142.1061117,87.571],[616146.0124025,9762142.2058227,87.571],[616145.9897738,9762142.3078943,87.571],[616145.9761273,9762142.4115497,87.571],[616145.9715669,9762142.516,87.571],[616145.9761273,9762142.6204503,87.571],[616145.9897738,9762142.7241057,87.571],[616146.0124025,9762142.8261773,87.571],[616146.0438412,9762142.9258883,87.571],[616146.0838507,9762143.0224797,87.571],[616146.1321265,9762143.1152166,87.571],[616146.1883011,9762143.203393,87.571],[616146.251947,9762143.286338,87.571],[616146.3225798,9762143.3634202,87.571],[616146.399662,9762143.434053,87.571],[616146.482607,9762143.497699,87.571],[616146.5707834,9762143.5538735,87.571],[616146.6635203,9762143.6021493,87.571],[616146.7601117,9762143.6421588,87.571],[616146.8598227,9762143.6735975,87.571],[616146.9618943,9762143.6962262,87.571],[616147.0655497,9762143.7098727,87.571],[616147.17,9762143.7144331,87.571],[616147.2744503,9762143.7098727,87.571],[616147.3781057,9762143.6962262,87.571],[616147.4801773,9762143.6735975,87.571],[616147.5798883,9762143.6421588,87.571],[616147.6764797,9762143.6021493,87.571],[616147.7692166,9762143.5538735,87.571],[616147.857393,9762143.497699,87.571],[616147.940338,9762143.434053,87.571],[616148.0174202,9762143.3634202,87.571],[616148.088053,9762143.286338,87.571],[616148.1516989,9762143.203393,87.571],[616148.2078735,9762143.1152166,87.571],[616148.2561493,9762143.0224797,87.571],[616148.2961588,9762142.9258883,87.571],[616148.3275975,9762142.8261773,87.571],[616148.3502262,9762142.7241057,87.571],[616148.3638727,9762142.6204503,87.571],[616148.3684331,9762142.516,87.571]]]]}},
{"type":"Feature","properties":{"Layer":"MP_CAMARAS AASS"},"geometry":{"type":"MultiPolygon","coordinates":[[[[616119.4424331,9762141.024,87.619],[616119.4378727,9762140.9195497,87.619],[616119.4242262,9762140.8158943,87.619],[616119.4015975,9762140.7138227,87.619],[616119.3701588,9762140.6141117,87.619],[616119.3301493,9762140.5175203,87.619],[616119.2818735,9762140.4247834,87.619],[616119.2256989,9762140.336607,87.619],[616119.162053,9762140.253662,87.619],[616119.0914202,9762140.1765798,87.619],[616119.014338,9762140.105947,87.619],[616118.931393,9762140.042301,87.619],[616118.8432166,9762139.9861265,87.619],[616118.7504797,9762139.9378507,87.619],[616118.6538883,9762139.8978412,87.619],[616118.5541773,9762139.8664025,87.619],[616118.4521057,9762139.8437738,87.619],[616118.3484503,9762139.8301273,87.619],[616118.244,9762139.8255669,87.619],[616118.1395497,9762139.8301273,87.619],[616118.0358943,9762139.8437738,87.619],[616117.9338227,9762139.8664025,87.619],[616117.8341117,9762139.8978412,87.619],[616117.7375203,9762139.9378507,87.619],[616117.6447834,9762139.9861265,87.619],[616117.556607,9762140.042301,87.619],[616117.473662,9762140.105947,87.619],[616117.3965798,9762140.1765798,87.619],[616117.325947,9762140.253662,87.619],[616117.2623011,9762140.336607,87.619],[616117.2061265,9762140.4247834,87.619],[616117.1578507,9762140.5175203,87.619],[616117.1178412,9762140.6141117,87.619],[616117.0864025,9762140.7138227,87.619],[616117.0637738,9762140.8158943,87.619],[616117.0501273,9762140.9195497,87.619],[616117.0455669,9762141.024,87.619],[616117.0501273,9762141.1284503,87.619],[616117.0637738,9762141.2321057,87.619],[616117.0864025,9762141.3341773,87.619],[616117.1178412,9762141.4338883,87.619],[616117.1578507,9762141.5304797,87.619],[616117.2061265,9762141.6232166,87.619],[616117.2623011,9762141.711393,87.619],[616117.325947,9762141.794338,87.619],[616117.3965798,9762141.8714202,87.619],[616117.473662,9762141.942053,87.619],[616117.556607,9762142.005699,87.619],[616117.6447834,9762142.0618735,87.619],[616117.7375203,9762142.1101493,87.619],[616117.8341117,9762142.1501588,87.619],[616117.9338227,9762142.1815975,87.619],[616118.0358943,9762142.2042262,87.619],[616118.1395497,9762142.2178727,87.619],[616118.244,9762142.2224331,87.619],[616118.3484503,9762142.2178727,87.619],[616118.4521057,9762142.2042262,87.619],[616118.5541773,9762142.1815975,87.619],[616118.6538883,9762142.1501588,87.619],[616118.7504797,9762142.1101493,87.619],[616118.8432166,9762142.0618735,87.619],[616118.931393,9762142.005699,87.619],[616119.014338,9762141.942053,87.619],[616119.0914202,9762141.8714202,87.619],[616119.162053,9762141.794338,87.619],[616119.2256989,9762141.711393,87.619],[616119.2818735,9762141.6232166,87.619],[616119.3301493,9762141.5304797,87.619],[616119.3701588,9762141.4338883,87.619],[616119.4015975,9762141.3341773,87.619],[616119.4242262,9762141.2321057,87.619],[616119.4378727,9762141.1284503,87.619],[616119.4424331,9762141.024,87.619]]]]}},
{"type":"Feature","properties":{"Layer":"MP_CAMARAS AASS"},"geometry":{"type":"MultiPolygon","coordinates":[[[[616105.4664331,9762185.314,86.755],[616105.4618727,9762185.2095497,86.755],[616105.4482262,9762185.1058943,86.755],[616105.4255975,9762185.0038227,86.755],[616105.3941588,9762184.9041117,86.755],[616105.3541493,9762184.8075203,86.755],[616105.3058735,9762184.7147834,86.755],[616105.2496989,9762184.626607,86.755],[616105.186053,9762184.543662,86.755],[616105.1154202,9762184.4665798,86.755],[616105.038338,9762184.395947,86.755],[616104.955393,9762184.332301,86.755],[616104.8672166,9762184.2761265,86.755],[616104.7744797,9762184.2278507,86.755],[616104.6778883,9762184.1878412,86.755],[616104.5781773,9762184.1564025,86.755],[616104.4761057,9762184.1337738,86.755],[616104.3724503,9762184.1201273,86.755],[616104.268,9762184.1155669,86.755],[616104.1635497,9762184.1201273,86.755],[616104.0598943,9762184.1337738,86.755],[616103.9578227,9762184.1564025,86.755],[616103.8581117,9762184.1878412,86.755],[616103.7615203,9762184.2278507,86.755],[616103.6687834,9762184.2761265,86.755],[616103.580607,9762184.332301,86.755],[616103.497662,9762184.395947,86.755],[616103.4205798,9762184.4665798,86.755],[616103.349947,9762184.543662,86.755],[616103.2863011,9762184.626607,86.755],[616103.2301265,9762184.7147834,86.755],[616103.1818507,9762184.8075203,86.755],[616103.1418412,9762184.9041117,86.755],[616103.1104025,9762185.0038227,86.755],[616103.0877738,9762185.1058943,86.755],[616103.0741273,9762185.2095497,86.755],[616103.0695669,9762185.314,86.755],[616103.0741273,9762185.4184503,86.755],[616103.0877738,9762185.5221057,86.755],[616103.1104025,9762185.6241773,86.755],[616103.1418412,9762185.7238883,86.755],[616103.1818507,9762185.8204797,86.755],[616103.2301265,9762185.9132166,86.755],[616103.2863011,9762186.001393,86.755],[616103.349947,9762186.084338,86.755],[616103.4205798,9762186.1614202,86.755],[616103.497662,9762186.232053,86.755],[616103.580607,9762186.295699,86.755],[616103.6687834,9762186.3518735,86.755],[616103.7615203,9762186.4001493,86.755],[616103.8581117,9762186.4401588,86.755],[616103.9578227,9762186.4715975,86.755],[616104.0598943,9762186.4942262,86.755],[616104.1635497,9762186.5078727,86.755],[616104.268,9762186.5124331,86.755],[616104.3724503,9762186.5078727,86.755],[616104.4761057,9762186.4942262,86.755],[616104.5781773,9762186.4715975,86.755],[616104.6778883,9762186.4401588,86.755],[616104.7744797,9762186.4001493,86.755],[616104.8672166,9762186.3518735,86.755],[616104.955393,9762186.295699,86.755],[616105.038338,9762186.232053,86.755],[616105.1154202,9762186.1614202,86.755],[616105.186053,9762186.084338,86.755],[616105.2496989,9762186.001393,86.755],[616105.3058735,9762185.9132166,86.755],[616105.3541493,9762185.8204797,86.755],[616105.3941588,9762185.7238883,86.755],[616105.4255975,9762185.6241773,86.755],[616105.4482262,9762185.5221057,86.755],[616105.4618727,9762185.4184503,86.755],[616105.4664331,9762185.314,86.755]]]]}},
{"type":"Feature","properties":{"Layer":"MP_CAMARAS AASS"},"geometry":{"type":"MultiPolygon","coordinates":[[[[616022.9534331,9762252.495,85.377],[616022.9488727,9762252.3905497,85.377],[616022.9352262,9762252.2868943,85.377],[616022.9125975,9762252.1848227,85.377],[616022.8811588,9762252.0851117,85.377],[616022.8411493,9762251.9885203,85.377],[616022.7928735,9762251.8957834,85.377],[616022.7366989,9762251.807607,85.377],[616022.673053,9762251.724662,85.377],[616022.6024202,9762251.6475798,85.377],[616022.525338,9762251.576947,85.377],[616022.442393,9762251.513301,85.377],[616022.3542166,9762251.4571265,85.377],[616022.2614797,9762251.4088507,85.377],[616022.1648883,9762251.3688412,85.377],[616022.0651773,9762251.3374025,85.377],[616021.9631057,9762251.3147738,85.377],[616021.8594503,9762251.3011273,85.377],[616021.755,9762251.2965669,85.377],[616021.6505497,9762251.3011273,85.377],[616021.5468943,9762251.3147738,85.377],[616021.4448227,9762251.3374025,85.377],[616021.3451117,9762251.3688412,85.377],[616021.2485203,9762251.4088507,85.377],[616021.1557834,9762251.4571265,85.377],[616021.067607,9762251.513301,85.377],[616020.984662,9762251.576947,85.377],[616020.9075798,9762251.6475798,85.377],[616020.836947,9762251.724662,85.377],[616020.7733011,9762251.807607,85.377],[616020.7171265,9762251.8957834,85.377],[616020.6688507,9762251.9885203,85.377],[616020.6288412,9762252.0851117,85.377],[616020.5974025,9762252.1848227,85.377],[616020.5747738,9762252.2868943,85.377],[616020.5611273,9762252.3905497,85.377],[616020.5565669,9762252.495,85.377],[616020.5611273,9762252.5994503,85.377],[616020.5747738,9762252.7031057,85.377],[616020.5974025,9762252.8051773,85.377],[616020.6288412,9762252.9048883,85.377],[616020.6688507,9762253.0014797,85.377],[616020.7171265,9762253.0942166,85.377],[616020.7733011,9762253.182393,85.377],[616020.836947,9762253.265338,85.377],[616020.9075798,9762253.3424202,85.377],[616020.984662,9762253.413053,85.377],[616021.067607,9762253.4766989,85.377],[616021.1557834,9762253.5328735,85.377],[616021.2485203,9762253.5811493,85.377],[616021.3451117,9762253.6211588,85.377],[616021.4448227,9762253.6525975,85.377],[616021.5468943,9762253.6752262,85.377],[616021.6505497,9762253.6888727,85.377],[616021.755,9762253.6934331,85.377],[616021.8594503,9762253.6888727,85.377],[616021.9631057,9762253.6752262,85.377],[616022.0651773,9762253.6525975,85.377],[616022.1648883,9762253.6211588,85.377],[616022.2614797,9762253.5811493,85.377],[616022.3542166,9762253.5328735,85.377],[616022.442393,9762253.4766989,85.377],[616022.525338,9762253.413053,85.377],[616022.6024202,9762253.3424202,85.377],[616022.673053,9762253.265338,85.377],[616022.7366989,9762253.182393,85.377],[616022.7928735,9762253.0942166,85.377],[616022.8411493,9762253.0014797,85.377],[616022.8811588,9762252.9048883,85.377],[616022.9125975,9762252.8051773,85.377],[616022.9352262,9762252.7031057,85.377],[616022.9488727,9762252.5994503,85.377],[616022.9534331,9762252.495,85.377]]]]}},
{"type":"Feature","properties":{"Layer":"MP_CAMARAS AASS"},"geometry":{"type":"MultiPolygon","coordinates":[[[[616005.7924331,9762276.546,85.758],[616005.7878727,9762276.4415497,85.758],[616005.7742262,9762276.3378943,85.758],[616005.7515975,9762276.2358227,85.758],[616005.7201588,9762276.1361117,85.758],[616005.6801493,9762276.0395203,85.758],[616005.6318735,9762275.9467834,85.758],[616005.5756989,9762275.858607,85.758],[616005.512053,9762275.775662,85.758],[616005.4414202,9762275.6985798,85.758],[616005.364338,9762275.627947,85.758],[616005.281393,9762275.564301,85.758],[616005.1932166,9762275.5081265,85.758],[616005.1004797,9762275.4598507,85.758],[616005.0038883,9762275.4198412,85.758],[616004.9041773,9762275.3884025,85.758],[616004.8021057,9762275.3657738,85.758],[616004.6984503,9762275.3521273,85.758],[616004.594,9762275.3475669,85.758],[616004.4895497,9762275.3521273,85.758],[616004.3858943,9762275.3657738,85.758],[616004.2838227,9762275.3884025,85.758],[616004.1841117,9762275.4198412,85.758],[616004.0875203,9762275.4598507,85.758],[616003.9947834,9762275.5081265,85.758],[616003.906607,9762275.564301,85.758],[616003.823662,9762275.627947,85.758],[616003.7465798,9762275.6985798,85.758],[616003.675947,9762275.775662,85.758],[616003.6123011,9762275.858607,85.758],[616003.5561265,9762275.9467834,85.758],[616003.5078507,9762276.0395203,85.758],[616003.4678412,9762276.1361117,85.758],[616003.4364025,9762276.2358227,85.758],[616003.4137738,9762276.3378943,85.758],[616003.4001273,9762276.4415497,85.758],[616003.3955669,9762276.546,85.758],[616003.4001273,9762276.6504503,85.758],[616003.4137738,9762276.7541057,85.758],[616003.4364025,9762276.8561773,85.758],[616003.4678412,9762276.9558883,85.758],[616003.5078507,9762277.0524797,85.758],[616003.5561265,9762277.1452166,85.758],[616003.6123011,9762277.233393,85.758],[616003.675947,9762277.316338,85.758],[616003.7465798,9762277.3934202,85.758],[616003.823662,9762277.464053,85.758],[616003.906607,9762277.527699,85.758],[616003.9947834,9762277.5838735,85.758],[616004.0875203,9762277.6321493,85.758],[616004.1841117,9762277.6721588,85.758],[616004.2838227,9762277.7035975,85.758],[616004.3858943,9762277.7262262,85.758],[616004.4895497,9762277.7398727,85.758],[616004.594,9762277.7444331,85.758],[616004.6984503,9762277.7398727,85.758],[616004.8021057,9762277.7262262,85.758],[616004.9041773,9762277.7035975,85.758],[616005.0038883,9762277.6721588,85.758],[616005.1004797,9762277.6321493,85.758],[616005.1932166,9762277.5838735,85.758],[616005.281393,9762277.527699,85.758],[616005.364338,9762277.464053,85.758],[616005.4414202,9762277.3934202,85.758],[616005.512053,9762277.316338,85.758],[616005.5756989,9762277.233393,85.758],[616005.6318735,9762277.1452166,85.758],[616005.6801493,9762277.0524797,85.758],[616005.7201588,9762276.9558883,85.758],[616005.7515975,9762276.8561773,85.758],[616005.7742262,9762276.7541057,85.758],[616005.7878727,9762276.6504503,85.758],[616005.7924331,9762276.546,85.758]]]]}},
{"type":"Feature","properties":{"Layer":"MP_CAMARAS AASS"},"geometry":{"type":"MultiPolygon","coordinates":[[[[616013.2124331,9762348.324,84.738],[616013.2078727,9762348.2195497,84.738],[616013.1942262,9762348.1158943,84.738],[616013.1715975,9762348.0138227,84.738],[616013.1401588,9762347.9141117,84.738],[616013.1001493,9762347.8175203,84.738],[616013.0518735,9762347.7247834,84.738],[616012.9956989,9762347.636607,84.738],[616012.932053,9762347.553662,84.738],[616012.8614202,9762347.4765798,84.738],[616012.784338,9762347.405947,84.738],[616012.701393,9762347.342301,84.738],[616012.6132166,9762347.2861265,84.738],[616012.5204797,9762347.2378507,84.738],[616012.4238883,9762347.1978412,84.738],[616012.3241773,9762347.1664025,84.738],[616012.2221057,9762347.1437738,84.738],[616012.1184503,9762347.1301273,84.738],[616012.014,9762347.1255669,84.738],[616011.9095497,9762347.1301273,84.738],[616011.8058943,9762347.1437738,84.738],[616011.7038227,9762347.1664025,84.738],[616011.6041117,9762347.1978412,84.738],[616011.5075203,9762347.2378507,84.738],[616011.4147834,9762347.2861265,84.738],[616011.326607,9762347.342301,84.738],[616011.243662,9762347.405947,84.738],[616011.1665798,9762347.4765798,84.738],[616011.095947,9762347.553662,84.738],[616011.0323011,9762347.636607,84.738],[616010.9761265,9762347.7247834,84.738],[616010.9278507,9762347.8175203,84.738],[616010.8878412,9762347.9141117,84.738],[616010.8564025,9762348.0138227,84.738],[616010.8337738,9762348.1158943,84.738],[616010.8201273,9762348.2195497,84.738],[616010.8155669,9762348.324,84.738],[616010.8201273,9762348.4284503,84.738],[616010.8337738,9762348.5321057,84.738],[616010.8564025,9762348.6341773,84.738],[616010.8878412,9762348.7338883,84.738],[616010.9278507,9762348.8304797,84.738],[616010.9761265,9762348.9232166,84.738],[616011.0323011,9762349.011393,84.738],[616011.095947,9762349.094338,84.738],[616011.1665798,9762349.1714202,84.738],[616011.243662,9762349.242053,84.738],[616011.326607,9762349.3056989,84.738],[616011.4147834,9762349.3618735,84.738],[616011.5075203,9762349.4101493,84.738],[616011.6041117,9762349.4501588,84.738],[616011.7038227,9762349.4815975,84.738],[616011.8058943,9762349.5042262,84.738],[616011.9095497,9762349.5178727,84.738],[616012.014,9762349.5224331,84.738],[616012.1184503,9762349.5178727,84.738],[616012.2221057,9762349.5042262,84.738],[616012.3241773,9762349.4815975,84.738],[616012.4238883,9762349.4501588,84.738],[616012.5204797,9762349.4101493,84.738],[616012.6132166,9762349.3618735,84.738],[616012.701393,9762349.3056989,84.738],[616012.784338,9762349.242053,84.738],[616012.8614202,9762349.1714202,84.738],[616012.932053,9762349.094338,84.738],[616012.9956989,9762349.011393,84.738],[616013.0518735,9762348.9232166,84.738],[616013.1001493,9762348.8304797,84.738],[616013.1401588,9762348.7338883,84.738],[616013.1715975,9762348.6341773,84.738],[616013.1942262,9762348.5321057,84.738],[616013.2078727,9762348.4284503,84.738],[616013.2124331,9762348.324,84.738]]]]}},
{"type":"Feature","properties":{"Layer":"MP_CAMARAS AASS"},"geometry":{"type":"MultiPolygon","coordinates":[[[[615988.1044331,9762388.129,84.672],[615988.0998727,9762388.0245497,84.672],[615988.0862262,9762387.9208943,84.672],[615988.0635975,9762387.8188227,84.672],[615988.0321588,9762387.7191117,84.672],[615987.9921493,9762387.6225203,84.672],[615987.9438735,9762387.5297834,84.672],[615987.8876989,9762387.441607,84.672],[615987.824053,9762387.358662,84.672],[615987.7534202,9762387.2815798,84.672],[615987.676338,9762387.210947,84.672],[615987.593393,9762387.147301,84.672],[615987.5052166,9762387.0911265,84.672],[615987.4124797,9762387.0428507,84.672],[615987.3158883,9762387.0028412,84.672],[615987.2161773,9762386.9714025,84.672],[615987.1141057,9762386.9487738,84.672],[615987.0104503,9762386.9351273,84.672],[615986.906,9762386.9305669,84.672],[615986.8015497,9762386.9351273,84.672],[615986.6978943,9762386.9487738,84.672],[615986.5958227,9762386.9714025,84.672],[615986.4961117,9762387.0028412,84.672],[615986.3995203,9762387.0428507,84.672],[615986.3067834,9762387.0911265,84.672],[615986.218607,9762387.147301,84.672],[615986.135662,9762387.210947,84.672],[615986.0585798,9762387.2815798,84.672],[615985.987947,9762387.358662,84.672],[615985.9243011,9762387.441607,84.672],[615985.8681265,9762387.5297834,84.672],[615985.8198507,9762387.6225203,84.672],[615985.7798412,9762387.7191117,84.672],[615985.7484025,9762387.8188227,84.672],[615985.7257738,9762387.9208943,84.672],[615985.7121273,9762388.0245497,84.672],[615985.7075669,9762388.129,84.672],[615985.7121273,9762388.2334503,84.672],[615985.7257738,9762388.3371057,84.672],[615985.7484025,9762388.4391773,84.672],[615985.7798412,9762388.5388883,84.672],[615985.8198507,9762388.6354797,84.672],[615985.8681265,9762388.7282166,84.672],[615985.9243011,9762388.816393,84.672],[615985.987947,9762388.899338,84.672],[615986.0585798,9762388.9764202,84.672],[615986.135662,9762389.047053,84.672],[615986.218607,9762389.110699,84.672],[615986.3067834,9762389.1668735,84.672],[615986.3995203,9762389.2151493,84.672],[615986.4961117,9762389.2551588,84.672],[615986.5958227,9762389.2865975,84.672],[615986.6978943,9762389.3092262,84.672],[615986.8015497,9762389.3228727,84.672],[615986.906,9762389.3274331,84.672],[615987.0104503,9762389.3228727,84.672],[615987.1141057,9762389.3092262,84.672],[615987.2161773,9762389.2865975,84.672],[615987.3158883,9762389.2551588,84.672],[615987.4124797,9762389.2151493,84.672],[615987.5052166,9762389.1668735,84.672],[615987.593393,9762389.110699,84.672],[615987.676338,9762389.047053,84.672],[615987.7534202,9762388.9764202,84.672],[615987.824053,9762388.899338,84.672],[615987.8876989,9762388.816393,84.672],[615987.9438735,9762388.7282166,84.672],[615987.9921493,9762388.6354797,84.672],[615988.0321588,9762388.5388883,84.672],[615988.0635975,9762388.4391773,84.672],[615988.0862262,9762388.3371057,84.672],[615988.0998727,9762388.2334503,84.672],[615988.1044331,9762388.129,84.672]]]]}},
{"type":"Feature","properties":{"Layer":"MP_CAMARAS AASS"},"geometry":{"type":"MultiPolygon","coordinates":[[[[615976.7014331,9762395.984,84.536],[615976.6968727,9762395.8795497,84.536],[615976.6832262,9762395.7758943,84.536],[615976.6605975,9762395.6738227,84.536],[615976.6291588,9762395.5741117,84.536],[615976.5891493,9762395.4775203,84.536],[615976.5408735,9762395.3847834,84.536],[615976.4846989,9762395.296607,84.536],[615976.421053,9762395.213662,84.536],[615976.3504202,9762395.1365798,84.536],[615976.273338,9762395.065947,84.536],[615976.190393,9762395.002301,84.536],[615976.1022166,9762394.9461265,84.536],[615976.0094797,9762394.8978507,84.536],[615975.9128883,9762394.8578412,84.536],[615975.8131773,9762394.8264025,84.536],[615975.7111057,9762394.8037738,84.536],[615975.6074503,9762394.7901273,84.536],[615975.503,9762394.7855669,84.536],[615975.3985497,9762394.7901273,84.536],[615975.2948943,9762394.8037738,84.536],[615975.1928227,9762394.8264025,84.536],[615975.0931117,9762394.8578412,84.536],[615974.9965203,9762394.8978507,84.536],[615974.9037834,9762394.9461265,84.536],[615974.815607,9762395.002301,84.536],[615974.732662,9762395.065947,84.536],[615974.6555798,9762395.1365798,84.536],[615974.584947,9762395.213662,84.536],[615974.5213011,9762395.296607,84.536],[615974.4651265,9762395.3847834,84.536],[615974.4168507,9762395.4775203,84.536],[615974.3768412,9762395.5741117,84.536],[615974.3454025,9762395.6738227,84.536],[615974.3227738,9762395.7758943,84.536],[615974.3091273,9762395.8795497,84.536],[615974.3045669,9762395.984,84.536],[615974.3091273,9762396.0884503,84.536],[615974.3227738,9762396.1921057,84.536],[615974.3454025,9762396.2941773,84.536],[615974.3768412,9762396.3938883,84.536],[615974.4168507,9762396.4904797,84.536],[615974.4651265,9762396.5832166,84.536],[615974.5213011,9762396.671393,84.536],[615974.584947,9762396.754338,84.536],[615974.6555798,9762396.8314202,84.536],[615974.732662,9762396.902053,84.536],[615974.815607,9762396.9656989,84.536],[615974.9037834,9762397.0218735,84.536],[615974.9965203,9762397.0701493,84.536],[615975.0931117,9762397.1101588,84.536],[615975.1928227,9762397.1415975,84.536],[615975.2948943,9762397.1642262,84.536],[615975.3985497,9762397.1778727,84.536],[615975.503,9762397.1824331,84.536],[615975.6074503,9762397.1778727,84.536],[615975.7111057,9762397.1642262,84.536],[615975.8131773,9762397.1415975,84.536],[615975.9128883,9762397.1101588,84.536],[615976.0094797,9762397.0701493,84.536],[615976.1022166,9762397.0218735,84.536],[615976.190393,9762396.9656989,84.536],[615976.273338,9762396.902053,84.536],[615976.3504202,9762396.8314202,84.536],[615976.421053,9762396.754338,84.536],[615976.4846989,9762396.671393,84.536],[615976.5408735,9762396.5832166,84.536],[615976.5891493,9762396.4904797,84.536],[615976.6291588,9762396.3938883,84.536],[615976.6605975,9762396.2941773,84.536],[615976.6832262,9762396.1921057,84.536],[615976.6968727,9762396.0884503,84.536],[615976.7014331,9762395.984,84.536]]]]}},
{"type":"Feature","properties":{"Layer":"MP_CAMARAS AASS"},"geometry":{"type":"MultiPolygon","coordinates":[[[[615940.7654331,9762409.524,84.081],[615940.7608727,9762409.4195497,84.081],[615940.7472262,9762409.3158943,84.081],[615940.7245975,9762409.2138227,84.081],[615940.6931588,9762409.1141117,84.081],[615940.6531493,9762409.0175203,84.081],[615940.6048735,9762408.9247834,84.081],[615940.5486989,9762408.836607,84.081],[615940.485053,9762408.753662,84.081],[615940.4144202,9762408.6765798,84.081],[615940.337338,9762408.605947,84.081],[615940.254393,9762408.542301,84.081],[615940.1662166,9762408.4861265,84.081],[615940.0734797,9762408.4378507,84.081],[615939.9768883,9762408.3978412,84.081],[615939.8771773,9762408.3664025,84.081],[615939.7751057,9762408.3437738,84.081],[615939.6714503,9762408.3301273,84.081],[615939.567,9762408.3255669,84.081],[615939.4625497,9762408.3301273,84.081],[615939.3588943,9762408.3437738,84.081],[615939.2568227,9762408.3664025,84.081],[615939.1571117,9762408.3978412,84.081],[615939.0605203,9762408.4378507,84.081],[615938.9677834,9762408.4861265,84.081],[615938.879607,9762408.542301,84.081],[615938.796662,9762408.605947,84.081],[615938.7195798,9762408.6765798,84.081],[615938.648947,9762408.753662,84.081],[615938.5853011,9762408.836607,84.081],[615938.5291265,9762408.9247834,84.081],[615938.4808507,9762409.0175203,84.081],[615938.4408412,9762409.1141117,84.081],[615938.4094025,9762409.2138227,84.081],[615938.3867738,9762409.3158943,84.081],[615938.3731273,9762409.4195497,84.081],[615938.3685669,9762409.524,84.081],[615938.3731273,9762409.6284503,84.081],[615938.3867738,9762409.7321057,84.081],[615938.4094025,9762409.8341773,84.081],[615938.4408412,9762409.9338883,84.081],[615938.4808507,9762410.0304797,84.081],[615938.5291265,9762410.1232166,84.081],[615938.5853011,9762410.211393,84.081],[615938.648947,9762410.294338,84.081],[615938.7195798,9762410.3714202,84.081],[615938.796662,9762410.442053,84.081],[615938.879607,9762410.505699,84.081],[615938.9677834,9762410.5618735,84.081],[615939.0605203,9762410.6101493,84.081],[615939.1571117,9762410.6501588,84.081],[615939.2568227,9762410.6815975,84.081],[615939.3588943,9762410.7042262,84.081],[615939.4625497,9762410.7178727,84.081],[615939.567,9762410.7224331,84.081],[615939.6714503,9762410.7178727,84.081],[615939.7751057,9762410.7042262,84.081],[615939.8771773,9762410.6815975,84.081],[615939.9768883,9762410.6501588,84.081],[615940.0734797,9762410.6101493,84.081],[615940.1662166,9762410.5618735,84.081],[615940.254393,9762410.505699,84.081],[615940.337338,9762410.442053,84.081],[615940.4144202,9762410.3714202,84.081],[615940.485053,9762410.294338,84.081],[615940.5486989,9762410.211393,84.081],[615940.6048735,9762410.1232166,84.081],[615940.6531493,9762410.0304797,84.081],[615940.6931588,9762409.9338883,84.081],[615940.7245975,9762409.8341773,84.081],[615940.7472262,9762409.7321057,84.081],[615940.7608727,9762409.6284503,84.081],[615940.7654331,9762409.524,84.081]]]]}},
{"type":"Feature","properties":{"Layer":"MP_CAMARAS AASS"},"geometry":{"type":"MultiPolygon","coordinates":[[[[615923.4604331,9762415.019,83.717],[615923.4558727,9762414.9145497,83.717],[615923.4422262,9762414.8108943,83.717],[615923.4195975,9762414.7088227,83.717],[615923.3881588,9762414.6091117,83.717],[615923.3481493,9762414.5125203,83.717],[615923.2998735,9762414.4197834,83.717],[615923.2436989,9762414.331607,83.717],[615923.180053,9762414.248662,83.717],[615923.1094202,9762414.1715798,83.717],[615923.032338,9762414.100947,83.717],[615922.949393,9762414.037301,83.717],[615922.8612166,9762413.9811265,83.717],[615922.7684797,9762413.9328507,83.717],[615922.6718883,9762413.8928412,83.717],[615922.5721773,9762413.8614025,83.717],[615922.4701057,9762413.8387738,83.717],[615922.3664503,9762413.8251273,83.717],[615922.262,9762413.8205669,83.717],[615922.1575497,9762413.8251273,83.717],[615922.0538943,9762413.8387738,83.717],[615921.9518227,9762413.8614025,83.717],[615921.8521117,9762413.8928412,83.717],[615921.7555203,9762413.9328507,83.717],[615921.6627834,9762413.9811265,83.717],[615921.574607,9762414.037301,83.717],[615921.491662,9762414.100947,83.717],[615921.4145798,9762414.1715798,83.717],[615921.343947,9762414.248662,83.717],[615921.2803011,9762414.331607,83.717],[615921.2241265,9762414.4197834,83.717],[615921.1758507,9762414.5125203,83.717],[615921.1358412,9762414.6091117,83.717],[615921.1044025,9762414.7088227,83.717],[615921.0817738,9762414.8108943,83.717],[615921.0681273,9762414.9145497,83.717],[615921.0635669,9762415.019,83.717],[615921.0681273,9762415.1234503,83.717],[615921.0817738,9762415.2271057,83.717],[615921.1044025,9762415.3291773,83.717],[615921.1358412,9762415.4288883,83.717],[615921.1758507,9762415.5254797,83.717],[615921.2241265,9762415.6182166,83.717],[615921.2803011,9762415.706393,83.717],[615921.343947,9762415.789338,83.717],[615921.4145798,9762415.8664202,83.717],[615921.491662,9762415.937053,83.717],[615921.574607,9762416.000699,83.717],[615921.6627834,9762416.0568735,83.717],[615921.7555203,9762416.1051493,83.717],[615921.8521117,9762416.1451588,83.717],[615921.9518227,9762416.1765975,83.717],[615922.0538943,9762416.1992262,83.717],[615922.1575497,9762416.2128727,83.717],[615922.262,9762416.2174331,83.717],[615922.3664503,9762416.2128727,83.717],[615922.4701057,9762416.1992262,83.717],[615922.5721773,9762416.1765975,83.717],[615922.6718883,9762416.1451588,83.717],[615922.7684797,9762416.1051493,83.717],[615922.8612166,9762416.0568735,83.717],[615922.949393,9762416.000699,83.717],[615923.032338,9762415.937053,83.717],[615923.1094202,9762415.8664202,83.717],[615923.180053,9762415.789338,83.717],[615923.2436989,9762415.706393,83.717],[615923.2998735,9762415.6182166,83.717],[615923.3481493,9762415.5254797,83.717],[615923.3881588,9762415.4288883,83.717],[615923.4195975,9762415.3291773,83.717],[615923.4422262,9762415.2271057,83.717],[615923.4558727,9762415.1234503,83.717],[615923.4604331,9762415.019,83.717]]]]}},
{"type":"Feature","properties":{"Layer":"MP_CAMARAS AASS"},"geometry":{"type":"MultiPolygon","coordinates":[[[[615967.3894331,9762450.037,83.108],[615967.3848727,9762449.9325497,83.108],[615967.3712262,9762449.8288943,83.108],[615967.3485975,9762449.7268227,83.108],[615967.3171588,9762449.6271117,83.108],[615967.2771493,9762449.5305203,83.108],[615967.2288735,9762449.4377834,83.108],[615967.1726989,9762449.349607,83.108],[615967.109053,9762449.266662,83.108],[615967.0384202,9762449.1895798,83.108],[615966.961338,9762449.118947,83.108],[615966.878393,9762449.055301,83.108],[615966.7902166,9762448.9991265,83.108],[615966.6974797,9762448.9508507,83.108],[615966.6008883,9762448.9108412,83.108],[615966.5011773,9762448.8794025,83.108],[615966.3991057,9762448.8567738,83.108],[615966.2954503,9762448.8431273,83.108],[615966.191,9762448.8385669,83.108],[615966.0865497,9762448.8431273,83.108],[615965.9828943,9762448.8567738,83.108],[615965.8808227,9762448.8794025,83.108],[615965.7811117,9762448.9108412,83.108],[615965.6845203,9762448.9508507,83.108],[615965.5917834,9762448.9991265,83.108],[615965.503607,9762449.055301,83.108],[615965.420662,9762449.118947,83.108],[615965.3435798,9762449.1895798,83.108],[615965.272947,9762449.266662,83.108],[615965.2093011,9762449.349607,83.108],[615965.1531265,9762449.4377834,83.108],[615965.1048507,9762449.5305203,83.108],[615965.0648412,9762449.6271117,83.108],[615965.0334025,9762449.7268227,83.108],[615965.0107738,9762449.8288943,83.108],[615964.9971273,9762449.9325497,83.108],[615964.9925669,9762450.037,83.108],[615964.9971273,9762450.1414503,83.108],[615965.0107738,9762450.2451057,83.108],[615965.0334025,9762450.3471773,83.108],[615965.0648412,9762450.4468883,83.108],[615965.1048507,9762450.5434797,83.108],[615965.1531265,9762450.6362166,83.108],[615965.2093011,9762450.724393,83.108],[615965.272947,9762450.807338,83.108],[615965.3435798,9762450.8844202,83.108],[615965.420662,9762450.955053,83.108],[615965.503607,9762451.018699,83.108],[615965.5917834,9762451.0748735,83.108],[615965.6845203,9762451.1231493,83.108],[615965.7811117,9762451.1631588,83.108],[615965.8808227,9762451.1945975,83.108],[615965.9828943,9762451.2172262,83.108],[615966.0865497,9762451.2308727,83.108],[615966.191,9762451.2354331,83.108],[615966.2954503,9762451.2308727,83.108],[615966.3991057,9762451.2172262,83.108],[615966.5011773,9762451.1945975,83.108],[615966.6008883,9762451.1631588,83.108],[615966.6974797,9762451.1231493,83.108],[615966.7902166,9762451.0748735,83.108],[615966.878393,9762451.018699,83.108],[615966.961338,9762450.955053,83.108],[615967.0384202,9762450.8844202,83.108],[615967.109053,9762450.807338,83.108],[615967.1726989,9762450.724393,83.108],[615967.2288735,9762450.6362166,83.108],[615967.2771493,9762450.5434797,83.108],[615967.3171588,9762450.4468883,83.108],[615967.3485975,9762450.3471773,83.108],[615967.3712262,9762450.2451057,83.108],[615967.3848727,9762450.1414503,83.108],[615967.3894331,9762450.037,83.108]]]]}},
{"type":"Feature","properties":{"Layer":"MP_CAMARAS AASS"},"geometry":{"type":"MultiPolygon","coordinates":[[[[616061.7614331,9762552.549,81.278],[616061.7568727,9762552.4445497,81.278],[616061.7432262,9762552.3408943,81.278],[616061.7205975,9762552.2388227,81.278],[616061.6891588,9762552.1391117,81.278],[616061.6491493,9762552.0425203,81.278],[616061.6008735,9762551.9497834,81.278],[616061.5446989,9762551.861607,81.278],[616061.481053,9762551.778662,81.278],[616061.4104202,9762551.7015798,81.278],[616061.333338,9762551.630947,81.278],[616061.250393,9762551.567301,81.278],[616061.1622166,9762551.5111265,81.278],[616061.0694797,9762551.4628507,81.278],[616060.9728883,9762551.4228412,81.278],[616060.8731773,9762551.3914025,81.278],[616060.7711057,9762551.3687738,81.278],[616060.6674503,9762551.3551273,81.278],[616060.563,9762551.3505669,81.278],[616060.4585497,9762551.3551273,81.278],[616060.3548943,9762551.3687738,81.278],[616060.2528227,9762551.3914025,81.278],[616060.1531117,9762551.4228412,81.278],[616060.0565203,9762551.4628507,81.278],[616059.9637834,9762551.5111265,81.278],[616059.875607,9762551.567301,81.278],[616059.792662,9762551.630947,81.278],[616059.7155798,9762551.7015798,81.278],[616059.644947,9762551.778662,81.278],[616059.5813011,9762551.861607,81.278],[616059.5251265,9762551.9497834,81.278],[616059.4768507,9762552.0425203,81.278],[616059.4368412,9762552.1391117,81.278],[616059.4054025,9762552.2388227,81.278],[616059.3827738,9762552.3408943,81.278],[616059.3691273,9762552.4445497,81.278],[616059.3645669,9762552.549,81.278],[616059.3691273,9762552.6534503,81.278],[616059.3827738,9762552.7571057,81.278],[616059.4054025,9762552.8591773,81.278],[616059.4368412,9762552.9588883,81.278],[616059.4768507,9762553.0554797,81.278],[616059.5251265,9762553.1482166,81.278],[616059.5813011,9762553.236393,81.278],[616059.644947,9762553.319338,81.278],[616059.7155798,9762553.3964202,81.278],[616059.792662,9762553.467053,81.278],[616059.875607,9762553.530699,81.278],[616059.9637834,9762553.5868735,81.278],[616060.0565203,9762553.6351493,81.278],[616060.1531117,9762553.6751588,81.278],[616060.2528227,9762553.7065975,81.278],[616060.3548943,9762553.7292262,81.278],[616060.4585497,9762553.7428727,81.278],[616060.563,9762553.7474331,81.278],[616060.6674503,9762553.7428727,81.278],[616060.7711057,9762553.7292262,81.278],[616060.8731773,9762553.7065975,81.278],[616060.9728883,9762553.6751588,81.278],[616061.0694797,9762553.6351493,81.278],[616061.1622166,9762553.5868735,81.278],[616061.250393,9762553.530699,81.278],[616061.333338,9762553.467053,81.278],[616061.4104202,9762553.3964202,81.278],[616061.481053,9762553.319338,81.278],[616061.5446989,9762553.236393,81.278],[616061.6008735,9762553.1482166,81.278],[616061.6491493,9762553.0554797,81.278],[616061.6891588,9762552.9588883,81.278],[616061.7205975,9762552.8591773,81.278],[616061.7432262,9762552.7571057,81.278],[616061.7568727,9762552.6534503,81.278],[616061.7614331,9762552.549,81.278]]]]}},
{"type":"Feature","properties":{"Layer":"MP_CAMARAS AASS"},"geometry":{"type":"MultiPolygon","coordinates":[[[[616098.0154331,9762587.16,80.88],[616098.0108727,9762587.0555497,80.88],[616097.9972262,9762586.9518943,80.88],[616097.9745975,9762586.8498227,80.88],[616097.9431588,9762586.7501117,80.88],[616097.9031493,9762586.6535203,80.88],[616097.8548735,9762586.5607834,80.88],[616097.7986989,9762586.472607,80.88],[616097.735053,9762586.389662,80.88],[616097.6644202,9762586.3125798,80.88],[616097.587338,9762586.241947,80.88],[616097.504393,9762586.178301,80.88],[616097.4162166,9762586.1221265,80.88],[616097.3234797,9762586.0738507,80.88],[616097.2268883,9762586.0338412,80.88],[616097.1271773,9762586.0024025,80.88],[616097.0251057,9762585.9797738,80.88],[616096.9214503,9762585.9661273,80.88],[616096.817,9762585.9615669,80.88],[616096.7125497,9762585.9661273,80.88],[616096.6088943,9762585.9797738,80.88],[616096.5068227,9762586.0024025,80.88],[616096.4071117,9762586.0338412,80.88],[616096.3105203,9762586.0738507,80.88],[616096.2177834,9762586.1221265,80.88],[616096.129607,9762586.178301,80.88],[616096.046662,9762586.241947,80.88],[616095.9695798,9762586.3125798,80.88],[616095.898947,9762586.389662,80.88],[616095.8353011,9762586.472607,80.88],[616095.7791265,9762586.5607834,80.88],[616095.7308507,9762586.6535203,80.88],[616095.6908412,9762586.7501117,80.88],[616095.6594025,9762586.8498227,80.88],[616095.6367738,9762586.9518943,80.88],[616095.6231273,9762587.0555497,80.88],[616095.6185669,9762587.16,80.88],[616095.6231273,9762587.2644503,80.88],[616095.6367738,9762587.3681057,80.88],[616095.6594025,9762587.4701773,80.88],[616095.6908412,9762587.5698883,80.88],[616095.7308507,9762587.6664797,80.88],[616095.7791265,9762587.7592166,80.88],[616095.8353011,9762587.847393,80.88],[616095.898947,9762587.930338,80.88],[616095.9695798,9762588.0074202,80.88],[616096.046662,9762588.078053,80.88],[616096.129607,9762588.141699,80.88],[616096.2177834,9762588.1978735,80.88],[616096.3105203,9762588.2461493,80.88],[616096.4071117,9762588.2861588,80.88],[616096.5068227,9762588.3175975,80.88],[616096.6088943,9762588.3402262,80.88],[616096.7125497,9762588.3538727,80.88],[616096.817,9762588.3584331,80.88],[616096.9214503,9762588.3538727,80.88],[616097.0251057,9762588.3402262,80.88],[616097.1271773,9762588.3175975,80.88],[616097.2268883,9762588.2861588,80.88],[616097.3234797,9762588.2461493,80.88],[616097.4162166,9762588.1978735,80.88],[616097.504393,9762588.141699,80.88],[616097.587338,9762588.078053,80.88],[616097.6644202,9762588.0074202,80.88],[616097.735053,9762587.930338,80.88],[616097.7986989,9762587.847393,80.88],[616097.8548735,9762587.7592166,80.88],[616097.9031493,9762587.6664797,80.88],[616097.9431588,9762587.5698883,80.88],[616097.9745975,9762587.4701773,80.88],[616097.9972262,9762587.3681057,80.88],[616098.0108727,9762587.2644503,80.88],[616098.0154331,9762587.16,80.88]]]]}},
{"type":"Feature","properties":{"Layer":"MP_CAMARAS AASS"},"geometry":{"type":"MultiPolygon","coordinates":[[[[616045.1454331,9762095.785,92.059],[616045.1408727,9762095.6805497,92.059],[616045.1272262,9762095.5768943,92.059],[616045.1045975,9762095.4748227,92.059],[616045.0731588,9762095.3751117,92.059],[616045.0331493,9762095.2785203,92.059],[616044.9848735,9762095.1857834,92.059],[616044.9286989,9762095.097607,92.059],[616044.865053,9762095.014662,92.059],[616044.7944202,9762094.9375798,92.059],[616044.717338,9762094.866947,92.059],[616044.634393,9762094.803301,92.059],[616044.5462166,9762094.7471265,92.059],[616044.4534797,9762094.6988507,92.059],[616044.3568883,9762094.6588412,92.059],[616044.2571773,9762094.6274025,92.059],[616044.1551057,9762094.6047738,92.059],[616044.0514503,9762094.5911273,92.059],[616043.947,9762094.5865669,92.059],[616043.8425497,9762094.5911273,92.059],[616043.7388943,9762094.6047738,92.059],[616043.6368227,9762094.6274025,92.059],[616043.5371117,9762094.6588412,92.059],[616043.4405203,9762094.6988507,92.059],[616043.3477834,9762094.7471265,92.059],[616043.259607,9762094.803301,92.059],[616043.176662,9762094.866947,92.059],[616043.0995798,9762094.9375798,92.059],[616043.028947,9762095.014662,92.059],[616042.9653011,9762095.097607,92.059],[616042.9091265,9762095.1857834,92.059],[616042.8608507,9762095.2785203,92.059],[616042.8208412,9762095.3751117,92.059],[616042.7894025,9762095.4748227,92.059],[616042.7667738,9762095.5768943,92.059],[616042.7531273,9762095.6805497,92.059],[616042.7485669,9762095.785,92.059],[616042.7531273,9762095.8894503,92.059],[616042.7667738,9762095.9931057,92.059],[616042.7894025,9762096.0951773,92.059],[616042.8208412,9762096.1948883,92.059],[616042.8608507,9762096.2914797,92.059],[616042.9091265,9762096.3842166,92.059],[616042.9653011,9762096.472393,92.059],[616043.028947,9762096.555338,92.059],[616043.0995798,9762096.6324202,92.059],[616043.176662,9762096.703053,92.059],[616043.259607,9762096.766699,92.059],[616043.3477834,9762096.8228735,92.059],[616043.4405203,9762096.8711493,92.059],[616043.5371117,9762096.9111588,92.059],[616043.6368227,9762096.9425975,92.059],[616043.7388943,9762096.9652262,92.059],[616043.8425497,9762096.9788727,92.059],[616043.947,9762096.9834331,92.059],[616044.0514503,9762096.9788727,92.059],[616044.1551057,9762096.9652262,92.059],[616044.2571773,9762096.9425975,92.059],[616044.3568883,9762096.9111588,92.059],[616044.4534797,9762096.8711493,92.059],[616044.5462166,9762096.8228735,92.059],[616044.634393,9762096.766699,92.059],[616044.717338,9762096.703053,92.059],[616044.7944202,9762096.6324202,92.059],[616044.865053,9762096.555338,92.059],[616044.9286989,9762096.472393,92.059],[616044.9848735,9762096.3842166,92.059],[616045.0331493,9762096.2914797,92.059],[616045.0731588,9762096.1948883,92.059],[616045.1045975,9762096.0951773,92.059],[616045.1272262,9762095.9931057,92.059],[616045.1408727,9762095.8894503,92.059],[616045.1454331,9762095.785,92.059]]]]}},
{"type":"Feature","properties":{"Layer":"MP_CAMARAS AASS"},"geometry":{"type":"MultiPolygon","coordinates":[[[[616050.8033308,9762229.0558086,0.0],[616050.7987704,9762228.9513582,0.0],[616050.7851239,9762228.8477028,0.0],[616050.7624952,9762228.7456312,0.0],[616050.7310564,9762228.6459203,0.0],[616050.6910469,9762228.5493288,0.0],[616050.6427712,9762228.456592,0.0],[616050.5865966,9762228.3684155,0.0],[616050.5229507,9762228.2854706,0.0],[616050.4523178,9762228.2083884,0.0],[616050.3752356,9762228.1377555,0.0],[616050.2922907,9762228.0741096,0.0],[616050.2041142,9762228.017935,0.0],[616050.1113774,9762227.9696593,0.0],[616050.0147859,9762227.9296498,0.0],[616049.915075,9762227.898211,0.0],[616049.8130034,9762227.8755823,0.0],[616049.709348,9762227.8619358,0.0],[616049.6048976,9762227.8573754,0.0],[616049.5004473,9762227.8619358,0.0],[616049.3967919,9762227.8755823,0.0],[616049.2947203,9762227.898211,0.0],[616049.1950094,9762227.9296498,0.0],[616049.0984179,9762227.9696593,0.0],[616049.0056811,9762228.017935,0.0],[616048.9175046,9762228.0741096,0.0],[616048.8345597,9762228.1377555,0.0],[616048.7574775,9762228.2083884,0.0],[616048.6868446,9762228.2854706,0.0],[616048.6231987,9762228.3684155,0.0],[616048.5670241,9762228.456592,0.0],[616048.5187484,9762228.5493288,0.0],[616048.4787389,9762228.6459203,0.0],[616048.4473001,9762228.7456312,0.0],[616048.4246714,9762228.8477028,0.0],[616048.4110249,9762228.9513582,0.0],[616048.4064645,9762229.0558086,0.0],[616048.4110249,9762229.1602589,0.0],[616048.4246714,9762229.2639143,0.0],[616048.4473001,9762229.3659859,0.0],[616048.4787389,9762229.4656968,0.0],[616048.5187484,9762229.5622883,0.0],[616048.5670241,9762229.6550251,0.0],[616048.6231987,9762229.7432016,0.0],[616048.6868446,9762229.8261465,0.0],[616048.7574775,9762229.9032287,0.0],[616048.8345597,9762229.9738616,0.0],[616048.9175046,9762230.0375075,0.0],[616049.0056811,9762230.0936821,0.0],[616049.0984179,9762230.1419578,0.0],[616049.1950094,9762230.1819673,0.0],[616049.2947203,9762230.2134061,0.0],[616049.3967919,9762230.2360348,0.0],[616049.5004473,9762230.2496813,0.0],[616049.6048976,9762230.2542417,0.0],[616049.709348,9762230.2496813,0.0],[616049.8130034,9762230.2360348,0.0],[616049.915075,9762230.2134061,0.0],[616050.0147859,9762230.1819673,0.0],[616050.1113774,9762230.1419578,0.0],[616050.2041142,9762230.0936821,0.0],[616050.2922907,9762230.0375075,0.0],[616050.3752356,9762229.9738616,0.0],[616050.4523178,9762229.9032287,0.0],[616050.5229507,9762229.8261465,0.0],[616050.5865966,9762229.7432016,0.0],[616050.6427712,9762229.6550251,0.0],[616050.6910469,9762229.5622883,0.0],[616050.7310564,9762229.4656968,0.0],[616050.7624952,9762229.3659859,0.0],[616050.7851239,9762229.2639143,0.0],[616050.7987704,9762229.1602589,0.0],[616050.8033308,9762229.0558086,0.0]]]]}},
{"type":"Feature","properties":{"Layer":"MP_CAMARAS AASS"},"geometry":{"type":"MultiPolygon","coordinates":[[[[616104.9663723,9762168.5597252,0.0],[616104.9618119,9762168.4552749,0.0],[616104.9481655,9762168.3516195,0.0],[616104.9255367,9762168.2495479,0.0],[616104.894098,9762168.149837,0.0],[616104.8540885,9762168.0532455,0.0],[616104.8058128,9762167.9605087,0.0],[616104.7496382,9762167.8723322,0.0],[616104.6859923,9762167.7893873,0.0],[616104.6153594,9762167.712305,0.0],[616104.5382772,9762167.6416722,0.0],[616104.4553322,9762167.5780263,0.0],[616104.3671558,9762167.5218517,0.0],[616104.2744189,9762167.473576,0.0],[616104.1778275,9762167.4335665,0.0],[616104.0781165,9762167.4021277,0.0],[616103.9760449,9762167.379499,0.0],[616103.8723895,9762167.3658525,0.0],[616103.7679392,9762167.3612921,0.0],[616103.6634889,9762167.3658525,0.0],[616103.5598335,9762167.379499,0.0],[616103.4577619,9762167.4021277,0.0],[616103.3580509,9762167.4335665,0.0],[616103.2614595,9762167.473576,0.0],[616103.1687227,9762167.5218517,0.0],[616103.0805462,9762167.5780263,0.0],[616102.9976012,9762167.6416722,0.0],[616102.920519,9762167.712305,0.0],[616102.8498862,9762167.7893873,0.0],[616102.7862403,9762167.8723322,0.0],[616102.7300657,9762167.9605087,0.0],[616102.6817899,9762168.0532455,0.0],[616102.6417804,9762168.149837,0.0],[616102.6103417,9762168.2495479,0.0],[616102.587713,9762168.3516195,0.0],[616102.5740665,9762168.4552749,0.0],[616102.5695061,9762168.5597252,0.0],[616102.5740665,9762168.6641756,0.0],[616102.587713,9762168.767831,0.0],[616102.6103417,9762168.8699026,0.0],[616102.6417804,9762168.9696135,0.0],[616102.6817899,9762169.066205,0.0],[616102.7300657,9762169.1589418,0.0],[616102.7862403,9762169.2471182,0.0],[616102.8498862,9762169.3300632,0.0],[616102.920519,9762169.4071454,0.0],[616102.9976012,9762169.4777783,0.0],[616103.0805462,9762169.5414242,0.0],[616103.1687227,9762169.5975988,0.0],[616103.2614595,9762169.6458745,0.0],[616103.3580509,9762169.685884,0.0],[616103.4577619,9762169.7173228,0.0],[616103.5598335,9762169.7399515,0.0],[616103.6634889,9762169.753598,0.0],[616103.7679392,9762169.7581584,0.0],[616103.8723895,9762169.753598,0.0],[616103.9760449,9762169.7399515,0.0],[616104.0781165,9762169.7173228,0.0],[616104.1778275,9762169.685884,0.0],[616104.2744189,9762169.6458745,0.0],[616104.3671558,9762169.5975988,0.0],[616104.4553322,9762169.5414242,0.0],[616104.5382772,9762169.4777783,0.0],[616104.6153594,9762169.4071454,0.0],[616104.6859923,9762169.3300632,0.0],[616104.7496382,9762169.2471182,0.0],[616104.8058128,9762169.1589418,0.0],[616104.8540885,9762169.066205,0.0],[616104.894098,9762168.9696135,0.0],[616104.9255367,9762168.8699026,0.0],[616104.9481655,9762168.767831,0.0],[616104.9618119,9762168.6641756,0.0],[616104.9663723,9762168.5597252,0.0]]]]}},
{"type":"Feature","properties":{"Layer":"MP_CAMARAS AASS"},"geometry":{"type":"MultiPolygon","coordinates":[[[[616007.9847219,9762019.3293229,0.0],[616007.9801615,9762019.2248725,0.0],[616007.966515,9762019.1212171,0.0],[616007.9438863,9762019.0191456,0.0],[616007.9124475,9762018.9194346,0.0],[616007.872438,9762018.8228431,0.0],[616007.8241623,9762018.7301063,0.0],[616007.7679877,9762018.6419299,0.0],[616007.7043418,9762018.5589849,0.0],[616007.633709,9762018.4819027,0.0],[616007.5566267,9762018.4112698,0.0],[616007.4736818,9762018.3476239,0.0],[616007.3855053,9762018.2914493,0.0],[616007.2927685,9762018.2431736,0.0],[616007.196177,9762018.2031641,0.0],[616007.0964661,9762018.1717254,0.0],[616006.9943945,9762018.1490966,0.0],[616006.8907391,9762018.1354501,0.0],[616006.7862888,9762018.1308897,0.0],[616006.6818384,9762018.1354501,0.0],[616006.578183,9762018.1490966,0.0],[616006.4761114,9762018.1717254,0.0],[616006.3764005,9762018.2031641,0.0],[616006.279809,9762018.2431736,0.0],[616006.1870722,9762018.2914493,0.0],[616006.0988958,9762018.3476239,0.0],[616006.0159508,9762018.4112698,0.0],[616005.9388686,9762018.4819027,0.0],[616005.8682357,9762018.5589849,0.0],[616005.8045898,9762018.6419299,0.0],[616005.7484152,9762018.7301063,0.0],[616005.7001395,9762018.8228431,0.0],[616005.66013,9762018.9194346,0.0],[616005.6286913,9762019.0191456,0.0],[616005.6060625,9762019.1212171,0.0],[616005.592416,9762019.2248725,0.0],[616005.5878556,9762019.3293229,0.0],[616005.592416,9762019.4337732,0.0],[616005.6060625,9762019.5374286,0.0],[616005.6286913,9762019.6395002,0.0],[616005.66013,9762019.7392111,0.0],[616005.7001395,9762019.8358026,0.0],[616005.7484152,9762019.9285394,0.0],[616005.8045898,9762020.0167159,0.0],[616005.8682357,9762020.0996608,0.0],[616005.9388686,9762020.1767431,0.0],[616006.0159508,9762020.2473759,0.0],[616006.0988958,9762020.3110218,0.0],[616006.1870722,9762020.3671964,0.0],[616006.279809,9762020.4154722,0.0],[616006.3764005,9762020.4554816,0.0],[616006.4761114,9762020.4869204,0.0],[616006.578183,9762020.5095491,0.0],[616006.6818384,9762020.5231956,0.0],[616006.7862888,9762020.527756,0.0],[616006.8907391,9762020.5231956,0.0],[616006.9943945,9762020.5095491,0.0],[616007.0964661,9762020.4869204,0.0],[616007.196177,9762020.4554816,0.0],[616007.2927685,9762020.4154722,0.0],[616007.3855053,9762020.3671964,0.0],[616007.4736818,9762020.3110218,0.0],[616007.5566267,9762020.2473759,0.0],[616007.633709,9762020.1767431,0.0],[616007.7043418,9762020.0996608,0.0],[616007.7679877,9762020.0167159,0.0],[616007.8241623,9762019.9285394,0.0],[616007.872438,9762019.8358026,0.0],[616007.9124475,9762019.7392111,0.0],[616007.9438863,9762019.6395002,0.0],[616007.966515,9762019.5374286,0.0],[616007.9801615,9762019.4337732,0.0],[616007.9847219,9762019.3293229,0.0]]]]}},
{"type":"Feature","properties":{"Layer":"MP_CAMARAS AASS"},"geometry":{"type":"MultiPolygon","coordinates":[[[[616005.8701575,9762013.718569,0.0],[616005.8655971,9762013.6141186,0.0],[616005.8519506,9762013.5104632,0.0],[616005.8293219,9762013.4083916,0.0],[616005.7978831,9762013.3086807,0.0],[616005.7578736,9762013.2120892,0.0],[616005.7095979,9762013.1193524,0.0],[616005.6534233,9762013.031176,0.0],[616005.5897774,9762012.948231,0.0],[616005.5191445,9762012.8711488,0.0],[616005.4420623,9762012.8005159,0.0],[616005.3591174,9762012.73687,0.0],[616005.2709409,9762012.6806954,0.0],[616005.1782041,9762012.6324197,0.0],[616005.0816126,9762012.5924102,0.0],[616004.9819017,9762012.5609714,0.0],[616004.8798301,9762012.5383427,0.0],[616004.7761747,9762012.5246962,0.0],[616004.6717243,9762012.5201358,0.0],[616004.567274,9762012.5246962,0.0],[616004.4636186,9762012.5383427,0.0],[616004.361547,9762012.5609714,0.0],[616004.2618361,9762012.5924102,0.0],[616004.1652446,9762012.6324197,0.0],[616004.0725078,9762012.6806954,0.0],[616003.9843313,9762012.73687,0.0],[616003.9013864,9762012.8005159,0.0],[616003.8243042,9762012.8711488,0.0],[616003.7536713,9762012.948231,0.0],[616003.6900254,9762013.031176,0.0],[616003.6338508,9762013.1193524,0.0],[616003.5855751,9762013.2120892,0.0],[616003.5455656,9762013.3086807,0.0],[616003.5141268,9762013.4083916,0.0],[616003.4914981,9762013.5104632,0.0],[616003.4778516,9762013.6141186,0.0],[616003.4732912,9762013.718569,0.0],[616003.4778516,9762013.8230193,0.0],[616003.4914981,9762013.9266747,0.0],[616003.5141268,9762014.0287463,0.0],[616003.5455656,9762014.1284572,0.0],[616003.5855751,9762014.2250487,0.0],[616003.6338508,9762014.3177855,0.0],[616003.6900254,9762014.405962,0.0],[616003.7536713,9762014.4889069,0.0],[616003.8243042,9762014.5659892,0.0],[616003.9013864,9762014.636622,0.0],[616003.9843313,9762014.7002679,0.0],[616004.0725078,9762014.7564425,0.0],[616004.1652446,9762014.8047182,0.0],[616004.2618361,9762014.8447277,0.0],[616004.361547,9762014.8761665,0.0],[616004.4636186,9762014.8987952,0.0],[616004.567274,9762014.9124417,0.0],[616004.6717243,9762014.9170021,0.0],[616004.7761747,9762014.9124417,0.0],[616004.8798301,9762014.8987952,0.0],[616004.9819017,9762014.8761665,0.0],[616005.0816126,9762014.8447277,0.0],[616005.1782041,9762014.8047182,0.0],[616005.2709409,9762014.7564425,0.0],[616005.3591174,9762014.7002679,0.0],[616005.4420623,9762014.636622,0.0],[616005.5191445,9762014.5659892,0.0],[616005.5897774,9762014.4889069,0.0],[616005.6534233,9762014.405962,0.0],[616005.7095979,9762014.3177855,0.0],[616005.7578736,9762014.2250487,0.0],[616005.7978831,9762014.1284572,0.0],[616005.8293219,9762014.0287463,0.0],[616005.8519506,9762013.9266747,0.0],[616005.8655971,9762013.8230193,0.0],[616005.8701575,9762013.718569,0.0]]]]}},
{"type":"Feature","properties":{"Layer":"MP_CAMARAS AASS"},"geometry":{"type":"MultiPolygon","coordinates":[[[[615393.756443,9762634.3589674,0.0],[615393.7518826,9762634.2545171,0.0],[615393.7382361,9762634.1508617,0.0],[615393.7156074,9762634.0487901,0.0],[615393.6841686,9762633.9490791,0.0],[615393.6441591,9762633.8524877,0.0],[615393.5958834,9762633.7597508,0.0],[615393.5397088,9762633.6715744,0.0],[615393.4760629,9762633.5886294,0.0],[615393.4054301,9762633.5115472,0.0],[615393.3283478,9762633.4409144,0.0],[615393.2454029,9762633.3772684,0.0],[615393.1572264,9762633.3210939,0.0],[615393.0644896,9762633.2728181,0.0],[615392.9678981,9762633.2328086,0.0],[615392.8681872,9762633.2013699,0.0],[615392.7661156,9762633.1787412,0.0],[615392.6624602,9762633.1650947,0.0],[615392.5580099,9762633.1605343,0.0],[615392.4535595,9762633.1650947,0.0],[615392.3499041,9762633.1787412,0.0],[615392.2478325,9762633.2013699,0.0],[615392.1481216,9762633.2328086,0.0],[615392.0515301,9762633.2728181,0.0],[615391.9587933,9762633.3210939,0.0],[615391.8706169,9762633.3772684,0.0],[615391.7876719,9762633.4409144,0.0],[615391.7105897,9762633.5115472,0.0],[615391.6399568,9762633.5886294,0.0],[615391.5763109,9762633.6715744,0.0],[615391.5201363,9762633.7597508,0.0],[615391.4718606,9762633.8524877,0.0],[615391.4318511,9762633.9490791,0.0],[615391.4004123,9762634.0487901,0.0],[615391.3777836,9762634.1508617,0.0],[615391.3641371,9762634.2545171,0.0],[615391.3595767,9762634.3589674,0.0],[615391.3641371,9762634.4634177,0.0],[615391.3777836,9762634.5670731,0.0],[615391.4004123,9762634.6691447,0.0],[615391.4318511,9762634.7688557,0.0],[615391.4718606,9762634.8654471,0.0],[615391.5201363,9762634.958184,0.0],[615391.5763109,9762635.0463604,0.0],[615391.6399568,9762635.1293054,0.0],[615391.7105897,9762635.2063876,0.0],[615391.7876719,9762635.2770204,0.0],[615391.8706169,9762635.3406663,0.0],[615391.9587933,9762635.3968409,0.0],[615392.0515301,9762635.4451167,0.0],[615392.1481216,9762635.4851262,0.0],[615392.2478325,9762635.5165649,0.0],[615392.3499041,9762635.5391936,0.0],[615392.4535595,9762635.5528401,0.0],[615392.5580099,9762635.5574005,0.0],[615392.6624602,9762635.5528401,0.0],[615392.7661156,9762635.5391936,0.0],[615392.8681872,9762635.5165649,0.0],[615392.9678981,9762635.4851262,0.0],[615393.0644896,9762635.4451167,0.0],[615393.1572264,9762635.3968409,0.0],[615393.2454029,9762635.3406663,0.0],[615393.3283478,9762635.2770204,0.0],[615393.4054301,9762635.2063876,0.0],[615393.4760629,9762635.1293054,0.0],[615393.5397088,9762635.0463604,0.0],[615393.5958834,9762634.958184,0.0],[615393.6441591,9762634.8654471,0.0],[615393.6841686,9762634.7688557,0.0],[615393.7156074,9762634.6691447,0.0],[615393.7382361,9762634.5670731,0.0],[615393.7518826,9762634.4634177,0.0],[615393.756443,9762634.3589674,0.0]]]]}},
{"type":"Feature","properties":{"Layer":"MP_CAMARAS AASS"},"geometry":{"type":"MultiPolygon","coordinates":[[[[615280.0831676,9762757.4793304,0.0],[615280.0786072,9762757.3748801,0.0],[615280.0649607,9762757.2712247,0.0],[615280.042332,9762757.1691531,0.0],[615280.0108933,9762757.0694422,0.0],[615279.9708838,9762756.9728507,0.0],[615279.922608,9762756.8801139,0.0],[615279.8664334,9762756.7919374,0.0],[615279.8027875,9762756.7089925,0.0],[615279.7321547,9762756.6319102,0.0],[615279.6550725,9762756.5612774,0.0],[615279.5721275,9762756.4976315,0.0],[615279.4839511,9762756.4414569,0.0],[615279.3912142,9762756.3931812,0.0],[615279.2946228,9762756.3531717,0.0],[615279.1949118,9762756.3217329,0.0],[615279.0928402,9762756.2991042,0.0],[615278.9891848,9762756.2854577,0.0],[615278.8847345,9762756.2808973,0.0],[615278.7802842,9762756.2854577,0.0],[615278.6766288,9762756.2991042,0.0],[615278.5745572,9762756.3217329,0.0],[615278.4748462,9762756.3531717,0.0],[615278.3782548,9762756.3931812,0.0],[615278.2855179,9762756.4414569,0.0],[615278.1973415,9762756.4976315,0.0],[615278.1143965,9762756.5612774,0.0],[615278.0373143,9762756.6319102,0.0],[615277.9666814,9762756.7089925,0.0],[615277.9030355,9762756.7919374,0.0],[615277.8468609,9762756.8801139,0.0],[615277.7985852,9762756.9728507,0.0],[615277.7585757,9762757.0694422,0.0],[615277.727137,9762757.1691531,0.0],[615277.7045082,9762757.2712247,0.0],[615277.6908618,9762757.3748801,0.0],[615277.6863014,9762757.4793304,0.0],[615277.6908618,9762757.5837808,0.0],[615277.7045082,9762757.6874362,0.0],[615277.727137,9762757.7895078,0.0],[615277.7585757,9762757.8892187,0.0],[615277.7985852,9762757.9858102,0.0],[615277.8468609,9762758.078547,0.0],[615277.9030355,9762758.1667234,0.0],[615277.9666814,9762758.2496684,0.0],[615278.0373143,9762758.3267506,0.0],[615278.1143965,9762758.3973835,0.0],[615278.1973415,9762758.4610294,0.0],[615278.2855179,9762758.517204,0.0],[615278.3782548,9762758.5654797,0.0],[615278.4748462,9762758.6054892,0.0],[615278.5745572,9762758.636928,0.0],[615278.6766288,9762758.6595567,0.0],[615278.7802842,9762758.6732032,0.0],[615278.8847345,9762758.6777636,0.0],[615278.9891848,9762758.6732032,0.0],[615279.0928402,9762758.6595567,0.0],[615279.1949118,9762758.636928,0.0],[615279.2946228,9762758.6054892,0.0],[615279.3912142,9762758.5654797,0.0],[615279.4839511,9762758.517204,0.0],[615279.5721275,9762758.4610294,0.0],[615279.6550725,9762758.3973835,0.0],[615279.7321547,9762758.3267506,0.0],[615279.8027875,9762758.2496684,0.0],[615279.8664334,9762758.1667234,0.0],[615279.922608,9762758.078547,0.0],[615279.9708838,9762757.9858102,0.0],[615280.0108933,9762757.8892187,0.0],[615280.042332,9762757.7895078,0.0],[615280.0649607,9762757.6874362,0.0],[615280.0786072,9762757.5837808,0.0],[615280.0831676,9762757.4793304,0.0]]]]}},
{"type":"Feature","properties":{"Layer":"MP_CAMARAS AASS"},"geometry":{"type":"MultiPolygon","coordinates":[[[[615299.9766223,9762879.8551403,0.0],[615299.9720619,9762879.75069,0.0],[615299.9584154,9762879.6470346,0.0],[615299.9357866,9762879.544963,0.0],[615299.9043479,9762879.4452521,0.0],[615299.8643384,9762879.3486606,0.0],[615299.8160627,9762879.2559238,0.0],[615299.7598881,9762879.1677473,0.0],[615299.6962422,9762879.0848024,0.0],[615299.6256093,9762879.0077201,0.0],[615299.5485271,9762878.9370873,0.0],[615299.4655821,9762878.8734414,0.0],[615299.3774057,9762878.8172668,0.0],[615299.2846689,9762878.7689911,0.0],[615299.1880774,9762878.7289816,0.0],[615299.0883664,9762878.6975428,0.0],[615298.9862949,9762878.6749141,0.0],[615298.8826395,9762878.6612676,0.0],[615298.7781891,9762878.6567072,0.0],[615298.6737388,9762878.6612676,0.0],[615298.5700834,9762878.6749141,0.0],[615298.4680118,9762878.6975428,0.0],[615298.3683009,9762878.7289816,0.0],[615298.2717094,9762878.7689911,0.0],[615298.1789726,9762878.8172668,0.0],[615298.0907961,9762878.8734414,0.0],[615298.0078512,9762878.9370873,0.0],[615297.9307689,9762879.0077201,0.0],[615297.8601361,9762879.0848024,0.0],[615297.7964902,9762879.1677473,0.0],[615297.7403156,9762879.2559238,0.0],[615297.6920399,9762879.3486606,0.0],[615297.6520304,9762879.4452521,0.0],[615297.6205916,9762879.544963,0.0],[615297.5979629,9762879.6470346,0.0],[615297.5843164,9762879.75069,0.0],[615297.579756,9762879.8551403,0.0],[615297.5843164,9762879.9595907,0.0],[615297.5979629,9762880.0632461,0.0],[615297.6205916,9762880.1653176,0.0],[615297.6520304,9762880.2650286,0.0],[615297.6920399,9762880.3616201,0.0],[615297.7403156,9762880.4543569,0.0],[615297.7964902,9762880.5425333,0.0],[615297.8601361,9762880.6254783,0.0],[615297.9307689,9762880.7025605,0.0],[615298.0078512,9762880.7731934,0.0],[615298.0907961,9762880.8368393,0.0],[615298.1789726,9762880.8930139,0.0],[615298.2717094,9762880.9412896,0.0],[615298.3683009,9762880.9812991,0.0],[615298.4680118,9762881.0127378,0.0],[615298.5700834,9762881.0353666,0.0],[615298.6737388,9762881.0490131,0.0],[615298.7781891,9762881.0535735,0.0],[615298.8826395,9762881.0490131,0.0],[615298.9862949,9762881.0353666,0.0],[615299.0883664,9762881.0127378,0.0],[615299.1880774,9762880.9812991,0.0],[615299.2846689,9762880.9412896,0.0],[615299.3774057,9762880.8930139,0.0],[615299.4655821,9762880.8368393,0.0],[615299.5485271,9762880.7731934,0.0],[615299.6256093,9762880.7025605,0.0],[615299.6962422,9762880.6254783,0.0],[615299.7598881,9762880.5425333,0.0],[615299.8160627,9762880.4543569,0.0],[615299.8643384,9762880.3616201,0.0],[615299.9043479,9762880.2650286,0.0],[615299.9357866,9762880.1653176,0.0],[615299.9584154,9762880.0632461,0.0],[615299.9720619,9762879.9595907,0.0],[615299.9766223,9762879.8551403,0.0]]]]}},
{"type":"Feature","properties":{"Layer":"MP_CAMARAS AASS"},"geometry":{"type":"MultiPolygon","coordinates":[[[[615084.6036854,9762948.2914187,0.0],[615084.599125,9762948.1869683,0.0],[615084.5854785,9762948.0833129,0.0],[615084.5628498,9762947.9812413,0.0],[615084.531411,9762947.8815304,0.0],[615084.4914016,9762947.7849389,0.0],[615084.4431258,9762947.6922021,0.0],[615084.3869512,9762947.6040256,0.0],[615084.3233053,9762947.5210807,0.0],[615084.2526725,9762947.4439985,0.0],[615084.1755902,9762947.3733656,0.0],[615084.0926453,9762947.3097197,0.0],[615084.0044688,9762947.2535451,0.0],[615083.911732,9762947.2052694,0.0],[615083.8151405,9762947.1652599,0.0],[615083.7154296,9762947.1338211,0.0],[615083.613358,9762947.1111924,0.0],[615083.5097026,9762947.0975459,0.0],[615083.4052523,9762947.0929855,0.0],[615083.3008019,9762947.0975459,0.0],[615083.1971465,9762947.1111924,0.0],[615083.095075,9762947.1338211,0.0],[615082.995364,9762947.1652599,0.0],[615082.8987726,9762947.2052694,0.0],[615082.8060357,9762947.2535451,0.0],[615082.7178593,9762947.3097197,0.0],[615082.6349143,9762947.3733656,0.0],[615082.5578321,9762947.4439985,0.0],[615082.4871992,9762947.5210807,0.0],[615082.4235533,9762947.6040256,0.0],[615082.3673787,9762947.6922021,0.0],[615082.319103,9762947.7849389,0.0],[615082.2790935,9762947.8815304,0.0],[615082.2476548,9762947.9812413,0.0],[615082.225026,9762948.0833129,0.0],[615082.2113795,9762948.1869683,0.0],[615082.2068191,9762948.2914187,0.0],[615082.2113795,9762948.395869,0.0],[615082.225026,9762948.4995244,0.0],[615082.2476548,9762948.601596,0.0],[615082.2790935,9762948.7013069,0.0],[615082.319103,9762948.7978984,0.0],[615082.3673787,9762948.8906352,0.0],[615082.4235533,9762948.9788117,0.0],[615082.4871992,9762949.0617566,0.0],[615082.5578321,9762949.1388388,0.0],[615082.6349143,9762949.2094717,0.0],[615082.7178593,9762949.2731176,0.0],[615082.8060357,9762949.3292922,0.0],[615082.8987726,9762949.3775679,0.0],[615082.995364,9762949.4175774,0.0],[615083.095075,9762949.4490162,0.0],[615083.1971465,9762949.4716449,0.0],[615083.3008019,9762949.4852914,0.0],[615083.4052523,9762949.4898518,0.0],[615083.5097026,9762949.4852914,0.0],[615083.613358,9762949.4716449,0.0],[615083.7154296,9762949.4490162,0.0],[615083.8151405,9762949.4175774,0.0],[615083.911732,9762949.3775679,0.0],[615084.0044688,9762949.3292922,0.0],[615084.0926453,9762949.2731176,0.0],[615084.1755902,9762949.2094717,0.0],[615084.2526725,9762949.1388388,0.0],[615084.3233053,9762949.0617566,0.0],[615084.3869512,9762948.9788117,0.0],[615084.4431258,9762948.8906352,0.0],[615084.4914016,9762948.7978984,0.0],[615084.531411,9762948.7013069,0.0],[615084.5628498,9762948.601596,0.0],[615084.5854785,9762948.4995244,0.0],[615084.599125,9762948.395869,0.0],[615084.6036854,9762948.2914187,0.0]]]]}},
{"type":"Feature","properties":{"Layer":"MP_CAMARAS AASS"},"geometry":{"type":"MultiPolygon","coordinates":[[[[614920.4418575,9762991.1506686,0.0],[614920.4372971,9762991.0462183,0.0],[614920.4236507,9762990.9425629,0.0],[614920.4010219,9762990.8404913,0.0],[614920.3695832,9762990.7407803,0.0],[614920.3295737,9762990.6441889,0.0],[614920.281298,9762990.5514521,0.0],[614920.2251234,9762990.4632756,0.0],[614920.1614775,9762990.3803306,0.0],[614920.0908446,9762990.3032484,0.0],[614920.0137624,9762990.2326156,0.0],[614919.9308174,9762990.1689697,0.0],[614919.842641,9762990.1127951,0.0],[614919.7499041,9762990.0645193,0.0],[614919.6533127,9762990.0245098,0.0],[614919.5536017,9762989.9930711,0.0],[614919.4515301,9762989.9704424,0.0],[614919.3478747,9762989.9567959,0.0],[614919.2434244,9762989.9522355,0.0],[614919.1389741,9762989.9567959,0.0],[614919.0353187,9762989.9704424,0.0],[614918.9332471,9762989.9930711,0.0],[614918.8335361,9762990.0245098,0.0],[614918.7369447,9762990.0645193,0.0],[614918.6442079,9762990.1127951,0.0],[614918.5560314,9762990.1689697,0.0],[614918.4730864,9762990.2326156,0.0],[614918.3960042,9762990.3032484,0.0],[614918.3253714,9762990.3803306,0.0],[614918.2617255,9762990.4632756,0.0],[614918.2055509,9762990.5514521,0.0],[614918.1572751,9762990.6441889,0.0],[614918.1172656,9762990.7407803,0.0],[614918.0858269,9762990.8404913,0.0],[614918.0631982,9762990.9425629,0.0],[614918.0495517,9762991.0462183,0.0],[614918.0449913,9762991.1506686,0.0],[614918.0495517,9762991.2551189,0.0],[614918.0631982,9762991.3587743,0.0],[614918.0858269,9762991.4608459,0.0],[614918.1172656,9762991.5605569,0.0],[614918.1572751,9762991.6571483,0.0],[614918.2055509,9762991.7498852,0.0],[614918.2617255,9762991.8380616,0.0],[614918.3253714,9762991.9210066,0.0],[614918.3960042,9762991.9980888,0.0],[614918.4730864,9762992.0687217,0.0],[614918.5560314,9762992.1323676,0.0],[614918.6442079,9762992.1885422,0.0],[614918.7369447,9762992.2368179,0.0],[614918.8335361,9762992.2768274,0.0],[614918.9332471,9762992.3082661,0.0],[614919.0353187,9762992.3308949,0.0],[614919.1389741,9762992.3445413,0.0],[614919.2434244,9762992.3491017,0.0],[614919.3478747,9762992.3445413,0.0],[614919.4515301,9762992.3308949,0.0],[614919.5536017,9762992.3082661,0.0],[614919.6533127,9762992.2768274,0.0],[614919.7499041,9762992.2368179,0.0],[614919.842641,9762992.1885422,0.0],[614919.9308174,9762992.1323676,0.0],[614920.0137624,9762992.0687217,0.0],[614920.0908446,9762991.9980888,0.0],[614920.1614775,9762991.9210066,0.0],[614920.2251234,9762991.8380616,0.0],[614920.281298,9762991.7498852,0.0],[614920.3295737,9762991.6571483,0.0],[614920.3695832,9762991.5605569,0.0],[614920.4010219,9762991.4608459,0.0],[614920.4236507,9762991.3587743,0.0],[614920.4372971,9762991.2551189,0.0],[614920.4418575,9762991.1506686,0.0]]]]}},
{"type":"Feature","properties":{"Layer":"MP_CAMARAS AASS"},"geometry":{"type":"MultiPolygon","coordinates":[[[[614844.3316378,9762796.9003288,0.0],[614844.3270774,9762796.7958785,0.0],[614844.3134309,9762796.6922231,0.0],[614844.2908022,9762796.5901515,0.0],[614844.2593634,9762796.4904406,0.0],[614844.2193539,9762796.3938491,0.0],[614844.1710782,9762796.3011123,0.0],[614844.1149036,9762796.2129358,0.0],[614844.0512577,9762796.1299909,0.0],[614843.9806248,9762796.0529086,0.0],[614843.9035426,9762795.9822758,0.0],[614843.8205977,9762795.9186299,0.0],[614843.7324212,9762795.8624553,0.0],[614843.6396844,9762795.8141796,0.0],[614843.5430929,9762795.7741701,0.0],[614843.443382,9762795.7427313,0.0],[614843.3413104,9762795.7201026,0.0],[614843.237655,9762795.7064561,0.0],[614843.1332047,9762795.7018957,0.0],[614843.0287543,9762795.7064561,0.0],[614842.9250989,9762795.7201026,0.0],[614842.8230273,9762795.7427313,0.0],[614842.7233164,9762795.7741701,0.0],[614842.6267249,9762795.8141796,0.0],[614842.5339881,9762795.8624553,0.0],[614842.4458116,9762795.9186299,0.0],[614842.3628667,9762795.9822758,0.0],[614842.2857845,9762796.0529086,0.0],[614842.2151516,9762796.1299909,0.0],[614842.1515057,9762796.2129358,0.0],[614842.0953311,9762796.3011123,0.0],[614842.0470554,9762796.3938491,0.0],[614842.0070459,9762796.4904406,0.0],[614841.9756071,9762796.5901515,0.0],[614841.9529784,9762796.6922231,0.0],[614841.9393319,9762796.7958785,0.0],[614841.9347715,9762796.9003288,0.0],[614841.9393319,9762797.0047792,0.0],[614841.9529784,9762797.1084346,0.0],[614841.9756071,9762797.2105062,0.0],[614842.0070459,9762797.3102171,0.0],[614842.0470554,9762797.4068086,0.0],[614842.0953311,9762797.4995454,0.0],[614842.1515057,9762797.5877218,0.0],[614842.2151516,9762797.6706668,0.0],[614842.2857845,9762797.747749,0.0],[614842.3628667,9762797.8183819,0.0],[614842.4458116,9762797.8820278,0.0],[614842.5339881,9762797.9382024,0.0],[614842.6267249,9762797.9864781,0.0],[614842.7233164,9762798.0264876,0.0],[614842.8230273,9762798.0579264,0.0],[614842.9250989,9762798.0805551,0.0],[614843.0287543,9762798.0942016,0.0],[614843.1332047,9762798.098762,0.0],[614843.237655,9762798.0942016,0.0],[614843.3413104,9762798.0805551,0.0],[614843.443382,9762798.0579264,0.0],[614843.5430929,9762798.0264876,0.0],[614843.6396844,9762797.9864781,0.0],[614843.7324212,9762797.9382024,0.0],[614843.8205977,9762797.8820278,0.0],[614843.9035426,9762797.8183819,0.0],[614843.9806248,9762797.747749,0.0],[614844.0512577,9762797.6706668,0.0],[614844.1149036,9762797.5877218,0.0],[614844.1710782,9762797.4995454,0.0],[614844.2193539,9762797.4068086,0.0],[614844.2593634,9762797.3102171,0.0],[614844.2908022,9762797.2105062,0.0],[614844.3134309,9762797.1084346,0.0],[614844.3270774,9762797.0047792,0.0],[614844.3316378,9762796.9003288,0.0]]]]}},
{"type":"Feature","properties":{"Layer":"MP_CAMARAS AASS"},"geometry":{"type":"MultiPolygon","coordinates":[[[[614893.4776791,9763079.0105998,0.0],[614893.4731187,9763078.9061494,0.0],[614893.4594722,9763078.802494,0.0],[614893.4368435,9763078.7004225,0.0],[614893.4054048,9763078.6007115,0.0],[614893.3653953,9763078.50412,0.0],[614893.3171195,9763078.4113832,0.0],[614893.2609449,9763078.3232068,0.0],[614893.197299,9763078.2402618,0.0],[614893.1266662,9763078.1631796,0.0],[614893.049584,9763078.0925467,0.0],[614892.966639,9763078.0289008,0.0],[614892.8784626,9763077.9727262,0.0],[614892.7857257,9763077.9244505,0.0],[614892.6891343,9763077.884441,0.0],[614892.5894233,9763077.8530023,0.0],[614892.4873517,9763077.8303735,0.0],[614892.3836963,9763077.816727,0.0],[614892.279246,9763077.8121666,0.0],[614892.1747957,9763077.816727,0.0],[614892.0711403,9763077.8303735,0.0],[614891.9690687,9763077.8530023,0.0],[614891.8693577,9763077.884441,0.0],[614891.7727663,9763077.9244505,0.0],[614891.6800294,9763077.9727262,0.0],[614891.591853,9763078.0289008,0.0],[614891.508908,9763078.0925467,0.0],[614891.4318258,9763078.1631796,0.0],[614891.361193,9763078.2402618,0.0],[614891.297547,9763078.3232068,0.0],[614891.2413725,9763078.4113832,0.0],[614891.1930967,9763078.50412,0.0],[614891.1530872,9763078.6007115,0.0],[614891.1216485,9763078.7004225,0.0],[614891.0990198,9763078.802494,0.0],[614891.0853733,9763078.9061494,0.0],[614891.0808129,9763079.0105998,0.0],[614891.0853733,9763079.1150501,0.0],[614891.0990198,9763079.2187055,0.0],[614891.1216485,9763079.3207771,0.0],[614891.1530872,9763079.420488,0.0],[614891.1930967,9763079.5170795,0.0],[614891.2413725,9763079.6098163,0.0],[614891.297547,9763079.6979928,0.0],[614891.361193,9763079.7809377,0.0],[614891.4318258,9763079.85802,0.0],[614891.508908,9763079.9286528,0.0],[614891.591853,9763079.9922987,0.0],[614891.6800294,9763080.0484733,0.0],[614891.7727663,9763080.096749,0.0],[614891.8693577,9763080.1367585,0.0],[614891.9690687,9763080.1681973,0.0],[614892.0711403,9763080.190826,0.0],[614892.1747957,9763080.2044725,0.0],[614892.279246,9763080.2090329,0.0],[614892.3836963,9763080.2044725,0.0],[614892.4873517,9763080.190826,0.0],[614892.5894233,9763080.1681973,0.0],[614892.6891343,9763080.1367585,0.0],[614892.7857257,9763080.096749,0.0],[614892.8784626,9763080.0484733,0.0],[614892.966639,9763079.9922987,0.0],[614893.049584,9763079.9286528,0.0],[614893.1266662,9763079.85802,0.0],[614893.197299,9763079.7809377,0.0],[614893.2609449,9763079.6979928,0.0],[614893.3171195,9763079.6098163,0.0],[614893.3653953,9763079.5170795,0.0],[614893.4054048,9763079.420488,0.0],[614893.4368435,9763079.3207771,0.0],[614893.4594722,9763079.2187055,0.0],[614893.4731187,9763079.1150501,0.0],[614893.4776791,9763079.0105998,0.0]]]]}},
{"type":"Feature","properties":{"Layer":"MP_CAMARAS AASS"},"geometry":{"type":"MultiPolygon","coordinates":[[[[614919.7154778,9763047.9928284,0.0],[614919.7109174,9763047.8883781,0.0],[614919.6972709,9763047.7847227,0.0],[614919.6746422,9763047.6826511,0.0],[614919.6432034,9763047.5829401,0.0],[614919.6031939,9763047.4863487,0.0],[614919.5549182,9763047.3936118,0.0],[614919.4987436,9763047.3054354,0.0],[614919.4350977,9763047.2224904,0.0],[614919.3644648,9763047.1454082,0.0],[614919.2873826,9763047.0747754,0.0],[614919.2044377,9763047.0111294,0.0],[614919.1162612,9763046.9549549,0.0],[614919.0235244,9763046.9066791,0.0],[614918.9269329,9763046.8666696,0.0],[614918.827222,9763046.8352309,0.0],[614918.7251504,9763046.8126022,0.0],[614918.621495,9763046.7989557,0.0],[614918.5170446,9763046.7943953,0.0],[614918.4125943,9763046.7989557,0.0],[614918.3089389,9763046.8126022,0.0],[614918.2068673,9763046.8352309,0.0],[614918.1071564,9763046.8666696,0.0],[614918.0105649,9763046.9066791,0.0],[614917.9178281,9763046.9549549,0.0],[614917.8296516,9763047.0111294,0.0],[614917.7467067,9763047.0747754,0.0],[614917.6696245,9763047.1454082,0.0],[614917.5989916,9763047.2224904,0.0],[614917.5353457,9763047.3054354,0.0],[614917.4791711,9763047.3936118,0.0],[614917.4308954,9763047.4863487,0.0],[614917.3908859,9763047.5829401,0.0],[614917.3594471,9763047.6826511,0.0],[614917.3368184,9763047.7847227,0.0],[614917.3231719,9763047.8883781,0.0],[614917.3186115,9763047.9928284,0.0],[614917.3231719,9763048.0972787,0.0],[614917.3368184,9763048.2009341,0.0],[614917.3594471,9763048.3030057,0.0],[614917.3908859,9763048.4027167,0.0],[614917.4308954,9763048.4993081,0.0],[614917.4791711,9763048.592045,0.0],[614917.5353457,9763048.6802214,0.0],[614917.5989916,9763048.7631664,0.0],[614917.6696245,9763048.8402486,0.0],[614917.7467067,9763048.9108814,0.0],[614917.8296516,9763048.9745273,0.0],[614917.9178281,9763049.0307019,0.0],[614918.0105649,9763049.0789777,0.0],[614918.1071564,9763049.1189872,0.0],[614918.2068673,9763049.1504259,0.0],[614918.3089389,9763049.1730546,0.0],[614918.4125943,9763049.1867011,0.0],[614918.5170446,9763049.1912615,0.0],[614918.621495,9763049.1867011,0.0],[614918.7251504,9763049.1730546,0.0],[614918.827222,9763049.1504259,0.0],[614918.9269329,9763049.1189872,0.0],[614919.0235244,9763049.0789777,0.0],[614919.1162612,9763049.0307019,0.0],[614919.2044377,9763048.9745273,0.0],[614919.2873826,9763048.9108814,0.0],[614919.3644648,9763048.8402486,0.0],[614919.4350977,9763048.7631664,0.0],[614919.4987436,9763048.6802214,0.0],[614919.5549182,9763048.592045,0.0],[614919.6031939,9763048.4993081,0.0],[614919.6432034,9763048.4027167,0.0],[614919.6746422,9763048.3030057,0.0],[614919.6972709,9763048.2009341,0.0],[614919.7109174,9763048.0972787,0.0],[614919.7154778,9763047.9928284,0.0]]]]}},
{"type":"Feature","properties":{"Layer":"MP_CAMARAS AASS"},"geometry":{"type":"MultiPolygon","coordinates":[[[[616148.6104331,9762098.88,88.322],[616148.6058727,9762098.7755497,88.322],[616148.5922262,9762098.6718943,88.322],[616148.5695975,9762098.5698227,88.322],[616148.5381588,9762098.4701117,88.322],[616148.4981493,9762098.3735203,88.322],[616148.4498735,9762098.2807834,88.322],[616148.3936989,9762098.192607,88.322],[616148.330053,9762098.109662,88.322],[616148.2594202,9762098.0325798,88.322],[616148.182338,9762097.961947,88.322],[616148.099393,9762097.8983011,88.322],[616148.0112166,9762097.8421265,88.322],[616147.9184797,9762097.7938507,88.322],[616147.8218883,9762097.7538412,88.322],[616147.7221773,9762097.7224025,88.322],[616147.6201057,9762097.6997738,88.322],[616147.5164503,9762097.6861273,88.322],[616147.412,9762097.6815669,88.322],[616147.3075497,9762097.6861273,88.322],[616147.2038943,9762097.6997738,88.322],[616147.1018227,9762097.7224025,88.322],[616147.0021117,9762097.7538412,88.322],[616146.9055203,9762097.7938507,88.322],[616146.8127834,9762097.8421265,88.322],[616146.724607,9762097.8983011,88.322],[616146.641662,9762097.961947,88.322],[616146.5645798,9762098.0325798,88.322],[616146.493947,9762098.109662,88.322],[616146.4303011,9762098.192607,88.322],[616146.3741265,9762098.2807834,88.322],[616146.3258507,9762098.3735203,88.322],[616146.2858412,9762098.4701117,88.322],[616146.2544025,9762098.5698227,88.322],[616146.2317738,9762098.6718943,88.322],[616146.2181273,9762098.7755497,88.322],[616146.2135669,9762098.88,88.322],[616146.2181273,9762098.9844503,88.322],[616146.2317738,9762099.0881057,88.322],[616146.2544025,9762099.1901773,88.322],[616146.2858412,9762099.2898883,88.322],[616146.3258507,9762099.3864797,88.322],[616146.3741265,9762099.4792166,88.322],[616146.4303011,9762099.567393,88.322],[616146.493947,9762099.650338,88.322],[616146.5645798,9762099.7274202,88.322],[616146.641662,9762099.798053,88.322],[616146.724607,9762099.861699,88.322],[616146.8127834,9762099.9178735,88.322],[616146.9055203,9762099.9661493,88.322],[616147.0021117,9762100.0061588,88.322],[616147.1018227,9762100.0375975,88.322],[616147.2038943,9762100.0602262,88.322],[616147.3075497,9762100.0738727,88.322],[616147.412,9762100.0784331,88.322],[616147.5164503,9762100.0738727,88.322],[616147.6201057,9762100.0602262,88.322],[616147.7221773,9762100.0375975,88.322],[616147.8218883,9762100.0061588,88.322],[616147.9184797,9762099.9661493,88.322],[616148.0112166,9762099.9178735,88.322],[616148.099393,9762099.861699,88.322],[616148.182338,9762099.798053,88.322],[616148.2594202,9762099.7274202,88.322],[616148.330053,9762099.650338,88.322],[616148.3936989,9762099.567393,88.322],[616148.4498735,9762099.4792166,88.322],[616148.4981493,9762099.3864797,88.322],[616148.5381588,9762099.2898883,88.322],[616148.5695975,9762099.1901773,88.322],[616148.5922262,9762099.0881057,88.322],[616148.6058727,9762098.9844503,88.322],[616148.6104331,9762098.88,88.322]]]]}},
{"type":"Feature","properties":{"Layer":"MP_CAMARAS AASS"},"geometry":{"type":"MultiPolygon","coordinates":[[[[615406.7634331,9762720.468,82.694],[615406.7588727,9762720.3635497,82.694],[615406.7452262,9762720.2598943,82.694],[615406.7225975,9762720.1578227,82.694],[615406.6911588,9762720.0581117,82.694],[615406.6511493,9762719.9615203,82.694],[615406.6028735,9762719.8687834,82.694],[615406.5466989,9762719.780607,82.694],[615406.483053,9762719.697662,82.694],[615406.4124202,9762719.6205798,82.694],[615406.335338,9762719.549947,82.694],[615406.252393,9762719.486301,82.694],[615406.1642166,9762719.4301265,82.694],[615406.0714797,9762719.3818507,82.694],[615405.9748883,9762719.3418412,82.694],[615405.8751773,9762719.3104025,82.694],[615405.7731057,9762719.2877738,82.694],[615405.6694503,9762719.2741273,82.694],[615405.565,9762719.2695669,82.694],[615405.4605497,9762719.2741273,82.694],[615405.3568943,9762719.2877738,82.694],[615405.2548227,9762719.3104025,82.694],[615405.1551117,9762719.3418412,82.694],[615405.0585203,9762719.3818507,82.694],[615404.9657834,9762719.4301265,82.694],[615404.877607,9762719.486301,82.694],[615404.794662,9762719.549947,82.694],[615404.7175798,9762719.6205798,82.694],[615404.646947,9762719.697662,82.694],[615404.5833011,9762719.780607,82.694],[615404.5271265,9762719.8687834,82.694],[615404.4788507,9762719.9615203,82.694],[615404.4388412,9762720.0581117,82.694],[615404.4074025,9762720.1578227,82.694],[615404.3847738,9762720.2598943,82.694],[615404.3711273,9762720.3635497,82.694],[615404.3665669,9762720.468,82.694],[615404.3711273,9762720.5724503,82.694],[615404.3847738,9762720.6761057,82.694],[615404.4074025,9762720.7781773,82.694],[615404.4388412,9762720.8778883,82.694],[615404.4788507,9762720.9744797,82.694],[615404.5271265,9762721.0672166,82.694],[615404.5833011,9762721.155393,82.694],[615404.646947,9762721.238338,82.694],[615404.7175798,9762721.3154202,82.694],[615404.794662,9762721.386053,82.694],[615404.877607,9762721.449699,82.694],[615404.9657834,9762721.5058735,82.694],[615405.0585203,9762721.5541493,82.694],[615405.1551117,9762721.5941588,82.694],[615405.2548227,9762721.6255975,82.694],[615405.3568943,9762721.6482262,82.694],[615405.4605497,9762721.6618727,82.694],[615405.565,9762721.6664331,82.694],[615405.6694503,9762721.6618727,82.694],[615405.7731057,9762721.6482262,82.694],[615405.8751773,9762721.6255975,82.694],[615405.9748883,9762721.5941588,82.694],[615406.0714797,9762721.5541493,82.694],[615406.1642166,9762721.5058735,82.694],[615406.252393,9762721.449699,82.694],[615406.335338,9762721.386053,82.694],[615406.4124202,9762721.3154202,82.694],[615406.483053,9762721.238338,82.694],[615406.5466989,9762721.155393,82.694],[615406.6028735,9762721.0672166,82.694],[615406.6511493,9762720.9744797,82.694],[615406.6911588,9762720.8778883,82.694],[615406.7225975,9762720.7781773,82.694],[615406.7452262,9762720.6761057,82.694],[615406.7588727,9762720.5724503,82.694],[615406.7634331,9762720.468,82.694]]]]}}
]
}
