{
"type": "FeatureCollection",
"name": "bosques_polig",
"crs": { "type": "name", "properties": { "name": "urn:ogc:def:crs:EPSG::32717" } },
"xy_coordinate_resolution": 1e-07,
"features": [
{"type":"Feature","properties":{"zona":"PROTECCIÓN PERMANENTE","hectareas":23.26},"geometry":{"type":"MultiPolygon","coordinates":[[[[615101.2778,9761879.2286,0.0],[615100.5334,9761880.0995,0.0],[615099.8091,9761880.9873,0.0],[615077.6291,9761908.8173,0.0],[615076.8275,9761909.8504,0.0],[615076.0533,9761910.9042,0.0],[615075.3069,9761911.9778,0.0],[615074.5888,9761913.0706,0.0],[615073.8995,9761914.1818,0.0],[615073.2395,9761915.3106,0.0],[615056.9995,9761943.9406,0.0],[615056.4095,9761945.0112,0.0],[615055.8457,9761946.0958,0.0],[615055.3087,9761947.194,0.0],[615054.7986,9761948.3049,0.0],[615044.4886,9761971.5049,0.0],[615044.0412,9761972.5433,0.0],[615043.6173,9761973.5915,0.0],[615033.9373,9761998.3315,0.0],[615033.5309,9761999.4064,0.0],[615033.1493,9762000.4903,0.0],[615032.7927,9762001.5828,0.0],[615032.4614,9762002.6832,0.0],[615024.9014,9762028.8732,0.0],[615024.5953,9762029.981,0.0],[615024.3148,9762031.0955,0.0],[615024.06,9762032.2162,0.0],[615018.29,9762059.0162,0.0],[615018.0101,9762060.4128,0.0],[615011.2719,9762096.7053,0.0],[615006.9933,9762116.1276,0.0],[615001.8343,9762132.3256,0.0],[614995.3876,9762147.7977,0.0],[614983.6988,9762173.0564,0.0],[614970.4898,9762198.9902,0.0],[614956.3561,9762225.16,0.0],[614955.8325,9762226.1561,0.0],[614955.3315,9762227.1638,0.0],[614935.2826,9762268.6494,0.0],[614929.9311,9762276.9548,0.0],[614924.9535,9762265.5377,0.0],[614924.42,9762264.3561,0.0],[614923.8561,9762263.1888,0.0],[614923.2621,9762262.0365,0.0],[614922.6384,9762260.9,0.0],[614921.9855,9762259.78,0.0],[614902.8247,9762227.871,0.0],[614890.7727,9762204.779,0.0],[614863.88,9762150.5771,0.0],[614863.3919,9762149.6193,0.0],[614862.8833,9762148.6723,0.0],[614836.0633,9762099.9923,0.0],[614835.7296,9762099.3963,0.0],[614828.0496,9762085.8963,0.0],[614827.4613,9762084.8896,0.0],[614826.8496,9762083.8969,0.0],[614826.215,9762082.9187,0.0],[614825.5577,9762081.9556,0.0],[614824.8782,9762081.0081,0.0],[614810.7882,9762061.8381,0.0],[614810.1544,9762060.9946,0.0],[614809.503,9762060.1647,0.0],[614808.8342,9762059.3488,0.0],[614801.4562,9762050.5382,0.0],[614799.5751,9762047.3847,0.0],[614798.0907,9762041.7477,0.0],[614796.4278,9762027.1436,0.0],[614798.0855,9762016.8899,0.0],[614809.022,9761976.8045,0.0],[614815.6896,9761956.905,0.0],[614816.1311,9761955.5206,0.0],[614816.5323,9761954.124,0.0],[614825.0923,9761922.604,0.0],[614825.3606,9761921.5727,0.0],[614825.6069,9761920.5358,0.0],[614832.1469,9761891.6358,0.0],[614832.403,9761890.4357,0.0],[614832.6297,9761889.2297,0.0],[614832.8266,9761888.0184,0.0],[614832.9938,9761886.8027,0.0],[614833.1311,9761885.5832,0.0],[614833.2384,9761884.3608,0.0],[614833.3156,9761883.1361,0.0],[614833.3628,9761881.9098,0.0],[614833.3799,9761880.6828,0.0],[614833.3669,9761879.4557,0.0],[614833.3238,9761878.2293,0.0],[614833.2505,9761877.0043,0.0],[614833.1473,9761875.7815,0.0],[614833.014,9761874.5616,0.0],[614832.8509,9761873.3454,0.0],[614832.658,9761872.1335,0.0],[614832.4353,9761870.9267,0.0],[614832.1832,9761869.7257,0.0],[614831.9016,9761868.5313,0.0],[614831.5908,9761867.3442,0.0],[614831.251,9761866.165,0.0],[614830.8823,9761864.9946,0.0],[614830.485,9761863.8335,0.0],[614830.0594,9761862.6825,0.0],[614829.6056,9761861.5423,0.0],[614829.124,9761860.4137,0.0],[614828.6148,9761859.2971,0.0],[614828.0784,9761858.1934,0.0],[614827.515,9761857.1032,0.0],[614826.9251,9761856.0272,0.0],[614826.3089,9761854.9659,0.0],[614825.6669,9761853.9201,0.0],[614824.9994,9761852.8904,0.0],[614824.3069,9761851.8773,0.0],[614823.5896,9761850.8816,0.0],[614822.8482,9761849.9037,0.0],[614822.083,9761848.9444,0.0],[614821.2945,9761848.0041,0.0],[614820.4831,9761847.0834,0.0],[614819.6494,9761846.183,0.0],[614818.7938,9761845.3033,0.0],[614817.9169,9761844.4448,0.0],[614817.0192,9761843.6081,0.0],[614816.1013,9761842.7937,0.0],[614815.1636,9761842.0021,0.0],[614814.2068,9761841.2337,0.0],[614813.2314,9761840.489,0.0],[614812.2381,9761839.7685,0.0],[614811.2273,9761839.0726,0.0],[614810.1998,9761838.4017,0.0],[614809.1561,9761837.7562,0.0],[614808.0969,9761837.1365,0.0],[614807.0228,9761836.543,0.0],[614805.9345,9761835.9761,0.0],[614804.8326,9761835.436,0.0],[614803.7177,9761834.9231,0.0],[614802.5906,9761834.4378,0.0],[614801.452,9761833.9802,0.0],[614800.3024,9761833.5508,0.0],[614799.1427,9761833.1496,0.0],[614797.9734,9761832.7771,0.0],[614796.7954,9761832.4333,0.0],[614795.6093,9761832.1186,0.0],[614794.4158,9761831.8331,0.0],[614793.2157,9761831.577,0.0],[614792.0097,9761831.3503,0.0],[614790.7984,9761831.1534,0.0],[614789.5827,9761830.9862,0.0],[614788.3632,9761830.8489,0.0],[614787.1408,9761830.7416,0.0],[614785.9161,9761830.6644,0.0],[614784.6898,9761830.6172,0.0],[614783.4628,9761830.6001,0.0],[614782.2357,9761830.6131,0.0],[614781.0093,9761830.6562,0.0],[614779.7843,9761830.7295,0.0],[614778.5615,9761830.8327,0.0],[614777.3416,9761830.966,0.0],[614776.1254,9761831.1291,0.0],[614774.9135,9761831.322,0.0],[614773.7067,9761831.5447,0.0],[614772.5057,9761831.7968,0.0],[614771.3113,9761832.0784,0.0],[614770.1242,9761832.3892,0.0],[614768.945,9761832.729,0.0],[614767.7746,9761833.0977,0.0],[614766.6135,9761833.495,0.0],[614765.4625,9761833.9206,0.0],[614764.3223,9761834.3744,0.0],[614763.1937,9761834.856,0.0],[614762.0771,9761835.3652,0.0],[614760.9734,9761835.9016,0.0],[614759.8832,9761836.465,0.0],[614758.8072,9761837.0549,0.0],[614757.7459,9761837.6711,0.0],[614756.7001,9761838.3131,0.0],[614755.6704,9761838.9806,0.0],[614754.6573,9761839.6731,0.0],[614753.6616,9761840.3904,0.0],[614752.6837,9761841.1318,0.0],[614751.7244,9761841.897,0.0],[614750.7841,9761842.6855,0.0],[614749.8634,9761843.4969,0.0],[614748.963,9761844.3306,0.0],[614748.0833,9761845.1862,0.0],[614747.2248,9761846.0631,0.0],[614746.3881,9761846.9608,0.0],[614745.5737,9761847.8787,0.0],[614744.7821,9761848.8164,0.0],[614744.0137,9761849.7732,0.0],[614743.269,9761850.7486,0.0],[614742.5485,9761851.7419,0.0],[614741.8526,9761852.7527,0.0],[614741.1817,9761853.7802,0.0],[614740.5362,9761854.8239,0.0],[614739.9165,9761855.8831,0.0],[614739.323,9761856.9572,0.0],[614738.7561,9761858.0455,0.0],[614738.216,9761859.1474,0.0],[614737.7031,9761860.2623,0.0],[614737.2178,9761861.3894,0.0],[614736.7602,9761862.528,0.0],[614736.3308,9761863.6776,0.0],[614735.9296,9761864.8373,0.0],[614735.5571,9761866.0066,0.0],[614735.2133,9761867.1846,0.0],[614734.8986,9761868.3707,0.0],[614734.6131,9761869.5642,0.0],[614728.3084,9761897.4246,0.0],[614720.4086,9761926.5132,0.0],[614713.7504,9761946.385,0.0],[614713.3174,9761947.7414,0.0],[614712.9231,9761949.1095,0.0],[614700.9131,9761993.1295,0.0],[614700.5811,9761994.4131,0.0],[614700.2833,9761995.705,0.0],[614700.0198,9761997.0043,0.0],[614699.7909,9761998.3102,0.0],[614696.6109,9762017.9802,0.0],[614696.4276,9762019.2105,0.0],[614696.2751,9762020.445,0.0],[614696.1533,9762021.6829,0.0],[614696.0623,9762022.9234,0.0],[614696.0022,9762024.1658,0.0],[614695.973,9762025.4093,0.0],[614695.9748,9762026.6532,0.0],[614696.0075,9762027.8966,0.0],[614696.0712,9762029.1388,0.0],[614696.1657,9762030.3791,0.0],[614696.291,9762031.6166,0.0],[614699.141,9762056.6466,0.0],[614699.2912,9762057.838,0.0],[614699.4699,9762059.0255,0.0],[614699.6771,9762060.2083,0.0],[614699.9127,9762061.3858,0.0],[614700.1764,9762062.5573,0.0],[614700.4682,9762063.7221,0.0],[614704.6682,9762079.6721,0.0],[614705.0084,9762080.9003,0.0],[614705.3798,9762082.1194,0.0],[614705.7822,9762083.3286,0.0],[614706.2152,9762084.5272,0.0],[614706.6786,9762085.7144,0.0],[614707.1722,9762086.8893,0.0],[614707.6955,9762088.0513,0.0],[614708.2483,9762089.1996,0.0],[614708.8301,9762090.3335,0.0],[614709.4407,9762091.4521,0.0],[614710.0795,9762092.5548,0.0],[614717.6195,9762105.1948,0.0],[614718.3146,9762106.3256,0.0],[614719.0394,9762107.4375,0.0],[614719.7935,9762108.5298,0.0],[614720.5763,9762109.6017,0.0],[614721.3872,9762110.6524,0.0],[614722.2258,9762111.6812,0.0],[614731.1494,9762122.3375,0.0],[614742.5735,9762137.8804,0.0],[614748.6415,9762148.5468,0.0],[614774.7779,9762195.986,0.0],[614801.42,9762249.6829,0.0],[614801.8839,9762250.5944,0.0],[614814.8639,9762275.4644,0.0],[614815.5747,9762276.7781,0.0],[614816.3245,9762278.07,0.0],[614834.5836,9762308.4775,0.0],[614840.28,9762321.5432,0.0],[614842.9175,9762331.0885,0.0],[614842.7353,9762348.1477,0.0],[614836.6219,9762377.3459,0.0],[615020.7861,9762320.5748,0.0],[615021.0004,9762320.2422,0.0],[615021.6497,9762319.2069,0.0],[615022.2736,9762318.156,0.0],[615022.8716,9762317.0901,0.0],[615023.4433,9762316.01,0.0],[615023.9885,9762314.9162,0.0],[615044.8788,9762271.6896,0.0],[615058.7639,9762245.98,0.0],[615059.3237,9762244.9129,0.0],[615073.2337,9762217.6029,0.0],[615073.6532,9762216.7597,0.0],[615074.0568,9762215.9087,0.0],[615086.5468,9762188.9187,0.0],[615086.9439,9762188.0385,0.0],[615087.3238,9762187.1508,0.0],[615094.9738,9762168.7908,0.0],[615095.3787,9762167.7888,0.0],[615095.7618,9762166.7783,0.0],[615096.1229,9762165.7598,0.0],[615096.462,9762164.7337,0.0],[615102.972,9762144.2937,0.0],[615103.3066,9762143.1999,0.0],[615103.6161,9762142.0988,0.0],[615103.9004,9762140.9909,0.0],[615104.1592,9762139.8768,0.0],[615109.1092,9762117.4068,0.0],[615109.4399,9762115.7772,0.0],[615116.1999,9762079.3675,0.0],[615121.457,9762054.9498,0.0],[615127.9008,9762032.6266,0.0],[615136.3306,9762011.0817,0.0],[615145.1877,9761991.1511,0.0],[615158.281,9761968.0686,0.0],[615176.2237,9761945.5552,0.0],[615198.3219,9761923.5487,0.0],[615199.203,9761922.6488,0.0],[615200.0612,9761921.727,0.0],[615200.896,9761920.7838,0.0],[615233.106,9761883.4538,0.0],[615233.8132,9761882.6158,0.0],[615234.5018,9761881.7625,0.0],[615235.1716,9761880.8943,0.0],[615235.8221,9761880.0116,0.0],[615247.9221,9761863.2116,0.0],[615248.6371,9761862.1924,0.0],[615249.3265,9761861.1557,0.0],[615249.9899,9761860.1021,0.0],[615250.6268,9761859.0324,0.0],[615251.2369,9761857.9471,0.0],[615251.8197,9761856.847,0.0],[615261.7397,9761837.547,0.0],[615262.3315,9761836.3571,0.0],[615262.8913,9761835.152,0.0],[615263.419,9761833.9324,0.0],[615263.9141,9761832.6992,0.0],[615264.3762,9761831.4533,0.0],[615272.1162,9761809.7033,0.0],[615272.5762,9761808.3496,0.0],[615272.9974,9761806.9833,0.0],[615282.4051,9761774.8361,0.0],[615294.5767,9761736.9241,0.0],[615294.9397,9761735.7433,0.0],[615295.2735,9761734.554,0.0],[615295.5778,9761733.3568,0.0],[615295.8524,9761732.1524,0.0],[615296.0972,9761730.9417,0.0],[615296.312,9761729.7252,0.0],[615296.4966,9761728.5038,0.0],[615296.6511,9761727.2782,0.0],[615296.7752,9761726.0492,0.0],[615296.8689,9761724.8175,0.0],[615296.9322,9761723.5839,0.0],[615296.965,9761722.349,0.0],[615296.9672,9761721.1138,0.0],[615296.939,9761719.8788,0.0],[615296.8802,9761718.6449,0.0],[615295.5402,9761696.3149,0.0],[615295.4521,9761695.0962,0.0],[615295.3343,9761693.88,0.0],[615295.1867,9761692.667,0.0],[615295.0096,9761691.4579,0.0],[615294.803,9761690.2536,0.0],[615294.567,9761689.0547,0.0],[615294.3018,9761687.8619,0.0],[615294.0075,9761686.6759,0.0],[615293.6843,9761685.4975,0.0],[615293.3324,9761684.3274,0.0],[615292.952,9761683.1661,0.0],[615292.5434,9761682.0146,0.0],[615292.1068,9761680.8733,0.0],[615291.6423,9761679.7431,0.0],[615291.1505,9761678.6245,0.0],[615290.6314,9761677.5183,0.0],[615290.0854,9761676.4252,0.0],[615279.1154,9761655.1152,0.0],[615278.5134,9761653.9816,0.0],[615277.8824,9761652.8639,0.0],[615277.2229,9761651.7627,0.0],[615276.5354,9761650.6788,0.0],[615275.8204,9761649.6129,0.0],[615275.0781,9761648.5658,0.0],[615274.3093,9761647.538,0.0],[615273.5143,9761646.5303,0.0],[615272.6937,9761645.5434,0.0],[615271.8481,9761644.5778,0.0],[615254.0981,9761624.8278,0.0],[615253.3354,9761623.9981,0.0],[615252.5542,9761623.1859,0.0],[615251.7549,9761622.3915,0.0],[615250.9379,9761621.6153,0.0],[615237.7279,9761609.3453,0.0],[615236.7826,9761608.4894,0.0],[615235.8158,9761607.658,0.0],[615234.8281,9761606.8514,0.0],[615225.0178,9761599.047,0.0],[615213.4501,9761589.8446,0.0],[615013.3535,9761530.6009,0.0],[614852.952,9761483.11,0.0],[614841.6446,9761492.7993,0.0],[614523.165,9761765.7043,0.0],[614601.8489,9762158.1929,0.0],[614639.7383,9762346.8155,0.0],[614644.3572,9762340.3799,0.0],[614662.6469,9762318.4945,0.0],[614671.5514,9762308.4521,0.0],[614672.3425,9762307.5379,0.0],[614673.1113,9762306.6047,0.0],[614673.8573,9762305.6533,0.0],[614674.5801,9762304.6841,0.0],[614675.2792,9762303.6977,0.0],[614675.9543,9762302.6947,0.0],[614682.8843,9762292.1247,0.0],[614683.5625,9762291.0612,0.0],[614684.2136,9762289.9811,0.0],[614684.8373,9762288.8848,0.0],[614685.4332,9762287.7731,0.0],[614686.0008,9762286.6468,0.0],[614686.5398,9762285.5065,0.0],[614687.0499,9762284.353,0.0],[614687.5308,9762283.187,0.0],[614687.982,9762282.0092,0.0],[614693.742,9762266.3892,0.0],[614694.1443,9762265.2565,0.0],[614694.5193,9762264.1144,0.0],[614694.8667,9762262.9637,0.0],[614695.1863,9762261.8049,0.0],[614695.478,9762260.6388,0.0],[614695.7415,9762259.466,0.0],[614695.9768,9762258.2873,0.0],[614696.1837,9762257.1032,0.0],[614696.3621,9762255.9144,0.0],[614696.5118,9762254.7218,0.0],[614696.6328,9762253.5258,0.0],[614696.7251,9762252.3274,0.0],[614696.7885,9762251.127,0.0],[614696.823,9762249.9255,0.0],[614696.8287,9762248.7235,0.0],[614696.8054,9762247.5216,0.0],[614696.0654,9762223.9416,0.0],[614696.0152,9762222.7759,0.0],[614695.9378,9762221.6117,0.0],[614695.8333,9762220.4496,0.0],[614695.7016,9762219.2903,0.0],[614695.543,9762218.1344,0.0],[614695.3574,9762216.9824,0.0],[614695.145,9762215.8351,0.0],[614694.9059,9762214.6931,0.0],[614694.6402,9762213.557,0.0],[614694.3481,9762212.4274,0.0],[614689.2081,9762193.4674,0.0],[614688.8873,9762192.3367,0.0],[614688.5399,9762191.2138,0.0],[614688.1663,9762190.0994,0.0],[614687.7666,9762188.9941,0.0],[614687.341,9762187.8985,0.0],[614666.161,9762135.2185,0.0],[614665.8177,9762134.3864,0.0],[614654.6044,9762107.8848,0.0],[614645.0801,9762079.3964,0.0],[614644.7143,9762078.3416,0.0],[614644.325,9762077.2952,0.0],[614643.9125,9762076.2578,0.0],[614643.4769,9762075.2298,0.0],[614633.3569,9762052.0698,0.0],[614632.8959,9762051.0461,0.0],[614632.4119,9762050.033,0.0],[614631.9053,9762049.031,0.0],[614617.878,9762022.0425,0.0],[614607.7772,9761997.0268,0.0],[614601.2085,9761977.5744,0.0],[614594.8802,9761950.9834,0.0],[614592.0019,9761929.8672,0.0],[614591.8776,9761929.0105,0.0],[614588.1139,9761904.5683,0.0],[614587.7281,9761863.7214,0.0],[614590.664,9761845.6547,0.0],[614594.5688,9761834.1593,0.0],[614601.6289,9761821.0574,0.0],[614606.2839,9761814.46,0.0],[614615.9237,9761804.1034,0.0],[614630.4266,9761790.627,0.0],[614641.1719,9761781.2365,0.0],[614659.4822,9761769.1768,0.0],[614660.3969,9761768.5597,0.0],[614661.2978,9761767.9227,0.0],[614680.4178,9761754.0827,0.0],[614681.4607,9761753.3069,0.0],[614682.4831,9761752.5043,0.0],[614683.4843,9761751.6753,0.0],[614684.4636,9761750.8207,0.0],[614685.4204,9761749.9408,0.0],[614686.354,9761749.0364,0.0],[614702.114,9761733.3664,0.0],[614703.0276,9761732.434,0.0],[614703.9166,9761731.4779,0.0],[614704.7804,9761730.499,0.0],[614705.6183,9761729.4979,0.0],[614706.4297,9761728.4753,0.0],[614716.2397,9761715.7753,0.0],[614716.9514,9761714.8311,0.0],[614717.6405,9761713.8704,0.0],[614718.3068,9761712.8936,0.0],[614718.9497,9761711.9013,0.0],[614719.569,9761710.8942,0.0],[614727.939,9761696.9142,0.0],[614728.5998,9761695.7768,0.0],[614736.5398,9761681.6868,0.0],[614737.2046,9761680.4678,0.0],[614746.7046,9761662.4578,0.0],[614747.2991,9761661.294,0.0],[614747.8631,9761660.1151,0.0],[614748.396,9761658.9219,0.0],[614767.015,9761652.0471,0.0],[614782.5919,9761646.9443,0.0],[614800.5385,9761641.81,0.0],[614817.2212,9761637.3391,0.0],[614834.4727,9761632.1731,0.0],[614860.4447,9761625.459,0.0],[614879.6235,9761621.9044,0.0],[614899.3711,9761618.887,0.0],[614909.8925,9761618.3657,0.0],[614920.73,9761618.0023,0.0],[614944.3639,9761617.8759,0.0],[614964.8697,9761619.2503,0.0],[614985.8179,9761620.9091,0.0],[614998.4248,9761622.1888,0.0],[615022.2166,9761624.9534,0.0],[615060.3768,9761630.8946,0.0],[615061.5185,9761631.4416,0.0],[615062.6737,9761631.9595,0.0],[615063.8416,9761632.448,0.0],[615065.0215,9761632.9068,0.0],[615066.2127,9761633.3356,0.0],[615067.4143,9761633.7341,0.0],[615117.713,9761649.7098,0.0],[615134.3247,9761657.1605,0.0],[615148.8285,9761666.2198,0.0],[615171.0743,9761683.9171,0.0],[615181.2296,9761693.3498,0.0],[615193.1582,9761706.6225,0.0],[615196.3511,9761712.8248,0.0],[615196.4984,9761715.2796,0.0],[615186.9933,9761744.8859,0.0],[615186.6126,9761746.1267,0.0],[615177.4243,9761777.5241,0.0],[615171.2793,9761794.7921,0.0],[615164.5909,9761807.8049,0.0],[615155.9604,9761819.7877,0.0],[615126.4188,9761854.0251,0.0],[615103.6281,9761876.7213,0.0],[615102.8256,9761877.5391,0.0],[615102.042,9761878.375,0.0],[615101.2778,9761879.2286,0.0]]]]}},
{"type":"Feature","properties":{"zona":"PROTECCIÓN PERMANENTE","hectareas":0.13},"geometry":{"type":"MultiPolygon","coordinates":[[[[614656.55,9762375.7339,0.0],[614642.9258,9762362.6842,0.0],[614653.4813,9762415.2317,0.0],[614698.9571,9762413.6637,0.0],[614698.8656,9762413.5068,0.0],[614698.2235,9762412.4656,0.0],[614697.5561,9762411.4405,0.0],[614696.8639,9762410.4319,0.0],[614696.1471,9762409.4407,0.0],[614695.4064,9762408.4672,0.0],[614694.642,9762407.5122,0.0],[614693.8545,9762406.5761,0.0],[614693.0444,9762405.6596,0.0],[614692.2121,9762404.7632,0.0],[614691.3581,9762403.8874,0.0],[614690.4829,9762403.0327,0.0],[614689.5871,9762402.1998,0.0],[614688.6711,9762401.389,0.0],[614687.7356,9762400.6008,0.0],[614674.4356,9762389.6708,0.0],[614673.3914,9762388.8358,0.0],[614656.55,9762375.7339,0.0]]]]}},
{"type":"Feature","properties":{"zona":"PROTECCIÓN PERMANENTE","hectareas":73.02},"geometry":{"type":"MultiPolygon","coordinates":[[[[613715.6809,9763099.953,0.0],[613769.796,9762916.6263,0.0],[613788.8301,9762852.144,0.0],[613872.5512,9762882.3194,0.0],[613872.9277,9762870.7196,0.0],[613874.9378,9762848.2345,0.0],[613882.0523,9762812.0179,0.0],[613882.2714,9762810.8264,0.0],[613882.4616,9762809.6298,0.0],[613882.6227,9762808.4291,0.0],[613885.4027,9762785.6191,0.0],[613885.5312,9762784.451,0.0],[613885.6321,9762783.2803,0.0],[613885.7056,9762782.1076,0.0],[613885.7514,9762780.9334,0.0],[613885.7696,9762779.7585,0.0],[613885.7603,9762778.5834,0.0],[613885.7233,9762777.409,0.0],[613885.6587,9762776.2357,0.0],[613884.3387,9762756.4857,0.0],[613884.2421,9762755.2652,0.0],[613884.1157,9762754.0475,0.0],[613883.9595,9762752.8333,0.0],[613883.7736,9762751.6233,0.0],[613883.5581,9762750.4181,0.0],[613883.3132,9762749.2186,0.0],[613883.039,9762748.0255,0.0],[613882.7357,9762746.8394,0.0],[613882.4034,9762745.6611,0.0],[613882.0424,9762744.4913,0.0],[613881.6528,9762743.3307,0.0],[613868.9128,9762706.8607,0.0],[613868.4721,9762705.6495,0.0],[613868.0003,9762704.45,0.0],[613867.4977,9762703.2631,0.0],[613866.9647,9762702.0895,0.0],[613866.4017,9762700.9301,0.0],[613853.2749,9762674.7632,0.0],[613847.8922,9762662.7415,0.0],[613848.229,9762647.8165,0.0],[613851.2645,9762631.0035,0.0],[613851.4557,9762629.8699,0.0],[613851.6209,9762628.7323,0.0],[613851.7598,9762627.5911,0.0],[613851.8724,9762626.4471,0.0],[613851.9587,9762625.3007,0.0],[613852.0187,9762624.1527,0.0],[613853.4387,9762589.2527,0.0],[613853.4746,9762587.957,0.0],[613853.4769,9762586.6608,0.0],[613853.4456,9762585.365,0.0],[613853.3807,9762584.0705,0.0],[613853.2823,9762582.7781,0.0],[613851.2523,9762560.0181,0.0],[613851.1288,9762558.8012,0.0],[613850.9755,9762557.5878,0.0],[613850.7926,9762556.3785,0.0],[613850.5801,9762555.174,0.0],[613850.3383,9762553.9751,0.0],[613850.0672,9762552.7824,0.0],[613849.7671,9762551.5968,0.0],[613849.438,9762550.4188,0.0],[613843.548,9762530.2888,0.0],[613843.1778,9762529.0805,0.0],[613842.7772,9762527.8819,0.0],[613842.3464,9762526.6939,0.0],[613841.8857,9762525.5171,0.0],[613841.3955,9762524.3523,0.0],[613824.8155,9762486.3123,0.0],[613824.3591,9762485.2962,0.0],[613823.8802,9762484.2906,0.0],[613823.379,9762483.2959,0.0],[613809.199,9762455.9159,0.0],[613808.4994,9762454.6126,0.0],[613807.7615,9762453.3306,0.0],[613788.0715,9762420.2606,0.0],[613787.1468,9762418.7677,0.0],[613773.6467,9762397.8053,0.0],[613762.6062,9762376.8196,0.0],[613756.1898,9762363.1281,0.0],[613748.2544,9762341.8371,0.0],[613747.6411,9762340.1915,0.0],[613741.3262,9762317.8566,0.0],[613735.0488,9762290.8223,0.0],[613731.3623,9762269.8884,0.0],[613731.1348,9762268.6831,0.0],[613730.8777,9762267.4837,0.0],[613730.5913,9762266.291,0.0],[613730.2758,9762265.1057,0.0],[613729.9313,9762263.9284,0.0],[613729.558,9762262.76,0.0],[613729.1561,9762261.6011,0.0],[613728.7259,9762260.4524,0.0],[613728.2677,9762259.3146,0.0],[613727.7818,9762258.1884,0.0],[613727.2683,9762257.0744,0.0],[613726.7277,9762255.9733,0.0],[613726.1602,9762254.8859,0.0],[613725.5662,9762253.8127,0.0],[613724.9461,9762252.7544,0.0],[613724.3002,9762251.7116,0.0],[613723.6289,9762250.685,0.0],[613722.9326,9762249.6752,0.0],[613722.2117,9762248.6827,0.0],[613721.4668,9762247.7083,0.0],[613720.6981,9762246.7523,0.0],[613713.6981,9762238.2623,0.0],[613712.8581,9762237.27,0.0],[613711.9925,9762236.2999,0.0],[613711.102,9762235.3526,0.0],[613710.1872,9762234.4288,0.0],[613686.4434,9762211.0675,0.0],[613686.2416,9762210.5557,0.0],[613687.44,9762211.47,0.0],[613710.07,9762226.42,0.0],[613728.37,9762240.43,0.0],[613763.56,9762270.12,0.0],[613788.85,9762285.6,0.0],[613814.79,9762296.81,0.0],[613844.78,9762306.68,0.0],[613867.3,9762311.93,0.0],[613883.11,9762312.01,0.0],[613899.33,9762310.11,0.0],[613915.15,9762306.12,0.0],[613930.21,9762299.78,0.0],[613951.94,9762287.64,0.0],[613979.76,9762267.64,0.0],[613991.91,9762255.53,0.0],[614024.23,9762211.85,0.0],[614042.52,9762189.8,0.0],[614063.12,9762158.84,0.0],[614109.96,9762069.56,0.0],[614116.6,9762050.31,0.0],[614126.59,9762030.32,0.0],[614139.58,9762001.32,0.0],[614168.57,9761964.33,0.0],[614184.7269,9761944.9223,0.0],[614184.6751,9761939.8744,0.0],[613945.035,9762055.035,0.0],[613888.1497,9761987.9285,0.0],[613856.4366,9762005.3517,0.0],[613830.596,9762009.0432,0.0],[613807.0271,9761999.1045,0.0],[613746.9587,9761928.6679,0.0],[613701.6499,9761912.7524,0.0],[613319.37,9761973.982,0.0],[613156.254,9762166.2,0.0],[613162.0,9762548.0,0.0],[613173.9699,9762604.0781,0.0],[613191.6362,9762686.8438,0.0],[613235.0,9762890.0,0.0],[613299.0,9762948.0,0.0],[613372.4712,9762974.7931,0.0],[613715.6809,9763099.953,0.0]]]]}},
{"type":"Feature","properties":{"zona":"PROTECCIÓN PERMANENTE","hectareas":30.87},"geometry":{"type":"MultiPolygon","coordinates":[[[[615528.6306,9763097.5014,0.0],[615528.576,9763098.7274,0.0],[615528.5515,9763099.9543,0.0],[615528.5571,9763101.1814,0.0],[615528.5928,9763102.408,0.0],[615528.6586,9763103.6334,0.0],[615528.7544,9763104.8568,0.0],[615528.8803,9763106.0775,0.0],[615529.036,9763107.2948,0.0],[615529.2216,9763108.5078,0.0],[615529.4369,9763109.7159,0.0],[615529.6818,9763110.9184,0.0],[615529.9562,9763112.1145,0.0],[615530.2598,9763113.3035,0.0],[615530.5924,9763114.4847,0.0],[615530.954,9763115.6574,0.0],[615531.3442,9763116.8208,0.0],[615531.7629,9763117.9743,0.0],[615532.2098,9763119.1172,0.0],[615532.6846,9763120.2488,0.0],[615533.187,9763121.3684,0.0],[615533.7167,9763122.4754,0.0],[615534.2734,9763123.569,0.0],[615534.8568,9763124.6486,0.0],[615535.4665,9763125.7135,0.0],[615536.1022,9763126.7632,0.0],[615536.7635,9763127.797,0.0],[615537.4499,9763128.8142,0.0],[615538.161,9763129.8143,0.0],[615538.8965,9763130.7966,0.0],[615539.6559,9763131.7605,0.0],[615540.4387,9763132.7056,0.0],[615541.2445,9763133.6311,0.0],[615542.0727,9763134.5366,0.0],[615542.923,9763135.4215,0.0],[615543.7946,9763136.2853,0.0],[615544.6872,9763137.1274,0.0],[615545.6003,9763137.9474,0.0],[615546.5331,9763138.7447,0.0],[615547.4852,9763139.5188,0.0],[615548.4561,9763140.2694,0.0],[615549.4451,9763140.9959,0.0],[615550.4516,9763141.6979,0.0],[615551.475,9763142.3751,0.0],[615552.5148,9763143.0269,0.0],[615553.5702,9763143.6529,0.0],[615554.6407,9763144.2529,0.0],[615555.7256,9763144.8265,0.0],[615556.8242,9763145.3732,0.0],[615583.8742,9763158.4232,0.0],[615584.892,9763158.9002,0.0],[615585.9202,9763159.3542,0.0],[615586.9584,9763159.7849,0.0],[615588.0059,9763160.1922,0.0],[615589.0624,9763160.5759,0.0],[615611.5147,9763168.4449,0.0],[615620.0889,9763172.1444,0.0],[615724.0,9763184.0,0.0],[615734.0055,9763202.6467,0.0],[615736.5446,9763202.1941,0.0],[615734.0055,9763202.6467,0.0],[615790.0,9763307.0,0.0],[615904.29,9763388.46,0.0],[615980.9588,9763378.7748,0.0],[616002.37,9763376.07,0.0],[616043.81,9763145.03,0.0],[616048.8465,9763130.0512,0.0],[616074.23,9763054.56,0.0],[616175.64,9762873.13,0.0],[616220.15,9762834.12,0.0],[616249.18,9762702.3,0.0],[616245.51,9762635.72,0.0],[616143.7222,9762622.0145,0.0],[616126.31,9762619.67,0.0],[616041.2213,9762642.6932,0.0],[615784.08,9762712.27,0.0],[615726.29,9762728.0,0.0],[615645.49,9762773.71,0.0],[615736.53,9762832.25,0.0],[615716.87,9762875.77,0.0],[615662.48,9762913.69,0.0],[615602.36,9762978.25,0.0],[615565.2,9763077.82,0.0],[615528.7031,9763096.4547,0.0],[615528.6306,9763097.5014,0.0]]]]}},
{"type":"Feature","properties":{"zona":"PROTECCIÓN PERMANENTE","hectareas":0.26},"geometry":{"type":"MultiPolygon","coordinates":[[[[615238.0562,9763040.3369,0.0],[615238.2417,9763040.1908,0.0],[615238.4236,9763040.0403,0.0],[615238.602,9763039.8856,0.0],[615238.7766,9763039.7267,0.0],[615238.9475,9763039.5637,0.0],[615239.1144,9763039.3967,0.0],[615239.2774,9763039.2259,0.0],[615254.7834,9763022.579,0.0],[615271.0246,9763006.3676,0.0],[615271.1802,9763006.2087,0.0],[615290.1998,9762986.3603,0.0],[615277.2256,9762970.9928,0.0],[615256.8167,9762992.291,0.0],[615240.5254,9763008.5524,0.0],[615240.2726,9763008.8141,0.0],[615225.2072,9763024.988,0.0],[615213.6755,9763033.8565,0.0],[615200.7407,9763040.6979,0.0],[615180.1131,9763048.8026,0.0],[615179.9624,9763048.8639,0.0],[615185.9377,9763068.2909,0.0],[615187.9706,9763067.2037,0.0],[615208.5769,9763059.1074,0.0],[615208.7847,9763059.023,0.0],[615208.9906,9763058.934,0.0],[615209.1944,9763058.8404,0.0],[615209.396,9763058.7423,0.0],[615209.5954,9763058.6397,0.0],[615223.7754,9763051.1397,0.0],[615223.9876,9763051.0242,0.0],[615224.1968,9763050.9036,0.0],[615224.4031,9763050.778,0.0],[615224.6063,9763050.6475,0.0],[615224.8063,9763050.5121,0.0],[615225.003,9763050.3718,0.0],[615225.1962,9763050.2269,0.0],[615238.0562,9763040.3369,0.0]]]]}},
{"type":"Feature","properties":{"zona":"PROTECCIÓN PERMANENTE","hectareas":1.09},"geometry":{"type":"MultiPolygon","coordinates":[[[[614650.1143,9763208.7929,0.0],[614654.6243,9763191.2729,0.0],[614654.6809,9763191.0417,0.0],[614654.732,9763190.8091,0.0],[614654.7775,9763190.5755,0.0],[614654.8175,9763190.3408,0.0],[614654.8518,9763190.1052,0.0],[614654.8805,9763189.8688,0.0],[614654.9036,9763189.6319,0.0],[614654.9211,9763189.3944,0.0],[614654.9329,9763189.1567,0.0],[614654.939,9763188.9187,0.0],[614654.9395,9763188.6806,0.0],[614654.9343,9763188.4426,0.0],[614654.3843,9763172.1526,0.0],[614654.3734,9763171.9143,0.0],[614654.3569,9763171.6764,0.0],[614654.3346,9763171.439,0.0],[614654.3067,9763171.2021,0.0],[614654.2732,9763170.966,0.0],[614654.234,9763170.7308,0.0],[614654.1893,9763170.4965,0.0],[614654.139,9763170.2634,0.0],[614654.0831,9763170.0316,0.0],[614654.0217,9763169.8011,0.0],[614653.9549,9763169.5722,0.0],[614653.8826,9763169.345,0.0],[614653.8049,9763169.1195,0.0],[614653.7218,9763168.896,0.0],[614653.6335,9763168.6745,0.0],[614653.5398,9763168.4551,0.0],[614646.3298,9763152.1051,0.0],[614646.2263,9763151.8781,0.0],[614646.1172,9763151.6538,0.0],[614646.0025,9763151.4322,0.0],[614645.8823,9763151.2136,0.0],[614645.7567,9763150.998,0.0],[614645.6258,9763150.7857,0.0],[614645.4896,9763150.5767,0.0],[614645.3482,9763150.3711,0.0],[614626.7382,9763124.0211,0.0],[614626.5843,9763123.8091,0.0],[614612.8935,9763105.4636,0.0],[614602.4317,9763087.5186,0.0],[614597.2073,9763069.2068,0.0],[614596.3929,9763047.6426,0.0],[614596.3837,9763047.4484,0.0],[614594.5637,9763015.6584,0.0],[614594.5468,9763015.4155,0.0],[614594.524,9763015.173,0.0],[614594.4953,9763014.9312,0.0],[614594.4607,9763014.6901,0.0],[614586.5238,9762963.7616,0.0],[614588.9219,9762955.5416,0.0],[614603.5711,9762942.2085,0.0],[614619.9455,9762934.9093,0.0],[614638.7018,9762929.3326,0.0],[614639.3004,9762929.2114,0.0],[614634.2497,9762909.8287,0.0],[614634.0777,9762909.8655,0.0],[614633.8606,9762909.9171,0.0],[614633.6447,9762909.9735,0.0],[614633.4301,9762910.0347,0.0],[614613.6201,9762915.9247,0.0],[614613.3712,9762916.0022,0.0],[614613.1245,9762916.0862,0.0],[614612.88,9762916.1766,0.0],[614612.6379,9762916.2734,0.0],[614612.3985,9762916.3764,0.0],[614593.9585,9762924.5964,0.0],[614593.7356,9762924.6991,0.0],[614593.5152,9762924.8072,0.0],[614593.2976,9762924.9206,0.0],[614593.0829,9762925.0394,0.0],[614592.8711,9762925.1635,0.0],[614592.6624,9762925.2927,0.0],[614592.457,9762925.4269,0.0],[614592.2549,9762925.5662,0.0],[614592.0563,9762925.7104,0.0],[614591.8612,9762925.8594,0.0],[614591.6699,9762926.0132,0.0],[614591.4825,9762926.1716,0.0],[614591.299,9762926.3345,0.0],[614573.379,9762942.6445,0.0],[614573.1967,9762942.8146,0.0],[614573.0187,9762942.9892,0.0],[614572.8451,9762943.1682,0.0],[614572.676,9762943.3515,0.0],[614572.5116,9762943.5389,0.0],[614572.3519,9762943.7304,0.0],[614572.197,9762943.9257,0.0],[614572.047,9762944.1249,0.0],[614571.902,9762944.3278,0.0],[614571.7622,9762944.5342,0.0],[614571.6275,9762944.744,0.0],[614571.4981,9762944.9572,0.0],[614571.3741,9762945.1734,0.0],[614571.2554,9762945.3928,0.0],[614571.1423,9762945.615,0.0],[614571.0348,9762945.8399,0.0],[614570.9329,9762946.0675,0.0],[614570.8367,9762946.2975,0.0],[614570.7463,9762946.5299,0.0],[614570.6617,9762946.7644,0.0],[614570.583,9762947.001,0.0],[614570.5102,9762947.2394,0.0],[614566.7002,9762960.2994,0.0],[614566.6348,9762960.5341,0.0],[614566.5752,9762960.7702,0.0],[614566.5213,9762961.0078,0.0],[614566.4733,9762961.2466,0.0],[614566.431,9762961.4865,0.0],[614566.3947,9762961.7273,0.0],[614566.3642,9762961.969,0.0],[614566.3396,9762962.2113,0.0],[614566.3209,9762962.4542,0.0],[614566.3081,9762962.6974,0.0],[614566.3013,9762962.9409,0.0],[614566.3004,9762963.1845,0.0],[614566.3054,9762963.428,0.0],[614566.3163,9762963.6714,0.0],[614566.3332,9762963.9143,0.0],[614566.356,9762964.1569,0.0],[614566.3847,9762964.3987,0.0],[614566.4193,9762964.6399,0.0],[614574.6242,9763017.2882,0.0],[614576.4108,9763048.4945,0.0],[614577.2671,9763071.1674,0.0],[614577.2791,9763071.4073,0.0],[614577.2968,9763071.6468,0.0],[614577.3202,9763071.8858,0.0],[614577.3494,9763072.1242,0.0],[614577.3843,9763072.3618,0.0],[614577.4249,9763072.5985,0.0],[614577.4712,9763072.8342,0.0],[614577.5231,9763073.0686,0.0],[614577.5806,9763073.3018,0.0],[614577.6437,9763073.5335,0.0],[614583.5437,9763094.2135,0.0],[614583.6153,9763094.453,0.0],[614583.6928,9763094.6905,0.0],[614583.7762,9763094.9261,0.0],[614583.8655,9763095.1595,0.0],[614583.9606,9763095.3906,0.0],[614584.0614,9763095.6192,0.0],[614584.168,9763095.8453,0.0],[614584.2801,9763096.0686,0.0],[614584.3978,9763096.2891,0.0],[614584.5209,9763096.5065,0.0],[614595.9009,9763116.0265,0.0],[614596.0173,9763116.221,0.0],[614596.138,9763116.4127,0.0],[614596.263,9763116.6017,0.0],[614596.3922,9763116.7878,0.0],[614596.5257,9763116.9709,0.0],[614610.4774,9763135.6659,0.0],[614628.4342,9763161.091,0.0],[614634.4609,9763174.7577,0.0],[614634.8972,9763187.68,0.0],[614630.8646,9763203.3452,0.0],[614623.7197,9763223.0857,0.0],[614614.6901,9763245.0527,0.0],[614604.7913,9763267.788,0.0],[614604.6921,9763268.0243,0.0],[614604.5989,9763268.263,0.0],[614591.2089,9763303.903,0.0],[614591.1188,9763304.1527,0.0],[614591.0355,9763304.4046,0.0],[614590.9588,9763304.6587,0.0],[614590.8889,9763304.9148,0.0],[614585.1389,9763327.1348,0.0],[614585.0787,9763327.38,0.0],[614585.0248,9763327.6267,0.0],[614584.9771,9763327.8746,0.0],[614584.9356,9763328.1237,0.0],[614584.9005,9763328.3737,0.0],[614584.8717,9763328.6246,0.0],[614582.8017,9763348.9046,0.0],[614582.7801,9763349.1443,0.0],[614582.7643,9763349.3845,0.0],[614582.7544,9763349.625,0.0],[614582.7501,9763349.8656,0.0],[614582.7517,9763350.1063,0.0],[614582.7591,9763350.3469,0.0],[614582.7723,9763350.5873,0.0],[614582.7912,9763350.8272,0.0],[614582.816,9763351.0666,0.0],[614584.986,9763369.8666,0.0],[614585.0192,9763370.1251,0.0],[614585.0592,9763370.3825,0.0],[614585.1058,9763370.6389,0.0],[614585.1592,9763370.8939,0.0],[614585.2191,9763371.1475,0.0],[614585.2856,9763371.3994,0.0],[614585.3587,9763371.6495,0.0],[614585.4383,9763371.8976,0.0],[614591.0483,9763388.6376,0.0],[614591.1302,9763388.8723,0.0],[614591.218,9763389.105,0.0],[614591.3115,9763389.3354,0.0],[614591.4107,9763389.5634,0.0],[614591.5155,9763389.7889,0.0],[614591.6259,9763390.0116,0.0],[614591.7418,9763390.2316,0.0],[614591.8632,9763390.4486,0.0],[614591.9899,9763390.6626,0.0],[614592.1219,9763390.8733,0.0],[614593.387,9763392.8382,0.0],[614626.6088,9763404.8061,0.0],[614621.2922,9763399.2353,0.0],[614609.6146,9763381.0975,0.0],[614604.7341,9763366.5342,0.0],[614602.8087,9763349.8536,0.0],[614604.6912,9763331.4105,0.0],[614610.118,9763310.4396,0.0],[614623.231,9763275.5369,0.0],[614633.0687,9763252.942,0.0],[614633.1491,9763252.7519,0.0],[614642.2991,9763230.4919,0.0],[614642.3782,9763230.2934,0.0],[614642.453,9763230.0934,0.0],[614649.833,9763209.7034,0.0],[614649.9115,9763209.4783,0.0],[614649.9845,9763209.2515,0.0],[614650.0521,9763209.023,0.0],[614650.1143,9763208.7929,0.0]]]]}},
{"type":"Feature","properties":{"zona":"PROTECCIÓN PERMANENTE","hectareas":0.6},"geometry":{"type":"MultiPolygon","coordinates":[[[[615093.8808,9763136.8926,0.0],[615110.9343,9763119.8866,0.0],[615150.9387,9763089.1503,0.0],[615156.6256,9763085.1003,0.0],[615151.7538,9763064.0165,0.0],[615139.1891,9763072.9645,0.0],[615138.8974,9763073.1803,0.0],[615098.2374,9763104.4203,0.0],[615098.0351,9763104.5799,0.0],[615097.8369,9763104.7448,0.0],[615097.643,9763104.9146,0.0],[615097.4536,9763105.0894,0.0],[615097.2688,9763105.2691,0.0],[615079.3088,9763123.1791,0.0],[615079.1315,9763123.3604,0.0],[615078.9588,9763123.5462,0.0],[615078.791,9763123.7364,0.0],[615078.6279,9763123.9307,0.0],[615078.4699,9763124.129,0.0],[615068.6409,9763136.7943,0.0],[615053.0985,9763154.0912,0.0],[615011.7774,9763187.8124,0.0],[615011.5745,9763187.9825,0.0],[615011.3762,9763188.1579,0.0],[615011.1827,9763188.3385,0.0],[615010.994,9763188.5241,0.0],[615010.8102,9763188.7146,0.0],[614996.6402,9763203.8046,0.0],[614996.4684,9763203.9924,0.0],[614996.3014,9763204.1844,0.0],[614996.1393,9763204.3806,0.0],[614995.9823,9763204.5809,0.0],[614983.3823,9763221.0809,0.0],[614983.2398,9763221.2721,0.0],[614983.102,9763221.4668,0.0],[614971.422,9763238.3768,0.0],[614971.2709,9763238.602,0.0],[614971.1259,9763238.8312,0.0],[614944.8469,9763281.6715,0.0],[614941.4613,9763285.1,0.0],[614940.35,9763289.09,0.0],[614964.004,9763288.6911,0.0],[614988.0322,9763249.52,0.0],[614999.4225,9763233.0295,0.0],[615011.5685,9763217.124,0.0],[615024.9361,9763202.8885,0.0],[615066.3426,9763169.0976,0.0],[615066.5397,9763168.9324,0.0],[615066.7326,9763168.7622,0.0],[615066.921,9763168.5872,0.0],[615067.1048,9763168.4073,0.0],[615067.2839,9763168.2228,0.0],[615067.4582,9763168.0338,0.0],[615083.7582,9763149.8938,0.0],[615083.9166,9763149.7132,0.0],[615084.0706,9763149.5289,0.0],[615084.2201,9763149.341,0.0],[615093.8808,9763136.8926,0.0]]]]}},
{"type":"Feature","properties":{"zona":"BOSQUE NATURAL","hectareas":24.24},"geometry":{"type":"MultiPolygon","coordinates":[[[[614899.3711,9761618.887,0.0],[614879.6235,9761621.9044,0.0],[614860.4447,9761625.459,0.0],[614834.4727,9761632.1731,0.0],[614817.2212,9761637.3391,0.0],[614800.5385,9761641.81,0.0],[614782.5919,9761646.9443,0.0],[614767.015,9761652.0471,0.0],[614748.396,9761658.9219,0.0],[614747.8631,9761660.1151,0.0],[614747.2991,9761661.294,0.0],[614746.7046,9761662.4578,0.0],[614737.2046,9761680.4678,0.0],[614736.5398,9761681.6868,0.0],[614728.5998,9761695.7768,0.0],[614727.939,9761696.9142,0.0],[614719.569,9761710.8942,0.0],[614718.9497,9761711.9013,0.0],[614718.3068,9761712.8936,0.0],[614717.6405,9761713.8704,0.0],[614716.9514,9761714.8311,0.0],[614716.2397,9761715.7753,0.0],[614706.4297,9761728.4753,0.0],[614705.6183,9761729.4979,0.0],[614704.7804,9761730.499,0.0],[614703.9166,9761731.4779,0.0],[614703.0276,9761732.434,0.0],[614702.114,9761733.3664,0.0],[614686.354,9761749.0364,0.0],[614685.4204,9761749.9408,0.0],[614684.4636,9761750.8207,0.0],[614683.4843,9761751.6753,0.0],[614682.4831,9761752.5043,0.0],[614681.4607,9761753.3069,0.0],[614680.4178,9761754.0827,0.0],[614661.2978,9761767.9227,0.0],[614660.3969,9761768.5597,0.0],[614659.4822,9761769.1768,0.0],[614641.1719,9761781.2365,0.0],[614630.4266,9761790.627,0.0],[614615.9237,9761804.1034,0.0],[614606.2839,9761814.46,0.0],[614601.6289,9761821.0574,0.0],[614594.5688,9761834.1593,0.0],[614590.664,9761845.6547,0.0],[614587.7281,9761863.7214,0.0],[614588.1139,9761904.5683,0.0],[614591.8776,9761929.0105,0.0],[614592.0019,9761929.8672,0.0],[614594.8802,9761950.9834,0.0],[614601.2085,9761977.5744,0.0],[614607.7772,9761997.0268,0.0],[614617.878,9762022.0425,0.0],[614631.9053,9762049.031,0.0],[614632.4119,9762050.033,0.0],[614632.8959,9762051.0461,0.0],[614633.3569,9762052.0698,0.0],[614643.4769,9762075.2298,0.0],[614643.9125,9762076.2578,0.0],[614644.325,9762077.2952,0.0],[614644.7143,9762078.3416,0.0],[614645.0801,9762079.3964,0.0],[614654.6044,9762107.8848,0.0],[614665.8177,9762134.3864,0.0],[614666.161,9762135.2185,0.0],[614687.341,9762187.8985,0.0],[614687.7666,9762188.9941,0.0],[614688.1663,9762190.0994,0.0],[614688.5399,9762191.2138,0.0],[614688.8873,9762192.3367,0.0],[614689.2081,9762193.4674,0.0],[614694.3481,9762212.4274,0.0],[614694.6402,9762213.557,0.0],[614694.9059,9762214.6931,0.0],[614695.145,9762215.8351,0.0],[614695.3574,9762216.9824,0.0],[614695.543,9762218.1344,0.0],[614695.7016,9762219.2903,0.0],[614695.8333,9762220.4496,0.0],[614695.9378,9762221.6117,0.0],[614696.0152,9762222.7759,0.0],[614696.0654,9762223.9416,0.0],[614696.8054,9762247.5216,0.0],[614696.8287,9762248.7235,0.0],[614696.823,9762249.9255,0.0],[614696.7885,9762251.127,0.0],[614696.7251,9762252.3274,0.0],[614696.6328,9762253.5258,0.0],[614696.5118,9762254.7218,0.0],[614696.3621,9762255.9144,0.0],[614696.1837,9762257.1032,0.0],[614695.9768,9762258.2873,0.0],[614695.7415,9762259.466,0.0],[614695.478,9762260.6388,0.0],[614695.1863,9762261.8049,0.0],[614694.8667,9762262.9637,0.0],[614694.5193,9762264.1144,0.0],[614694.1443,9762265.2565,0.0],[614693.742,9762266.3892,0.0],[614687.982,9762282.0092,0.0],[614687.5308,9762283.187,0.0],[614687.0499,9762284.353,0.0],[614686.5398,9762285.5065,0.0],[614686.0008,9762286.6468,0.0],[614685.4332,9762287.7731,0.0],[614684.8373,9762288.8848,0.0],[614684.2136,9762289.9811,0.0],[614683.5625,9762291.0612,0.0],[614682.8843,9762292.1247,0.0],[614675.9543,9762302.6947,0.0],[614675.2792,9762303.6977,0.0],[614674.5801,9762304.6841,0.0],[614673.8573,9762305.6533,0.0],[614673.1113,9762306.6047,0.0],[614672.3425,9762307.5379,0.0],[614671.5514,9762308.4521,0.0],[614662.6469,9762318.4945,0.0],[614644.3572,9762340.3799,0.0],[614639.7383,9762346.8155,0.0],[614642.9258,9762362.6842,0.0],[614656.55,9762375.7339,0.0],[614673.3914,9762388.8358,0.0],[614674.4356,9762389.6708,0.0],[614687.7356,9762400.6008,0.0],[614688.6711,9762401.389,0.0],[614689.5871,9762402.1998,0.0],[614690.4829,9762403.0327,0.0],[614691.3581,9762403.8874,0.0],[614692.2121,9762404.7632,0.0],[614693.0444,9762405.6596,0.0],[614693.8545,9762406.5761,0.0],[614694.642,9762407.5122,0.0],[614695.4064,9762408.4672,0.0],[614696.1471,9762409.4407,0.0],[614696.8639,9762410.4319,0.0],[614697.5561,9762411.4405,0.0],[614698.2235,9762412.4656,0.0],[614698.8656,9762413.5068,0.0],[614698.9571,9762413.6637,0.0],[614721.3079,9762412.893,0.0],[614836.6219,9762377.3459,0.0],[614842.7353,9762348.1477,0.0],[614842.9175,9762331.0885,0.0],[614840.28,9762321.5432,0.0],[614834.5836,9762308.4775,0.0],[614816.3245,9762278.07,0.0],[614815.5747,9762276.7781,0.0],[614814.8639,9762275.4644,0.0],[614801.8839,9762250.5944,0.0],[614801.42,9762249.6829,0.0],[614774.7779,9762195.986,0.0],[614748.6415,9762148.5468,0.0],[614742.5735,9762137.8804,0.0],[614731.1494,9762122.3375,0.0],[614722.2258,9762111.6812,0.0],[614721.3872,9762110.6524,0.0],[614720.5763,9762109.6017,0.0],[614719.7935,9762108.5298,0.0],[614719.0394,9762107.4375,0.0],[614718.3146,9762106.3256,0.0],[614717.6195,9762105.1948,0.0],[614710.0795,9762092.5548,0.0],[614709.4407,9762091.4521,0.0],[614708.8301,9762090.3335,0.0],[614708.2483,9762089.1996,0.0],[614707.6955,9762088.0513,0.0],[614707.1722,9762086.8893,0.0],[614706.6786,9762085.7144,0.0],[614706.2152,9762084.5272,0.0],[614705.7822,9762083.3286,0.0],[614705.3798,9762082.1194,0.0],[614705.0084,9762080.9003,0.0],[614704.6682,9762079.6721,0.0],[614700.4682,9762063.7221,0.0],[614700.1764,9762062.5573,0.0],[614699.9127,9762061.3858,0.0],[614699.6771,9762060.2083,0.0],[614699.4699,9762059.0255,0.0],[614699.2912,9762057.838,0.0],[614699.141,9762056.6466,0.0],[614696.291,9762031.6166,0.0],[614696.1657,9762030.3791,0.0],[614696.0712,9762029.1388,0.0],[614696.0075,9762027.8966,0.0],[614695.9748,9762026.6532,0.0],[614695.973,9762025.4093,0.0],[614696.0022,9762024.1658,0.0],[614696.0623,9762022.9234,0.0],[614696.1533,9762021.6829,0.0],[614696.2751,9762020.445,0.0],[614696.4276,9762019.2105,0.0],[614696.6109,9762017.9802,0.0],[614699.7909,9761998.3102,0.0],[614700.0198,9761997.0043,0.0],[614700.2833,9761995.705,0.0],[614700.5811,9761994.4131,0.0],[614700.9131,9761993.1295,0.0],[614712.9231,9761949.1095,0.0],[614713.3174,9761947.7414,0.0],[614713.7504,9761946.385,0.0],[614720.4086,9761926.5132,0.0],[614728.3084,9761897.4246,0.0],[614734.6131,9761869.5642,0.0],[614734.8986,9761868.3707,0.0],[614735.2133,9761867.1846,0.0],[614735.5571,9761866.0066,0.0],[614735.9296,9761864.8373,0.0],[614736.3308,9761863.6776,0.0],[614736.7602,9761862.528,0.0],[614737.2178,9761861.3894,0.0],[614737.7031,9761860.2623,0.0],[614738.216,9761859.1474,0.0],[614738.7561,9761858.0455,0.0],[614739.323,9761856.9572,0.0],[614739.9165,9761855.8831,0.0],[614740.5362,9761854.8239,0.0],[614741.1817,9761853.7802,0.0],[614741.8526,9761852.7527,0.0],[614742.5485,9761851.7419,0.0],[614743.269,9761850.7486,0.0],[614744.0137,9761849.7732,0.0],[614744.7821,9761848.8164,0.0],[614745.5737,9761847.8787,0.0],[614746.3881,9761846.9608,0.0],[614747.2248,9761846.0631,0.0],[614748.0833,9761845.1862,0.0],[614748.963,9761844.3306,0.0],[614749.8634,9761843.4969,0.0],[614750.7841,9761842.6855,0.0],[614751.7244,9761841.897,0.0],[614752.6837,9761841.1318,0.0],[614753.6616,9761840.3904,0.0],[614754.6573,9761839.6731,0.0],[614755.6704,9761838.9806,0.0],[614756.7001,9761838.3131,0.0],[614757.7459,9761837.6711,0.0],[614758.8072,9761837.0549,0.0],[614759.8832,9761836.465,0.0],[614760.9734,9761835.9016,0.0],[614762.0771,9761835.3652,0.0],[614763.1937,9761834.856,0.0],[614764.3223,9761834.3744,0.0],[614765.4625,9761833.9206,0.0],[614766.6135,9761833.495,0.0],[614767.7746,9761833.0977,0.0],[614768.945,9761832.729,0.0],[614770.1242,9761832.3892,0.0],[614771.3113,9761832.0784,0.0],[614772.5057,9761831.7968,0.0],[614773.7067,9761831.5447,0.0],[614774.9135,9761831.322,0.0],[614776.1254,9761831.1291,0.0],[614777.3416,9761830.966,0.0],[614778.5615,9761830.8327,0.0],[614779.7843,9761830.7295,0.0],[614781.0093,9761830.6562,0.0],[614782.2357,9761830.6131,0.0],[614783.4628,9761830.6001,0.0],[614784.6898,9761830.6172,0.0],[614785.9161,9761830.6644,0.0],[614787.1408,9761830.7416,0.0],[614788.3632,9761830.8489,0.0],[614789.5827,9761830.9862,0.0],[614790.7984,9761831.1534,0.0],[614792.0097,9761831.3503,0.0],[614793.2157,9761831.577,0.0],[614794.4158,9761831.8331,0.0],[614795.6093,9761832.1186,0.0],[614796.7954,9761832.4333,0.0],[614797.9734,9761832.7771,0.0],[614799.1427,9761833.1496,0.0],[614800.3024,9761833.5508,0.0],[614801.452,9761833.9802,0.0],[614802.5906,9761834.4378,0.0],[614803.7177,9761834.9231,0.0],[614804.8326,9761835.436,0.0],[614805.9345,9761835.9761,0.0],[614807.0228,9761836.543,0.0],[614808.0969,9761837.1365,0.0],[614809.1561,9761837.7562,0.0],[614810.1998,9761838.4017,0.0],[614811.2273,9761839.0726,0.0],[614812.2381,9761839.7685,0.0],[614813.2314,9761840.489,0.0],[614814.2068,9761841.2337,0.0],[614815.1636,9761842.0021,0.0],[614816.1013,9761842.7937,0.0],[614817.0192,9761843.6081,0.0],[614817.9169,9761844.4448,0.0],[614818.7938,9761845.3033,0.0],[614819.6494,9761846.183,0.0],[614820.4831,9761847.0834,0.0],[614821.2945,9761848.0041,0.0],[614822.083,9761848.9444,0.0],[614822.8482,9761849.9037,0.0],[614823.5896,9761850.8816,0.0],[614824.3069,9761851.8773,0.0],[614824.9994,9761852.8904,0.0],[614825.6669,9761853.9201,0.0],[614826.3089,9761854.9659,0.0],[614826.9251,9761856.0272,0.0],[614827.515,9761857.1032,0.0],[614828.0784,9761858.1934,0.0],[614828.6148,9761859.2971,0.0],[614829.124,9761860.4137,0.0],[614829.6056,9761861.5423,0.0],[614830.0594,9761862.6825,0.0],[614830.485,9761863.8335,0.0],[614830.8823,9761864.9946,0.0],[614831.251,9761866.165,0.0],[614831.5908,9761867.3442,0.0],[614831.9016,9761868.5313,0.0],[614832.1832,9761869.7257,0.0],[614832.4353,9761870.9267,0.0],[614832.658,9761872.1335,0.0],[614832.8509,9761873.3454,0.0],[614833.014,9761874.5616,0.0],[614833.1473,9761875.7815,0.0],[614833.2505,9761877.0043,0.0],[614833.3238,9761878.2293,0.0],[614833.3669,9761879.4557,0.0],[614833.3799,9761880.6828,0.0],[614833.3628,9761881.9098,0.0],[614833.3156,9761883.1361,0.0],[614833.2384,9761884.3608,0.0],[614833.1311,9761885.5832,0.0],[614832.9938,9761886.8027,0.0],[614832.8266,9761888.0184,0.0],[614832.6297,9761889.2297,0.0],[614832.403,9761890.4357,0.0],[614832.1469,9761891.6358,0.0],[614825.6069,9761920.5358,0.0],[614825.3606,9761921.5727,0.0],[614825.0923,9761922.604,0.0],[614816.5323,9761954.124,0.0],[614816.1311,9761955.5206,0.0],[614815.6896,9761956.905,0.0],[614809.022,9761976.8045,0.0],[614798.0855,9762016.8899,0.0],[614796.4278,9762027.1436,0.0],[614798.0907,9762041.7477,0.0],[614799.5751,9762047.3847,0.0],[614801.4562,9762050.5382,0.0],[614808.8342,9762059.3488,0.0],[614809.503,9762060.1647,0.0],[614810.1544,9762060.9946,0.0],[614810.7882,9762061.8381,0.0],[614824.8782,9762081.0081,0.0],[614825.5577,9762081.9556,0.0],[614826.215,9762082.9187,0.0],[614826.8496,9762083.8969,0.0],[614827.4613,9762084.8896,0.0],[614828.0496,9762085.8963,0.0],[614835.7296,9762099.3963,0.0],[614836.0633,9762099.9923,0.0],[614862.8833,9762148.6723,0.0],[614863.3919,9762149.6193,0.0],[614863.88,9762150.5771,0.0],[614890.7727,9762204.779,0.0],[614902.8247,9762227.871,0.0],[614921.9855,9762259.78,0.0],[614922.6384,9762260.9,0.0],[614923.2621,9762262.0365,0.0],[614923.8561,9762263.1888,0.0],[614924.42,9762264.3561,0.0],[614924.9535,9762265.5377,0.0],[614929.9311,9762276.9548,0.0],[614935.2826,9762268.6494,0.0],[614955.3315,9762227.1638,0.0],[614955.8325,9762226.1561,0.0],[614956.3561,9762225.16,0.0],[614970.4898,9762198.9902,0.0],[614983.6988,9762173.0564,0.0],[614995.3876,9762147.7977,0.0],[615001.8343,9762132.3256,0.0],[615006.9933,9762116.1276,0.0],[615011.2719,9762096.7053,0.0],[615018.0101,9762060.4128,0.0],[615018.29,9762059.0162,0.0],[615024.06,9762032.2162,0.0],[615024.3148,9762031.0955,0.0],[615024.5953,9762029.981,0.0],[615024.9014,9762028.8732,0.0],[615032.4614,9762002.6832,0.0],[615032.7927,9762001.5828,0.0],[615033.1493,9762000.4903,0.0],[615033.5309,9761999.4064,0.0],[615033.9373,9761998.3315,0.0],[615043.6173,9761973.5915,0.0],[615044.0412,9761972.5433,0.0],[615044.4886,9761971.5049,0.0],[615054.7986,9761948.3049,0.0],[615055.3087,9761947.194,0.0],[615055.8457,9761946.0958,0.0],[615056.4095,9761945.0112,0.0],[615056.9995,9761943.9406,0.0],[615073.2395,9761915.3106,0.0],[615073.8995,9761914.1818,0.0],[615074.5888,9761913.0706,0.0],[615075.3069,9761911.9778,0.0],[615076.0533,9761910.9042,0.0],[615076.8275,9761909.8504,0.0],[615077.6291,9761908.8173,0.0],[615099.8091,9761880.9873,0.0],[615100.5334,9761880.0995,0.0],[615101.2778,9761879.2286,0.0],[615102.042,9761878.375,0.0],[615102.8256,9761877.5391,0.0],[615103.6281,9761876.7213,0.0],[615126.4188,9761854.0251,0.0],[615155.9604,9761819.7877,0.0],[615164.5909,9761807.8049,0.0],[615171.2793,9761794.7921,0.0],[615177.4243,9761777.5241,0.0],[615186.6126,9761746.1267,0.0],[615186.9933,9761744.8859,0.0],[615196.4984,9761715.2796,0.0],[615196.3511,9761712.8248,0.0],[615193.1582,9761706.6225,0.0],[615181.2296,9761693.3498,0.0],[615171.0743,9761683.9171,0.0],[615148.8285,9761666.2198,0.0],[615134.3247,9761657.1605,0.0],[615117.713,9761649.7098,0.0],[615067.4143,9761633.7341,0.0],[615066.2127,9761633.3356,0.0],[615065.0215,9761632.9068,0.0],[615063.8416,9761632.448,0.0],[615062.6737,9761631.9595,0.0],[615061.5185,9761631.4416,0.0],[615060.3768,9761630.8946,0.0],[615022.2166,9761624.9534,0.0],[614998.4248,9761622.1888,0.0],[614985.8179,9761620.9091,0.0],[614964.8697,9761619.2503,0.0],[614944.3639,9761617.8759,0.0],[614920.73,9761618.0023,0.0],[614909.8925,9761618.3657,0.0],[614899.3711,9761618.887,0.0]]]]}},
{"type":"Feature","properties":{"zona":"DESARROLLO TURISTICO Y DE SOSTENIBILIDAD","hectareas":1.11},"geometry":{"type":"MultiPolygon","coordinates":[[[[615191.8659,9762240.7092,0.0],[615187.1155,9762233.692,0.0],[615187.0491,9762233.5912,0.0],[615186.985,9762233.4889,0.0],[615186.9235,9762233.385,0.0],[615186.8645,9762233.2796,0.0],[615186.8081,9762233.1729,0.0],[615186.7542,9762233.0648,0.0],[615182.1768,9762223.5938,0.0],[615182.127,9762223.4875,0.0],[615182.0796,9762223.3801,0.0],[615182.0348,9762223.2716,0.0],[615181.9926,9762223.162,0.0],[615181.9529,9762223.0515,0.0],[615181.9159,9762222.9401,0.0],[615181.8815,9762222.8279,0.0],[615181.8497,9762222.7148,0.0],[615181.8206,9762222.6011,0.0],[615181.7941,9762222.4867,0.0],[615181.7704,9762222.3717,0.0],[615179.7839,9762212.1472,0.0],[615179.7616,9762212.0242,0.0],[615179.7423,9762211.9006,0.0],[615179.7262,9762211.7766,0.0],[615179.7132,9762211.6522,0.0],[615179.7033,9762211.5276,0.0],[615179.0291,9762201.457,0.0],[615179.0228,9762201.3454,0.0],[615179.0191,9762201.2338,0.0],[615179.0179,9762201.122,0.0],[615179.0192,9762201.0103,0.0],[615179.203,9762192.8577,0.0],[615173.7079,9762186.4203,0.0],[615173.6303,9762186.3272,0.0],[615173.555,9762186.2322,0.0],[615173.4821,9762186.1354,0.0],[615173.4115,9762186.0369,0.0],[615173.3433,9762185.9367,0.0],[615173.2775,9762185.8348,0.0],[615173.2143,9762185.7315,0.0],[615173.1536,9762185.6266,0.0],[615173.0954,9762185.5202,0.0],[615173.0398,9762185.4125,0.0],[615172.9869,9762185.3035,0.0],[615172.9366,9762185.1932,0.0],[615172.889,9762185.0817,0.0],[615172.8441,9762184.9691,0.0],[615172.802,9762184.8555,0.0],[615172.7626,9762184.7409,0.0],[615172.726,9762184.6253,0.0],[615172.6923,9762184.5089,0.0],[615172.6613,9762184.3917,0.0],[615172.6332,9762184.2738,0.0],[615172.608,9762184.1552,0.0],[615172.5857,9762184.0361,0.0],[615172.5662,9762183.9165,0.0],[615171.0244,9762173.6475,0.0],[615171.0075,9762173.5241,0.0],[615170.9936,9762173.4003,0.0],[615170.9828,9762173.2762,0.0],[615170.9751,9762173.1519,0.0],[615170.9705,9762173.0275,0.0],[615170.969,9762172.9029,0.0],[615170.9706,9762172.7784,0.0],[615170.9753,9762172.6539,0.0],[615170.9831,9762172.5296,0.0],[615170.994,9762172.4056,0.0],[615171.008,9762172.2818,0.0],[615171.0251,9762172.1584,0.0],[615171.0452,9762172.0355,0.0],[615171.0684,9762171.9132,0.0],[615171.0946,9762171.7914,0.0],[615171.1239,9762171.6703,0.0],[615171.1561,9762171.55,0.0],[615171.1914,9762171.4306,0.0],[615171.2296,9762171.312,0.0],[615171.2707,9762171.1945,0.0],[615174.2823,9762162.9231,0.0],[615173.1962,9762154.6715,0.0],[615169.9253,9762144.8341,0.0],[615169.8881,9762144.7175,0.0],[615169.8538,9762144.6001,0.0],[615169.8224,9762144.4819,0.0],[615169.7939,9762144.3629,0.0],[615169.7682,9762144.2433,0.0],[615169.7456,9762144.1231,0.0],[615169.7258,9762144.0024,0.0],[615169.7091,9762143.8812,0.0],[615169.6953,9762143.7597,0.0],[615169.6845,9762143.6378,0.0],[615169.4137,9762140.0973,0.0],[615169.241,9762140.2322,0.0],[615168.0013,9762141.67,0.0],[615167.8974,9762141.7868,0.0],[615166.3016,9762143.5246,0.0],[615166.2161,9762143.6153,0.0],[615166.1284,9762143.704,0.0],[615166.0385,9762143.7904,0.0],[615165.9465,9762143.8745,0.0],[615165.8524,9762143.9563,0.0],[615165.7563,9762144.0358,0.0],[615165.6583,9762144.1128,0.0],[615165.5583,9762144.1874,0.0],[615165.4565,9762144.2594,0.0],[615165.353,9762144.3289,0.0],[615165.2478,9762144.3958,0.0],[615165.1409,9762144.46,0.0],[615165.0325,9762144.5215,0.0],[615164.9225,9762144.5804,0.0],[615164.8112,9762144.6364,0.0],[615164.6984,9762144.6897,0.0],[615164.5844,9762144.7401,0.0],[615162.4763,9762145.6414,0.0],[615162.358,9762145.6902,0.0],[615162.2385,9762145.736,0.0],[615162.1179,9762145.7787,0.0],[615161.9962,9762145.8182,0.0],[615161.8735,9762145.8547,0.0],[615161.75,9762145.888,0.0],[615161.6256,9762145.9181,0.0],[615160.4178,9762146.1944,0.0],[615158.5864,9762147.3025,0.0],[615156.044,9762148.8682,0.0],[615155.9416,9762148.9296,0.0],[615155.8378,9762148.9885,0.0],[615155.7326,9762149.045,0.0],[615153.4358,9762150.2417,0.0],[615151.8477,9762151.4145,0.0],[615150.7087,9762152.6103,0.0],[615150.6264,9762152.6948,0.0],[615150.542,9762152.7773,0.0],[615150.4558,9762152.8578,0.0],[615150.3676,9762152.9362,0.0],[615150.2777,9762153.0125,0.0],[615150.1859,9762153.0867,0.0],[615150.0925,9762153.1587,0.0],[615149.9974,9762153.2285,0.0],[615149.9006,9762153.296,0.0],[615149.8023,9762153.3612,0.0],[615147.729,9762154.7013,0.0],[615147.599,9762154.7825,0.0],[615145.7245,9762155.9142,0.0],[615144.4523,9762156.8073,0.0],[615143.3854,9762158.1129,0.0],[615143.359,9762158.1449,0.0],[615142.0177,9762159.7587,0.0],[615141.9395,9762159.8505,0.0],[615141.8591,9762159.9404,0.0],[615141.7765,9762160.0284,0.0],[615141.6919,9762160.1143,0.0],[615141.6052,9762160.1982,0.0],[615141.5165,9762160.2799,0.0],[615141.4258,9762160.3595,0.0],[615141.3333,9762160.4369,0.0],[615139.7249,9762161.7491,0.0],[615139.6498,9762161.8091,0.0],[615138.1261,9762163.0042,0.0],[615136.5241,9762164.4449,0.0],[615136.4283,9762164.5289,0.0],[615136.3305,9762164.6104,0.0],[615136.2306,9762164.6893,0.0],[615136.1287,9762164.7657,0.0],[615136.0248,9762164.8395,0.0],[615135.9192,9762164.9106,0.0],[615135.8118,9762164.979,0.0],[615135.7026,9762165.0446,0.0],[615135.5918,9762165.1074,0.0],[615135.4795,9762165.1674,0.0],[615135.3657,9762165.2245,0.0],[615133.211,9762166.2713,0.0],[615132.4148,9762166.8888,0.0],[615131.2716,9762168.2174,0.0],[615131.1825,9762168.3182,0.0],[615131.0908,9762168.4165,0.0],[615130.9964,9762168.5124,0.0],[615130.8995,9762168.6056,0.0],[615130.8001,9762168.6962,0.0],[615129.3261,9762170.0041,0.0],[615128.5083,9762170.9697,0.0],[615127.5914,9762172.7449,0.0],[615127.54,9762172.8417,0.0],[615127.4865,9762172.9374,0.0],[615127.4309,9762173.0319,0.0],[615127.3733,9762173.1251,0.0],[615126.0735,9762175.1778,0.0],[615126.0067,9762175.2805,0.0],[615125.9374,9762175.3815,0.0],[615125.8657,9762175.4808,0.0],[615125.7915,9762175.5783,0.0],[615124.5136,9762177.2164,0.0],[615124.4319,9762177.3184,0.0],[615124.3476,9762177.4182,0.0],[615122.8495,9762179.1444,0.0],[615121.4511,9762181.3428,0.0],[615121.3877,9762181.44,0.0],[615121.3219,9762181.5358,0.0],[615119.8928,9762183.5676,0.0],[615118.4793,9762185.6749,0.0],[615118.476,9762185.6798,0.0],[615117.2092,9762187.5637,0.0],[615116.0893,9762189.4232,0.0],[615116.0865,9762189.4278,0.0],[615114.8179,9762191.5291,0.0],[615114.7698,9762191.6071,0.0],[615113.4988,9762193.6277,0.0],[615113.4624,9762193.6848,0.0],[615112.0688,9762195.835,0.0],[615110.9217,9762197.9257,0.0],[615109.7195,9762200.3506,0.0],[615109.6669,9762200.4536,0.0],[615109.6119,9762200.5554,0.0],[615108.368,9762202.7974,0.0],[615107.4495,9762204.7184,0.0],[615106.4746,9762206.9374,0.0],[615106.4144,9762207.0692,0.0],[615106.3505,9762207.1991,0.0],[615105.272,9762209.3124,0.0],[615105.2092,9762209.4314,0.0],[615105.1434,9762209.5485,0.0],[615105.0743,9762209.6639,0.0],[615103.9189,9762211.5378,0.0],[615102.8563,9762213.4627,0.0],[615102.7833,9762213.5904,0.0],[615102.7067,9762213.7158,0.0],[615101.4602,9762215.69,0.0],[615101.4502,9762215.7058,0.0],[615100.2082,9762217.6567,0.0],[615100.1419,9762217.758,0.0],[615100.0732,9762217.8578,0.0],[615100.0021,9762217.9558,0.0],[615098.7276,9762219.6691,0.0],[615098.6442,9762219.7781,0.0],[615097.6722,9762221.0124,0.0],[615096.7219,9762222.8133,0.0],[615095.4999,9762225.2942,0.0],[615095.4453,9762225.4017,0.0],[615095.3881,9762225.5079,0.0],[615095.3284,9762225.6127,0.0],[615095.2662,9762225.716,0.0],[615095.2015,9762225.8178,0.0],[615095.1343,9762225.918,0.0],[615095.0648,9762226.0165,0.0],[615094.9929,9762226.1134,0.0],[615094.9187,9762226.2085,0.0],[615094.8422,9762226.3017,0.0],[615093.4765,9762227.9267,0.0],[615093.3913,9762228.0255,0.0],[615093.3035,9762228.122,0.0],[615093.2132,9762228.2163,0.0],[615093.1205,9762228.3081,0.0],[615093.0254,9762228.3974,0.0],[615092.928,9762228.4843,0.0],[615092.8284,9762228.5686,0.0],[615090.9177,9762230.143,0.0],[615090.7824,9762230.2506,0.0],[615089.544,9762231.2011,0.0],[615089.1831,9762232.0671,0.0],[615089.0357,9762233.4563,0.0],[615089.021,9762233.5797,0.0],[615089.0033,9762233.7026,0.0],[615088.9826,9762233.825,0.0],[615088.9588,9762233.9469,0.0],[615088.932,9762234.0682,0.0],[615088.9022,9762234.1888,0.0],[615088.8694,9762234.3085,0.0],[615088.8336,9762234.4275,0.0],[615088.7949,9762234.5455,0.0],[615088.1056,9762236.5624,0.0],[615088.0637,9762236.6801,0.0],[615088.0189,9762236.7968,0.0],[615087.9712,9762236.9123,0.0],[615087.9206,9762237.0265,0.0],[615087.8672,9762237.1395,0.0],[615087.8109,9762237.2511,0.0],[615087.7519,9762237.3613,0.0],[615087.6902,9762237.4699,0.0],[615087.6257,9762237.577,0.0],[615087.5587,9762237.6824,0.0],[615086.8074,9762238.8309,0.0],[615086.6033,9762239.7321,0.0],[615086.3402,9762242.0792,0.0],[615086.3244,9762242.2054,0.0],[615086.3054,9762242.3312,0.0],[615086.2833,9762242.4564,0.0],[615086.2579,9762242.581,0.0],[615086.2294,9762242.705,0.0],[615086.1977,9762242.8281,0.0],[615085.5754,9762245.128,0.0],[615085.5398,9762245.2534,0.0],[615085.5008,9762245.3777,0.0],[615085.4587,9762245.501,0.0],[615084.6455,9762247.7823,0.0],[615084.4358,9762249.458,0.0],[615084.3395,9762251.5313,0.0],[615084.332,9762251.6587,0.0],[615084.3212,9762251.7859,0.0],[615084.3072,9762251.9127,0.0],[615084.2899,9762252.0391,0.0],[615084.2694,9762252.165,0.0],[615084.2457,9762252.2904,0.0],[615084.2188,9762252.4152,0.0],[615084.1888,9762252.5392,0.0],[615084.1556,9762252.6624,0.0],[615084.1192,9762252.7847,0.0],[615084.0798,9762252.906,0.0],[615084.0372,9762253.0263,0.0],[615083.332,9762254.9426,0.0],[615082.571,9762257.041,0.0],[615081.8343,9762259.3287,0.0],[615081.7972,9762259.4393,0.0],[615081.7576,9762259.549,0.0],[615080.9139,9762261.8025,0.0],[615080.8632,9762261.9324,0.0],[615080.8089,9762262.0608,0.0],[615080.751,9762262.1877,0.0],[615079.6899,9762264.4306,0.0],[615078.7999,9762266.4263,0.0],[615078.7457,9762266.5437,0.0],[615078.6885,9762266.6597,0.0],[615078.6283,9762266.7742,0.0],[615078.5652,9762266.887,0.0],[615078.4991,9762266.9982,0.0],[615078.4303,9762267.1077,0.0],[615078.3586,9762267.2153,0.0],[615078.2841,9762267.3211,0.0],[615078.207,9762267.4248,0.0],[615076.7303,9762269.3582,0.0],[615076.6554,9762269.4539,0.0],[615076.5782,9762269.5476,0.0],[615076.4987,9762269.6395,0.0],[615076.4171,9762269.7294,0.0],[615075.267,9762270.9653,0.0],[615074.8807,9762271.9107,0.0],[615074.5005,9762273.3937,0.0],[615074.178,9762275.4036,0.0],[615074.1571,9762275.5247,0.0],[615074.1331,9762275.6453,0.0],[615074.1062,9762275.7653,0.0],[615074.0764,9762275.8846,0.0],[615074.0436,9762276.0031,0.0],[615074.008,9762276.1207,0.0],[615073.9694,9762276.2375,0.0],[615073.928,9762276.3532,0.0],[615073.8837,9762276.468,0.0],[615072.8967,9762278.9361,0.0],[615072.8542,9762279.0392,0.0],[615072.8093,9762279.1413,0.0],[615072.7622,9762279.2424,0.0],[615072.7128,9762279.3424,0.0],[615071.7074,9762281.3235,0.0],[615071.0078,9762283.057,0.0],[615070.4892,9762285.155,0.0],[615070.4542,9762285.2888,0.0],[615070.4155,9762285.4215,0.0],[615070.3731,9762285.5532,0.0],[615069.4352,9762288.3341,0.0],[615069.4301,9762288.3493,0.0],[615068.5379,9762290.9668,0.0],[615067.8799,9762293.0587,0.0],[615067.8354,9762293.1934,0.0],[615067.2205,9762294.9705,0.0],[615066.8572,9762296.9832,0.0],[615066.834,9762297.103,0.0],[615066.808,9762297.2221,0.0],[615066.7791,9762297.3406,0.0],[615066.7472,9762297.4583,0.0],[615066.7126,9762297.5752,0.0],[615066.675,9762297.6913,0.0],[615065.8592,9762300.1129,0.0],[615065.8199,9762300.2254,0.0],[615065.7778,9762300.3369,0.0],[615065.7331,9762300.4474,0.0],[615065.6857,9762300.5567,0.0],[615065.6358,9762300.665,0.0],[615065.5833,9762300.772,0.0],[615065.5283,9762300.8777,0.0],[615065.4708,9762300.9821,0.0],[615064.1745,9762303.2692,0.0],[615064.1047,9762303.3884,0.0],[615064.0317,9762303.5057,0.0],[615062.804,9762305.4172,0.0],[615061.7872,9762307.4735,0.0],[615061.7355,9762307.5751,0.0],[615061.5006,9762308.024,0.0],[615191.5647,9762267.93,0.0],[615191.3038,9762263.7784,0.0],[615191.2978,9762263.6622,0.0],[615191.2946,9762263.5458,0.0],[615191.1321,9762253.5301,0.0],[615191.1316,9762253.406,0.0],[615191.1342,9762253.2819,0.0],[615191.1399,9762253.1579,0.0],[615191.8659,9762240.7092,0.0]]]]}},
{"type":"Feature","properties":{"zona":"DESARROLLO TURISTICO Y DE SOSTENIBILIDAD","hectareas":8.88},"geometry":{"type":"MultiPolygon","coordinates":[[[[614591.3115,9763389.3354,0.0],[614591.218,9763389.105,0.0],[614591.1302,9763388.8723,0.0],[614591.0483,9763388.6376,0.0],[614585.4383,9763371.8976,0.0],[614585.3587,9763371.6495,0.0],[614585.2856,9763371.3994,0.0],[614585.2191,9763371.1475,0.0],[614585.1592,9763370.8939,0.0],[614585.1058,9763370.6389,0.0],[614585.0592,9763370.3825,0.0],[614585.0192,9763370.1251,0.0],[614584.986,9763369.8666,0.0],[614582.816,9763351.0666,0.0],[614582.7912,9763350.8272,0.0],[614582.7723,9763350.5873,0.0],[614582.7591,9763350.3469,0.0],[614582.7517,9763350.1063,0.0],[614582.7501,9763349.8656,0.0],[614582.7544,9763349.625,0.0],[614582.7643,9763349.3845,0.0],[614582.7801,9763349.1443,0.0],[614582.8017,9763348.9046,0.0],[614584.8717,9763328.6246,0.0],[614584.9005,9763328.3737,0.0],[614584.9356,9763328.1237,0.0],[614584.9771,9763327.8746,0.0],[614585.0248,9763327.6267,0.0],[614585.0787,9763327.38,0.0],[614585.1389,9763327.1348,0.0],[614590.8889,9763304.9148,0.0],[614590.9588,9763304.6587,0.0],[614591.0355,9763304.4046,0.0],[614591.1188,9763304.1527,0.0],[614591.2089,9763303.903,0.0],[614604.5989,9763268.263,0.0],[614604.6921,9763268.0243,0.0],[614604.7913,9763267.788,0.0],[614614.6901,9763245.0527,0.0],[614623.7197,9763223.0857,0.0],[614630.8646,9763203.3452,0.0],[614634.8972,9763187.68,0.0],[614634.4609,9763174.7577,0.0],[614628.4342,9763161.091,0.0],[614610.4774,9763135.6659,0.0],[614596.5257,9763116.9709,0.0],[614596.3922,9763116.7878,0.0],[614596.263,9763116.6017,0.0],[614596.138,9763116.4127,0.0],[614596.0173,9763116.221,0.0],[614595.9009,9763116.0265,0.0],[614584.5209,9763096.5065,0.0],[614584.3978,9763096.2891,0.0],[614584.2801,9763096.0686,0.0],[614584.168,9763095.8453,0.0],[614584.0614,9763095.6192,0.0],[614583.9606,9763095.3906,0.0],[614583.8655,9763095.1595,0.0],[614583.7762,9763094.9261,0.0],[614583.6928,9763094.6905,0.0],[614583.6153,9763094.453,0.0],[614583.5437,9763094.2135,0.0],[614577.6437,9763073.5335,0.0],[614577.5806,9763073.3018,0.0],[614577.5231,9763073.0686,0.0],[614577.4712,9763072.8342,0.0],[614577.4249,9763072.5985,0.0],[614577.3843,9763072.3618,0.0],[614577.3494,9763072.1242,0.0],[614577.3202,9763071.8858,0.0],[614577.2968,9763071.6468,0.0],[614577.2791,9763071.4073,0.0],[614577.2671,9763071.1674,0.0],[614576.4108,9763048.4945,0.0],[614574.6242,9763017.2882,0.0],[614566.4193,9762964.6399,0.0],[614566.3847,9762964.3987,0.0],[614566.356,9762964.1569,0.0],[614566.3332,9762963.9143,0.0],[614566.3163,9762963.6714,0.0],[614566.3054,9762963.428,0.0],[614566.3004,9762963.1845,0.0],[614566.3013,9762962.9409,0.0],[614566.3081,9762962.6974,0.0],[614566.3209,9762962.4542,0.0],[614566.3396,9762962.2113,0.0],[614566.3642,9762961.969,0.0],[614566.3947,9762961.7273,0.0],[614566.431,9762961.4865,0.0],[614566.4733,9762961.2466,0.0],[614566.5213,9762961.0078,0.0],[614566.5752,9762960.7702,0.0],[614566.6348,9762960.5341,0.0],[614566.7002,9762960.2994,0.0],[614570.5102,9762947.2394,0.0],[614570.583,9762947.001,0.0],[614570.6617,9762946.7644,0.0],[614570.7463,9762946.5299,0.0],[614570.8367,9762946.2975,0.0],[614570.9329,9762946.0675,0.0],[614571.0348,9762945.8399,0.0],[614571.1423,9762945.615,0.0],[614571.2554,9762945.3928,0.0],[614571.3741,9762945.1734,0.0],[614571.4981,9762944.9572,0.0],[614571.6275,9762944.744,0.0],[614571.7622,9762944.5342,0.0],[614571.902,9762944.3278,0.0],[614572.047,9762944.1249,0.0],[614572.197,9762943.9257,0.0],[614572.3519,9762943.7304,0.0],[614572.5116,9762943.5389,0.0],[614572.676,9762943.3515,0.0],[614572.8451,9762943.1682,0.0],[614573.0187,9762942.9892,0.0],[614573.1967,9762942.8146,0.0],[614573.379,9762942.6445,0.0],[614591.299,9762926.3345,0.0],[614591.4825,9762926.1716,0.0],[614591.6699,9762926.0132,0.0],[614591.8612,9762925.8594,0.0],[614592.0563,9762925.7104,0.0],[614592.2549,9762925.5662,0.0],[614592.457,9762925.4269,0.0],[614592.6624,9762925.2927,0.0],[614592.8711,9762925.1635,0.0],[614593.0829,9762925.0394,0.0],[614593.2976,9762924.9206,0.0],[614593.5152,9762924.8072,0.0],[614593.7356,9762924.6991,0.0],[614593.9585,9762924.5964,0.0],[614612.3985,9762916.3764,0.0],[614612.6379,9762916.2734,0.0],[614612.88,9762916.1766,0.0],[614613.1245,9762916.0862,0.0],[614613.3712,9762916.0022,0.0],[614613.6201,9762915.9247,0.0],[614633.4301,9762910.0347,0.0],[614633.6447,9762909.9735,0.0],[614633.8606,9762909.9171,0.0],[614634.0777,9762909.8655,0.0],[614634.2497,9762909.8287,0.0],[614627.3798,9762883.4645,0.0],[614621.71,9762887.03,0.0],[614597.93,9762899.03,0.0],[614530.98,9762988.66,0.0],[614416.35,9763088.2,0.0],[614316.1,9763102.55,0.0],[614299.1894,9763103.9466,0.0],[614301.0056,9763287.5106,0.0],[614593.387,9763392.8382,0.0],[614592.1219,9763390.8733,0.0],[614591.9899,9763390.6626,0.0],[614591.8632,9763390.4486,0.0],[614591.7418,9763390.2316,0.0],[614591.6259,9763390.0116,0.0],[614591.5155,9763389.7889,0.0],[614591.4107,9763389.5634,0.0],[614591.3115,9763389.3354,0.0]]]]}},
{"type":"Feature","properties":{"zona":"DESARROLLO TURISTICO Y DE SOSTENIBILIDAD","hectareas":1.04},"geometry":{"type":"MultiPolygon","coordinates":[[[[614996.1393,9763204.3806,0.0],[614996.3014,9763204.1844,0.0],[614996.4684,9763203.9924,0.0],[614996.6402,9763203.8046,0.0],[615010.8102,9763188.7146,0.0],[615010.994,9763188.5241,0.0],[615011.1827,9763188.3385,0.0],[615011.3762,9763188.1579,0.0],[615011.5745,9763187.9825,0.0],[615011.7774,9763187.8124,0.0],[615053.0985,9763154.0912,0.0],[615068.6409,9763136.7943,0.0],[615078.4699,9763124.129,0.0],[615078.6279,9763123.9307,0.0],[615078.791,9763123.7364,0.0],[615078.9588,9763123.5462,0.0],[615079.1315,9763123.3604,0.0],[615079.3088,9763123.1791,0.0],[615097.2688,9763105.2691,0.0],[615097.4536,9763105.0894,0.0],[615097.643,9763104.9146,0.0],[615097.8369,9763104.7448,0.0],[615098.0351,9763104.5799,0.0],[615098.2374,9763104.4203,0.0],[615138.8974,9763073.1803,0.0],[615139.1891,9763072.9645,0.0],[615151.7538,9763064.0165,0.0],[615139.27,9763009.99,0.0],[615101.74,9763066.67,0.0],[615017.25,9763127.54,0.0],[614982.96,9763136.11,0.0],[614941.4613,9763285.1,0.0],[614944.8469,9763281.6715,0.0],[614971.1259,9763238.8312,0.0],[614971.2709,9763238.602,0.0],[614971.422,9763238.3768,0.0],[614983.102,9763221.4668,0.0],[614983.2398,9763221.2721,0.0],[614983.3823,9763221.0809,0.0],[614995.9823,9763204.5809,0.0],[614996.1393,9763204.3806,0.0]]]]}},
{"type":"Feature","properties":{"zona":"DESARROLLO TURISTICO Y DE SOSTENIBILIDAD","hectareas":1.9},"geometry":{"type":"MultiPolygon","coordinates":[[[[614619.9455,9762934.9093,0.0],[614603.5711,9762942.2085,0.0],[614588.9219,9762955.5416,0.0],[614586.5238,9762963.7616,0.0],[614594.4607,9763014.6901,0.0],[614594.4953,9763014.9312,0.0],[614594.524,9763015.173,0.0],[614594.5468,9763015.4155,0.0],[614594.5637,9763015.6584,0.0],[614596.3837,9763047.4484,0.0],[614596.3929,9763047.6426,0.0],[614597.2073,9763069.2068,0.0],[614602.4317,9763087.5186,0.0],[614612.8935,9763105.4636,0.0],[614626.5843,9763123.8091,0.0],[614626.7382,9763124.0211,0.0],[614645.3482,9763150.3711,0.0],[614645.4896,9763150.5767,0.0],[614645.6258,9763150.7857,0.0],[614645.7567,9763150.998,0.0],[614645.8823,9763151.2136,0.0],[614646.0025,9763151.4322,0.0],[614646.1172,9763151.6538,0.0],[614646.2263,9763151.8781,0.0],[614646.3298,9763152.1051,0.0],[614653.5398,9763168.4551,0.0],[614653.6335,9763168.6745,0.0],[614653.7218,9763168.896,0.0],[614653.8049,9763169.1195,0.0],[614653.8826,9763169.345,0.0],[614653.9549,9763169.5722,0.0],[614654.0217,9763169.8011,0.0],[614654.0831,9763170.0316,0.0],[614654.139,9763170.2634,0.0],[614654.1893,9763170.4965,0.0],[614654.234,9763170.7308,0.0],[614654.2732,9763170.966,0.0],[614654.3067,9763171.2021,0.0],[614654.3346,9763171.439,0.0],[614654.3569,9763171.6764,0.0],[614654.3734,9763171.9143,0.0],[614654.3843,9763172.1526,0.0],[614654.9343,9763188.4426,0.0],[614654.9395,9763188.6806,0.0],[614654.939,9763188.9187,0.0],[614654.9329,9763189.1567,0.0],[614654.9211,9763189.3944,0.0],[614654.9036,9763189.6319,0.0],[614654.8805,9763189.8688,0.0],[614654.8518,9763190.1052,0.0],[614654.8175,9763190.3408,0.0],[614654.7775,9763190.5755,0.0],[614654.732,9763190.8091,0.0],[614654.6809,9763191.0417,0.0],[614654.6243,9763191.2729,0.0],[614650.1143,9763208.7929,0.0],[614650.0521,9763209.023,0.0],[614649.9845,9763209.2515,0.0],[614649.9115,9763209.4783,0.0],[614649.833,9763209.7034,0.0],[614642.453,9763230.0934,0.0],[614642.3782,9763230.2934,0.0],[614642.2991,9763230.4919,0.0],[614633.1491,9763252.7519,0.0],[614633.0687,9763252.942,0.0],[614623.231,9763275.5369,0.0],[614610.118,9763310.4396,0.0],[614604.6912,9763331.4105,0.0],[614602.8087,9763349.8536,0.0],[614604.7341,9763366.5342,0.0],[614609.6146,9763381.0975,0.0],[614621.2922,9763399.2353,0.0],[614626.6088,9763404.8061,0.0],[614671.5741,9763421.0044,0.0],[614657.8772,9763349.6795,0.0],[614657.6621,9763348.4807,0.0],[614657.4763,9763347.2771,0.0],[614657.3198,9763346.0692,0.0],[614657.1928,9763344.8579,0.0],[614657.0953,9763343.6439,0.0],[614657.0275,9763342.4279,0.0],[614656.9892,9763341.2106,0.0],[614656.9807,9763339.9927,0.0],[614657.0018,9763338.7749,0.0],[614660.5825,9763217.4535,0.0],[614647.5247,9762960.7735,0.0],[614639.3004,9762929.2114,0.0],[614638.7018,9762929.3326,0.0],[614619.9455,9762934.9093,0.0]]]]}},
{"type":"Feature","properties":{"zona":"DESARROLLO TURISTICO Y DE SOSTENIBILIDAD","hectareas":1.56},"geometry":{"type":"MultiPolygon","coordinates":[[[[615066.7326,9763168.7622,0.0],[615066.5397,9763168.9324,0.0],[615066.3426,9763169.0976,0.0],[615024.9361,9763202.8885,0.0],[615011.5685,9763217.124,0.0],[614999.4225,9763233.0295,0.0],[614988.0322,9763249.52,0.0],[614964.004,9763288.6911,0.0],[615061.9,9763287.04,0.0],[615104.9,9763192.68,0.0],[615177.41,9763175.05,0.0],[615156.6256,9763085.1003,0.0],[615150.9387,9763089.1503,0.0],[615110.9343,9763119.8866,0.0],[615093.8808,9763136.8926,0.0],[615084.2201,9763149.341,0.0],[615084.0706,9763149.5289,0.0],[615083.9166,9763149.7132,0.0],[615083.7582,9763149.8938,0.0],[615067.4582,9763168.0338,0.0],[615067.2839,9763168.2228,0.0],[615067.1048,9763168.4073,0.0],[615066.921,9763168.5872,0.0],[615066.7326,9763168.7622,0.0]]]]}},
{"type":"Feature","properties":{"zona":"DESARROLLO TURISTICO Y DE SOSTENIBILIDAD","hectareas":9.11},"geometry":{"type":"MultiPolygon","coordinates":[[[[615336.2634,9761646.6371,0.0],[615336.1495,9761653.3117,0.0],[615336.1456,9761653.4414,0.0],[615336.1383,9761653.571,0.0],[615336.1277,9761653.7003,0.0],[615336.1137,9761653.8293,0.0],[615336.0964,9761653.9579,0.0],[615336.0758,9761654.086,0.0],[615336.0518,9761654.2135,0.0],[615334.0626,9761664.0913,0.0],[615332.8974,9761673.8096,0.0],[615331.8305,9761684.355,0.0],[615331.8177,9761684.4683,0.0],[615331.8024,9761684.5813,0.0],[615331.7845,9761684.6939,0.0],[615331.764,9761684.806,0.0],[615331.7409,9761684.9177,0.0],[615331.7154,9761685.0288,0.0],[615325.3368,9761711.3619,0.0],[615319.9284,9761734.7341,0.0],[615316.6884,9761749.4936,0.0],[615321.8638,9761772.4131,0.0],[615321.8912,9761772.5423,0.0],[615321.9151,9761772.6721,0.0],[615321.9357,9761772.8026,0.0],[615321.9527,9761772.9335,0.0],[615322.0188,9761773.4986,0.0],[615323.3847,9761768.3812,0.0],[615323.4186,9761768.2603,0.0],[615323.4555,9761768.1403,0.0],[615323.4954,9761768.0213,0.0],[615323.5383,9761767.9033,0.0],[615323.5842,9761767.7864,0.0],[615323.633,9761767.6708,0.0],[615323.6846,9761767.5563,0.0],[615323.7391,9761767.4432,0.0],[615328.5597,9761757.755,0.0],[615332.9806,9761748.6532,0.0],[615333.0479,9761748.5197,0.0],[615333.1192,9761748.3882,0.0],[615338.3955,9761738.9989,0.0],[615338.4564,9761738.8936,0.0],[615338.5199,9761738.7897,0.0],[615338.5858,9761738.6874,0.0],[615338.6542,9761738.5868,0.0],[615338.7251,9761738.4879,0.0],[615338.7983,9761738.3907,0.0],[615338.8739,9761738.2953,0.0],[615338.9518,9761738.2018,0.0],[615344.9948,9761731.1239,0.0],[615331.0046,9761719.2314,0.0],[615347.892,9761670.0195,0.0],[615364.9348,9761673.2831,0.0],[615373.4746,9761681.3253,0.0],[615388.7309,9761707.0741,0.0],[615386.1478,9761719.0112,0.0],[615366.9476,9761729.1558,0.0],[615353.6044,9761736.3791,0.0],[615353.5336,9761736.4841,0.0],[615353.4602,9761736.5874,0.0],[615353.3842,9761736.6888,0.0],[615353.3056,9761736.7882,0.0],[615353.2246,9761736.8856,0.0],[615346.8741,9761744.3236,0.0],[615341.9103,9761753.1568,0.0],[615337.5443,9761762.1455,0.0],[615337.5233,9761762.1884,0.0],[615332.9165,9761771.4468,0.0],[615330.2842,9761781.3093,0.0],[615330.2492,9761781.434,0.0],[615330.2109,9761781.5577,0.0],[615330.1695,9761781.6804,0.0],[615330.1249,9761781.802,0.0],[615330.0772,9761781.9224,0.0],[615330.0264,9761782.0416,0.0],[615329.9725,9761782.1593,0.0],[615329.9155,9761782.2757,0.0],[615329.8556,9761782.3905,0.0],[615324.9128,9761791.5695,0.0],[615324.8531,9761791.6771,0.0],[615324.7909,9761791.7832,0.0],[615324.726,9761791.8877,0.0],[615324.6585,9761791.9906,0.0],[615324.5886,9761792.0918,0.0],[615324.5162,9761792.1913,0.0],[615324.4413,9761792.289,0.0],[615324.3641,9761792.3847,0.0],[615324.2846,9761792.4786,0.0],[615324.2027,9761792.5704,0.0],[615324.1187,9761792.6603,0.0],[615324.0324,9761792.748,0.0],[615323.944,9761792.8336,0.0],[615323.8536,9761792.917,0.0],[615323.7611,9761792.9981,0.0],[615323.6666,9761793.0769,0.0],[615323.5702,9761793.1534,0.0],[615323.472,9761793.2275,0.0],[615323.372,9761793.2991,0.0],[615323.2703,9761793.3683,0.0],[615323.1668,9761793.4349,0.0],[615323.0618,9761793.499,0.0],[615322.9552,9761793.5605,0.0],[615322.9221,9761793.5785,0.0],[615321.3246,9761800.354,0.0],[615321.2884,9761800.4977,0.0],[615321.248,9761800.6404,0.0],[615318.6612,9761809.2819,0.0],[615319.8806,9761818.3161,0.0],[615319.8969,9761818.451,0.0],[615320.9938,9761828.665,0.0],[615328.8669,9761870.6772,0.0],[615342.3934,9761883.5947,0.0],[615341.3989,9761909.4389,0.0],[615327.3612,9761921.0605,0.0],[615308.2732,9761923.1714,0.0],[615277.1508,9761912.9289,0.0],[615274.5057,9761916.9926,0.0],[615274.4411,9761917.0893,0.0],[615274.3743,9761917.1845,0.0],[615274.3053,9761917.2782,0.0],[615274.2341,9761917.3702,0.0],[615274.1608,9761917.4605,0.0],[615274.0855,9761917.5491,0.0],[615274.0081,9761917.6359,0.0],[615267.3733,9761924.9045,0.0],[615263.5824,9761933.4009,0.0],[615263.5324,9761933.5095,0.0],[615263.4798,9761933.6169,0.0],[615263.4246,9761933.7231,0.0],[615263.3669,9761933.8279,0.0],[615263.3067,9761933.9312,0.0],[615263.244,9761934.0332,0.0],[615263.1789,9761934.1335,0.0],[615263.1115,9761934.2323,0.0],[615263.0417,9761934.3295,0.0],[615257.0318,9761942.4863,0.0],[615251.0553,9761950.7425,0.0],[615250.9862,9761950.8357,0.0],[615250.9149,9761950.9272,0.0],[615250.8415,9761951.0171,0.0],[615250.7661,9761951.1053,0.0],[615250.6886,9761951.1917,0.0],[615250.6091,9761951.2763,0.0],[615250.5277,9761951.359,0.0],[615250.4444,9761951.4398,0.0],[615243.02,9761958.4758,0.0],[615242.9283,9761958.5606,0.0],[615242.8345,9761958.6431,0.0],[615242.7386,9761958.7232,0.0],[615242.6408,9761958.8008,0.0],[615242.541,9761958.8761,0.0],[615242.4394,9761958.9488,0.0],[615242.336,9761959.0189,0.0],[615242.2309,9761959.0864,0.0],[615242.1242,9761959.1513,0.0],[615242.0158,9761959.2135,0.0],[615241.906,9761959.273,0.0],[615241.7947,9761959.3297,0.0],[615241.682,9761959.3836,0.0],[615241.568,9761959.4347,0.0],[615241.4527,9761959.4829,0.0],[615232.0048,9761963.2977,0.0],[615226.1774,9761967.0057,0.0],[615226.4295,9761974.2411,0.0],[615226.4323,9761974.3662,0.0],[615226.4319,9761974.4913,0.0],[615226.4285,9761974.6164,0.0],[615226.4219,9761974.7413,0.0],[615226.4121,9761974.866,0.0],[615226.3993,9761974.9904,0.0],[615226.3834,9761975.1145,0.0],[615226.3643,9761975.2382,0.0],[615226.3422,9761975.3613,0.0],[615226.317,9761975.4838,0.0],[615226.2887,9761975.6057,0.0],[615226.2574,9761975.7268,0.0],[615226.2231,9761975.8471,0.0],[615226.1857,9761975.9665,0.0],[615226.1454,9761976.085,0.0],[615226.1022,9761976.2024,0.0],[615226.056,9761976.3186,0.0],[615226.007,9761976.4337,0.0],[615225.955,9761976.5475,0.0],[615225.9003,9761976.66,0.0],[615225.8427,9761976.7711,0.0],[615225.7824,9761976.8807,0.0],[615225.7193,9761976.9887,0.0],[615225.6536,9761977.0952,0.0],[615225.5852,9761977.1999,0.0],[615219.9634,9761985.5834,0.0],[615219.8934,9761985.6852,0.0],[615219.8208,9761985.7851,0.0],[615219.7459,9761985.8833,0.0],[615219.6685,9761985.9795,0.0],[615219.5887,9761986.0738,0.0],[615219.5067,9761986.1662,0.0],[615219.4224,9761986.2564,0.0],[615219.3359,9761986.3446,0.0],[615219.2472,9761986.4306,0.0],[615219.1565,9761986.5143,0.0],[615219.0637,9761986.5958,0.0],[615218.9689,9761986.675,0.0],[615218.8722,9761986.7518,0.0],[615218.7736,9761986.8263,0.0],[615218.6732,9761986.8982,0.0],[615218.5711,9761986.9677,0.0],[615218.4673,9761987.0346,0.0],[615218.3618,9761987.0989,0.0],[615209.6683,9761992.2564,0.0],[615209.5554,9761992.3214,0.0],[615209.4409,9761992.3835,0.0],[615201.6042,9761996.4965,0.0],[615197.5411,9762004.2402,0.0],[615197.4841,9762004.3458,0.0],[615197.4246,9762004.45,0.0],[615197.3625,9762004.5528,0.0],[615197.298,9762004.654,0.0],[615197.2311,9762004.7536,0.0],[615197.1619,9762004.8517,0.0],[615197.0903,9762004.948,0.0],[615197.0164,9762005.0426,0.0],[615196.9402,9762005.1353,0.0],[615196.8619,9762005.2263,0.0],[615196.7814,9762005.3153,0.0],[615196.6987,9762005.4023,0.0],[615196.614,9762005.4874,0.0],[615196.5273,9762005.5704,0.0],[615196.4387,9762005.6513,0.0],[615188.6361,9762012.5991,0.0],[615188.5379,9762012.6842,0.0],[615188.4375,9762012.7669,0.0],[615188.3349,9762012.8468,0.0],[615188.2304,9762012.9241,0.0],[615188.1239,9762012.9986,0.0],[615188.0154,9762013.0704,0.0],[615187.9052,9762013.1393,0.0],[615180.5059,9762017.63,0.0],[615176.9532,9762025.9379,0.0],[615173.9456,9762034.3026,0.0],[615175.6427,9762041.0085,0.0],[615181.0989,9762045.337,0.0],[615189.4165,9762044.1012,0.0],[615199.4335,9762042.6023,0.0],[615199.5639,9762042.5846,0.0],[615199.6948,9762042.5703,0.0],[615199.826,9762042.5594,0.0],[615199.9575,9762042.552,0.0],[615200.0891,9762042.548,0.0],[615210.2172,9762042.3771,0.0],[615220.0754,9762041.7579,0.0],[615229.9538,9762038.9962,0.0],[615230.0808,9762038.9625,0.0],[615230.2087,9762038.9321,0.0],[615230.3373,9762038.9051,0.0],[615230.4666,9762038.8815,0.0],[615230.5965,9762038.8613,0.0],[615240.1097,9762037.5094,0.0],[615247.6296,9762031.854,0.0],[615247.7257,9762031.7835,0.0],[615247.8234,9762031.7154,0.0],[615247.9227,9762031.6496,0.0],[615248.0235,9762031.5861,0.0],[615248.1258,9762031.5251,0.0],[615248.2295,9762031.4666,0.0],[615248.3346,9762031.4105,0.0],[615257.3288,9762026.7502,0.0],[615257.439,9762026.6949,0.0],[615257.5505,9762026.6422,0.0],[615257.6633,9762026.5924,0.0],[615257.7772,9762026.5453,0.0],[615257.8923,9762026.501,0.0],[615258.0085,9762026.4596,0.0],[615258.1256,9762026.4211,0.0],[615258.2437,9762026.3855,0.0],[615258.3626,9762026.3528,0.0],[615267.845,9762023.8698,0.0],[615276.1908,9762019.3148,0.0],[615276.3011,9762019.2564,0.0],[615276.4128,9762019.2008,0.0],[615276.5259,9762019.1479,0.0],[615276.6403,9762019.0979,0.0],[615276.7558,9762019.0508,0.0],[615276.8725,9762019.0065,0.0],[615276.9903,9762018.9652,0.0],[615277.1091,9762018.9269,0.0],[615277.2288,9762018.8915,0.0],[615277.3493,9762018.8591,0.0],[615277.4706,9762018.8297,0.0],[615277.5926,9762018.8034,0.0],[615277.7152,9762018.7801,0.0],[615277.8384,9762018.7599,0.0],[615277.962,9762018.7428,0.0],[615278.0861,9762018.7288,0.0],[615278.2104,9762018.7178,0.0],[615288.2748,9762017.9592,0.0],[615288.3952,9762017.9516,0.0],[615288.5157,9762017.9469,0.0],[615288.6364,9762017.9451,0.0],[615288.757,9762017.9462,0.0],[615288.8776,9762017.9503,0.0],[615288.998,9762017.9572,0.0],[615289.1182,9762017.967,0.0],[615289.2382,9762017.9797,0.0],[615289.3578,9762017.9954,0.0],[615289.477,9762018.0139,0.0],[615289.5958,9762018.0352,0.0],[615289.7139,9762018.0595,0.0],[615289.8315,9762018.0866,0.0],[615289.9484,9762018.1165,0.0],[615290.0645,9762018.1492,0.0],[615290.1798,9762018.1847,0.0],[615290.2942,9762018.223,0.0],[615290.4076,9762018.264,0.0],[615290.5201,9762018.3077,0.0],[615299.1452,9762021.7848,0.0],[615306.8645,9762022.0419,0.0],[615313.7068,9762016.7231,0.0],[615313.8063,9762016.6477,0.0],[615313.9077,9762016.5748,0.0],[615314.0108,9762016.5045,0.0],[615314.1157,9762016.4368,0.0],[615314.2223,9762016.3717,0.0],[615314.3304,9762016.3093,0.0],[615314.4401,9762016.2496,0.0],[615314.5512,9762016.1926,0.0],[615314.6637,9762016.1385,0.0],[615314.7775,9762016.0872,0.0],[615314.8926,9762016.0387,0.0],[615315.0088,9762015.9932,0.0],[615315.1262,9762015.9505,0.0],[615315.2446,9762015.9108,0.0],[615315.3639,9762015.8741,0.0],[615315.4841,9762015.8403,0.0],[615315.6051,9762015.8096,0.0],[615315.7269,9762015.7819,0.0],[615315.8493,9762015.7572,0.0],[615315.9722,9762015.7356,0.0],[615316.0957,9762015.7171,0.0],[615316.2196,9762015.7017,0.0],[615326.4618,9762014.5561,0.0],[615326.5809,9762014.5442,0.0],[615326.7002,9762014.5352,0.0],[615326.8197,9762014.529,0.0],[615326.9394,9762014.5257,0.0],[615327.059,9762014.5253,0.0],[615327.1787,9762014.5277,0.0],[615327.2982,9762014.533,0.0],[615327.4176,9762014.5411,0.0],[615327.5368,9762014.5521,0.0],[615327.6557,9762014.566,0.0],[615327.7742,9762014.5827,0.0],[615327.8923,9762014.6022,0.0],[615328.0098,9762014.6245,0.0],[615337.6267,9762016.5717,0.0],[615346.885,9762014.6886,0.0],[615346.934,9762014.6789,0.0],[615356.8198,9762012.7707,0.0],[615356.9316,9762012.7505,0.0],[615357.0438,9762012.7327,0.0],[615357.1564,9762012.7176,0.0],[615357.2693,9762012.705,0.0],[615357.3825,9762012.6949,0.0],[615357.4959,9762012.6875,0.0],[615366.4005,9762012.2033,0.0],[615374.4331,9762007.611,0.0],[615374.539,9762007.5521,0.0],[615374.6463,9762007.4959,0.0],[615374.7549,9762007.4422,0.0],[615383.5369,9762003.2362,0.0],[615391.9206,9761997.8591,0.0],[615399.3585,9761991.4704,0.0],[615399.4525,9761991.3916,0.0],[615399.5485,9761991.3152,0.0],[615399.6462,9761991.2411,0.0],[615399.7458,9761991.1695,0.0],[615399.847,9761991.1003,0.0],[615399.95,9761991.0336,0.0],[615400.0545,9761990.9695,0.0],[615400.1606,9761990.9079,0.0],[615400.2682,9761990.849,0.0],[615400.3772,9761990.7928,0.0],[615400.4875,9761990.7392,0.0],[615400.5991,9761990.6883,0.0],[615400.7119,9761990.6402,0.0],[615400.8259,9761990.5949,0.0],[615400.9409,9761990.5524,0.0],[615401.057,9761990.5127,0.0],[615410.6749,9761987.3555,0.0],[615410.7875,9761987.32,0.0],[615410.901,9761987.2872,0.0],[615411.0152,9761987.257,0.0],[615411.13,9761987.2296,0.0],[615411.2455,9761987.2048,0.0],[615411.3616,9761987.1829,0.0],[615411.4781,9761987.1636,0.0],[615411.5951,9761987.1471,0.0],[615411.7124,9761987.1334,0.0],[615411.83,9761987.1225,0.0],[615411.9478,9761987.1143,0.0],[615412.0658,9761987.1089,0.0],[615422.2275,9761986.7664,0.0],[615432.8458,9761985.4912,0.0],[615432.9693,9761985.4779,0.0],[615433.0932,9761985.4677,0.0],[615433.2172,9761985.4606,0.0],[615433.3414,9761985.4565,0.0],[615433.4656,9761985.4556,0.0],[615433.5898,9761985.4577,0.0],[615433.7139,9761985.4629,0.0],[615433.8379,9761985.4712,0.0],[615433.9616,9761985.4826,0.0],[615434.085,9761985.497,0.0],[615434.208,9761985.5145,0.0],[615434.3305,9761985.5351,0.0],[615434.4525,9761985.5587,0.0],[615434.5739,9761985.5853,0.0],[615434.6945,9761985.6149,0.0],[615434.8144,9761985.6475,0.0],[615434.9334,9761985.6831,0.0],[615435.0516,9761985.7216,0.0],[615435.1687,9761985.7631,0.0],[615444.7432,9761989.2863,0.0],[615454.5835,9761992.5247,0.0],[615454.6928,9761992.5621,0.0],[615454.8013,9761992.602,0.0],[615454.9087,9761992.6444,0.0],[615455.0152,9761992.6892,0.0],[615455.1206,9761992.7365,0.0],[615464.7327,9761997.1852,0.0],[615464.8565,9761997.2446,0.0],[615464.9785,9761997.3073,0.0],[615474.4129,9762002.3198,0.0],[615474.5313,9762002.3848,0.0],[615474.6478,9762002.4529,0.0],[615479.2784,9762005.2435,0.0],[615594.445,9761878.418,0.0],[615686.554,9761778.7543,0.0],[615608.0661,9761746.9794,0.0],[615354.3007,9761646.1797,0.0],[615347.9466,9761645.7608,0.0],[615337.5569,9761646.1319,0.0],[615336.2634,9761646.6371,0.0]]]]}},
{"type":"Feature","properties":{"zona":"DESARROLLO TURISTICO Y DE SOSTENIBILIDAD","hectareas":2.55},"geometry":{"type":"MultiPolygon","coordinates":[[[[615273.5143,9761646.5303,0.0],[615274.3093,9761647.538,0.0],[615275.0781,9761648.5658,0.0],[615275.8204,9761649.6129,0.0],[615276.5354,9761650.6788,0.0],[615277.2229,9761651.7627,0.0],[615277.8824,9761652.8639,0.0],[615278.5134,9761653.9816,0.0],[615279.1154,9761655.1152,0.0],[615290.0854,9761676.4252,0.0],[615290.6314,9761677.5183,0.0],[615291.1505,9761678.6245,0.0],[615291.6423,9761679.7431,0.0],[615292.1068,9761680.8733,0.0],[615292.5434,9761682.0146,0.0],[615292.952,9761683.1661,0.0],[615293.3324,9761684.3274,0.0],[615293.6843,9761685.4975,0.0],[615294.0075,9761686.6759,0.0],[615294.3018,9761687.8619,0.0],[615294.567,9761689.0547,0.0],[615294.803,9761690.2536,0.0],[615295.0096,9761691.4579,0.0],[615295.1867,9761692.667,0.0],[615295.3343,9761693.88,0.0],[615295.4521,9761695.0962,0.0],[615295.5402,9761696.3149,0.0],[615296.8802,9761718.6449,0.0],[615296.939,9761719.8788,0.0],[615296.9672,9761721.1138,0.0],[615296.965,9761722.349,0.0],[615296.9322,9761723.5839,0.0],[615296.8689,9761724.8175,0.0],[615296.7752,9761726.0492,0.0],[615296.6511,9761727.2782,0.0],[615296.4966,9761728.5038,0.0],[615296.312,9761729.7252,0.0],[615296.0972,9761730.9417,0.0],[615295.8524,9761732.1524,0.0],[615295.5778,9761733.3568,0.0],[615295.2735,9761734.554,0.0],[615294.9397,9761735.7433,0.0],[615294.5767,9761736.9241,0.0],[615282.4051,9761774.8361,0.0],[615272.9974,9761806.9833,0.0],[615272.5762,9761808.3496,0.0],[615272.1162,9761809.7033,0.0],[615264.3762,9761831.4533,0.0],[615263.9141,9761832.6992,0.0],[615263.419,9761833.9324,0.0],[615262.8913,9761835.152,0.0],[615262.3315,9761836.3571,0.0],[615261.7397,9761837.547,0.0],[615251.8197,9761856.847,0.0],[615251.2369,9761857.9471,0.0],[615250.6268,9761859.0324,0.0],[615249.9899,9761860.1021,0.0],[615249.3265,9761861.1557,0.0],[615248.6371,9761862.1924,0.0],[615247.9221,9761863.2116,0.0],[615235.8221,9761880.0116,0.0],[615235.1716,9761880.8943,0.0],[615234.5018,9761881.7625,0.0],[615233.8132,9761882.6158,0.0],[615233.106,9761883.4538,0.0],[615200.896,9761920.7838,0.0],[615200.0612,9761921.727,0.0],[615199.203,9761922.6488,0.0],[615198.3219,9761923.5487,0.0],[615176.2237,9761945.5552,0.0],[615158.281,9761968.0686,0.0],[615145.1877,9761991.1511,0.0],[615136.3306,9762011.0817,0.0],[615127.9008,9762032.6266,0.0],[615121.457,9762054.9498,0.0],[615116.1999,9762079.3675,0.0],[615109.4399,9762115.7772,0.0],[615109.1092,9762117.4068,0.0],[615104.1592,9762139.8768,0.0],[615103.9004,9762140.9909,0.0],[615103.6161,9762142.0988,0.0],[615103.3066,9762143.1999,0.0],[615102.972,9762144.2937,0.0],[615096.462,9762164.7337,0.0],[615096.1229,9762165.7598,0.0],[615095.7618,9762166.7783,0.0],[615095.3787,9762167.7888,0.0],[615094.9738,9762168.7908,0.0],[615087.3238,9762187.1508,0.0],[615086.9439,9762188.0385,0.0],[615086.5468,9762188.9187,0.0],[615074.0568,9762215.9087,0.0],[615073.6532,9762216.7597,0.0],[615073.2337,9762217.6029,0.0],[615059.3237,9762244.9129,0.0],[615058.7639,9762245.98,0.0],[615044.8788,9762271.6896,0.0],[615023.9885,9762314.9162,0.0],[615023.4433,9762316.01,0.0],[615022.8716,9762317.0901,0.0],[615022.2736,9762318.156,0.0],[615021.6497,9762319.2069,0.0],[615021.0004,9762320.2422,0.0],[615020.7861,9762320.5748,0.0],[615048.6487,9762311.9858,0.0],[615048.6615,9762311.8859,0.0],[615048.681,9762311.7596,0.0],[615048.7038,9762311.6339,0.0],[615048.7297,9762311.5087,0.0],[615048.7588,9762311.3843,0.0],[615048.7911,9762311.2607,0.0],[615048.8266,9762311.1379,0.0],[615048.8651,9762311.0161,0.0],[615048.9068,9762310.8953,0.0],[615048.9515,9762310.7756,0.0],[615049.8904,9762308.3584,0.0],[615049.9098,9762308.3083,0.0],[615049.955,9762308.1954,0.0],[615050.0031,9762308.0837,0.0],[615050.0538,9762307.9731,0.0],[615050.1072,9762307.8638,0.0],[615050.1632,9762307.7559,0.0],[615050.2219,9762307.6493,0.0],[615050.2831,9762307.5442,0.0],[615051.7266,9762305.1341,0.0],[615052.8485,9762302.9898,0.0],[615053.9639,9762300.7341,0.0],[615054.0145,9762300.6346,0.0],[615054.0674,9762300.5362,0.0],[615054.1224,9762300.439,0.0],[615054.1795,9762300.3431,0.0],[615054.2388,9762300.2484,0.0],[615055.5429,9762298.218,0.0],[615056.5352,9762296.4672,0.0],[615057.0813,9762294.8461,0.0],[615057.4483,9762292.8131,0.0],[615057.4728,9762292.6867,0.0],[615057.5006,9762292.5609,0.0],[615057.5316,9762292.4359,0.0],[615057.5658,9762292.3117,0.0],[615057.6031,9762292.1885,0.0],[615057.6437,9762292.0663,0.0],[615058.362,9762289.9904,0.0],[615059.0165,9762287.9096,0.0],[615059.0534,9762287.7968,0.0],[615059.9622,9762285.1307,0.0],[615060.8312,9762282.5541,0.0],[615061.3848,9762280.3142,0.0],[615061.4143,9762280.2003,0.0],[615061.4466,9762280.087,0.0],[615061.4815,9762279.9746,0.0],[615061.5191,9762279.863,0.0],[615061.5593,9762279.7524,0.0],[615061.6021,9762279.6427,0.0],[615062.5147,9762277.3814,0.0],[615062.556,9762277.282,0.0],[615062.5994,9762277.1836,0.0],[615062.645,9762277.0862,0.0],[615062.6927,9762276.9897,0.0],[615063.6945,9762275.0157,0.0],[615064.3924,9762273.2707,0.0],[615064.6633,9762271.5825,0.0],[615064.6827,9762271.4694,0.0],[615064.7048,9762271.3567,0.0],[615064.7295,9762271.2446,0.0],[615064.7567,9762271.1331,0.0],[615065.2791,9762269.0953,0.0],[615065.3087,9762268.9851,0.0],[615065.3408,9762268.8756,0.0],[615065.3754,9762268.7668,0.0],[615065.4125,9762268.6589,0.0],[615065.452,9762268.5518,0.0],[615065.494,9762268.4457,0.0],[615066.3556,9762266.337,0.0],[615066.4025,9762266.226,0.0],[615066.4521,9762266.1162,0.0],[615066.5043,9762266.0076,0.0],[615066.5591,9762265.9002,0.0],[615066.6165,9762265.7943,0.0],[615066.6764,9762265.6897,0.0],[615066.7389,9762265.5866,0.0],[615066.8038,9762265.4851,0.0],[615066.8711,9762265.3851,0.0],[615066.9408,9762265.2868,0.0],[615067.0129,9762265.1902,0.0],[615067.0872,9762265.0954,0.0],[615067.1639,9762265.0024,0.0],[615067.2427,9762264.9113,0.0],[615067.3237,9762264.8221,0.0],[615068.9307,9762263.0951,0.0],[615069.905,9762261.8196,0.0],[615070.5797,9762260.3066,0.0],[615070.6265,9762260.2047,0.0],[615071.6221,9762258.1003,0.0],[615072.3515,9762256.1521,0.0],[615073.0803,9762253.889,0.0],[615073.1392,9762253.7171,0.0],[615073.9352,9762251.5222,0.0],[615073.9433,9762251.5001,0.0],[615074.3861,9762250.2968,0.0],[615074.4556,9762248.7992,0.0],[615074.4633,9762248.6692,0.0],[615074.4744,9762248.5395,0.0],[615074.4889,9762248.4101,0.0],[615074.7908,9762245.9977,0.0],[615074.8073,9762245.8778,0.0],[615074.8267,9762245.7583,0.0],[615074.849,9762245.6393,0.0],[615074.8741,9762245.5208,0.0],[615074.9021,9762245.403,0.0],[615074.933,9762245.286,0.0],[615074.9666,9762245.1697,0.0],[615075.0031,9762245.0542,0.0],[615075.0424,9762244.9397,0.0],[615075.9736,9762242.3274,0.0],[615076.445,9762240.5853,0.0],[615076.6965,9762238.3417,0.0],[615076.7101,9762238.2314,0.0],[615076.7262,9762238.1214,0.0],[615076.7447,9762238.0119,0.0],[615076.7656,9762237.9027,0.0],[615076.7889,9762237.7941,0.0],[615077.2535,9762235.7431,0.0],[615077.2812,9762235.6275,0.0],[615077.3115,9762235.5126,0.0],[615077.3446,9762235.3985,0.0],[615077.3804,9762235.2852,0.0],[615077.4189,9762235.1728,0.0],[615077.46,9762235.0613,0.0],[615077.5038,9762234.9508,0.0],[615077.5502,9762234.8414,0.0],[615077.5991,9762234.7331,0.0],[615077.6507,9762234.6261,0.0],[615077.7047,9762234.5202,0.0],[615077.7613,9762234.4157,0.0],[615077.8203,9762234.3126,0.0],[615077.8818,9762234.2109,0.0],[615077.9456,9762234.1107,0.0],[615078.8461,9762232.7341,0.0],[615079.1508,9762231.8426,0.0],[615079.3158,9762230.2879,0.0],[615079.33,9762230.1683,0.0],[615079.347,9762230.0491,0.0],[615079.3669,9762229.9303,0.0],[615079.3897,9762229.812,0.0],[615079.4153,9762229.6944,0.0],[615079.4437,9762229.5773,0.0],[615079.4749,9762229.461,0.0],[615079.5089,9762229.3455,0.0],[615079.5457,9762229.2309,0.0],[615079.5853,9762229.1171,0.0],[615079.6275,9762229.0043,0.0],[615079.6725,9762228.8926,0.0],[615080.8262,9762226.1237,0.0],[615080.8754,9762226.0097,0.0],[615080.9274,9762225.897,0.0],[615080.9821,9762225.7856,0.0],[615081.0396,9762225.6756,0.0],[615081.0998,9762225.567,0.0],[615081.1627,9762225.46,0.0],[615081.2283,9762225.3546,0.0],[615081.2964,9762225.2508,0.0],[615081.3671,9762225.1488,0.0],[615081.4403,9762225.0485,0.0],[615081.516,9762224.9501,0.0],[615081.5941,9762224.8536,0.0],[615081.6745,9762224.7591,0.0],[615081.7573,9762224.6666,0.0],[615081.8424,9762224.5762,0.0],[615081.9296,9762224.4879,0.0],[615082.0191,9762224.4018,0.0],[615082.1106,9762224.3179,0.0],[615082.2042,9762224.2364,0.0],[615082.2998,9762224.1572,0.0],[615082.3973,9762224.0804,0.0],[615084.6252,9762222.3704,0.0],[615086.1157,9762221.1423,0.0],[615086.7969,9762220.3318,0.0],[615087.7819,9762218.332,0.0],[615087.8452,9762218.2079,0.0],[615089.0404,9762215.943,0.0],[615089.1024,9762215.8291,0.0],[615089.1673,9762215.7169,0.0],[615089.2351,9762215.6064,0.0],[615089.3058,9762215.4977,0.0],[615089.3792,9762215.3909,0.0],[615089.4554,9762215.286,0.0],[615089.5342,9762215.1832,0.0],[615090.7452,9762213.6454,0.0],[615091.8702,9762212.133,0.0],[615093.0096,9762210.3433,0.0],[615094.1726,9762208.5013,0.0],[615095.2223,9762206.5997,0.0],[615095.2818,9762206.4949,0.0],[615095.3438,9762206.3917,0.0],[615096.4566,9762204.587,0.0],[615097.3775,9762202.7825,0.0],[615098.3263,9762200.6228,0.0],[615098.3931,9762200.477,0.0],[615099.4115,9762198.3471,0.0],[615099.4789,9762198.2116,0.0],[615099.5503,9762198.0782,0.0],[615100.8115,9762195.805,0.0],[615102.0085,9762193.3906,0.0],[615102.0557,9762193.298,0.0],[615102.1047,9762193.2064,0.0],[615103.3899,9762190.8641,0.0],[615103.4499,9762190.7579,0.0],[615103.5125,9762190.6531,0.0],[615103.5775,9762190.55,0.0],[615105.0522,9762188.2746,0.0],[615106.2808,9762186.3215,0.0],[615107.5243,9762184.2617,0.0],[615108.7072,9762182.2976,0.0],[615108.7729,9762182.1915,0.0],[615108.8413,9762182.0871,0.0],[615110.1761,9762180.102,0.0],[615111.6189,9762177.9511,0.0],[615111.6817,9762177.8597,0.0],[615113.0758,9762175.8776,0.0],[615114.6111,9762173.464,0.0],[615114.6786,9762173.3607,0.0],[615114.7488,9762173.259,0.0],[615114.8214,9762173.159,0.0],[615114.8964,9762173.0609,0.0],[615114.9738,9762172.9647,0.0],[615115.0536,9762172.8704,0.0],[615116.7094,9762170.9625,0.0],[615117.7561,9762169.6208,0.0],[615118.8073,9762167.9606,0.0],[615119.8839,9762165.8763,0.0],[615119.9429,9762165.7656,0.0],[615120.0047,9762165.6563,0.0],[615120.0692,9762165.5486,0.0],[615120.1364,9762165.4426,0.0],[615120.2062,9762165.3382,0.0],[615120.2786,9762165.2357,0.0],[615120.3535,9762165.135,0.0],[615120.431,9762165.0363,0.0],[615120.5109,9762164.9395,0.0],[615121.9256,9762163.2692,0.0],[615122.0033,9762163.1796,0.0],[615122.0831,9762163.0919,0.0],[615122.165,9762163.0061,0.0],[615122.2488,9762162.9223,0.0],[615122.3347,9762162.8405,0.0],[615122.4224,9762162.7608,0.0],[615123.911,9762161.4399,0.0],[615125.1628,9762159.9851,0.0],[615125.2457,9762159.8911,0.0],[615125.331,9762159.7992,0.0],[615125.4186,9762159.7094,0.0],[615125.5084,9762159.6219,0.0],[615125.6004,9762159.5367,0.0],[615125.6945,9762159.4537,0.0],[615125.7906,9762159.3732,0.0],[615125.8887,9762159.2951,0.0],[615127.4938,9762158.0503,0.0],[615127.5973,9762157.9722,0.0],[615127.7027,9762157.8968,0.0],[615127.8101,9762157.8242,0.0],[615127.9193,9762157.7544,0.0],[615128.0302,9762157.6874,0.0],[615128.1429,9762157.6233,0.0],[615128.2572,9762157.5622,0.0],[615128.373,9762157.5041,0.0],[615130.3615,9762156.538,0.0],[615131.5645,9762155.4562,0.0],[615131.6488,9762155.3821,0.0],[615131.7347,9762155.3099,0.0],[615131.8222,9762155.2397,0.0],[615133.4406,9762153.9703,0.0],[615134.6367,9762152.9945,0.0],[615135.6553,9762151.7689,0.0],[615137.1446,9762149.9465,0.0],[615137.2245,9762149.8512,0.0],[615137.3067,9762149.758,0.0],[615137.3912,9762149.6668,0.0],[615137.4779,9762149.5777,0.0],[615137.5669,9762149.4908,0.0],[615137.6579,9762149.4062,0.0],[615137.7511,9762149.3238,0.0],[615137.8463,9762149.2438,0.0],[615137.9434,9762149.1662,0.0],[615138.0424,9762149.091,0.0],[615138.1433,9762149.0183,0.0],[615140.1198,9762147.6307,0.0],[615140.2146,9762147.5657,0.0],[615140.3108,9762147.503,0.0],[615140.4085,9762147.4425,0.0],[615142.365,9762146.2613,0.0],[615143.8762,9762145.2845,0.0],[615144.9067,9762144.2026,0.0],[615144.9933,9762144.1138,0.0],[615145.0822,9762144.0272,0.0],[615145.1732,9762143.9428,0.0],[615145.2662,9762143.8608,0.0],[615145.3612,9762143.781,0.0],[615145.4582,9762143.7037,0.0],[615145.5571,9762143.6287,0.0],[615147.8092,9762141.9656,0.0],[615147.9146,9762141.8899,0.0],[615148.0219,9762141.8169,0.0],[615148.131,9762141.7468,0.0],[615148.242,9762141.6795,0.0],[615148.3546,9762141.6151,0.0],[615148.4689,9762141.5536,0.0],[615150.9528,9762140.2594,0.0],[615153.3593,9762138.7774,0.0],[615153.3928,9762138.7569,0.0],[615155.9297,9762137.2219,0.0],[615156.0355,9762137.1597,0.0],[615156.1428,9762137.1,0.0],[615156.2516,9762137.043,0.0],[615156.3617,9762136.9887,0.0],[615156.4732,9762136.9371,0.0],[615156.5858,9762136.8883,0.0],[615156.6996,9762136.8422,0.0],[615156.8146,9762136.799,0.0],[615156.9305,9762136.7585,0.0],[615157.0474,9762136.721,0.0],[615157.1652,9762136.6863,0.0],[615157.2838,9762136.6545,0.0],[615157.4032,9762136.6257,0.0],[615158.958,9762136.27,0.0],[615159.6638,9762135.9683,0.0],[615160.4789,9762135.0806,0.0],[615161.9882,9762133.3302,0.0],[615162.0692,9762133.2386,0.0],[615162.1524,9762133.1489,0.0],[615162.2379,9762133.0613,0.0],[615162.3254,9762132.9758,0.0],[615162.415,9762132.8925,0.0],[615162.5066,9762132.8113,0.0],[615162.6002,9762132.7325,0.0],[615162.6957,9762132.656,0.0],[615164.3519,9762131.3614,0.0],[615164.4501,9762131.2865,0.0],[615164.5502,9762131.2141,0.0],[615164.6521,9762131.1441,0.0],[615164.7557,9762131.0767,0.0],[615164.8608,9762131.0119,0.0],[615164.9676,9762130.9497,0.0],[615165.0759,9762130.8902,0.0],[615165.1856,9762130.8333,0.0],[615165.2966,9762130.7792,0.0],[615165.409,9762130.7278,0.0],[615165.5226,9762130.6793,0.0],[615165.6374,9762130.6335,0.0],[615168.0924,9762129.69,0.0],[615168.1499,9762129.6688,0.0],[615165.3706,9762115.3003,0.0],[615165.3492,9762115.182,0.0],[615165.3306,9762115.0632,0.0],[615165.3149,9762114.944,0.0],[615165.3021,9762114.8244,0.0],[615165.2921,9762114.7046,0.0],[615165.2851,9762114.5846,0.0],[615165.2809,9762114.4644,0.0],[615165.2796,9762114.3442,0.0],[615165.3307,9762075.0437,0.0],[615165.3323,9762074.9245,0.0],[615165.3367,9762074.8053,0.0],[615165.344,9762074.6863,0.0],[615165.354,9762074.5675,0.0],[615165.367,9762074.449,0.0],[615165.3827,9762074.3308,0.0],[615165.4013,9762074.2131,0.0],[615165.4226,9762074.0958,0.0],[615165.4468,9762073.979,0.0],[615165.4737,9762073.8629,0.0],[615165.5034,9762073.7474,0.0],[615165.5358,9762073.6327,0.0],[615165.571,9762073.5188,0.0],[615165.6089,9762073.4057,0.0],[615165.6494,9762073.2936,0.0],[615169.4128,9762063.2642,0.0],[615169.4328,9762063.212,0.0],[615173.6951,9762052.228,0.0],[615168.1029,9762047.7917,0.0],[615168.0092,9762047.7155,0.0],[615167.9174,9762047.637,0.0],[615167.8274,9762047.5564,0.0],[615167.7395,9762047.4736,0.0],[615167.6536,9762047.3887,0.0],[615167.5697,9762047.3018,0.0],[615167.488,9762047.2128,0.0],[615167.4084,9762047.1219,0.0],[615167.3311,9762047.0291,0.0],[615167.256,9762046.9345,0.0],[615167.1833,9762046.8381,0.0],[615167.1129,9762046.7399,0.0],[615167.0448,9762046.6401,0.0],[615166.9793,9762046.5387,0.0],[615166.9161,9762046.4357,0.0],[615166.8555,9762046.3312,0.0],[615166.7975,9762046.2253,0.0],[615166.742,9762046.118,0.0],[615166.6891,9762046.0094,0.0],[615166.6388,9762045.8996,0.0],[615166.5912,9762045.7886,0.0],[615166.5464,9762045.6765,0.0],[615166.5042,9762045.5633,0.0],[615166.4648,9762045.4491,0.0],[615166.4281,9762045.334,0.0],[615166.3943,9762045.218,0.0],[615166.3632,9762045.1013,0.0],[615163.8764,9762035.2751,0.0],[615163.8476,9762035.155,0.0],[615163.8217,9762035.0342,0.0],[615163.7989,9762034.9128,0.0],[615163.779,9762034.7908,0.0],[615163.7622,9762034.6684,0.0],[615163.7484,9762034.5456,0.0],[615163.7376,9762034.4226,0.0],[615163.7299,9762034.2993,0.0],[615163.7252,9762034.1758,0.0],[615163.7236,9762034.0523,0.0],[615163.725,9762033.9287,0.0],[615163.7295,9762033.8053,0.0],[615163.737,9762033.6819,0.0],[615163.7476,9762033.5588,0.0],[615163.7612,9762033.436,0.0],[615163.7779,9762033.3136,0.0],[615163.7975,9762033.1917,0.0],[615163.8202,9762033.0702,0.0],[615163.8459,9762032.9494,0.0],[615163.8745,9762032.8292,0.0],[615163.9061,9762032.7097,0.0],[615163.9407,9762032.5911,0.0],[615163.9781,9762032.4734,0.0],[615164.0185,9762032.3566,0.0],[615167.5929,9762022.4157,0.0],[615167.6448,9762022.2779,0.0],[615167.7007,9762022.1416,0.0],[615171.9424,9762012.2224,0.0],[615171.9927,9762012.1088,0.0],[615172.0457,9762011.9964,0.0],[615172.1016,9762011.8854,0.0],[615172.1602,9762011.7759,0.0],[615172.2215,9762011.6678,0.0],[615172.2854,9762011.5613,0.0],[615172.352,9762011.4564,0.0],[615172.4212,9762011.3532,0.0],[615172.4929,9762011.2518,0.0],[615172.5671,9762011.1521,0.0],[615172.6438,9762011.0543,0.0],[615172.7228,9762010.9585,0.0],[615172.8043,9762010.8647,0.0],[615172.888,9762010.7729,0.0],[615172.974,9762010.6832,0.0],[615173.0622,9762010.5957,0.0],[615173.1525,9762010.5104,0.0],[615173.2449,9762010.4274,0.0],[615173.3394,9762010.3467,0.0],[615173.4358,9762010.2684,0.0],[615173.5342,9762010.1924,0.0],[615173.6344,9762010.119,0.0],[615173.7364,9762010.0481,0.0],[615173.8401,9762009.9797,0.0],[615173.9455,9762009.9139,0.0],[615182.3267,9762004.8273,0.0],[615189.1089,9761998.7881,0.0],[615193.4732,9761990.4704,0.0],[615193.5306,9761990.3641,0.0],[615193.5906,9761990.2592,0.0],[615193.6531,9761990.1557,0.0],[615193.7181,9761990.0538,0.0],[615193.7855,9761989.9536,0.0],[615193.8554,9761989.8549,0.0],[615193.9276,9761989.758,0.0],[615194.0021,9761989.6629,0.0],[615194.0789,9761989.5696,0.0],[615194.1579,9761989.4782,0.0],[615194.2391,9761989.3887,0.0],[615194.3225,9761989.3012,0.0],[615194.4079,9761989.2157,0.0],[615194.4954,9761989.1323,0.0],[615194.5849,9761989.0511,0.0],[615194.6763,9761988.9721,0.0],[615194.7696,9761988.8953,0.0],[615194.8647,9761988.8207,0.0],[615194.9616,9761988.7485,0.0],[615195.0603,9761988.6787,0.0],[615195.1605,9761988.6112,0.0],[615195.2624,9761988.5462,0.0],[615195.3658,9761988.4837,0.0],[615195.4707,9761988.4237,0.0],[615195.577,9761988.3662,0.0],[615204.6781,9761983.5895,0.0],[615212.2875,9761979.0752,0.0],[615216.3792,9761972.9734,0.0],[615216.0839,9761964.4963,0.0],[615216.0812,9761964.3726,0.0],[615216.0814,9761964.2489,0.0],[615216.0848,9761964.1253,0.0],[615216.0912,9761964.0018,0.0],[615216.1006,9761963.8785,0.0],[615216.1131,9761963.7554,0.0],[615216.1287,9761963.6327,0.0],[615216.1472,9761963.5105,0.0],[615216.1688,9761963.3887,0.0],[615216.1934,9761963.2675,0.0],[615216.221,9761963.1469,0.0],[615216.2516,9761963.0271,0.0],[615216.2851,9761962.908,0.0],[615216.3215,9761962.7898,0.0],[615216.3609,9761962.6726,0.0],[615216.4031,9761962.5563,0.0],[615216.4482,9761962.4412,0.0],[615216.4962,9761962.3272,0.0],[615216.5469,9761962.2144,0.0],[615216.6004,9761962.1029,0.0],[615216.6567,9761961.9927,0.0],[615216.7157,9761961.884,0.0],[615216.7773,9761961.7768,0.0],[615216.8416,9761961.6711,0.0],[615216.9085,9761961.5671,0.0],[615216.9779,9761961.4647,0.0],[615217.0498,9761961.3641,0.0],[615217.1242,9761961.2653,0.0],[615217.201,9761961.1684,0.0],[615217.2802,9761961.0734,0.0],[615217.3617,9761960.9804,0.0],[615217.4455,9761960.8894,0.0],[615217.5316,9761960.8005,0.0],[615217.6197,9761960.7138,0.0],[615217.7101,9761960.6293,0.0],[615217.8024,9761960.5471,0.0],[615217.8968,9761960.4671,0.0],[615217.9931,9761960.3896,0.0],[615218.0913,9761960.3144,0.0],[615218.1914,9761960.2417,0.0],[615218.2932,9761960.1715,0.0],[615218.3967,9761960.1038,0.0],[615227.0233,9761954.6147,0.0],[615227.1345,9761954.546,0.0],[615227.2474,9761954.4802,0.0],[615227.3619,9761954.4174,0.0],[615227.4781,9761954.3576,0.0],[615227.5958,9761954.3009,0.0],[615227.715,9761954.2473,0.0],[615227.8355,9761954.1968,0.0],[615236.8295,9761950.5652,0.0],[615243.2279,9761944.5016,0.0],[615248.9437,9761936.6055,0.0],[615248.9685,9761936.5715,0.0],[615254.6704,9761928.8328,0.0],[615258.57,9761920.0926,0.0],[615258.6215,9761919.9808,0.0],[615258.6758,9761919.8703,0.0],[615258.7328,9761919.7611,0.0],[615258.7925,9761919.6534,0.0],[615258.8548,9761919.5472,0.0],[615258.9197,9761919.4425,0.0],[615258.9872,9761919.3395,0.0],[615259.0571,9761919.2382,0.0],[615259.1296,9761919.1386,0.0],[615259.2045,9761919.0408,0.0],[615259.2817,9761918.945,0.0],[615259.3613,9761918.851,0.0],[615259.4432,9761918.759,0.0],[615266.3473,9761911.1955,0.0],[615271.0374,9761903.9899,0.0],[615272.3233,9761894.7136,0.0],[615273.387,9761884.7744,0.0],[615273.4035,9761884.6382,0.0],[615273.4237,9761884.5025,0.0],[615275.0629,9761874.4413,0.0],[615275.0848,9761874.3168,0.0],[615275.1098,9761874.1929,0.0],[615275.138,9761874.0697,0.0],[615275.1693,9761873.9472,0.0],[615275.2036,9761873.8255,0.0],[615275.241,9761873.7048,0.0],[615275.2815,9761873.585,0.0],[615275.325,9761873.4663,0.0],[615275.3714,9761873.3488,0.0],[615275.4209,9761873.2324,0.0],[615275.4732,9761873.1174,0.0],[615275.5285,9761873.0037,0.0],[615280.0263,9761864.036,0.0],[615283.272,9761854.7426,0.0],[615283.3179,9761854.6167,0.0],[615283.3671,9761854.4922,0.0],[615283.4196,9761854.369,0.0],[615283.4754,9761854.2472,0.0],[615287.9843,9761844.7479,0.0],[615288.0402,9761844.6338,0.0],[615288.099,9761844.5212,0.0],[615288.1607,9761844.4101,0.0],[615288.2251,9761844.3007,0.0],[615288.2923,9761844.1929,0.0],[615294.0583,9761835.2012,0.0],[615294.1248,9761835.1003,0.0],[615294.1937,9761835.001,0.0],[615294.2649,9761834.9034,0.0],[615294.3385,9761834.8075,0.0],[615294.4144,9761834.7135,0.0],[615294.4925,9761834.6213,0.0],[615294.5729,9761834.531,0.0],[615294.6554,9761834.4427,0.0],[615294.74,9761834.3565,0.0],[615302.1419,9761826.9889,0.0],[615302.2289,9761826.9044,0.0],[615302.3179,9761826.822,0.0],[615302.4089,9761826.7418,0.0],[615302.5018,9761826.6638,0.0],[615302.5966,9761826.5881,0.0],[615302.6931,9761826.5148,0.0],[615302.7915,9761826.4438,0.0],[615302.8915,9761826.3752,0.0],[615302.9932,9761826.309,0.0],[615303.0964,9761826.2453,0.0],[615303.2011,9761826.1842,0.0],[615303.3073,9761826.1256,0.0],[615303.4149,9761826.0696,0.0],[615303.5238,9761826.0163,0.0],[615303.634,9761825.9655,0.0],[615303.7454,9761825.9175,0.0],[615303.8579,9761825.8722,0.0],[615303.9715,9761825.8297,0.0],[615304.086,9761825.7899,0.0],[615304.2015,9761825.7529,0.0],[615304.3179,9761825.7187,0.0],[615304.4351,9761825.6873,0.0],[615304.553,9761825.6588,0.0],[615304.6715,9761825.6332,0.0],[615304.7906,9761825.6104,0.0],[615304.9103,9761825.5905,0.0],[615305.0304,9761825.5736,0.0],[615310.5283,9761824.8653,0.0],[615309.9613,9761819.5864,0.0],[615308.6067,9761809.5504,0.0],[615308.5916,9761809.4263,0.0],[615308.5795,9761809.3019,0.0],[615308.5705,9761809.1772,0.0],[615308.5647,9761809.0524,0.0],[615308.562,9761808.9274,0.0],[615308.5624,9761808.8024,0.0],[615308.566,9761808.6774,0.0],[615308.5726,9761808.5526,0.0],[615308.5824,9761808.428,0.0],[615308.5953,9761808.3037,0.0],[615308.6113,9761808.1797,0.0],[615308.6304,9761808.0561,0.0],[615308.6526,9761807.9331,0.0],[615308.6778,9761807.8107,0.0],[615308.7061,9761807.6889,0.0],[615308.7375,9761807.5679,0.0],[615308.7718,9761807.4477,0.0],[615311.6255,9761797.9147,0.0],[615313.7518,9761788.8969,0.0],[615312.0512,9761774.3578,0.0],[615306.6888,9761750.6103,0.0],[615306.6634,9761750.4913,0.0],[615306.641,9761750.3716,0.0],[615306.6214,9761750.2515,0.0],[615306.6048,9761750.1309,0.0],[615306.5912,9761750.01,0.0],[615306.5804,9761749.8888,0.0],[615306.5727,9761749.7673,0.0],[615306.5679,9761749.6457,0.0],[615306.566,9761749.524,0.0],[615306.5671,9761749.4023,0.0],[615306.5712,9761749.2806,0.0],[615306.5783,9761749.1591,0.0],[615306.5882,9761749.0378,0.0],[615306.6012,9761748.9168,0.0],[615306.6171,9761748.7961,0.0],[615306.6359,9761748.6759,0.0],[615306.6576,9761748.5561,0.0],[615306.6823,9761748.437,0.0],[615310.167,9761732.5624,0.0],[615310.1794,9761732.5072,0.0],[615315.6,9761709.0825,0.0],[615315.6118,9761709.0326,0.0],[615321.9158,9761683.0076,0.0],[615322.9529,9761672.757,0.0],[615322.9631,9761672.6651,0.0],[615324.1574,9761662.7037,0.0],[615324.1748,9761662.5725,0.0],[615324.1958,9761662.4419,0.0],[615324.2202,9761662.3118,0.0],[615326.1587,9761652.6858,0.0],[615326.2913,9761644.9146,0.0],[615321.4855,9761638.9015,0.0],[615313.3634,9761633.1224,0.0],[615306.6857,9761628.5235,0.0],[615300.8102,9761626.8263,0.0],[615300.721,9761626.7996,0.0],[615300.6323,9761626.7713,0.0],[615293.4169,9761624.3925,0.0],[615293.3138,9761624.3572,0.0],[615293.2114,9761624.3198,0.0],[615293.11,9761624.2801,0.0],[615283.812,9761620.5249,0.0],[615274.3354,9761617.1755,0.0],[615265.0712,9761614.9825,0.0],[615254.4486,9761613.4072,0.0],[615254.325,9761613.3873,0.0],[615254.202,9761613.3643,0.0],[615254.0795,9761613.3382,0.0],[615253.9578,9761613.3091,0.0],[615253.8368,9761613.2769,0.0],[615253.7167,9761613.2417,0.0],[615253.5975,9761613.2035,0.0],[615253.4792,9761613.1624,0.0],[615253.3621,9761613.1183,0.0],[615253.2461,9761613.0713,0.0],[615253.1313,9761613.0213,0.0],[615253.0177,9761612.9686,0.0],[615252.9056,9761612.913,0.0],[615252.7948,9761612.8546,0.0],[615252.6856,9761612.7935,0.0],[615243.8678,9761607.712,0.0],[615235.0141,9761603.3944,0.0],[615225.841,9761599.3747,0.0],[615225.0178,9761599.047,0.0],[615234.8281,9761606.8514,0.0],[615235.8158,9761607.658,0.0],[615236.7826,9761608.4894,0.0],[615237.7279,9761609.3453,0.0],[615250.9379,9761621.6153,0.0],[615251.7549,9761622.3915,0.0],[615252.5542,9761623.1859,0.0],[615253.3354,9761623.9981,0.0],[615254.0981,9761624.8278,0.0],[615271.8481,9761644.5778,0.0],[615272.6937,9761645.5434,0.0],[615273.5143,9761646.5303,0.0]]]]}},
{"type":"Feature","properties":{"zona":"DESARROLLO TURISTICO Y DE SOSTENIBILIDAD","hectareas":3.97},"geometry":{"type":"MultiPolygon","coordinates":[[[[615423.2067,9761996.7206,0.0],[615423.0644,9761996.7357,0.0],[615422.9218,9761996.7466,0.0],[615422.779,9761996.7535,0.0],[615413.1158,9761997.0792,0.0],[615405.1202,9761999.7039,0.0],[615398.1716,9762005.6723,0.0],[615398.0826,9762005.747,0.0],[615397.9919,9762005.8195,0.0],[615397.8996,9762005.89,0.0],[615397.8056,9762005.9582,0.0],[615397.7101,9762006.0243,0.0],[615397.6131,9762006.0881,0.0],[615388.6752,9762011.8207,0.0],[615388.5703,9762011.8862,0.0],[615388.4638,9762011.949,0.0],[615388.3558,9762012.0092,0.0],[615388.2464,9762012.0667,0.0],[615388.1356,9762012.1215,0.0],[615379.2384,9762016.3826,0.0],[615370.3358,9762021.4723,0.0],[615370.2288,9762021.5317,0.0],[615370.1204,9762021.5885,0.0],[615370.0107,9762021.6427,0.0],[615369.8996,9762021.6941,0.0],[615369.7874,9762021.7428,0.0],[615369.6739,9762021.7887,0.0],[615369.5594,9762021.8318,0.0],[615369.4439,9762021.8722,0.0],[615369.3274,9762021.9096,0.0],[615369.21,9762021.9443,0.0],[615369.0918,9762021.976,0.0],[615368.9729,9762022.0048,0.0],[615368.8533,9762022.0308,0.0],[615368.7331,9762022.0537,0.0],[615368.6124,9762022.0738,0.0],[615368.4912,9762022.0909,0.0],[615368.3697,9762022.105,0.0],[615368.2478,9762022.1161,0.0],[615368.1257,9762022.1242,0.0],[615358.3798,9762022.6542,0.0],[615348.8537,9762024.493,0.0],[615338.6256,9762026.5733,0.0],[615338.5026,9762026.5967,0.0],[615338.3792,9762026.617,0.0],[615338.2552,9762026.6342,0.0],[615338.1309,9762026.6483,0.0],[615338.0063,9762026.6593,0.0],[615337.8814,9762026.6672,0.0],[615337.7563,9762026.672,0.0],[615337.6312,9762026.6736,0.0],[615337.5061,9762026.6721,0.0],[615337.381,9762026.6674,0.0],[615337.2562,9762026.6597,0.0],[615337.1315,9762026.6488,0.0],[615337.0072,9762026.6348,0.0],[615336.8832,9762026.6177,0.0],[615336.7597,9762026.5975,0.0],[615336.6368,9762026.5742,0.0],[615326.794,9762024.5813,0.0],[615318.7315,9762025.4831,0.0],[615311.574,9762031.0469,0.0],[615311.4752,9762031.1217,0.0],[615311.3746,9762031.1941,0.0],[615311.2723,9762031.264,0.0],[615311.1682,9762031.3313,0.0],[615311.0625,9762031.396,0.0],[615310.9552,9762031.458,0.0],[615310.8464,9762031.5174,0.0],[615310.7362,9762031.5741,0.0],[615310.6246,9762031.628,0.0],[615310.5117,9762031.6791,0.0],[615310.3976,9762031.7274,0.0],[615310.2823,9762031.7729,0.0],[615310.1659,9762031.8155,0.0],[615310.0485,9762031.8552,0.0],[615309.9301,9762031.892,0.0],[615309.8109,9762031.9259,0.0],[615309.6909,9762031.9567,0.0],[615309.5701,9762031.9846,0.0],[615309.4487,9762032.0095,0.0],[615309.3267,9762032.0314,0.0],[615309.2042,9762032.0502,0.0],[615309.0813,9762032.066,0.0],[615308.958,9762032.0788,0.0],[615308.8345,9762032.0885,0.0],[615308.7107,9762032.0951,0.0],[615308.5868,9762032.0986,0.0],[615308.4629,9762032.0991,0.0],[615308.339,9762032.0965,0.0],[615297.929,9762031.7498,0.0],[615297.8041,9762031.7441,0.0],[615297.6795,9762031.7353,0.0],[615297.5551,9762031.7233,0.0],[615297.431,9762031.7083,0.0],[615297.3074,9762031.6901,0.0],[615297.1842,9762031.6689,0.0],[615297.0617,9762031.6446,0.0],[615296.9397,9762031.6172,0.0],[615296.8185,9762031.5868,0.0],[615296.6981,9762031.5534,0.0],[615296.5786,9762031.517,0.0],[615296.46,9762031.4776,0.0],[615296.3424,9762031.4352,0.0],[615296.2259,9762031.39,0.0],[615287.8631,9762028.0186,0.0],[615280.0361,9762028.6086,0.0],[615272.0988,9762032.9407,0.0],[615271.9912,9762032.9977,0.0],[615271.8823,9762033.0521,0.0],[615271.7721,9762033.1038,0.0],[615271.6606,9762033.1528,0.0],[615271.548,9762033.1991,0.0],[615271.4343,9762033.2426,0.0],[615271.3196,9762033.2834,0.0],[615271.2039,9762033.3213,0.0],[615271.0873,9762033.3565,0.0],[615270.9699,9762033.3887,0.0],[615261.4346,9762035.8855,0.0],[615253.3062,9762040.0972,0.0],[615245.0921,9762046.2747,0.0],[615244.9954,9762046.3457,0.0],[615244.897,9762046.4142,0.0],[615244.797,9762046.4804,0.0],[615244.6955,9762046.5442,0.0],[615244.5924,9762046.6056,0.0],[615244.488,9762046.6644,0.0],[615244.3821,9762046.7207,0.0],[615244.2749,9762046.7745,0.0],[615244.1665,9762046.8257,0.0],[615244.0568,9762046.8742,0.0],[615243.946,9762046.9202,0.0],[615243.8342,9762046.9634,0.0],[615243.7214,9762047.004,0.0],[615243.6076,9762047.0418,0.0],[615243.4929,9762047.0769,0.0],[615243.3774,9762047.1093,0.0],[615243.2612,9762047.1388,0.0],[615243.1443,9762047.1656,0.0],[615243.0268,9762047.1895,0.0],[615242.9088,9762047.2107,0.0],[615242.7903,9762047.229,0.0],[615232.3293,9762048.7156,0.0],[615222.2606,9762051.5305,0.0],[615222.148,9762051.5605,0.0],[615222.0347,9762051.588,0.0],[615221.9207,9762051.6128,0.0],[615221.8062,9762051.6349,0.0],[615221.6913,9762051.6544,0.0],[615221.5759,9762051.6711,0.0],[615221.4602,9762051.6852,0.0],[615221.3441,9762051.6966,0.0],[615221.2278,9762051.7053,0.0],[615210.7296,9762052.3647,0.0],[615210.6151,9762052.3705,0.0],[615210.5005,9762052.3738,0.0],[615200.5873,9762052.541,0.0],[615190.8938,9762053.9915,0.0],[615190.8887,9762053.9922,0.0],[615183.2994,9762055.1198,0.0],[615178.7656,9762066.8036,0.0],[615175.3295,9762075.9606,0.0],[615175.2802,9762113.8748,0.0],[615178.5547,9762130.803,0.0],[615178.7935,9762132.0371,0.0],[615178.814,9762132.15,0.0],[615178.8319,9762132.2634,0.0],[615178.8472,9762132.3772,0.0],[615178.8599,9762132.4913,0.0],[615178.8699,9762132.6056,0.0],[615179.6085,9762142.2623,0.0],[615182.8358,9762151.9687,0.0],[615182.872,9762152.0819,0.0],[615182.9054,9762152.196,0.0],[615182.9361,9762152.3107,0.0],[615182.9641,9762152.4262,0.0],[615182.9894,9762152.5423,0.0],[615183.0118,9762152.659,0.0],[615183.0315,9762152.7762,0.0],[615183.0484,9762152.8938,0.0],[615184.3564,9762162.8314,0.0],[615184.3707,9762162.9506,0.0],[615184.382,9762163.0701,0.0],[615184.3905,9762163.1898,0.0],[615184.3962,9762163.3096,0.0],[615184.3989,9762163.4296,0.0],[615184.3988,9762163.5496,0.0],[615184.3958,9762163.6696,0.0],[615184.3899,9762163.7895,0.0],[615184.3811,9762163.9091,0.0],[615184.3694,9762164.0286,0.0],[615184.3549,9762164.1477,0.0],[615184.3376,9762164.2665,0.0],[615184.3174,9762164.3848,0.0],[615184.2943,9762164.5025,0.0],[615184.2685,9762164.6197,0.0],[615184.2398,9762164.7363,0.0],[615184.2084,9762164.8521,0.0],[615184.1741,9762164.9671,0.0],[615184.1372,9762165.0813,0.0],[615184.0975,9762165.1945,0.0],[615181.1024,9762173.4205,0.0],[615182.2429,9762181.0164,0.0],[615188.0476,9762187.8166,0.0],[615188.1254,9762187.91,0.0],[615188.2008,9762188.0052,0.0],[615188.274,9762188.1022,0.0],[615188.3447,9762188.201,0.0],[615188.4131,9762188.3015,0.0],[615188.4789,9762188.4036,0.0],[615188.5423,9762188.5073,0.0],[615188.6032,9762188.6125,0.0],[615188.6614,9762188.7192,0.0],[615188.7171,9762188.8272,0.0],[615188.7701,9762188.9365,0.0],[615188.8204,9762189.0471,0.0],[615188.868,9762189.1589,0.0],[615188.9129,9762189.2719,0.0],[615188.9551,9762189.3858,0.0],[615188.9945,9762189.5008,0.0],[615189.031,9762189.6167,0.0],[615189.0647,9762189.7334,0.0],[615189.0956,9762189.851,0.0],[615189.1236,9762189.9692,0.0],[615189.1488,9762190.0881,0.0],[615189.171,9762190.2076,0.0],[615189.1903,9762190.3275,0.0],[615189.2067,9762190.4479,0.0],[615189.2202,9762190.5687,0.0],[615189.2308,9762190.6898,0.0],[615189.2384,9762190.811,0.0],[615189.243,9762190.9325,0.0],[615189.2447,9762191.054,0.0],[615189.2434,9762191.1755,0.0],[615189.0217,9762201.0121,0.0],[615189.66,9762210.5473,0.0],[615191.463,9762219.827,0.0],[615195.5999,9762228.3866,0.0],[615201.0965,9762236.5062,0.0],[615201.1631,9762236.6072,0.0],[615201.2272,9762236.7098,0.0],[615201.2889,9762236.8139,0.0],[615201.348,9762236.9194,0.0],[615201.4045,9762237.0264,0.0],[615201.4584,9762237.1347,0.0],[615201.5097,9762237.2443,0.0],[615201.5584,9762237.3551,0.0],[615201.6043,9762237.467,0.0],[615201.6475,9762237.58,0.0],[615201.688,9762237.694,0.0],[615201.7257,9762237.809,0.0],[615201.7606,9762237.9248,0.0],[615201.7926,9762238.0415,0.0],[615201.8219,9762238.1589,0.0],[615201.8483,9762238.2769,0.0],[615201.8718,9762238.3956,0.0],[615201.8925,9762238.5148,0.0],[615201.9103,9762238.6345,0.0],[615201.9252,9762238.7546,0.0],[615201.9371,9762238.875,0.0],[615201.9462,9762238.9956,0.0],[615201.9523,9762239.1164,0.0],[615201.9555,9762239.2374,0.0],[615201.9558,9762239.3584,0.0],[615201.9531,9762239.4793,0.0],[615201.9475,9762239.6002,0.0],[615201.1338,9762253.5541,0.0],[615201.2914,9762263.2672,0.0],[615201.394,9762264.9,0.0],[615259.857,9762246.878,0.0],[615472.4261,9762012.7895,0.0],[615469.6018,9762011.0874,0.0],[615460.4079,9762006.2027,0.0],[615451.1828,9762001.9331,0.0],[615441.5349,9761998.758,0.0],[615441.3712,9761998.701,0.0],[615432.8441,9761995.5632,0.0],[615423.2067,9761996.7206,0.0]]]]}},
{"type":"Feature","properties":{"zona":"DESARROLLO TURISTICO Y DE SOSTENIBILIDAD","hectareas":0.38},"geometry":{"type":"MultiPolygon","coordinates":[[[[615240.2726,9763008.8141,0.0],[615240.5254,9763008.5524,0.0],[615256.8167,9762992.291,0.0],[615277.2256,9762970.9928,0.0],[615251.632,9762940.678,0.0],[615216.6109,9762996.45,0.0],[615171.2598,9763020.57,0.0],[615179.9624,9763048.8639,0.0],[615180.1131,9763048.8026,0.0],[615200.7407,9763040.6979,0.0],[615213.6755,9763033.8565,0.0],[615225.2072,9763024.988,0.0],[615240.2726,9763008.8141,0.0]]]]}},
{"type":"Feature","properties":{"zona":"DESARROLLO TURISTICO Y DE SOSTENIBILIDAD","hectareas":2.2},"geometry":{"type":"MultiPolygon","coordinates":[[[[615239.1144,9763039.3967,0.0],[615238.9475,9763039.5637,0.0],[615238.7766,9763039.7267,0.0],[615238.602,9763039.8856,0.0],[615238.4236,9763040.0403,0.0],[615238.2417,9763040.1908,0.0],[615238.0562,9763040.3369,0.0],[615225.1962,9763050.2269,0.0],[615225.003,9763050.3718,0.0],[615224.8063,9763050.5121,0.0],[615224.6063,9763050.6475,0.0],[615224.4031,9763050.778,0.0],[615224.1968,9763050.9036,0.0],[615223.9876,9763051.0242,0.0],[615223.7754,9763051.1397,0.0],[615209.5954,9763058.6397,0.0],[615209.396,9763058.7423,0.0],[615209.1944,9763058.8404,0.0],[615208.9906,9763058.934,0.0],[615208.7847,9763059.023,0.0],[615208.5769,9763059.1074,0.0],[615187.9706,9763067.2037,0.0],[615185.9377,9763068.2909,0.0],[615215.8937,9763165.684,0.0],[615296.4955,9763169.797,0.0],[615393.1851,9763108.343,0.0],[615290.1998,9762986.3603,0.0],[615271.1802,9763006.2087,0.0],[615271.0246,9763006.3676,0.0],[615254.7834,9763022.579,0.0],[615239.2774,9763039.2259,0.0],[615239.1144,9763039.3967,0.0]]]]}},
{"type":"Feature","properties":{"zona":"DESARROLLO TURISTICO Y DE SOSTENIBILIDAD","hectareas":1.73},"geometry":{"type":"MultiPolygon","coordinates":[[[[615555.7256,9763144.8265,0.0],[615554.6407,9763144.2529,0.0],[615553.5702,9763143.6529,0.0],[615552.5148,9763143.0269,0.0],[615551.475,9763142.3751,0.0],[615550.4516,9763141.6979,0.0],[615549.4451,9763140.9959,0.0],[615548.4561,9763140.2694,0.0],[615547.4852,9763139.5188,0.0],[615546.5331,9763138.7447,0.0],[615545.6003,9763137.9474,0.0],[615544.6872,9763137.1274,0.0],[615543.7946,9763136.2853,0.0],[615542.923,9763135.4215,0.0],[615542.0727,9763134.5366,0.0],[615541.2445,9763133.6311,0.0],[615540.4387,9763132.7056,0.0],[615539.6559,9763131.7605,0.0],[615538.8965,9763130.7966,0.0],[615538.161,9763129.8143,0.0],[615537.4499,9763128.8142,0.0],[615536.7635,9763127.797,0.0],[615536.1022,9763126.7632,0.0],[615535.4665,9763125.7135,0.0],[615534.8568,9763124.6486,0.0],[615534.2734,9763123.569,0.0],[615533.7167,9763122.4754,0.0],[615533.187,9763121.3684,0.0],[615532.6846,9763120.2488,0.0],[615532.2098,9763119.1172,0.0],[615531.7629,9763117.9743,0.0],[615531.3442,9763116.8208,0.0],[615530.954,9763115.6574,0.0],[615530.5924,9763114.4847,0.0],[615530.2598,9763113.3035,0.0],[615529.9562,9763112.1145,0.0],[615529.6818,9763110.9184,0.0],[615529.4369,9763109.7159,0.0],[615529.2216,9763108.5078,0.0],[615529.036,9763107.2948,0.0],[615528.8803,9763106.0775,0.0],[615528.7544,9763104.8568,0.0],[615528.6586,9763103.6334,0.0],[615528.5928,9763102.408,0.0],[615528.5571,9763101.1814,0.0],[615528.5515,9763099.9543,0.0],[615528.576,9763098.7274,0.0],[615528.6306,9763097.5014,0.0],[615528.7031,9763096.4547,0.0],[615389.42,9763167.57,0.0],[615448.33,9763250.67,0.0],[615495.9,9763268.68,0.0],[615511.98,9763248.01,0.0],[615575.0,9763167.0,0.0],[615620.0889,9763172.1444,0.0],[615611.5147,9763168.4449,0.0],[615589.0624,9763160.5759,0.0],[615588.0059,9763160.1922,0.0],[615586.9584,9763159.7849,0.0],[615585.9202,9763159.3542,0.0],[615584.892,9763158.9002,0.0],[615583.8742,9763158.4232,0.0],[615556.8242,9763145.3732,0.0],[615555.7256,9763144.8265,0.0]]]]}},
{"type":"Feature","properties":{"zona":"REFORESTACIÓN CON FINES DE CONSERVACIÓN","hectareas":2.91},"geometry":{"type":"MultiPolygon","coordinates":[[[[614126.59,9762030.32,0.0],[614116.6,9762050.31,0.0],[614109.96,9762069.56,0.0],[614063.12,9762158.84,0.0],[614042.52,9762189.8,0.0],[614024.23,9762211.85,0.0],[613991.91,9762255.53,0.0],[613979.76,9762267.64,0.0],[613951.94,9762287.64,0.0],[613930.21,9762299.78,0.0],[613915.15,9762306.12,0.0],[613899.33,9762310.11,0.0],[613883.11,9762312.01,0.0],[613867.3,9762311.93,0.0],[613844.78,9762306.68,0.0],[613814.79,9762296.81,0.0],[613788.85,9762285.6,0.0],[613763.56,9762270.12,0.0],[613728.37,9762240.43,0.0],[613710.07,9762226.42,0.0],[613687.44,9762211.47,0.0],[613686.2416,9762210.5557,0.0],[613686.4434,9762211.0675,0.0],[613710.1872,9762234.4288,0.0],[613711.102,9762235.3526,0.0],[613711.9925,9762236.2999,0.0],[613712.8581,9762237.27,0.0],[613713.6981,9762238.2623,0.0],[613720.6981,9762246.7523,0.0],[613721.4668,9762247.7083,0.0],[613722.2117,9762248.6827,0.0],[613722.9326,9762249.6752,0.0],[613723.6289,9762250.685,0.0],[613724.3002,9762251.7116,0.0],[613724.9461,9762252.7544,0.0],[613725.5662,9762253.8127,0.0],[613726.1602,9762254.8859,0.0],[613726.7277,9762255.9733,0.0],[613727.2683,9762257.0744,0.0],[613727.7818,9762258.1884,0.0],[613728.2677,9762259.3146,0.0],[613728.7259,9762260.4524,0.0],[613729.1561,9762261.6011,0.0],[613729.558,9762262.76,0.0],[613729.9313,9762263.9284,0.0],[613730.2758,9762265.1057,0.0],[613730.5913,9762266.291,0.0],[613730.8777,9762267.4837,0.0],[613731.1348,9762268.6831,0.0],[613731.3623,9762269.8884,0.0],[613735.0488,9762290.8223,0.0],[613741.3262,9762317.8566,0.0],[613744.2157,9762328.0762,0.0],[613745.1711,9762328.5626,0.0],[613745.2782,9762328.6188,0.0],[613745.384,9762328.6776,0.0],[613753.5558,9762333.349,0.0],[613762.8459,9762335.9392,0.0],[613762.9735,9762335.9766,0.0],[613763.1001,9762336.0174,0.0],[613763.2256,9762336.0616,0.0],[613763.3499,9762336.1091,0.0],[613763.4728,9762336.1599,0.0],[613772.083,9762339.8504,0.0],[613781.3644,9762341.0694,0.0],[613781.4851,9762341.0867,0.0],[613781.6054,9762341.107,0.0],[613781.7251,9762341.1302,0.0],[613781.8442,9762341.1564,0.0],[613781.9627,9762341.1854,0.0],[613782.0804,9762341.2173,0.0],[613782.1973,9762341.2521,0.0],[613782.3134,9762341.2897,0.0],[613782.4284,9762341.3302,0.0],[613782.5425,9762341.3734,0.0],[613782.6555,9762341.4194,0.0],[613782.7673,9762341.4682,0.0],[613782.8779,9762341.5196,0.0],[613782.9872,9762341.5738,0.0],[613783.0951,9762341.6305,0.0],[613783.2016,9762341.69,0.0],[613783.3067,9762341.7519,0.0],[613783.4102,9762341.8165,0.0],[613783.5121,9762341.8835,0.0],[613783.6123,9762341.953,0.0],[613783.7108,9762342.0249,0.0],[613783.8075,9762342.0992,0.0],[613783.9024,9762342.1759,0.0],[613783.9954,9762342.2548,0.0],[613784.0864,9762342.336,0.0],[613784.1755,9762342.4194,0.0],[613784.2624,9762342.5049,0.0],[613784.3473,9762342.5925,0.0],[613784.43,9762342.6822,0.0],[613784.5104,9762342.7738,0.0],[613784.5887,9762342.8674,0.0],[613790.6704,9762350.3275,0.0],[613797.2098,9762355.5297,0.0],[613805.913,9762357.0605,0.0],[613806.0346,9762357.0834,0.0],[613806.1557,9762357.1094,0.0],[613806.276,9762357.1384,0.0],[613806.3956,9762357.1703,0.0],[613806.5144,9762357.2051,0.0],[613806.6323,9762357.2429,0.0],[613806.7492,9762357.2836,0.0],[613806.8651,9762357.3272,0.0],[613806.9798,9762357.3737,0.0],[613807.0934,9762357.4229,0.0],[613807.2057,9762357.475,0.0],[613807.3167,9762357.5298,0.0],[613807.4263,9762357.5874,0.0],[613807.5344,9762357.6476,0.0],[613807.641,9762357.7106,0.0],[613807.7461,9762357.7761,0.0],[613807.8494,9762357.8442,0.0],[613807.9511,9762357.9149,0.0],[613808.051,9762357.988,0.0],[613808.149,9762358.0636,0.0],[613808.2451,9762358.1416,0.0],[613808.3393,9762358.222,0.0],[613808.4314,9762358.3046,0.0],[613808.5215,9762358.3896,0.0],[613808.6094,9762358.4767,0.0],[613808.6952,9762358.566,0.0],[613808.7787,9762358.6573,0.0],[613808.86,9762358.7507,0.0],[613808.9389,9762358.8461,0.0],[613809.0154,9762358.9435,0.0],[613814.8481,9762366.5542,0.0],[613822.0763,9762371.6264,0.0],[613830.9928,9762374.5402,0.0],[613840.5459,9762377.381,0.0],[613849.2794,9762379.8715,0.0],[613859.1134,9762377.6913,0.0],[613868.6954,9762373.92,0.0],[613877.9591,9762369.4113,0.0],[613878.0664,9762369.3606,0.0],[613878.1749,9762369.3125,0.0],[613878.2845,9762369.267,0.0],[613887.4182,9762365.6005,0.0],[613895.5877,9762360.8913,0.0],[613903.381,9762354.7239,0.0],[613903.4788,9762354.6485,0.0],[613903.5784,9762354.5755,0.0],[613903.6798,9762354.505,0.0],[613903.7828,9762354.437,0.0],[613903.8876,9762354.3716,0.0],[613903.9939,9762354.3088,0.0],[613904.1017,9762354.2486,0.0],[613904.211,9762354.1911,0.0],[613904.3217,9762354.1364,0.0],[613904.4337,9762354.0843,0.0],[613904.5469,9762354.0351,0.0],[613904.6613,9762353.9887,0.0],[613904.7769,9762353.9451,0.0],[613904.8934,9762353.9044,0.0],[613905.011,9762353.8665,0.0],[613905.1294,9762353.8316,0.0],[613905.2487,9762353.7997,0.0],[613914.8685,9762351.3473,0.0],[613924.3616,9762348.6056,0.0],[613933.5106,9762343.8241,0.0],[613933.6067,9762343.7752,0.0],[613933.7039,9762343.7283,0.0],[613943.2431,9762339.2558,0.0],[613943.3504,9762339.207,0.0],[613943.4589,9762339.1608,0.0],[613943.5684,9762339.1171,0.0],[613943.6788,9762339.076,0.0],[613943.7903,9762339.0376,0.0],[613943.9026,9762339.0018,0.0],[613944.0157,9762338.9686,0.0],[613944.1295,9762338.9381,0.0],[613944.2441,9762338.9103,0.0],[613944.3592,9762338.8852,0.0],[613944.475,9762338.8629,0.0],[613954.8946,9762336.9765,0.0],[613955.0102,9762336.9569,0.0],[613955.1262,9762336.9401,0.0],[613955.2427,9762336.926,0.0],[613955.3594,9762336.9147,0.0],[613955.4763,9762336.9061,0.0],[613955.5935,9762336.9002,0.0],[613955.7107,9762336.8971,0.0],[613955.828,9762336.8967,0.0],[613955.9452,9762336.8991,0.0],[613965.2029,9762337.1953,0.0],[613974.1148,9762334.2122,0.0],[613974.209,9762334.1817,0.0],[613974.3037,9762334.1531,0.0],[613983.8418,9762331.3751,0.0],[613992.0367,9762327.4552,0.0],[613999.508,9762321.5223,0.0],[614007.4065,9762315.2458,0.0],[614014.8279,9762308.7508,0.0],[614020.8462,9762301.3867,0.0],[614026.1345,9762293.3589,0.0],[614030.7952,9762284.4773,0.0],[614030.8485,9762284.3784,0.0],[614030.904,9762284.2807,0.0],[614030.9617,9762284.1843,0.0],[614031.0216,9762284.0892,0.0],[614036.3941,9762275.7651,0.0],[614039.7579,9762265.7849,0.0],[614039.795,9762265.6788,0.0],[614043.2966,9762256.0131,0.0],[614046.3806,9762246.0839,0.0],[614046.419,9762245.9657,0.0],[614046.4602,9762245.8485,0.0],[614046.5044,9762245.7323,0.0],[614046.5514,9762245.6173,0.0],[614046.6013,9762245.5035,0.0],[614046.654,9762245.3909,0.0],[614046.7094,9762245.2797,0.0],[614046.7677,9762245.1699,0.0],[614046.8286,9762245.0616,0.0],[614046.8922,9762244.9549,0.0],[614046.9584,9762244.8497,0.0],[614047.0272,9762244.7462,0.0],[614052.8158,9762236.2742,0.0],[614052.8855,9762236.175,0.0],[614052.9575,9762236.0774,0.0],[614053.0318,9762235.9816,0.0],[614053.1085,9762235.8876,0.0],[614053.1874,9762235.7955,0.0],[614053.2685,9762235.7054,0.0],[614053.3518,9762235.6172,0.0],[614053.4372,9762235.5311,0.0],[614053.5247,9762235.4471,0.0],[614060.804,9762228.6235,0.0],[614066.4856,9762220.714,0.0],[614066.5599,9762220.6133,0.0],[614066.6367,9762220.5145,0.0],[614066.7159,9762220.4176,0.0],[614066.7975,9762220.3228,0.0],[614066.8815,9762220.23,0.0],[614066.9678,9762220.1393,0.0],[614067.0563,9762220.0508,0.0],[614067.147,9762219.9646,0.0],[614067.2398,9762219.8807,0.0],[614067.3347,9762219.7991,0.0],[614075.4266,9762213.0169,0.0],[614075.514,9762212.9453,0.0],[614075.603,9762212.8757,0.0],[614075.6936,9762212.8081,0.0],[614075.7857,9762212.7426,0.0],[614084.1295,9762206.946,0.0],[614089.9548,9762202.0256,0.0],[614089.9497,9762194.3334,0.0],[614089.951,9762194.2163,0.0],[614089.955,9762194.0991,0.0],[614089.9618,9762193.9821,0.0],[614089.9713,9762193.8653,0.0],[614090.9209,9762183.6941,0.0],[614090.934,9762183.5708,0.0],[614090.9501,9762183.4478,0.0],[614090.9693,9762183.3253,0.0],[614090.9915,9762183.2033,0.0],[614091.0167,9762183.0819,0.0],[614091.0449,9762182.9611,0.0],[614091.0761,9762182.8411,0.0],[614091.1103,9762182.7219,0.0],[614091.1474,9762182.6035,0.0],[614091.1874,9762182.4862,0.0],[614091.2303,9762182.3698,0.0],[614091.2761,9762182.2546,0.0],[614091.3248,9762182.1405,0.0],[614091.3763,9762182.0277,0.0],[614091.4305,9762181.9162,0.0],[614091.4875,9762181.806,0.0],[614091.5472,9762181.6973,0.0],[614091.6096,9762181.5901,0.0],[614091.6746,9762181.4845,0.0],[614091.7423,9762181.3806,0.0],[614091.8124,9762181.2783,0.0],[614091.8851,9762181.1779,0.0],[614091.9603,9762181.0792,0.0],[614092.0379,9762180.9825,0.0],[614092.1179,9762180.8877,0.0],[614092.2001,9762180.7949,0.0],[614092.2847,9762180.7042,0.0],[614092.3715,9762180.6156,0.0],[614092.4605,9762180.5292,0.0],[614092.5515,9762180.4451,0.0],[614092.6447,9762180.3632,0.0],[614092.7398,9762180.2836,0.0],[614092.8369,9762180.2065,0.0],[614092.9359,9762180.1317,0.0],[614099.7783,9762175.0967,0.0],[614101.9158,9762166.8942,0.0],[614101.9482,9762166.7759,0.0],[614101.9834,9762166.6585,0.0],[614102.0216,9762166.5419,0.0],[614102.0626,9762166.4263,0.0],[614102.1064,9762166.3118,0.0],[614102.153,9762166.1983,0.0],[614102.2024,9762166.086,0.0],[614102.2545,9762165.975,0.0],[614102.3093,9762165.8653,0.0],[614102.3668,9762165.757,0.0],[614102.427,9762165.6501,0.0],[614102.4897,9762165.5447,0.0],[614102.555,9762165.4409,0.0],[614102.6229,9762165.3387,0.0],[614102.6932,9762165.2382,0.0],[614102.7659,9762165.1395,0.0],[614102.8411,9762165.0426,0.0],[614102.9186,9762164.9476,0.0],[614102.9985,9762164.8544,0.0],[614103.0805,9762164.7633,0.0],[614103.1648,9762164.6742,0.0],[614103.2513,9762164.5872,0.0],[614103.3399,9762164.5024,0.0],[614103.4305,9762164.4198,0.0],[614103.5231,9762164.3394,0.0],[614110.4845,9762158.4446,0.0],[614114.9412,9762150.3098,0.0],[614118.775,9762141.7561,0.0],[614121.0725,9762132.0661,0.0],[614121.1035,9762131.9424,0.0],[614121.1376,9762131.8195,0.0],[614121.1749,9762131.6975,0.0],[614121.2153,9762131.5765,0.0],[614121.2587,9762131.4566,0.0],[614121.3052,9762131.3378,0.0],[614121.3547,9762131.2203,0.0],[614121.4072,9762131.1041,0.0],[614121.4626,9762130.9892,0.0],[614121.521,9762130.8758,0.0],[614121.5822,9762130.7639,0.0],[614125.792,9762123.2975,0.0],[614124.6813,9762114.9824,0.0],[614122.6795,9762104.7746,0.0],[614122.6526,9762104.6257,0.0],[614122.6302,9762104.4761,0.0],[614121.2889,9762094.4612,0.0],[614121.2742,9762094.3399,0.0],[614121.2624,9762094.2182,0.0],[614121.2536,9762094.0963,0.0],[614121.2478,9762093.9743,0.0],[614121.245,9762093.8521,0.0],[614121.2452,9762093.7299,0.0],[614121.2483,9762093.6077,0.0],[614121.2544,9762093.4856,0.0],[614121.2636,9762093.3637,0.0],[614121.2756,9762093.2421,0.0],[614121.2907,9762093.1208,0.0],[614121.3087,9762092.9999,0.0],[614121.3297,9762092.8795,0.0],[614121.3536,9762092.7597,0.0],[614121.3804,9762092.6404,0.0],[614121.4102,9762092.5219,0.0],[614121.4428,9762092.4041,0.0],[614121.4783,9762092.2871,0.0],[614121.5166,9762092.1711,0.0],[614121.5578,9762092.056,0.0],[614121.6017,9762091.942,0.0],[614121.6485,9762091.829,0.0],[614121.698,9762091.7173,0.0],[614135.0163,9762062.6076,0.0],[614136.4958,9762052.5333,0.0],[614136.516,9762052.407,0.0],[614136.5394,9762052.2814,0.0],[614136.566,9762052.1563,0.0],[614136.5958,9762052.032,0.0],[614136.6288,9762051.9084,0.0],[614136.6649,9762051.7858,0.0],[614136.7042,9762051.6641,0.0],[614136.7465,9762051.5435,0.0],[614140.4321,9762041.459,0.0],[614140.477,9762041.3407,0.0],[614140.5249,9762041.2237,0.0],[614140.5757,9762041.1079,0.0],[614140.6295,9762040.9934,0.0],[614140.6861,9762040.8803,0.0],[614140.7456,9762040.7687,0.0],[614140.8079,9762040.6586,0.0],[614140.8729,9762040.5501,0.0],[614140.9407,9762040.4433,0.0],[614141.0111,9762040.3383,0.0],[614141.0842,9762040.235,0.0],[614141.1599,9762040.1337,0.0],[614141.2381,9762040.0343,0.0],[614141.3188,9762039.9369,0.0],[614148.042,9762032.028,0.0],[614148.1286,9762031.9287,0.0],[614148.2178,9762031.8318,0.0],[614148.3096,9762031.7373,0.0],[614148.4038,9762031.6452,0.0],[614148.5004,9762031.5556,0.0],[614148.5993,9762031.4686,0.0],[614155.8205,9762025.2847,0.0],[614160.0159,9762017.2104,0.0],[614160.0708,9762017.1077,0.0],[614160.128,9762017.0062,0.0],[614160.1877,9762016.9062,0.0],[614160.2496,9762016.8076,0.0],[614160.3138,9762016.7104,0.0],[614160.3803,9762016.6148,0.0],[614160.449,9762016.5207,0.0],[614160.5198,9762016.4283,0.0],[614166.646,9762008.6245,0.0],[614171.2905,9762000.4549,0.0],[614175.4185,9761991.0893,0.0],[614175.4687,9761990.9791,0.0],[614175.5216,9761990.87,0.0],[614175.5771,9761990.7623,0.0],[614175.6352,9761990.6559,0.0],[614175.6959,9761990.551,0.0],[614175.7591,9761990.4476,0.0],[614175.8247,9761990.3458,0.0],[614175.8929,9761990.2455,0.0],[614175.9634,9761990.147,0.0],[614176.0363,9761990.0502,0.0],[614176.1115,9761989.9552,0.0],[614176.189,9761989.862,0.0],[614176.2687,9761989.7707,0.0],[614176.3507,9761989.6814,0.0],[614183.2967,9761982.2921,0.0],[614183.3859,9761982.1996,0.0],[614183.4775,9761982.1095,0.0],[614183.5713,9761982.0217,0.0],[614183.6674,9761981.9363,0.0],[614183.7656,9761981.8535,0.0],[614183.866,9761981.7731,0.0],[614183.9683,9761981.6954,0.0],[614184.0727,9761981.6204,0.0],[614184.1789,9761981.5481,0.0],[614184.287,9761981.4785,0.0],[614185.0965,9761980.9718,0.0],[614184.7269,9761944.9223,0.0],[614168.57,9761964.33,0.0],[614139.58,9762001.32,0.0],[614126.59,9762030.32,0.0]]]]}},
{"type":"Feature","properties":{"zona":"REFORESTACIÓN CON FINES DE CONSERVACIÓN","hectareas":18.0},"geometry":{"type":"MultiPolygon","coordinates":[[[[613787.1468,9762418.7677,0.0],[613788.0715,9762420.2606,0.0],[613807.7615,9762453.3306,0.0],[613808.4994,9762454.6126,0.0],[613809.199,9762455.9159,0.0],[613823.379,9762483.2959,0.0],[613823.8802,9762484.2906,0.0],[613824.3591,9762485.2962,0.0],[613824.8155,9762486.3123,0.0],[613841.3955,9762524.3523,0.0],[613841.8857,9762525.5171,0.0],[613842.3464,9762526.6939,0.0],[613842.7772,9762527.8819,0.0],[613843.1778,9762529.0805,0.0],[613843.548,9762530.2888,0.0],[613849.438,9762550.4188,0.0],[613849.7671,9762551.5968,0.0],[613850.0672,9762552.7824,0.0],[613850.3383,9762553.9751,0.0],[613850.5801,9762555.174,0.0],[613850.7926,9762556.3785,0.0],[613850.9755,9762557.5878,0.0],[613851.1288,9762558.8012,0.0],[613851.2523,9762560.0181,0.0],[613853.2823,9762582.7781,0.0],[613853.3807,9762584.0705,0.0],[613853.4456,9762585.365,0.0],[613853.4769,9762586.6608,0.0],[613853.4746,9762587.957,0.0],[613853.4387,9762589.2527,0.0],[613852.0187,9762624.1527,0.0],[613851.9587,9762625.3007,0.0],[613851.8724,9762626.4471,0.0],[613851.7598,9762627.5911,0.0],[613851.6209,9762628.7323,0.0],[613851.4557,9762629.8699,0.0],[613851.2645,9762631.0035,0.0],[613848.229,9762647.8165,0.0],[613847.8922,9762662.7415,0.0],[613853.2749,9762674.7632,0.0],[613866.4017,9762700.9301,0.0],[613866.9647,9762702.0895,0.0],[613867.4977,9762703.2631,0.0],[613868.0003,9762704.45,0.0],[613868.4721,9762705.6495,0.0],[613868.9128,9762706.8607,0.0],[613881.6528,9762743.3307,0.0],[613882.0424,9762744.4913,0.0],[613882.4034,9762745.6611,0.0],[613882.7357,9762746.8394,0.0],[613883.039,9762748.0255,0.0],[613883.3132,9762749.2186,0.0],[613883.5581,9762750.4181,0.0],[613883.7736,9762751.6233,0.0],[613883.9595,9762752.8333,0.0],[613884.1157,9762754.0475,0.0],[613884.2421,9762755.2652,0.0],[613884.3387,9762756.4857,0.0],[613885.6587,9762776.2357,0.0],[613885.7233,9762777.409,0.0],[613885.7603,9762778.5834,0.0],[613885.7696,9762779.7585,0.0],[613885.7514,9762780.9334,0.0],[613885.7056,9762782.1076,0.0],[613885.6321,9762783.2803,0.0],[613885.5312,9762784.451,0.0],[613885.4027,9762785.6191,0.0],[613882.6227,9762808.4291,0.0],[613882.4616,9762809.6298,0.0],[613882.2714,9762810.8264,0.0],[613882.0523,9762812.0179,0.0],[613874.9378,9762848.2345,0.0],[613872.9277,9762870.7196,0.0],[613872.5512,9762882.3194,0.0],[614141.2479,9762979.165,0.0],[614197.1265,9762912.6726,0.0],[614192.3193,9762477.8261,0.0],[614191.7351,9762444.0961,0.0],[614185.0944,9762443.8186,0.0],[614176.1703,9762444.9759,0.0],[614167.8032,9762449.2065,0.0],[614158.9811,9762454.2159,0.0],[614158.8681,9762454.2782,0.0],[614158.7535,9762454.3375,0.0],[614158.6374,9762454.3939,0.0],[614149.2537,9762458.8001,0.0],[614149.1538,9762458.8456,0.0],[614149.053,9762458.889,0.0],[614148.9512,9762458.9301,0.0],[614148.8485,9762458.969,0.0],[614139.3865,9762462.4356,0.0],[614139.2709,9762462.4764,0.0],[614139.1544,9762462.5143,0.0],[614139.0369,9762462.5493,0.0],[614138.9186,9762462.5815,0.0],[614138.7996,9762462.6107,0.0],[614138.6799,9762462.637,0.0],[614138.5596,9762462.6604,0.0],[614138.4387,9762462.6808,0.0],[614138.3174,9762462.6983,0.0],[614138.1957,9762462.7127,0.0],[614138.0736,9762462.7242,0.0],[614137.9514,9762462.7327,0.0],[614137.8289,9762462.7382,0.0],[614137.7064,9762462.7406,0.0],[614137.5838,9762462.7401,0.0],[614127.3074,9762462.5701,0.0],[614127.1854,9762462.5666,0.0],[614127.0635,9762462.5601,0.0],[614126.9418,9762462.5507,0.0],[614126.8204,9762462.5382,0.0],[614126.6994,9762462.5229,0.0],[614118.6139,9762461.395,0.0],[614112.3155,9762466.8468,0.0],[614112.2171,9762466.9299,0.0],[614112.1165,9762467.0104,0.0],[614104.0799,9762473.2729,0.0],[614103.984,9762473.3458,0.0],[614103.8863,9762473.4164,0.0],[614103.7869,9762473.4846,0.0],[614103.6859,9762473.5504,0.0],[614103.5834,9762473.6138,0.0],[614103.4793,9762473.6747,0.0],[614103.3739,9762473.733,0.0],[614103.267,9762473.7888,0.0],[614103.1588,9762473.842,0.0],[614103.0494,9762473.8925,0.0],[614102.9388,9762473.9405,0.0],[614102.8271,9762473.9857,0.0],[614102.7143,9762474.0282,0.0],[614102.6005,9762474.068,0.0],[614102.4858,9762474.1051,0.0],[614102.3703,9762474.1393,0.0],[614102.2539,9762474.1708,0.0],[614102.1369,9762474.1995,0.0],[614102.0191,9762474.2253,0.0],[614101.9008,9762474.2483,0.0],[614101.7819,9762474.2684,0.0],[614101.6627,9762474.2857,0.0],[614101.543,9762474.3,0.0],[614101.423,9762474.3115,0.0],[614101.3028,9762474.3201,0.0],[614091.4498,9762474.9048,0.0],[614081.9624,9762476.7143,0.0],[614072.7423,9762478.5703,0.0],[614063.9032,9762482.5949,0.0],[614063.7932,9762482.6434,0.0],[614063.682,9762482.6893,0.0],[614063.5697,9762482.7325,0.0],[614063.4565,9762482.7729,0.0],[614063.3423,9762482.8106,0.0],[614063.2272,9762482.8456,0.0],[614063.1113,9762482.8778,0.0],[614062.9947,9762482.9072,0.0],[614062.8774,9762482.9338,0.0],[614062.7595,9762482.9575,0.0],[614062.641,9762482.9784,0.0],[614062.5221,9762482.9964,0.0],[614062.4028,9762483.0116,0.0],[614062.2831,9762483.0239,0.0],[614062.1632,9762483.0334,0.0],[614062.0431,9762483.0399,0.0],[614051.9784,9762483.4667,0.0],[614051.8461,9762483.4706,0.0],[614051.7137,9762483.4709,0.0],[614051.5813,9762483.4678,0.0],[614051.4491,9762483.4611,0.0],[614051.3171,9762483.451,0.0],[614051.1854,9762483.4373,0.0],[614042.5435,9762482.4259,0.0],[614037.5593,9762484.9626,0.0],[614034.4994,9762486.5199,0.0],[614033.4345,9762487.1045,0.0],[614033.3264,9762487.1621,0.0],[614033.2168,9762487.2171,0.0],[614033.106,9762487.2694,0.0],[614032.9939,9762487.319,0.0],[614032.8806,9762487.3658,0.0],[614032.7662,9762487.4098,0.0],[614032.6508,9762487.451,0.0],[614032.5344,9762487.4893,0.0],[614032.4171,9762487.5248,0.0],[614032.2989,9762487.5574,0.0],[614032.18,9762487.5871,0.0],[614032.0604,9762487.6138,0.0],[614031.9402,9762487.6377,0.0],[614031.8194,9762487.6585,0.0],[614031.6981,9762487.6764,0.0],[614031.5765,9762487.6914,0.0],[614031.4545,9762487.7033,0.0],[614031.3323,9762487.7123,0.0],[614031.2099,9762487.7182,0.0],[614031.0873,9762487.7212,0.0],[614030.9648,9762487.7211,0.0],[614030.8422,9762487.718,0.0],[614030.7198,9762487.712,0.0],[614030.5976,9762487.7029,0.0],[614030.4756,9762487.6909,0.0],[614030.354,9762487.6758,0.0],[614030.2328,9762487.6578,0.0],[614030.112,9762487.6368,0.0],[614029.9918,9762487.6129,0.0],[614029.8722,9762487.586,0.0],[614029.7533,9762487.5562,0.0],[614029.6352,9762487.5235,0.0],[614029.5179,9762487.4879,0.0],[614029.4016,9762487.4494,0.0],[614029.2862,9762487.4081,0.0],[614029.1718,9762487.364,0.0],[614029.0586,9762487.3171,0.0],[614028.9465,9762487.2675,0.0],[614028.8357,9762487.2151,0.0],[614028.7263,9762487.16,0.0],[614028.6182,9762487.1022,0.0],[614028.5115,9762487.0418,0.0],[614028.4064,9762486.9788,0.0],[614028.3028,9762486.9133,0.0],[614028.2009,9762486.8452,0.0],[614028.1007,9762486.7747,0.0],[614028.0022,9762486.7017,0.0],[614027.9055,9762486.6263,0.0],[614027.8108,9762486.5486,0.0],[614027.7179,9762486.4686,0.0],[614027.6271,9762486.3863,0.0],[614027.5383,9762486.3019,0.0],[614027.4516,9762486.2152,0.0],[614027.367,9762486.1265,0.0],[614027.2847,9762486.0358,0.0],[614027.2045,9762485.943,0.0],[614027.1267,9762485.8483,0.0],[614027.0513,9762485.7517,0.0],[614026.9782,9762485.6533,0.0],[614026.9075,9762485.5532,0.0],[614026.8394,9762485.4513,0.0],[614026.7737,9762485.3478,0.0],[614026.7106,9762485.2428,0.0],[614026.6501,9762485.1362,0.0],[614026.5922,9762485.0281,0.0],[614026.537,9762484.9187,0.0],[614026.4845,9762484.808,0.0],[614026.4348,9762484.696,0.0],[614026.3877,9762484.5828,0.0],[614026.3435,9762484.4685,0.0],[614026.3021,9762484.3531,0.0],[614026.2635,9762484.2368,0.0],[614026.2278,9762484.1195,0.0],[614026.195,9762484.0015,0.0],[614026.1651,9762483.8826,0.0],[614026.1381,9762483.763,0.0],[614026.114,9762483.6429,0.0],[614026.0929,9762483.5221,0.0],[614026.0748,9762483.4009,0.0],[614026.0596,9762483.2793,0.0],[614026.0474,9762483.1573,0.0],[614023.6077,9762455.2756,0.0],[614023.5985,9762455.1533,0.0],[614023.5923,9762455.0307,0.0],[614023.5892,9762454.908,0.0],[614023.589,9762454.7853,0.0],[614023.5918,9762454.6626,0.0],[614023.5977,9762454.54,0.0],[614023.6066,9762454.4176,0.0],[614023.6184,9762454.2955,0.0],[614023.6333,9762454.1736,0.0],[614023.6511,9762454.0522,0.0],[614028.7028,9762422.3821,0.0],[614024.5073,9762399.1162,0.0],[614017.9067,9762375.4314,0.0],[614005.2017,9762348.9004,0.0],[613989.4391,9762339.7828,0.0],[613987.7891,9762340.5721,0.0],[613987.6836,9762340.6211,0.0],[613987.5771,9762340.6676,0.0],[613987.4694,9762340.7115,0.0],[613987.3608,9762340.753,0.0],[613987.2513,9762340.792,0.0],[613987.1409,9762340.8283,0.0],[613987.0297,9762340.8621,0.0],[613977.1951,9762343.7264,0.0],[613967.5266,9762346.9628,0.0],[613967.4059,9762347.0015,0.0],[613967.2842,9762347.0372,0.0],[613967.1617,9762347.0697,0.0],[613967.0384,9762347.0992,0.0],[613966.9143,9762347.1254,0.0],[613966.7897,9762347.1486,0.0],[613966.6645,9762347.1686,0.0],[613966.5388,9762347.1854,0.0],[613966.4128,9762347.1989,0.0],[613966.2864,9762347.2093,0.0],[613966.1599,9762347.2165,0.0],[613966.0331,9762347.2205,0.0],[613965.9064,9762347.2213,0.0],[613965.7796,9762347.2188,0.0],[613956.1548,9762346.9109,0.0],[613946.898,9762348.5868,0.0],[613938.0468,9762352.7367,0.0],[613928.5479,9762357.7011,0.0],[613928.4362,9762357.7577,0.0],[613928.3231,9762357.8115,0.0],[613928.2087,9762357.8625,0.0],[613928.093,9762357.9106,0.0],[613927.9761,9762357.9557,0.0],[613927.8582,9762357.998,0.0],[613927.7393,9762358.0372,0.0],[613927.6194,9762358.0735,0.0],[613917.5675,9762360.9766,0.0],[613917.4152,9762361.0179,0.0],[613908.7512,9762363.2266,0.0],[613901.5055,9762368.9606,0.0],[613901.4088,9762369.0352,0.0],[613901.3104,9762369.1074,0.0],[613901.2102,9762369.1772,0.0],[613901.1083,9762369.2445,0.0],[613901.0048,9762369.3094,0.0],[613900.8998,9762369.3716,0.0],[613892.1061,9762374.4407,0.0],[613892.0034,9762374.4983,0.0],[613891.8995,9762374.5534,0.0],[613891.7943,9762374.6061,0.0],[613891.6879,9762374.6562,0.0],[613891.5803,9762374.7039,0.0],[613891.4717,9762374.749,0.0],[613882.1752,9762378.4808,0.0],[613872.8962,9762382.997,0.0],[613872.7786,9762383.0523,0.0],[613872.6596,9762383.1046,0.0],[613872.5393,9762383.1538,0.0],[613862.4103,9762387.1404,0.0],[613862.2881,9762387.1867,0.0],[613862.1647,9762387.2297,0.0],[613862.0403,9762387.2695,0.0],[613861.9148,9762387.3061,0.0],[613861.7885,9762387.3393,0.0],[613861.6613,9762387.3693,0.0],[613850.2078,9762389.9085,0.0],[613850.0864,9762389.9338,0.0],[613849.9645,9762389.9561,0.0],[613849.842,9762389.9754,0.0],[613849.7191,9762389.9917,0.0],[613849.5958,9762390.0048,0.0],[613849.4722,9762390.015,0.0],[613849.3484,9762390.022,0.0],[613849.2245,9762390.026,0.0],[613849.1005,9762390.0269,0.0],[613848.9766,9762390.0248,0.0],[613848.8527,9762390.0195,0.0],[613848.729,9762390.0112,0.0],[613848.6055,9762389.9999,0.0],[613848.4824,9762389.9855,0.0],[613848.3596,9762389.968,0.0],[613848.2373,9762389.9475,0.0],[613848.1156,9762389.9239,0.0],[613847.9945,9762389.8974,0.0],[613847.8741,9762389.8678,0.0],[613847.7544,9762389.8353,0.0],[613837.7765,9762386.9899,0.0],[613837.7225,9762386.9742,0.0],[613828.0782,9762384.1063,0.0],[613827.9503,9762384.0664,0.0],[613818.2614,9762380.9002,0.0],[613818.1446,9762380.8604,0.0],[613818.0289,9762380.8178,0.0],[613817.9142,9762380.7723,0.0],[613817.8007,9762380.724,0.0],[613817.6884,9762380.673,0.0],[613817.5775,9762380.6191,0.0],[613817.4678,9762380.5626,0.0],[613817.3596,9762380.5034,0.0],[613817.2529,9762380.4415,0.0],[613817.1478,9762380.377,0.0],[613817.0443,9762380.3099,0.0],[613816.9424,9762380.2403,0.0],[613808.4749,9762374.2984,0.0],[613808.3718,9762374.2241,0.0],[613808.2707,9762374.1472,0.0],[613808.1715,9762374.0678,0.0],[613808.0744,9762373.9858,0.0],[613807.9794,9762373.9014,0.0],[613807.8865,9762373.8146,0.0],[613807.7959,9762373.7255,0.0],[613807.7076,9762373.6341,0.0],[613807.6216,9762373.5405,0.0],[613807.5381,9762373.4448,0.0],[613807.457,9762373.3469,0.0],[613807.3784,9762373.247,0.0],[613802.2628,9762366.572,0.0],[613794.2256,9762365.1583,0.0],[613794.1033,9762365.1352,0.0],[613793.9816,9762365.1091,0.0],[613793.8606,9762365.08,0.0],[613793.7404,9762365.0478,0.0],[613793.621,9762365.0127,0.0],[613793.5025,9762364.9746,0.0],[613793.385,9762364.9335,0.0],[613793.2685,9762364.8896,0.0],[613793.1532,9762364.8428,0.0],[613793.0391,9762364.7931,0.0],[613792.9262,9762364.7406,0.0],[613792.8147,9762364.6853,0.0],[613792.7046,9762364.6272,0.0],[613792.596,9762364.5664,0.0],[613792.4889,9762364.503,0.0],[613792.3835,9762364.4369,0.0],[613792.2797,9762364.3681,0.0],[613792.1776,9762364.2969,0.0],[613792.0774,9762364.2231,0.0],[613791.979,9762364.1468,0.0],[613784.0229,9762357.8176,0.0],[613783.9304,9762357.7422,0.0],[613783.8398,9762357.6646,0.0],[613783.751,9762357.5848,0.0],[613783.6641,9762357.503,0.0],[613783.5792,9762357.4191,0.0],[613783.4963,9762357.3332,0.0],[613783.4155,9762357.2454,0.0],[613783.3368,9762357.1557,0.0],[613783.2603,9762357.0641,0.0],[613778.093,9762350.7256,0.0],[613770.0965,9762349.6754,0.0],[613769.9731,9762349.6577,0.0],[613769.8502,9762349.6368,0.0],[613769.7278,9762349.6129,0.0],[613769.606,9762349.5859,0.0],[613769.485,9762349.5559,0.0],[613769.3647,9762349.523,0.0],[613769.2453,9762349.487,0.0],[613769.1268,9762349.448,0.0],[613769.0094,9762349.4061,0.0],[613768.893,9762349.3613,0.0],[613768.7778,9762349.3136,0.0],[613759.8393,9762345.4823,0.0],[613750.2712,9762342.8146,0.0],[613750.1525,9762342.7799,0.0],[613750.0347,9762342.7423,0.0],[613749.9178,9762342.7018,0.0],[613749.802,9762342.6584,0.0],[613749.6872,9762342.6121,0.0],[613749.5737,9762342.563,0.0],[613749.4614,9762342.5112,0.0],[613749.3504,9762342.4565,0.0],[613749.2408,9762342.3992,0.0],[613749.1327,9762342.3391,0.0],[613748.2544,9762341.8371,0.0],[613756.1898,9762363.1281,0.0],[613762.6062,9762376.8196,0.0],[613773.6467,9762397.8053,0.0],[613787.1468,9762418.7677,0.0]]]]}},
{"type":"Feature","properties":{"zona":"REFORESTACIÓN CON FINES DE CONSERVACIÓN","hectareas":4.79},"geometry":{"type":"MultiPolygon","coordinates":[[[[614187.1005,9762176.4344,0.0],[614185.2385,9761994.8267,0.0],[614184.2236,9761995.9065,0.0],[614180.3383,9762004.7213,0.0],[614180.2855,9762004.837,0.0],[614180.2298,9762004.9514,0.0],[614180.1711,9762005.0643,0.0],[614180.1097,9762005.1757,0.0],[614175.1554,9762013.8903,0.0],[614175.0928,9762013.9972,0.0],[614175.0277,9762014.1025,0.0],[614174.9599,9762014.2062,0.0],[614174.8896,9762014.3081,0.0],[614174.8169,9762014.4083,0.0],[614174.7416,9762014.5066,0.0],[614168.6741,9762022.2356,0.0],[614164.2467,9762030.7565,0.0],[614164.1902,9762030.8622,0.0],[614164.1312,9762030.9665,0.0],[614164.0697,9762031.0693,0.0],[614164.0057,9762031.1706,0.0],[614163.9393,9762031.2704,0.0],[614163.8706,9762031.3685,0.0],[614163.7995,9762031.465,0.0],[614163.7262,9762031.5597,0.0],[614163.6506,9762031.6526,0.0],[614163.5728,9762031.7438,0.0],[614163.4928,9762031.833,0.0],[614163.4107,9762031.9203,0.0],[614163.3265,9762032.0055,0.0],[614163.2403,9762032.0888,0.0],[614163.1522,9762032.1699,0.0],[614163.0621,9762032.249,0.0],[614155.4045,9762038.8066,0.0],[614149.5174,9762045.732,0.0],[614146.3151,9762054.4941,0.0],[614144.8065,9762064.766,0.0],[614144.788,9762064.8826,0.0],[614144.7667,9762064.9987,0.0],[614144.7427,9762065.1142,0.0],[614144.716,9762065.2292,0.0],[614144.6866,9762065.3435,0.0],[614144.6544,9762065.4571,0.0],[614144.6196,9762065.5698,0.0],[614144.5822,9762065.6818,0.0],[614144.5421,9762065.7928,0.0],[614144.4994,9762065.9028,0.0],[614144.4542,9762066.0118,0.0],[614144.4063,9762066.1197,0.0],[614131.3921,9762094.5648,0.0],[614132.5217,9762102.9987,0.0],[614134.5236,9762113.2073,0.0],[614134.5506,9762113.357,0.0],[614134.5731,9762113.5075,0.0],[614135.9256,9762123.6329,0.0],[614135.9405,9762123.7563,0.0],[614135.9524,9762123.88,0.0],[614135.9611,9762124.0039,0.0],[614135.9668,9762124.1281,0.0],[614135.9694,9762124.2523,0.0],[614135.9689,9762124.3766,0.0],[614135.9654,9762124.5008,0.0],[614135.9587,9762124.6248,0.0],[614135.949,9762124.7487,0.0],[614135.9361,9762124.8723,0.0],[614135.9203,9762124.9956,0.0],[614135.9013,9762125.1184,0.0],[614135.8793,9762125.2407,0.0],[614135.8543,9762125.3624,0.0],[614135.8263,9762125.4835,0.0],[614135.7952,9762125.6038,0.0],[614135.7612,9762125.7233,0.0],[614135.7242,9762125.8419,0.0],[614135.6843,9762125.9596,0.0],[614135.6415,9762126.0763,0.0],[614135.5958,9762126.1918,0.0],[614135.5472,9762126.3062,0.0],[614135.4958,9762126.4193,0.0],[614135.4416,9762126.5312,0.0],[614135.3847,9762126.6416,0.0],[614135.325,9762126.7506,0.0],[614130.6398,9762135.0602,0.0],[614128.3961,9762144.5232,0.0],[614128.3676,9762144.6376,0.0],[614128.3364,9762144.7512,0.0],[614128.3025,9762144.8641,0.0],[614128.2659,9762144.9761,0.0],[614128.2267,9762145.0872,0.0],[614128.185,9762145.1974,0.0],[614128.1406,9762145.3066,0.0],[614128.0937,9762145.4147,0.0],[614123.9849,9762154.582,0.0],[614123.9288,9762154.7027,0.0],[614123.8696,9762154.8218,0.0],[614123.8072,9762154.9394,0.0],[614118.8087,9762164.0631,0.0],[614118.7487,9762164.1696,0.0],[614118.686,9762164.2747,0.0],[614118.6208,9762164.3782,0.0],[614118.553,9762164.48,0.0],[614118.4828,9762164.5802,0.0],[614118.4102,9762164.6786,0.0],[614118.3352,9762164.7752,0.0],[614118.2578,9762164.87,0.0],[614118.1782,9762164.9628,0.0],[614118.0963,9762165.0537,0.0],[614118.0122,9762165.1425,0.0],[614117.9259,9762165.2292,0.0],[614117.8376,9762165.3138,0.0],[614117.7472,9762165.3963,0.0],[614117.6548,9762165.4764,0.0],[614111.1934,9762170.9479,0.0],[614109.008,9762179.334,0.0],[614108.9759,9762179.4513,0.0],[614108.9409,9762179.5679,0.0],[614108.9031,9762179.6836,0.0],[614108.8625,9762179.7983,0.0],[614108.8192,9762179.912,0.0],[614108.773,9762180.0246,0.0],[614108.7242,9762180.1361,0.0],[614108.6726,9762180.2463,0.0],[614108.6184,9762180.3552,0.0],[614108.5616,9762180.4628,0.0],[614108.5021,9762180.569,0.0],[614108.4401,9762180.6737,0.0],[614108.3755,9762180.7768,0.0],[614108.3085,9762180.8784,0.0],[614108.239,9762180.9783,0.0],[614108.1671,9762181.0765,0.0],[614108.0928,9762181.1729,0.0],[614108.0162,9762181.2674,0.0],[614107.9373,9762181.3601,0.0],[614107.8562,9762181.4508,0.0],[614107.7729,9762181.5395,0.0],[614107.6875,9762181.6262,0.0],[614107.6,9762181.7107,0.0],[614107.5104,9762181.7931,0.0],[614107.4189,9762181.8733,0.0],[614107.3255,9762181.9513,0.0],[614107.2302,9762182.027,0.0],[614107.133,9762182.1003,0.0],[614100.6692,9762186.8568,0.0],[614099.9499,9762194.5613,0.0],[614099.9564,9762204.3426,0.0],[614099.9549,9762204.4668,0.0],[614099.9504,9762204.5911,0.0],[614099.9427,9762204.7151,0.0],[614099.932,9762204.8389,0.0],[614099.9182,9762204.9625,0.0],[614099.9014,9762205.0856,0.0],[614099.8815,9762205.2083,0.0],[614099.8585,9762205.3305,0.0],[614099.8325,9762205.452,0.0],[614099.8035,9762205.5729,0.0],[614099.7715,9762205.693,0.0],[614099.7365,9762205.8123,0.0],[614099.6986,9762205.9306,0.0],[614099.6578,9762206.048,0.0],[614099.614,9762206.1643,0.0],[614099.5674,9762206.2796,0.0],[614099.5179,9762206.3936,0.0],[614099.4656,9762206.5063,0.0],[614099.4105,9762206.6177,0.0],[614099.3526,9762206.7278,0.0],[614099.2921,9762206.8363,0.0],[614099.2288,9762206.9433,0.0],[614099.1629,9762207.0487,0.0],[614099.0944,9762207.1524,0.0],[614099.0234,9762207.2544,0.0],[614098.9499,9762207.3546,0.0],[614098.8738,9762207.4529,0.0],[614098.7954,9762207.5494,0.0],[614098.7146,9762207.6438,0.0],[614098.6314,9762207.7362,0.0],[614098.546,9762207.8265,0.0],[614098.4584,9762207.9146,0.0],[614098.3686,9762208.0006,0.0],[614098.2767,9762208.0843,0.0],[614098.1828,9762208.1657,0.0],[614090.4022,9762214.7376,0.0],[614090.3113,9762214.8125,0.0],[614090.2187,9762214.8852,0.0],[614090.1245,9762214.9558,0.0],[614090.0285,9762215.0241,0.0],[614081.6769,9762220.8262,0.0],[614074.2404,9762227.059,0.0],[614068.6408,9762234.8544,0.0],[614068.5686,9762234.9524,0.0],[614068.494,9762235.0486,0.0],[614068.4171,9762235.1429,0.0],[614068.3379,9762235.2354,0.0],[614068.2565,9762235.3259,0.0],[614068.1729,9762235.4144,0.0],[614068.0872,9762235.5008,0.0],[614067.9994,9762235.5852,0.0],[614060.7635,9762242.3682,0.0],[614055.7078,9762249.7675,0.0],[614052.8122,9762259.0901,0.0],[614052.7765,9762259.2005,0.0],[614052.7382,9762259.3101,0.0],[614049.2162,9762269.0321,0.0],[614045.6712,9762279.5498,0.0],[614045.6301,9762279.6668,0.0],[614045.5862,9762279.7828,0.0],[614045.5394,9762279.8976,0.0],[614045.4897,9762280.0113,0.0],[614045.4373,9762280.1237,0.0],[614045.382,9762280.2347,0.0],[614045.3241,9762280.3443,0.0],[614045.2634,9762280.4525,0.0],[614045.2001,9762280.5592,0.0],[614045.1341,9762280.6642,0.0],[614039.5455,9762289.3231,0.0],[614034.8739,9762298.2254,0.0],[614034.8149,9762298.3346,0.0],[614034.7532,9762298.4422,0.0],[614034.6889,9762298.5482,0.0],[614034.622,9762298.6527,0.0],[614029.0558,9762307.1024,0.0],[614028.9838,9762307.2086,0.0],[614028.9091,9762307.313,0.0],[614028.8318,9762307.4154,0.0],[614028.7519,9762307.5158,0.0],[614022.3067,9762315.4023,0.0],[614022.2302,9762315.4936,0.0],[614022.1516,9762315.5831,0.0],[614022.0709,9762315.6706,0.0],[614021.9882,9762315.7562,0.0],[614021.9034,9762315.8398,0.0],[614021.8166,9762315.9214,0.0],[614021.728,9762316.0009,0.0],[614013.903,9762322.8491,0.0],[614013.8128,9762322.9261,0.0],[614013.7208,9762323.001,0.0],[614005.7273,9762329.353,0.0],[613999.6807,9762334.1545,0.0],[614011.547,9762341.0183,0.0],[614011.6544,9762341.0822,0.0],[614011.7601,9762341.1488,0.0],[614011.8642,9762341.218,0.0],[614011.9664,9762341.2897,0.0],[614012.0669,9762341.3641,0.0],[614012.1655,9762341.4408,0.0],[614012.2621,9762341.5201,0.0],[614012.3567,9762341.6017,0.0],[614012.4492,9762341.6857,0.0],[614012.5396,9762341.7719,0.0],[614012.6279,9762341.8604,0.0],[614012.7139,9762341.951,0.0],[614012.7976,9762342.0438,0.0],[614012.8789,9762342.1387,0.0],[614012.9579,9762342.2355,0.0],[614013.0344,9762342.3343,0.0],[614013.1084,9762342.435,0.0],[614013.1799,9762342.5374,0.0],[614013.2488,9762342.6417,0.0],[614013.3151,9762342.7476,0.0],[614013.3787,9762342.8552,0.0],[614013.4396,9762342.9643,0.0],[614013.4977,9762343.0749,0.0],[614013.5531,9762343.1869,0.0],[614027.1151,9762371.5076,0.0],[614027.1676,9762371.6209,0.0],[614027.2173,9762371.7354,0.0],[614027.2641,9762371.8512,0.0],[614027.308,9762371.9681,0.0],[614027.3489,9762372.086,0.0],[614027.3869,9762372.205,0.0],[614027.422,9762372.3248,0.0],[614034.203,9762396.6567,0.0],[614034.233,9762396.7695,0.0],[614034.2604,9762396.883,0.0],[614034.2851,9762396.9971,0.0],[614034.3071,9762397.1117,0.0],[614038.6948,9762421.4435,0.0],[614038.7147,9762421.562,0.0],[614038.7318,9762421.681,0.0],[614038.746,9762421.8004,0.0],[614038.7573,9762421.9201,0.0],[614038.7657,9762422.04,0.0],[614038.7713,9762422.16,0.0],[614038.7739,9762422.2802,0.0],[614038.7737,9762422.4004,0.0],[614038.7706,9762422.5206,0.0],[614038.7646,9762422.6406,0.0],[614038.7557,9762422.7605,0.0],[614038.7439,9762422.8802,0.0],[614038.7293,9762422.9995,0.0],[614038.7118,9762423.1184,0.0],[614033.6234,9762455.0183,0.0],[614035.3597,9762474.8615,0.0],[614039.3551,9762472.828,0.0],[614039.4648,9762472.7739,0.0],[614039.5758,9762472.7224,0.0],[614039.688,9762472.6737,0.0],[614039.8014,9762472.6277,0.0],[614039.9159,9762472.5846,0.0],[614040.0314,9762472.5442,0.0],[614040.1478,9762472.5067,0.0],[614040.2652,9762472.472,0.0],[614040.3833,9762472.4402,0.0],[614040.5022,9762472.4113,0.0],[614040.6218,9762472.3854,0.0],[614040.7419,9762472.3623,0.0],[614040.8626,9762472.3423,0.0],[614040.9838,9762472.3251,0.0],[614041.1053,9762472.311,0.0],[614041.2271,9762472.2998,0.0],[614041.3492,9762472.2916,0.0],[614041.4714,9762472.2864,0.0],[614041.5937,9762472.2842,0.0],[614041.7161,9762472.285,0.0],[614041.8384,9762472.2887,0.0],[614041.9605,9762472.2955,0.0],[614042.0825,9762472.3053,0.0],[614042.2042,9762472.318,0.0],[614051.9524,9762473.4588,0.0],[614060.6461,9762473.0902,0.0],[614069.1209,9762469.2314,0.0],[614069.2371,9762469.1802,0.0],[614069.3546,9762469.1321,0.0],[614069.4733,9762469.0869,0.0],[614069.5931,9762469.0447,0.0],[614069.714,9762469.0056,0.0],[614069.8358,9762468.9696,0.0],[614069.9584,9762468.9367,0.0],[614070.0819,9762468.9069,0.0],[614070.2061,9762468.8802,0.0],[614080.0139,9762466.9059,0.0],[614080.0638,9762466.8961,0.0],[614089.894,9762465.0212,0.0],[614090.0213,9762464.9987,0.0],[614090.149,9762464.9794,0.0],[614090.2772,9762464.9634,0.0],[614090.4058,9762464.9508,0.0],[614090.5346,9762464.9415,0.0],[614099.1591,9762464.4297,0.0],[614105.8683,9762459.2016,0.0],[614113.7849,9762452.3491,0.0],[614113.8779,9762452.2705,0.0],[614113.9727,9762452.1943,0.0],[614114.0694,9762452.1204,0.0],[614114.1679,9762452.0488,0.0],[614114.2681,9762451.9797,0.0],[614114.3699,9762451.913,0.0],[614114.4734,9762451.8489,0.0],[614114.5784,9762451.7872,0.0],[614114.6848,9762451.7282,0.0],[614114.7926,9762451.6717,0.0],[614114.9018,9762451.6179,0.0],[614115.0123,9762451.5668,0.0],[614115.124,9762451.5184,0.0],[614115.2368,9762451.4727,0.0],[614115.3507,9762451.4297,0.0],[614115.4656,9762451.3896,0.0],[614115.5814,9762451.3523,0.0],[614115.6982,9762451.3177,0.0],[614115.8157,9762451.2861,0.0],[614115.934,9762451.2573,0.0],[614116.0529,9762451.2314,0.0],[614116.1724,9762451.2084,0.0],[614116.2925,9762451.1883,0.0],[614116.413,9762451.1712,0.0],[614116.5339,9762451.157,0.0],[614116.6551,9762451.1457,0.0],[614116.7765,9762451.1374,0.0],[614116.8981,9762451.132,0.0],[614117.0198,9762451.1296,0.0],[614117.1415,9762451.1302,0.0],[614117.2632,9762451.1337,0.0],[614117.3848,9762451.1402,0.0],[614117.5061,9762451.1497,0.0],[614117.6272,9762451.1621,0.0],[614117.7479,9762451.1774,0.0],[614127.7783,9762452.5765,0.0],[614136.8195,9762452.7261,0.0],[614145.2022,9762449.6549,0.0],[614154.2117,9762445.4244,0.0],[614162.9704,9762440.451,0.0],[614163.0761,9762440.3926,0.0],[614163.1832,9762440.3368,0.0],[614172.4221,9762435.6654,0.0],[614172.5308,9762435.6121,0.0],[614172.6408,9762435.5614,0.0],[614172.7521,9762435.5134,0.0],[614172.8644,9762435.4681,0.0],[614172.9778,9762435.4255,0.0],[614173.0922,9762435.3857,0.0],[614173.2075,9762435.3487,0.0],[614173.3237,9762435.3145,0.0],[614173.4407,9762435.2831,0.0],[614173.5584,9762435.2545,0.0],[614173.6768,9762435.2288,0.0],[614173.7958,9762435.206,0.0],[614173.9153,9762435.1861,0.0],[614174.0352,9762435.169,0.0],[614184.2327,9762433.8466,0.0],[614184.3538,9762433.8324,0.0],[614184.4752,9762433.8212,0.0],[614184.5969,9762433.8129,0.0],[614184.7187,9762433.8076,0.0],[614184.8406,9762433.8052,0.0],[614184.9626,9762433.8059,0.0],[614185.0844,9762433.8095,0.0],[614191.5616,9762434.0801,0.0],[614187.1054,9762176.7877,0.0],[614187.1005,9762176.4344,0.0]]]]}},
{"type":"Feature","properties":{"zona":"REFORESTACIÓN CON FINES DE CONSERVACIÓN","hectareas":2.21},"geometry":{"type":"MultiPolygon","coordinates":[[[[614289.131,9761906.6866,0.0],[614284.4008,9761912.6071,0.0],[614287.0935,9762175.2326,0.0],[614289.8893,9762336.6592,0.0],[614294.0983,9762334.5538,0.0],[614294.2068,9762334.5011,0.0],[614294.3165,9762334.4511,0.0],[614294.4274,9762334.4038,0.0],[614294.5393,9762334.3591,0.0],[614294.6524,9762334.3172,0.0],[614294.7664,9762334.278,0.0],[614294.8813,9762334.2416,0.0],[614294.997,9762334.2079,0.0],[614295.1136,9762334.177,0.0],[614295.2308,9762334.149,0.0],[614295.3487,9762334.1238,0.0],[614295.4672,9762334.1014,0.0],[614295.5861,9762334.0819,0.0],[614305.7724,9762332.5384,0.0],[614305.8929,9762332.5217,0.0],[614306.0138,9762332.5078,0.0],[614306.135,9762332.497,0.0],[614306.2564,9762332.489,0.0],[614306.378,9762332.4841,0.0],[614306.4997,9762332.482,0.0],[614306.6214,9762332.483,0.0],[614306.743,9762332.4869,0.0],[614306.8645,9762332.4938,0.0],[614306.9858,9762332.5036,0.0],[614307.1068,9762332.5164,0.0],[614307.2274,9762332.5321,0.0],[614307.3477,9762332.5507,0.0],[614307.4674,9762332.5723,0.0],[614307.5866,9762332.5968,0.0],[614317.2617,9762334.7062,0.0],[614327.1229,9762334.6681,0.0],[614327.245,9762334.6692,0.0],[614327.3671,9762334.6732,0.0],[614327.4891,9762334.6801,0.0],[614327.6108,9762334.6901,0.0],[614327.7323,9762334.703,0.0],[614327.8534,9762334.7189,0.0],[614327.9741,9762334.7378,0.0],[614328.0943,9762334.7596,0.0],[614328.2139,9762334.7843,0.0],[614328.3329,9762334.812,0.0],[614328.4512,9762334.8425,0.0],[614328.5687,9762334.8759,0.0],[614328.6854,9762334.9122,0.0],[614328.8011,9762334.9513,0.0],[614328.9158,9762334.9932,0.0],[614329.0295,9762335.038,0.0],[614329.142,9762335.0855,0.0],[614329.2534,9762335.1357,0.0],[614329.3635,9762335.1886,0.0],[614329.4723,9762335.2442,0.0],[614329.5796,9762335.3024,0.0],[614339.2701,9762340.7128,0.0],[614339.3765,9762340.774,0.0],[614339.4814,9762340.8377,0.0],[614339.5847,9762340.904,0.0],[614339.6863,9762340.9728,0.0],[614339.7862,9762341.044,0.0],[614339.8843,9762341.1177,0.0],[614339.9805,9762341.1938,0.0],[614340.0749,9762341.2722,0.0],[614340.1673,9762341.3529,0.0],[614340.2578,9762341.4358,0.0],[614340.3461,9762341.521,0.0],[614340.4324,9762341.6083,0.0],[614340.5164,9762341.6977,0.0],[614340.5983,9762341.7891,0.0],[614347.2131,9762349.3615,0.0],[614354.9983,9762355.6496,0.0],[614355.0934,9762355.7284,0.0],[614355.1865,9762355.8096,0.0],[614355.2776,9762355.893,0.0],[614355.3667,9762355.9786,0.0],[614355.4535,9762356.0664,0.0],[614355.5382,9762356.1563,0.0],[614355.6207,9762356.2483,0.0],[614355.7008,9762356.3422,0.0],[614355.7786,9762356.4382,0.0],[614355.854,9762356.536,0.0],[614355.927,9762356.6357,0.0],[614355.9975,9762356.7371,0.0],[614356.0654,9762356.8402,0.0],[614356.1308,9762356.945,0.0],[614356.1936,9762357.0514,0.0],[614356.2537,9762357.1593,0.0],[614357.0242,9762358.5828,0.0],[614357.3811,9762357.9973,0.0],[614360.1488,9762348.9671,0.0],[614360.187,9762348.8479,0.0],[614360.2281,9762348.7296,0.0],[614360.2722,9762348.6125,0.0],[614360.3193,9762348.4964,0.0],[614364.0343,9762339.6496,0.0],[614364.7232,9762330.4019,0.0],[614364.7282,9762330.3403,0.0],[614365.6001,9762320.3128,0.0],[614365.6126,9762320.1869,0.0],[614365.6284,9762320.0613,0.0],[614367.0709,9762309.6245,0.0],[614367.9203,9762299.5095,0.0],[614367.9328,9762299.3808,0.0],[614367.9486,9762299.2524,0.0],[614367.9678,9762299.1245,0.0],[614367.9902,9762298.9971,0.0],[614368.0159,9762298.8703,0.0],[614368.0449,9762298.7443,0.0],[614370.3797,9762289.1618,0.0],[614371.9763,9762280.0654,0.0],[614369.3787,9762271.3004,0.0],[614369.3363,9762271.1485,0.0],[614366.6771,9762261.0125,0.0],[614364.0742,9762251.4418,0.0],[614360.9489,9762241.9033,0.0],[614360.9124,9762241.7869,0.0],[614360.8787,9762241.6697,0.0],[614360.8478,9762241.5517,0.0],[614360.8199,9762241.4329,0.0],[614360.7948,9762241.3136,0.0],[614360.7727,9762241.1936,0.0],[614360.7535,9762241.0732,0.0],[614360.7372,9762240.9523,0.0],[614360.7239,9762240.831,0.0],[614360.7136,9762240.7095,0.0],[614360.7062,9762240.5877,0.0],[614360.7018,9762240.4658,0.0],[614360.7004,9762240.3438,0.0],[614360.702,9762240.2219,0.0],[614360.7065,9762240.1,0.0],[614360.714,9762239.9782,0.0],[614360.7244,9762239.8567,0.0],[614360.7379,9762239.7355,0.0],[614360.7543,9762239.6146,0.0],[614360.7736,9762239.4942,0.0],[614360.7958,9762239.3742,0.0],[614362.7465,9762229.534,0.0],[614362.7719,9762229.4138,0.0],[614362.8002,9762229.2943,0.0],[614362.8314,9762229.1755,0.0],[614362.8656,9762229.0575,0.0],[614362.9026,9762228.9404,0.0],[614362.9425,9762228.8243,0.0],[614362.9853,9762228.7091,0.0],[614363.0308,9762228.595,0.0],[614363.0792,9762228.4821,0.0],[614363.1303,9762228.3704,0.0],[614363.1841,9762228.26,0.0],[614363.2406,9762228.151,0.0],[614363.2998,9762228.0433,0.0],[614363.3616,9762227.9372,0.0],[614363.426,9762227.8326,0.0],[614363.493,9762227.7296,0.0],[614363.5624,9762227.6283,0.0],[614365.1859,9762225.322,0.0],[614364.9629,9762220.5336,0.0],[614364.9586,9762220.4074,0.0],[614364.9575,9762220.2812,0.0],[614364.9596,9762220.1549,0.0],[614364.9649,9762220.0288,0.0],[614364.9734,9762219.9029,0.0],[614364.985,9762219.7772,0.0],[614364.9998,9762219.6518,0.0],[614365.0178,9762219.5269,0.0],[614365.0389,9762219.4024,0.0],[614365.0632,9762219.2785,0.0],[614365.0905,9762219.1553,0.0],[614365.121,9762219.0328,0.0],[614367.6114,9762209.5355,0.0],[614369.2647,9762199.3098,0.0],[614370.7551,9762189.6417,0.0],[614371.0831,9762179.6279,0.0],[614371.0894,9762179.4918,0.0],[614371.6548,9762170.0786,0.0],[614368.5986,9762161.5572,0.0],[614364.113,9762151.8324,0.0],[614364.0562,9762151.7046,0.0],[614360.2668,9762142.8454,0.0],[614354.7308,9762135.5643,0.0],[614347.2475,9762129.1627,0.0],[614347.153,9762129.0798,0.0],[614347.0607,9762128.9946,0.0],[614346.9705,9762128.907,0.0],[614346.8825,9762128.8173,0.0],[614346.7969,9762128.7253,0.0],[614346.7135,9762128.6313,0.0],[614346.6326,9762128.5351,0.0],[614346.5541,9762128.437,0.0],[614346.4781,9762128.3369,0.0],[614346.4046,9762128.2349,0.0],[614346.3338,9762128.1312,0.0],[614346.2655,9762128.0256,0.0],[614346.1999,9762127.9184,0.0],[614346.1371,9762127.8096,0.0],[614346.077,9762127.6993,0.0],[614341.4784,9762118.9971,0.0],[614334.1778,9762112.5181,0.0],[614334.0887,9762112.4371,0.0],[614334.0015,9762112.3539,0.0],[614333.9164,9762112.2687,0.0],[614333.8333,9762112.1814,0.0],[614333.7524,9762112.0922,0.0],[614333.6737,9762112.001,0.0],[614333.5972,9762111.908,0.0],[614333.5229,9762111.8131,0.0],[614333.4509,9762111.7165,0.0],[614333.3813,9762111.6182,0.0],[614333.3141,9762111.5183,0.0],[614333.2493,9762111.4167,0.0],[614333.187,9762111.3136,0.0],[614327.9539,9762102.4179,0.0],[614327.8922,9762102.31,0.0],[614327.8332,9762102.2005,0.0],[614327.7769,9762102.0897,0.0],[614327.7234,9762101.9774,0.0],[614327.6728,9762101.8639,0.0],[614327.6249,9762101.7491,0.0],[614327.58,9762101.6332,0.0],[614324.0644,9762092.2274,0.0],[614320.5305,9762083.2854,0.0],[614315.041,9762074.9917,0.0],[614314.974,9762074.8877,0.0],[614314.9096,9762074.7821,0.0],[614314.8478,9762074.6749,0.0],[614314.7887,9762074.5662,0.0],[614314.7323,9762074.4561,0.0],[614314.6786,9762074.3446,0.0],[614314.6278,9762074.2319,0.0],[614314.5797,9762074.1179,0.0],[614314.5345,9762074.0027,0.0],[614314.4921,9762073.8865,0.0],[614314.4526,9762073.7693,0.0],[614314.416,9762073.6511,0.0],[614314.3824,9762073.532,0.0],[614314.3517,9762073.4122,0.0],[614311.887,9762063.2654,0.0],[614311.8774,9762063.225,0.0],[614309.5017,9762053.0782,0.0],[614309.4734,9762052.9498,0.0],[614309.4484,9762052.8206,0.0],[614309.4269,9762052.6908,0.0],[614307.8233,9762042.1558,0.0],[614306.1201,9762031.875,0.0],[614306.1002,9762031.7437,0.0],[614306.0837,9762031.612,0.0],[614306.0707,9762031.4799,0.0],[614306.0613,9762031.3475,0.0],[614306.0554,9762031.2149,0.0],[614305.7446,9762021.3291,0.0],[614304.4671,9762011.3647,0.0],[614304.4519,9762011.2322,0.0],[614304.4402,9762011.0993,0.0],[614303.6995,9762001.1282,0.0],[614303.6907,9762000.9787,0.0],[614303.2277,9761990.51,0.0],[614303.2234,9761990.3692,0.0],[614303.0577,9761980.0212,0.0],[614302.6864,9761978.4155,0.0],[614302.6606,9761978.2977,0.0],[614302.6377,9761978.1793,0.0],[614302.6177,9761978.0604,0.0],[614302.6005,9761977.941,0.0],[614302.5862,9761977.8212,0.0],[614302.5748,9761977.7012,0.0],[614302.5663,9761977.5809,0.0],[614302.5607,9761977.4604,0.0],[614302.5581,9761977.3398,0.0],[614302.5583,9761977.2192,0.0],[614302.5614,9761977.0987,0.0],[614302.5675,9761976.9782,0.0],[614302.5764,9761976.858,0.0],[614302.5882,9761976.7379,0.0],[614302.603,9761976.6182,0.0],[614302.6206,9761976.4989,0.0],[614302.6411,9761976.3801,0.0],[614302.6644,9761976.2618,0.0],[614302.6906,9761976.1441,0.0],[614302.7197,9761976.027,0.0],[614302.7515,9761975.9107,0.0],[614302.7861,9761975.7952,0.0],[614302.8236,9761975.6805,0.0],[614302.8637,9761975.5668,0.0],[614302.9066,9761975.4541,0.0],[614302.9234,9761975.4114,0.0],[614301.1965,9761973.6663,0.0],[614301.1108,9761973.5776,0.0],[614301.0274,9761973.4869,0.0],[614300.9463,9761973.3941,0.0],[614300.8674,9761973.2993,0.0],[614300.7909,9761973.2026,0.0],[614300.7169,9761973.1041,0.0],[614300.6452,9761973.0037,0.0],[614300.5761,9761972.9016,0.0],[614300.5095,9761972.7979,0.0],[614300.4455,9761972.6925,0.0],[614300.3841,9761972.5856,0.0],[614300.3254,9761972.4772,0.0],[614300.2693,9761972.3674,0.0],[614300.216,9761972.2563,0.0],[614300.1654,9761972.1438,0.0],[614300.1177,9761972.0302,0.0],[614300.0727,9761971.9154,0.0],[614300.0306,9761971.7995,0.0],[614299.9913,9761971.6827,0.0],[614299.955,9761971.5649,0.0],[614299.9215,9761971.4462,0.0],[614299.891,9761971.3268,0.0],[614299.8635,9761971.2066,0.0],[614299.8389,9761971.0858,0.0],[614299.8173,9761970.9644,0.0],[614299.7987,9761970.8426,0.0],[614299.7831,9761970.7203,0.0],[614299.7705,9761970.5976,0.0],[614299.761,9761970.4747,0.0],[614299.7545,9761970.3516,0.0],[614299.751,9761970.2284,0.0],[614299.7506,9761970.1051,0.0],[614299.7532,9761969.9818,0.0],[614299.7589,9761969.8587,0.0],[614299.7675,9761969.7357,0.0],[614299.7792,9761969.613,0.0],[614299.794,9761969.4906,0.0],[614299.8117,9761969.3686,0.0],[614299.8325,9761969.2471,0.0],[614299.8562,9761969.1261,0.0],[614299.8829,9761969.0058,0.0],[614299.9126,9761968.8861,0.0],[614299.9452,9761968.7672,0.0],[614299.9807,9761968.6492,0.0],[614300.0192,9761968.532,0.0],[614300.8961,9761965.9667,0.0],[614300.9055,9761965.9404,0.0],[614300.8842,9761965.906,0.0],[614300.8222,9761965.8,0.0],[614300.7628,9761965.6926,0.0],[614300.7061,9761965.5838,0.0],[614300.6521,9761965.4736,0.0],[614300.6008,9761965.3621,0.0],[614300.5523,9761965.2494,0.0],[614300.5065,9761965.1355,0.0],[614300.4636,9761965.0206,0.0],[614300.4234,9761964.9046,0.0],[614300.3862,9761964.7877,0.0],[614300.3518,9761964.6699,0.0],[614300.3203,9761964.5513,0.0],[614300.2918,9761964.4319,0.0],[614300.2661,9761964.3119,0.0],[614300.2435,9761964.1913,0.0],[614300.2238,9761964.0702,0.0],[614300.207,9761963.9486,0.0],[614300.1933,9761963.8266,0.0],[614300.1826,9761963.7044,0.0],[614300.1748,9761963.5819,0.0],[614300.1701,9761963.4593,0.0],[614300.1684,9761963.3366,0.0],[614300.1697,9761963.2139,0.0],[614300.174,9761963.0912,0.0],[614300.1813,9761962.9687,0.0],[614300.1917,9761962.8464,0.0],[614300.205,9761962.7244,0.0],[614300.2213,9761962.6028,0.0],[614300.2406,9761962.4816,0.0],[614300.2628,9761962.3609,0.0],[614300.288,9761962.2408,0.0],[614300.3162,9761962.1214,0.0],[614300.3473,9761962.0027,0.0],[614300.3813,9761961.8848,0.0],[614300.4181,9761961.7677,0.0],[614300.4578,9761961.6516,0.0],[614300.5004,9761961.5365,0.0],[614300.5458,9761961.4225,0.0],[614300.5939,9761961.3096,0.0],[614300.6449,9761961.1979,0.0],[614300.6985,9761961.0876,0.0],[614300.7548,9761960.9785,0.0],[614300.8138,9761960.8709,0.0],[614300.8754,9761960.7648,0.0],[614300.9396,9761960.6602,0.0],[614302.1568,9761958.7309,0.0],[614302.6931,9761957.4373,0.0],[614302.8632,9761955.3684,0.0],[614302.8425,9761953.6464,0.0],[614301.9141,9761951.4265,0.0],[614301.8668,9761951.3091,0.0],[614301.8224,9761951.1905,0.0],[614301.781,9761951.0708,0.0],[614301.7427,9761950.9501,0.0],[614301.7074,9761950.8285,0.0],[614301.6753,9761950.7061,0.0],[614301.6462,9761950.5828,0.0],[614301.6203,9761950.4589,0.0],[614301.5975,9761950.3344,0.0],[614301.1621,9761947.77,0.0],[614301.1427,9761947.6457,0.0],[614301.1263,9761947.5211,0.0],[614301.1131,9761947.396,0.0],[614301.103,9761947.2707,0.0],[614301.0961,9761947.1452,0.0],[614301.0923,9761947.0195,0.0],[614301.0918,9761946.8938,0.0],[614301.0943,9761946.7681,0.0],[614301.1,9761946.6425,0.0],[614301.1089,9761946.517,0.0],[614301.121,9761946.3919,0.0],[614301.1361,9761946.2671,0.0],[614301.1545,9761946.1427,0.0],[614301.1759,9761946.0188,0.0],[614301.5661,9761943.9209,0.0],[614301.9902,9761941.3698,0.0],[614302.0154,9761941.2304,0.0],[614302.0446,9761941.0918,0.0],[614302.6111,9761938.575,0.0],[614302.9374,9761936.3043,0.0],[614302.9652,9761936.1323,0.0],[614303.2834,9761934.3591,0.0],[614303.2735,9761932.1024,0.0],[614303.0068,9761929.5538,0.0],[614302.8057,9761928.4739,0.0],[614302.1661,9761927.5099,0.0],[614302.099,9761927.4061,0.0],[614302.0346,9761927.3007,0.0],[614301.9728,9761927.1937,0.0],[614301.9136,9761927.0852,0.0],[614301.8571,9761926.9753,0.0],[614301.8034,9761926.864,0.0],[614301.7524,9761926.7515,0.0],[614301.7043,9761926.6377,0.0],[614301.6589,9761926.5227,0.0],[614301.6164,9761926.4067,0.0],[614301.5768,9761926.2897,0.0],[614301.5401,9761926.1717,0.0],[614301.5063,9761926.0528,0.0],[614301.4755,9761925.9332,0.0],[614301.4476,9761925.8128,0.0],[614301.4228,9761925.6918,0.0],[614301.4009,9761925.5702,0.0],[614301.382,9761925.448,0.0],[614301.3662,9761925.3255,0.0],[614301.3533,9761925.2026,0.0],[614301.3436,9761925.0794,0.0],[614301.3368,9761924.956,0.0],[614301.3332,9761924.8325,0.0],[614301.3325,9761924.709,0.0],[614301.335,9761924.5854,0.0],[614301.4197,9761921.939,0.0],[614301.4283,9761918.8363,0.0],[614301.361,9761915.8484,0.0],[614301.3597,9761915.7251,0.0],[614301.3615,9761915.6018,0.0],[614301.3663,9761915.4786,0.0],[614301.3742,9761915.3555,0.0],[614301.3851,9761915.2326,0.0],[614301.399,9761915.1101,0.0],[614301.4159,9761914.9879,0.0],[614301.8263,9761912.2748,0.0],[614302.1626,9761910.0648,0.0],[614302.3942,9761908.3293,0.0],[614301.5453,9761904.4584,0.0],[614301.5203,9761904.3375,0.0],[614301.4983,9761904.2159,0.0],[614301.4794,9761904.0939,0.0],[614301.4634,9761903.9715,0.0],[614301.4505,9761903.8487,0.0],[614301.4407,9761903.7256,0.0],[614301.4338,9761903.6023,0.0],[614301.43,9761903.4789,0.0],[614301.4293,9761903.3554,0.0],[614301.4316,9761903.2319,0.0],[614301.437,9761903.1086,0.0],[614301.4454,9761902.9854,0.0],[614301.4568,9761902.8624,0.0],[614301.4713,9761902.7398,0.0],[614301.4888,9761902.6176,0.0],[614301.5093,9761902.4958,0.0],[614301.5328,9761902.3746,0.0],[614301.5593,9761902.254,0.0],[614301.5888,9761902.1341,0.0],[614301.6212,9761902.0149,0.0],[614301.6566,9761901.8966,0.0],[614301.6948,9761901.7792,0.0],[614301.736,9761901.6628,0.0],[614301.78,9761901.5474,0.0],[614301.8269,9761901.4332,0.0],[614301.8765,9761901.3201,0.0],[614301.929,9761901.2083,0.0],[614301.9841,9761901.0979,0.0],[614302.042,9761900.9888,0.0],[614302.1026,9761900.8812,0.0],[614302.1658,9761900.7751,0.0],[614302.2316,9761900.6706,0.0],[614302.3,9761900.5678,0.0],[614302.3709,9761900.4667,0.0],[614302.4442,9761900.3674,0.0],[614302.52,9761900.2699,0.0],[614302.5982,9761900.1743,0.0],[614302.6787,9761900.0807,0.0],[614302.7615,9761899.9891,0.0],[614304.117,9761898.5261,0.0],[614304.074,9761898.5485,0.0],[614303.9631,9761898.6026,0.0],[614303.851,9761898.654,0.0],[614303.7376,9761898.7027,0.0],[614303.623,9761898.7485,0.0],[614303.5074,9761898.7915,0.0],[614303.3907,9761898.8316,0.0],[614303.2731,9761898.8688,0.0],[614303.1546,9761898.9031,0.0],[614303.0353,9761898.9345,0.0],[614302.9152,9761898.9629,0.0],[614302.7945,9761898.9883,0.0],[614302.6732,9761899.0108,0.0],[614294.4835,9761900.423,0.0],[614289.131,9761906.6866,0.0]]]]}},
{"type":"Feature","properties":{"zona":"INFRAESTRUCTURA PARA VIVIENDA, CAMINOS Y OTRAS CONSTRUCCIONES","hectareas":0.62},"geometry":{"type":"MultiPolygon","coordinates":[[[[613807.0271,9761999.1045,0.0],[613830.596,9762009.0432,0.0],[613856.4366,9762005.3517,0.0],[613888.1497,9761987.9285,0.0],[613881.784,9761980.419,0.0],[613745.294,9761905.762,0.0],[613701.6499,9761912.7524,0.0],[613746.9587,9761928.6679,0.0],[613807.0271,9761999.1045,0.0]]]]}},
{"type":"Feature","properties":{"zona":"INFRAESTRUCTURA PARA VIVIENDA, CAMINOS Y OTRAS CONSTRUCCIONES","hectareas":2.71},"geometry":{"type":"MultiPolygon","coordinates":[[[[614699.67,9763306.04,0.0],[614714.11,9763229.0,0.0],[614714.3,9763187.12,0.0],[614703.74,9763093.97,0.0],[614697.44,9763013.76,0.0],[614693.04,9762963.03,0.0],[614651.86,9762868.07,0.0],[614627.3798,9762883.4645,0.0],[614634.2497,9762909.8287,0.0],[614639.3004,9762929.2114,0.0],[614647.5247,9762960.7735,0.0],[614660.5825,9763217.4535,0.0],[614657.0018,9763338.7749,0.0],[614656.9807,9763339.9927,0.0],[614656.9892,9763341.2106,0.0],[614657.0275,9763342.4279,0.0],[614657.0953,9763343.6439,0.0],[614657.1928,9763344.8579,0.0],[614657.3198,9763346.0692,0.0],[614657.4763,9763347.2771,0.0],[614657.6621,9763348.4807,0.0],[614657.8772,9763349.6795,0.0],[614671.5741,9763421.0044,0.0],[614735.88,9763444.17,0.0],[614699.67,9763306.04,0.0]]]]}},
{"type":"Feature","properties":{"zona":"INFRAESTRUCTURA PARA VIVIENDA, CAMINOS Y OTRAS CONSTRUCCIONES","hectareas":1.07},"geometry":{"type":"MultiPolygon","coordinates":[[[[614238.74,9763265.08,0.0],[614301.0056,9763287.5106,0.0],[614299.1894,9763103.9466,0.0],[614235.46,9763109.21,0.0],[614238.74,9763265.08,0.0]]]]}},
{"type":"Feature","properties":{"zona":"REFORESTACIÓN CON FINES DE CONSERVACIÓN","hectareas":12.23},"geometry":{"type":"MultiPolygon","coordinates":[[[[614436.8080892,9762147.1278709,0.0],[614314.1745788,9761901.3193527,0.0],[614311.9107742,9761905.0490695,0.0],[614312.578792,9761908.0952137,0.0],[614311.7128892,9761913.7850709,0.0],[614311.4374883,9761915.6061058,0.0],[614311.415912,9761923.3714059,0.0],[614312.600721,9761925.15713,0.0],[614313.2712855,9761931.5668623,0.0],[614313.2938167,9761936.6625195,0.0],[614311.8315892,9761943.1577709,0.0],[614311.183153,9761947.0583839,0.0],[614311.3607892,9761948.1043709,0.0],[614313.1444433,9761952.3694229,0.0],[614312.5586185,9761959.4919159,0.0],[614311.9317455,9761961.8350821,0.0],[614312.6852464,9761963.8322083,0.0],[614310.9935827,9761968.8982486,0.0],[614313.5768728,9761972.1526546,0.0],[614313.0176846,9761977.4396404,0.0],[614313.2210892,9761990.1466709,0.0],[614313.6776892,9762000.4701709,0.0],[614314.4029892,9762010.2334709,0.0],[614315.7246286,9762020.5421758,0.0],[614316.0400892,9762030.5765709,0.0],[614317.699666,9762040.5943267,0.0],[614319.2833892,9762050.9988709,0.0],[614321.6093892,9762060.9332709,0.0],[614323.8626892,9762070.2098709,0.0],[614329.4463369,9762078.6457638,0.0],[614333.398417,9762088.6457975,0.0],[614336.7943892,9762097.7315709,0.0],[614341.4059892,9762105.5707709,0.0],[614349.4726587,9762112.7296071,0.0],[614354.4728892,9762122.1918709,0.0],[614362.0440188,9762128.668564,0.0],[614368.9751592,9762137.7847343,0.0],[614373.2229892,9762147.7155709,0.0],[614377.8635153,9762157.7762167,0.0],[614381.75985,9762168.639979,0.0],[614381.0755892,9762180.0314709,0.0],[614380.7301413,9762190.5785449,0.0],[614379.1420558,9762200.8798964,0.0],[614377.4064631,9762211.6147413,0.0],[614374.9876892,9762220.8389709,0.0],[614375.3344361,9762228.2857851,0.0],[614372.3496892,9762232.5259709,0.0],[614370.8596892,9762240.0422709,0.0],[614373.6568678,9762248.5793821,0.0],[614376.3358102,9762258.4297143,0.0],[614378.9889892,9762268.5426709,0.0],[614382.2323385,9762279.4864247,0.0],[614380.1727151,9762291.2204532,0.0],[614377.8527892,9762300.7418709,0.0],[614377.0136545,9762310.7354792,0.0],[614375.5515892,9762321.3131709,0.0],[614374.6933892,9762331.1837709,0.0],[614373.8856446,9762342.0261642,0.0],[614369.6364892,9762352.1451709,0.0],[614366.5740674,9762362.1367689,0.0],[614360.3303127,9762372.3814495,0.0],[614357.2962718,9762374.0115138,0.0],[614353.3443418,9762372.8001686,0.0],[614347.9359892,9762362.8078709,0.0],[614340.2540764,9762356.6031806,0.0],[614333.6378892,9762349.0293709,0.0],[614325.8499892,9762344.6811709,0.0],[614316.2037508,9762344.7184917,0.0],[614306.3581892,9762342.5718709,0.0],[614297.8654892,9762343.8587709,0.0],[614290.0813892,9762347.7525709,0.0],[614292.3096811,9762476.408618,0.0],[614295.1743,9762735.5227,0.0],[614568.0975892,9762735.8275709,0.0],[614562.7641892,9762655.6990709,0.0],[614509.7392892,9762480.7960709,0.0],[614521.5598892,9762475.4037709,0.0],[614478.6241892,9762299.9508709,0.0],[614436.8080892,9762147.1278709,0.0]]]]}},
{"type":"Feature","properties":{"zona":"INFRAESTRUCTURA PARA VIVIENDA, CAMINOS Y OTRAS CONSTRUCCIONES","hectareas":11.23},"geometry":{"type":"MultiPolygon","coordinates":[[[[614601.8489,9762158.1929,0.0],[614523.165,9761765.7043,0.0],[614492.59,9761791.904,0.0],[614432.2416,9761820.9048,0.0],[614394.7924,9761838.9013,0.0],[614331.9055,9761869.122,0.0],[614304.6498219,9761882.2198895,0.0],[614314.1738787,9761901.3100573,0.0],[614314.1869,9761901.288,0.0],[614314.1739,9761901.3101,0.0],[614436.808,9762147.1198,0.0],[614478.6241,9762299.9428,0.0],[614521.5598,9762475.3957,0.0],[614653.4783914,9762415.2172201,0.0],[614601.8489,9762158.1929,0.0]]]]}},
{"type":"Feature","properties":{"zona":"INFRAESTRUCTURA PARA VIVIENDA, CAMINOS Y OTRAS CONSTRUCCIONES","hectareas":10.73},"geometry":{"type":"MultiPolygon","coordinates":[[[[614298.614,9763046.6725,0.0],[614292.3114,9762476.5641,0.0],[614292.307,9762476.2509,0.0],[614290.0813,9762347.7445,0.0],[614289.8893,9762336.6592,0.0],[614287.0935,9762175.2326,0.0],[614284.4008,9761912.6071,0.0],[614284.3021853,9761891.9980368,0.0],[614184.6751,9761939.8744,0.0],[614185.0965,9761980.9718,0.0],[614185.2385,9761994.8267,0.0],[614187.1005,9762176.4344,0.0],[614187.1054,9762176.7877,0.0],[614191.5616,9762434.0801,0.0],[614191.7351,9762444.0961,0.0],[614192.3193,9762477.8261,0.0],[614197.1265,9762912.6726,0.0],[614208.183,9762899.516,0.0],[614234.0131,9762835.158,0.0],[614234.9258,9763057.593,0.0],[614298.614,9763046.6725,0.0]]]]}},
{"type":"Feature","properties":{"zona":"DESARROLLO TURISTICO Y DE SOSTENIBILIDAD","hectareas":6.39},"geometry":{"type":"MultiPolygon","coordinates":[[[[614295.1742106,9762735.5146097,0.0],[614298.6139998,9763046.6724806,0.0],[614381.5124998,9763032.4579806,0.0],[614503.0034998,9762913.3599806,0.0],[614535.8621998,9762872.9999806,0.0],[614574.3980998,9762830.4799806,0.0],[614568.0974998,9762735.8194806,0.0],[614295.1742106,9762735.5146097,0.0]]]]}}
]
}
