{
"type": "FeatureCollection",
"name": "curvas_texto",
"crs": { "type": "name", "properties": { "name": "urn:ogc:def:crs:EPSG::32717" } },
"xy_coordinate_resolution": 1e-07,
"features": [
{"type":"Feature","properties":{"Contents":"120","TEXTSTRING":"120","TEXT_SIZE":5.0,"TEXT_ANGLE":132.58941592449804},"geometry":{"type":"Point","coordinates":[613317.9197592,9763019.5235526,-241.0]}},
{"type":"Feature","properties":{"Contents":"125","TEXTSTRING":"125","TEXT_SIZE":5.0,"TEXT_ANGLE":132.58941592449804},"geometry":{"type":"Point","coordinates":[613331.9345183,9762982.1936782,-241.0]}},
{"type":"Feature","properties":{"Contents":"125","TEXTSTRING":"125","TEXT_SIZE":5.0,"TEXT_ANGLE":295.90824551424953},"geometry":{"type":"Point","coordinates":[613383.7855594,9762972.1587136,-241.0]}},
{"type":"Feature","properties":{"Contents":"145","TEXTSTRING":"145","TEXT_SIZE":5.0,"TEXT_ANGLE":10.592107831775341},"geometry":{"type":"Point","coordinates":[613633.9198167,9763128.5758513,-241.0]}},
{"type":"Feature","properties":{"Contents":"140","TEXTSTRING":"140","TEXT_SIZE":5.0,"TEXT_ANGLE":14.257475954807253},"geometry":{"type":"Point","coordinates":[613642.0965919,9763115.8389419,-241.0]}},
{"type":"Feature","properties":{"Contents":"135","TEXTSTRING":"135","TEXT_SIZE":5.0,"TEXT_ANGLE":12.359584396653592},"geometry":{"type":"Point","coordinates":[613676.6274478,9763094.1218817,-241.0]}},
{"type":"Feature","properties":{"Contents":"150","TEXTSTRING":"150","TEXT_SIZE":5.0,"TEXT_ANGLE":148.74689289748642},"geometry":{"type":"Point","coordinates":[613784.2613585,9762963.0743675,-241.0]}},
{"type":"Feature","properties":{"Contents":"145","TEXTSTRING":"145","TEXT_SIZE":5.0,"TEXT_ANGLE":148.74689289748642},"geometry":{"type":"Point","coordinates":[613821.0081751,9762979.2244321,-241.0]}},
{"type":"Feature","properties":{"Contents":"140","TEXTSTRING":"140","TEXT_SIZE":5.0,"TEXT_ANGLE":113.24024960632185},"geometry":{"type":"Point","coordinates":[613862.6383952,9762984.3249842,-241.0]}},
{"type":"Feature","properties":{"Contents":"135","TEXTSTRING":"135","TEXT_SIZE":5.0,"TEXT_ANGLE":107.80608950057277},"geometry":{"type":"Point","coordinates":[613909.7308327,9762989.3292957,-241.0]}},
{"type":"Feature","properties":{"Contents":"85","TEXTSTRING":"85","TEXT_SIZE":5.0,"TEXT_ANGLE":69.824446120693381},"geometry":{"type":"Point","coordinates":[614707.9882984,9762959.4155076,-251.0]}},
{"type":"Feature","properties":{"Contents":"85","TEXTSTRING":"85","TEXT_SIZE":5.0,"TEXT_ANGLE":205.51584294061439},"geometry":{"type":"Point","coordinates":[614692.6964565,9762987.9110144,-251.0]}},
{"type":"Feature","properties":{"Contents":"80","TEXTSTRING":"80","TEXT_SIZE":5.0,"TEXT_ANGLE":198.17182401958124},"geometry":{"type":"Point","coordinates":[614679.9018364,9763035.8884162,-251.0]}},
{"type":"Feature","properties":{"Contents":"75","TEXTSTRING":"75","TEXT_SIZE":5.0,"TEXT_ANGLE":212.36465476549495},"geometry":{"type":"Point","coordinates":[614660.2664867,9763051.995146,-251.0]}},
{"type":"Feature","properties":{"Contents":"65","TEXTSTRING":"65","TEXT_SIZE":5.0,"TEXT_ANGLE":134.87995996166131},"geometry":{"type":"Point","coordinates":[614815.2640432,9763287.2845708,-251.0]}},
{"type":"Feature","properties":{"Contents":"70","TEXTSTRING":"70","TEXT_SIZE":5.0,"TEXT_ANGLE":134.87995996166131},"geometry":{"type":"Point","coordinates":[614799.1094799,9763281.5977467,-251.0]}},
{"type":"Feature","properties":{"Contents":"70","TEXTSTRING":"70","TEXT_SIZE":5.0,"TEXT_ANGLE":273.7265830536096},"geometry":{"type":"Point","coordinates":[614692.3350178,9763213.2428258,-251.0]}},
{"type":"Feature","properties":{"Contents":"65","TEXTSTRING":"65","TEXT_SIZE":5.0,"TEXT_ANGLE":258.55855073206789},"geometry":{"type":"Point","coordinates":[614596.9330252,9763208.1107135,-251.0]}},
{"type":"Feature","properties":{"Contents":"120","TEXTSTRING":"120","TEXT_SIZE":5.0,"TEXT_ANGLE":101.83611811448726},"geometry":{"type":"Point","coordinates":[614148.6930164,9763253.8909289,-251.0]}},
{"type":"Feature","properties":{"Contents":"115","TEXTSTRING":"115","TEXT_SIZE":5.0,"TEXT_ANGLE":61.267288761237744},"geometry":{"type":"Point","coordinates":[614239.9930712,9763225.5877231,-251.0]}},
{"type":"Feature","properties":{"Contents":"110","TEXTSTRING":"110","TEXT_SIZE":5.0,"TEXT_ANGLE":61.267288761237744},"geometry":{"type":"Point","coordinates":[614291.838906,9763174.4826969,-251.0]}},
{"type":"Feature","properties":{"Contents":"65","TEXTSTRING":"65","TEXT_SIZE":5.0,"TEXT_ANGLE":85.20542951349384},"geometry":{"type":"Point","coordinates":[614535.7441137,9763152.7644272,-251.0]}},
{"type":"Feature","properties":{"Contents":"70","TEXTSTRING":"70","TEXT_SIZE":5.0,"TEXT_ANGLE":93.243088485485714},"geometry":{"type":"Point","coordinates":[614509.5779135,9763144.0892548,-251.0]}},
{"type":"Feature","properties":{"Contents":"75","TEXTSTRING":"75","TEXT_SIZE":5.0,"TEXT_ANGLE":94.927072138871395},"geometry":{"type":"Point","coordinates":[614493.3295268,9763140.8383272,-251.0]}},
{"type":"Feature","properties":{"Contents":"80","TEXTSTRING":"80","TEXT_SIZE":5.0,"TEXT_ANGLE":94.153128608555875},"geometry":{"type":"Point","coordinates":[614480.5446589,9763137.0424907,-251.0]}},
{"type":"Feature","properties":{"Contents":"85","TEXTSTRING":"85","TEXT_SIZE":5.0,"TEXT_ANGLE":99.110381223776002},"geometry":{"type":"Point","coordinates":[614452.1950843,9763132.2567125,-251.0]}},
{"type":"Feature","properties":{"Contents":"90","TEXTSTRING":"90","TEXT_SIZE":5.0,"TEXT_ANGLE":89.850103181289938},"geometry":{"type":"Point","coordinates":[614424.2595381,9763123.9280286,-251.0]}},
{"type":"Feature","properties":{"Contents":"95","TEXTSTRING":"95","TEXT_SIZE":5.0,"TEXT_ANGLE":61.267288761237744},"geometry":{"type":"Point","coordinates":[614397.2741427,9763120.410637,-251.0]}},
{"type":"Feature","properties":{"Contents":"100","TEXTSTRING":"100","TEXT_SIZE":5.0,"TEXT_ANGLE":83.046088736973431},"geometry":{"type":"Point","coordinates":[614358.0222815,9763121.4191915,-251.0]}},
{"type":"Feature","properties":{"Contents":"105","TEXTSTRING":"105","TEXT_SIZE":5.0,"TEXT_ANGLE":61.267288761237744},"geometry":{"type":"Point","coordinates":[614332.9998899,9763121.0717248,-251.0]}},
{"type":"Feature","properties":{"Contents":"110","TEXTSTRING":"110","TEXT_SIZE":5.0,"TEXT_ANGLE":111.29386138909337},"geometry":{"type":"Point","coordinates":[614186.1878946,9762992.1705358,-251.0]}},
{"type":"Feature","properties":{"Contents":"180","TEXTSTRING":"180","TEXT_SIZE":5.0,"TEXT_ANGLE":151.31628674198799},"geometry":{"type":"Point","coordinates":[615077.657601,9761793.6669584,-231.0]}},
{"type":"Feature","properties":{"Contents":"175","TEXTSTRING":"175","TEXT_SIZE":5.0,"TEXT_ANGLE":146.69095948953009},"geometry":{"type":"Point","coordinates":[615083.1871323,9761814.1094446,-231.0]}},
{"type":"Feature","properties":{"Contents":"170","TEXTSTRING":"170","TEXT_SIZE":5.0,"TEXT_ANGLE":159.24285980396843},"geometry":{"type":"Point","coordinates":[615082.5169275,9761824.3461732,-231.0]}},
{"type":"Feature","properties":{"Contents":"165","TEXTSTRING":"165","TEXT_SIZE":5.0,"TEXT_ANGLE":148.70049467931781},"geometry":{"type":"Point","coordinates":[615088.1046371,9761830.1393607,-231.0]}},
{"type":"Feature","properties":{"Contents":"260","TEXTSTRING":"260","TEXT_SIZE":5.0,"TEXT_ANGLE":124.52652705433481},"geometry":{"type":"Point","coordinates":[614819.0256259,9761511.409968,-231.0]}},
{"type":"Feature","properties":{"Contents":"240","TEXTSTRING":"240","TEXT_SIZE":5.0,"TEXT_ANGLE":66.163354039502579},"geometry":{"type":"Point","coordinates":[614897.2571902,9761559.1400977,-231.0]}},
{"type":"Feature","properties":{"Contents":"300","TEXTSTRING":"300","TEXT_SIZE":5.0,"TEXT_ANGLE":155.35523545895339},"geometry":{"type":"Point","coordinates":[613810.0205143,9762287.2391403,-241.0]}},
{"type":"Feature","properties":{"Contents":"280","TEXTSTRING":"280","TEXT_SIZE":5.0,"TEXT_ANGLE":167.80241640936717},"geometry":{"type":"Point","coordinates":[613824.6505045,9762313.5251477,-241.0]}},
{"type":"Feature","properties":{"Contents":"260","TEXTSTRING":"260","TEXT_SIZE":5.0,"TEXT_ANGLE":167.37681015065348},"geometry":{"type":"Point","coordinates":[613825.5154366,9762324.0175657,-241.0]}},
{"type":"Feature","properties":{"Contents":"240","TEXTSTRING":"240","TEXT_SIZE":5.0,"TEXT_ANGLE":147.59886250505119},"geometry":{"type":"Point","coordinates":[613885.3424759,9762384.3176737,-241.0]}},
{"type":"Feature","properties":{"Contents":"260","TEXTSTRING":"260","TEXT_SIZE":5.0,"TEXT_ANGLE":131.46382976166311},"geometry":{"type":"Point","coordinates":[613248.393098,9762578.8691091,-241.0]}},
{"type":"Feature","properties":{"Contents":"240","TEXTSTRING":"240","TEXT_SIZE":5.0,"TEXT_ANGLE":172.61721142898105},"geometry":{"type":"Point","coordinates":[613289.7161749,9762642.3168802,-241.0]}},
{"type":"Feature","properties":{"Contents":"220","TEXTSTRING":"220","TEXT_SIZE":5.0,"TEXT_ANGLE":161.31988904281522},"geometry":{"type":"Point","coordinates":[613300.2880312,9762669.4044856,-241.0]}},
{"type":"Feature","properties":{"Contents":"215","TEXTSTRING":"215","TEXT_SIZE":5.0,"TEXT_ANGLE":161.31988904281522},"geometry":{"type":"Point","coordinates":[613335.4177045,9762679.4033095,-241.0]}},
{"type":"Feature","properties":{"Contents":"210","TEXTSTRING":"210","TEXT_SIZE":5.0,"TEXT_ANGLE":149.23857891101818},"geometry":{"type":"Point","coordinates":[613344.8660973,9762696.750803,-241.0]}},
{"type":"Feature","properties":{"Contents":"205","TEXTSTRING":"205","TEXT_SIZE":5.0,"TEXT_ANGLE":149.23857891101818},"geometry":{"type":"Point","coordinates":[613364.1844868,9762723.2716038,-241.0]}},
{"type":"Feature","properties":{"Contents":"160","TEXTSTRING":"160","TEXT_SIZE":5.0,"TEXT_ANGLE":160.01083757386988},"geometry":{"type":"Point","coordinates":[613416.7070305,9762803.7090325,-241.0]}},
{"type":"Feature","properties":{"Contents":"165","TEXTSTRING":"165","TEXT_SIZE":5.0,"TEXT_ANGLE":160.01083757386988},"geometry":{"type":"Point","coordinates":[613413.456732,9762792.0213694,-241.0]}},
{"type":"Feature","properties":{"Contents":"170","TEXTSTRING":"170","TEXT_SIZE":5.0,"TEXT_ANGLE":149.23857891101818},"geometry":{"type":"Point","coordinates":[613405.9888996,9762783.3914921,-241.0]}},
{"type":"Feature","properties":{"Contents":"175","TEXTSTRING":"175","TEXT_SIZE":5.0,"TEXT_ANGLE":149.23857891101818},"geometry":{"type":"Point","coordinates":[613399.2840723,9762774.148798,-241.0]}},
{"type":"Feature","properties":{"Contents":"180","TEXTSTRING":"180","TEXT_SIZE":5.0,"TEXT_ANGLE":155.85622371505639},"geometry":{"type":"Point","coordinates":[613395.4978416,9762766.7326318,-241.0]}},
{"type":"Feature","properties":{"Contents":"185","TEXTSTRING":"185","TEXT_SIZE":5.0,"TEXT_ANGLE":149.23857891101818},"geometry":{"type":"Point","coordinates":[613388.2479346,9762756.6448058,-241.0]}},
{"type":"Feature","properties":{"Contents":"190","TEXTSTRING":"190","TEXT_SIZE":5.0,"TEXT_ANGLE":149.23857891101818},"geometry":{"type":"Point","coordinates":[613380.1289737,9762746.1961481,-241.0]}},
{"type":"Feature","properties":{"Contents":"195","TEXTSTRING":"195","TEXT_SIZE":5.0,"TEXT_ANGLE":149.23857891101818},"geometry":{"type":"Point","coordinates":[613376.4418205,9762739.8015402,-241.0]}},
{"type":"Feature","properties":{"Contents":"200","TEXTSTRING":"200","TEXT_SIZE":5.0,"TEXT_ANGLE":149.23857891101818},"geometry":{"type":"Point","coordinates":[613371.3589024,9762730.437795,-241.0]}},
{"type":"Feature","properties":{"Contents":"140","TEXTSTRING":"140","TEXT_SIZE":5.0,"TEXT_ANGLE":152.0283678768848},"geometry":{"type":"Point","coordinates":[614090.1277887,9762799.5478311,-241.0]}},
{"type":"Feature","properties":{"Contents":"145","TEXTSTRING":"145","TEXT_SIZE":5.0,"TEXT_ANGLE":173.37668311021019},"geometry":{"type":"Point","coordinates":[614099.2004044,9762775.5407916,-241.0]}},
{"type":"Feature","properties":{"Contents":"150","TEXTSTRING":"150","TEXT_SIZE":5.0,"TEXT_ANGLE":165.69238353043559},"geometry":{"type":"Point","coordinates":[614106.5388517,9762751.1785559,-241.0]}},
{"type":"Feature","properties":{"Contents":"155","TEXTSTRING":"155","TEXT_SIZE":5.0,"TEXT_ANGLE":141.62983071792848},"geometry":{"type":"Point","coordinates":[614107.95157,9762724.4295411,-241.0]}},
{"type":"Feature","properties":{"Contents":"160","TEXTSTRING":"160","TEXT_SIZE":5.0,"TEXT_ANGLE":145.57168498997876},"geometry":{"type":"Point","coordinates":[614097.7529133,9762708.0649517,-241.0]}},
{"type":"Feature","properties":{"Contents":"220","TEXTSTRING":"220","TEXT_SIZE":5.0,"TEXT_ANGLE":147.0400843324679},"geometry":{"type":"Point","coordinates":[615002.5613476,9761672.563062,-231.0]}},
{"type":"Feature","properties":{"Contents":"215","TEXTSTRING":"215","TEXT_SIZE":5.0,"TEXT_ANGLE":167.79742416354009},"geometry":{"type":"Point","coordinates":[615011.1340589,9761685.1897496,-231.0]}},
{"type":"Feature","properties":{"Contents":"210","TEXTSTRING":"210","TEXT_SIZE":5.0,"TEXT_ANGLE":124.2887239673974},"geometry":{"type":"Point","coordinates":[615019.1786757,9761699.9164539,-231.0]}},
{"type":"Feature","properties":{"Contents":"205","TEXTSTRING":"205","TEXT_SIZE":5.0,"TEXT_ANGLE":139.53265153849028},"geometry":{"type":"Point","coordinates":[615021.0922145,9761707.2698874,-231.0]}},
{"type":"Feature","properties":{"Contents":"200","TEXTSTRING":"200","TEXT_SIZE":5.0,"TEXT_ANGLE":134.32817518758793},"geometry":{"type":"Point","coordinates":[615030.0075053,9761713.7389429,-231.0]}},
{"type":"Feature","properties":{"Contents":"195","TEXTSTRING":"195","TEXT_SIZE":5.0,"TEXT_ANGLE":124.7814350800527},"geometry":{"type":"Point","coordinates":[615035.5767573,9761722.8349945,-231.0]}},
{"type":"Feature","properties":{"Contents":"190","TEXTSTRING":"190","TEXT_SIZE":5.0,"TEXT_ANGLE":132.39784169017972},"geometry":{"type":"Point","coordinates":[615040.7536373,9761731.4562366,-231.0]}},
{"type":"Feature","properties":{"Contents":"185","TEXTSTRING":"185","TEXT_SIZE":5.0,"TEXT_ANGLE":94.544727733773854},"geometry":{"type":"Point","coordinates":[615067.2477033,9761762.3218585,-231.0]}},
{"type":"Feature","properties":{"Contents":"165","TEXTSTRING":"165","TEXT_SIZE":5.0,"TEXT_ANGLE":123.21462385906567},"geometry":{"type":"Point","coordinates":[614081.3969189,9762708.4315942,-241.0]}},
{"type":"Feature","properties":{"Contents":"170","TEXTSTRING":"170","TEXT_SIZE":5.0,"TEXT_ANGLE":107.28653230586957},"geometry":{"type":"Point","coordinates":[614063.2497045,9762694.4641605,-241.0]}},
{"type":"Feature","properties":{"Contents":"175","TEXTSTRING":"175","TEXT_SIZE":5.0,"TEXT_ANGLE":117.71233523867626},"geometry":{"type":"Point","coordinates":[614047.4586377,9762691.7496879,-241.0]}},
{"type":"Feature","properties":{"Contents":"180","TEXTSTRING":"180","TEXT_SIZE":5.0,"TEXT_ANGLE":92.237793409090571},"geometry":{"type":"Point","coordinates":[614047.4257924,9762673.6317975,-241.0]}},
{"type":"Feature","properties":{"Contents":"185","TEXTSTRING":"185","TEXT_SIZE":5.0,"TEXT_ANGLE":111.75374855199775},"geometry":{"type":"Point","coordinates":[614034.7586397,9762662.567045,-241.0]}},
{"type":"Feature","properties":{"Contents":"190","TEXTSTRING":"190","TEXT_SIZE":5.0,"TEXT_ANGLE":138.29250882152033},"geometry":{"type":"Point","coordinates":[614018.9629245,9762646.3708503,-241.0]}},
{"type":"Feature","properties":{"Contents":"195","TEXTSTRING":"195","TEXT_SIZE":5.0,"TEXT_ANGLE":184.42885433692999},"geometry":{"type":"Point","coordinates":[613992.2725271,9762625.0959058,-241.0]}},
{"type":"Feature","properties":{"Contents":"200","TEXTSTRING":"200","TEXT_SIZE":5.0,"TEXT_ANGLE":185.16298914626384},"geometry":{"type":"Point","coordinates":[613988.9391172,9762616.2955038,-241.0]}},
{"type":"Feature","properties":{"Contents":"205","TEXTSTRING":"205","TEXT_SIZE":5.0,"TEXT_ANGLE":180.53284377651809},"geometry":{"type":"Point","coordinates":[613980.1065752,9762560.2149503,-241.0]}},
{"type":"Feature","properties":{"Contents":"210","TEXTSTRING":"210","TEXT_SIZE":5.0,"TEXT_ANGLE":183.8954537920506},"geometry":{"type":"Point","coordinates":[613945.2761615,9762493.7014001,-241.0]}},
{"type":"Feature","properties":{"Contents":"215","TEXTSTRING":"215","TEXT_SIZE":5.0,"TEXT_ANGLE":166.41640333511123},"geometry":{"type":"Point","coordinates":[613940.6307861,9762481.6446441,-241.0]}},
{"type":"Feature","properties":{"Contents":"220","TEXTSTRING":"220","TEXT_SIZE":5.0,"TEXT_ANGLE":171.38052577879336},"geometry":{"type":"Point","coordinates":[613930.1714411,9762465.7364574,-241.0]}},
{"type":"Feature","properties":{"Contents":"135","TEXTSTRING":"135","TEXT_SIZE":5.0,"TEXT_ANGLE":145.85130900701608},"geometry":{"type":"Point","coordinates":[613441.8144844,9762854.3519519,-241.0]}},
{"type":"Feature","properties":{"Contents":"130","TEXTSTRING":"130","TEXT_SIZE":5.0,"TEXT_ANGLE":138.26526731953535},"geometry":{"type":"Point","coordinates":[613444.8930263,9762869.8895282,-241.0]}},
{"type":"Feature","properties":{"Contents":"130","TEXTSTRING":"130","TEXT_SIZE":5.0,"TEXT_ANGLE":295.90824551424953},"geometry":{"type":"Point","coordinates":[613446.2680312,9762912.6642351,-241.0]}},
{"type":"Feature","properties":{"Contents":"140","TEXTSTRING":"140","TEXT_SIZE":5.0,"TEXT_ANGLE":153.67784816127408},"geometry":{"type":"Point","coordinates":[613440.5670899,9762847.1351355,-241.0]}},
{"type":"Feature","properties":{"Contents":"145","TEXTSTRING":"145","TEXT_SIZE":5.0,"TEXT_ANGLE":153.67784816127408},"geometry":{"type":"Point","coordinates":[613437.0357304,9762840.5214232,-241.0]}},
{"type":"Feature","properties":{"Contents":"150","TEXTSTRING":"150","TEXT_SIZE":5.0,"TEXT_ANGLE":160.01083757386988},"geometry":{"type":"Point","coordinates":[613429.2875051,9762826.4161191,-241.0]}},
{"type":"Feature","properties":{"Contents":"155","TEXTSTRING":"155","TEXT_SIZE":5.0,"TEXT_ANGLE":160.01083757386988},"geometry":{"type":"Point","coordinates":[613423.1076223,9762815.6137164,-241.0]}},
{"type":"Feature","properties":{"Contents":"135","TEXTSTRING":"135","TEXT_SIZE":5.0,"TEXT_ANGLE":295.90824551424953},"geometry":{"type":"Point","coordinates":[613494.1435193,9762903.7772172,-241.0]}},
{"type":"Feature","properties":{"Contents":"135","TEXTSTRING":"135","TEXT_SIZE":5.0,"TEXT_ANGLE":339.85003076641487},"geometry":{"type":"Point","coordinates":[613692.7136927,9762831.7284106,-241.0]}},
{"type":"Feature","properties":{"Contents":"140","TEXTSTRING":"140","TEXT_SIZE":5.0,"TEXT_ANGLE":323.92198493100057},"geometry":{"type":"Point","coordinates":[613707.7345988,9762881.6810435,-241.0]}},
{"type":"Feature","properties":{"Contents":"145","TEXTSTRING":"145","TEXT_SIZE":5.0,"TEXT_ANGLE":328.74689289748642},"geometry":{"type":"Point","coordinates":[613736.1913038,9762919.5598912,-241.0]}},
{"type":"Feature","properties":{"Contents":"120","TEXTSTRING":"120","TEXT_SIZE":5.0,"TEXT_ANGLE":146.83786606976409},"geometry":{"type":"Point","coordinates":[614156.1076308,9762911.4843121,-241.0]}},
{"type":"Feature","properties":{"Contents":"125","TEXTSTRING":"125","TEXT_SIZE":5.0,"TEXT_ANGLE":163.37994359288675},"geometry":{"type":"Point","coordinates":[614146.3518965,9762878.9489198,-241.0]}},
{"type":"Feature","properties":{"Contents":"130","TEXTSTRING":"130","TEXT_SIZE":5.0,"TEXT_ANGLE":146.83786606976409},"geometry":{"type":"Point","coordinates":[614123.2303954,9762872.5633388,-241.0]}},
{"type":"Feature","properties":{"Contents":"135","TEXTSTRING":"135","TEXT_SIZE":5.0,"TEXT_ANGLE":153.74364941347363},"geometry":{"type":"Point","coordinates":[614103.3664036,9762834.2443296,-241.0]}},
{"type":"Feature","properties":{"Contents":"160","TEXTSTRING":"160","TEXT_SIZE":5.0,"TEXT_ANGLE":138.40319754672086},"geometry":{"type":"Point","coordinates":[615092.5058395,9761835.695283,-231.0]}},
{"type":"Feature","properties":{"Contents":"155","TEXTSTRING":"155","TEXT_SIZE":5.0,"TEXT_ANGLE":146.16221341256048},"geometry":{"type":"Point","coordinates":[615103.6212584,9761835.6839779,-231.0]}},
{"type":"Feature","properties":{"Contents":"150","TEXTSTRING":"150","TEXT_SIZE":5.0,"TEXT_ANGLE":140.72619992578535},"geometry":{"type":"Point","coordinates":[615104.483031,9761844.0180656,-231.0]}},
{"type":"Feature","properties":{"Contents":"145","TEXTSTRING":"145","TEXT_SIZE":5.0,"TEXT_ANGLE":135.10046130858916},"geometry":{"type":"Point","coordinates":[615109.4484787,9761850.3585944,-231.0]}},
{"type":"Feature","properties":{"Contents":"140","TEXTSTRING":"140","TEXT_SIZE":5.0,"TEXT_ANGLE":133.36771258848259},"geometry":{"type":"Point","coordinates":[615115.7670987,9761854.9154658,-231.0]}},
{"type":"Feature","properties":{"Contents":"135","TEXTSTRING":"135","TEXT_SIZE":5.0,"TEXT_ANGLE":123.34472776226642},"geometry":{"type":"Point","coordinates":[615125.4054858,9761859.6560865,-231.0]}},
{"type":"Feature","properties":{"Contents":"130","TEXTSTRING":"130","TEXT_SIZE":5.0,"TEXT_ANGLE":138.58902426491179},"geometry":{"type":"Point","coordinates":[615131.0060638,9761863.2984704,-231.0]}},
{"type":"Feature","properties":{"Contents":"125","TEXTSTRING":"125","TEXT_SIZE":5.0,"TEXT_ANGLE":146.16221341256048},"geometry":{"type":"Point","coordinates":[615143.1353297,9761866.5563153,-231.0]}},
{"type":"Feature","properties":{"Contents":"120","TEXTSTRING":"120","TEXT_SIZE":5.0,"TEXT_ANGLE":146.16221341256048},"geometry":{"type":"Point","coordinates":[615147.4308345,9761870.9453088,-231.0]}},
{"type":"Feature","properties":{"Contents":"115","TEXTSTRING":"115","TEXT_SIZE":5.0,"TEXT_ANGLE":124.74670071506036},"geometry":{"type":"Point","coordinates":[614171.0099938,9762947.8710234,-251.0]}},
{"type":"Feature","properties":{"Contents":"115","TEXTSTRING":"115","TEXT_SIZE":5.0,"TEXT_ANGLE":253.78827904689263},"geometry":{"type":"Point","coordinates":[615086.1789931,9762066.3669996,-71.0]}},
{"type":"Feature","properties":{"Contents":"110","TEXTSTRING":"110","TEXT_SIZE":5.0,"TEXT_ANGLE":169.74450895762251},"geometry":{"type":"Point","coordinates":[615085.1776614,9762274.2367283,-71.0]}},
{"type":"Feature","properties":{"Contents":"240","TEXTSTRING":"240","TEXT_SIZE":5.0,"TEXT_ANGLE":149.04152868381607},"geometry":{"type":"Point","coordinates":[613517.2668415,9762359.6537013,-61.0]}},
{"type":"Feature","properties":{"Contents":"85","TEXTSTRING":"85","TEXT_SIZE":5.0,"TEXT_ANGLE":131.59516551132086},"geometry":{"type":"Point","coordinates":[614764.8321667,9762527.1873352,-61.0]}},
{"type":"Feature","properties":{"Contents":"90","TEXTSTRING":"90","TEXT_SIZE":5.0,"TEXT_ANGLE":131.59516551132086},"geometry":{"type":"Point","coordinates":[614739.6226605,9762495.9447242,-61.0]}},
{"type":"Feature","properties":{"Contents":"95","TEXTSTRING":"95","TEXT_SIZE":5.0,"TEXT_ANGLE":122.45509159524816},"geometry":{"type":"Point","coordinates":[614727.4683676,9762481.1967098,-61.0]}},
{"type":"Feature","properties":{"Contents":"100","TEXTSTRING":"100","TEXT_SIZE":5.0,"TEXT_ANGLE":110.57963917916157},"geometry":{"type":"Point","coordinates":[614712.9671688,9762459.1867931,-61.0]}},
{"type":"Feature","properties":{"Contents":"105","TEXTSTRING":"105","TEXT_SIZE":5.0,"TEXT_ANGLE":110.57963917916157},"geometry":{"type":"Point","coordinates":[614689.6250415,9762436.3377215,-61.0]}},
{"type":"Feature","properties":{"Contents":"110","TEXTSTRING":"110","TEXT_SIZE":5.0,"TEXT_ANGLE":110.57963917916157},"geometry":{"type":"Point","coordinates":[614682.7906329,9762419.1026115,-61.0]}},
{"type":"Feature","properties":{"Contents":"115","TEXTSTRING":"115","TEXT_SIZE":5.0,"TEXT_ANGLE":110.57963917916157},"geometry":{"type":"Point","coordinates":[614679.0558896,9762398.5850782,-61.0]}},
{"type":"Feature","properties":{"Contents":"120","TEXTSTRING":"120","TEXT_SIZE":5.0,"TEXT_ANGLE":120.03131190359048},"geometry":{"type":"Point","coordinates":[614666.2728481,9762408.3858338,-61.0]}},
{"type":"Feature","properties":{"Contents":"125","TEXTSTRING":"125","TEXT_SIZE":5.0,"TEXT_ANGLE":104.10320528064882},"geometry":{"type":"Point","coordinates":[614655.6796005,9762386.1028898,-61.0]}},
{"type":"Feature","properties":{"Contents":"140","TEXTSTRING":"140","TEXT_SIZE":5.0,"TEXT_ANGLE":113.37296177814356},"geometry":{"type":"Point","coordinates":[613716.1005176,9762679.6044035,-61.0]}},
{"type":"Feature","properties":{"Contents":"145","TEXTSTRING":"145","TEXT_SIZE":5.0,"TEXT_ANGLE":97.44487197765929},"geometry":{"type":"Point","coordinates":[613711.9178588,9762628.5837857,-61.0]}},
{"type":"Feature","properties":{"Contents":"150","TEXTSTRING":"150","TEXT_SIZE":5.0,"TEXT_ANGLE":97.44487197765929},"geometry":{"type":"Point","coordinates":[613700.3523325,9762611.4693162,-61.0]}},
{"type":"Feature","properties":{"Contents":"155","TEXTSTRING":"155","TEXT_SIZE":5.0,"TEXT_ANGLE":80.360573932659847},"geometry":{"type":"Point","coordinates":[613679.6174743,9762579.7274727,-61.0]}},
{"type":"Feature","properties":{"Contents":"160","TEXTSTRING":"160","TEXT_SIZE":5.0,"TEXT_ANGLE":64.552357608368496},"geometry":{"type":"Point","coordinates":[613666.2614392,9762582.9559775,-61.0]}},
{"type":"Feature","properties":{"Contents":"165","TEXTSTRING":"165","TEXT_SIZE":5.0,"TEXT_ANGLE":76.860218073888262},"geometry":{"type":"Point","coordinates":[613651.0631736,9762574.7877089,-61.0]}},
{"type":"Feature","properties":{"Contents":"170","TEXTSTRING":"170","TEXT_SIZE":5.0,"TEXT_ANGLE":96.021937922268279},"geometry":{"type":"Point","coordinates":[613644.5880723,9762549.5155895,-61.0]}},
{"type":"Feature","properties":{"Contents":"175","TEXTSTRING":"175","TEXT_SIZE":5.0,"TEXT_ANGLE":128.68234579920511},"geometry":{"type":"Point","coordinates":[613648.5097484,9762489.4919117,-61.0]}},
{"type":"Feature","properties":{"Contents":"180","TEXTSTRING":"180","TEXT_SIZE":5.0,"TEXT_ANGLE":144.55842053561841},"geometry":{"type":"Point","coordinates":[613637.5000386,9762476.3549781,-61.0]}},
{"type":"Feature","properties":{"Contents":"185","TEXTSTRING":"185","TEXT_SIZE":5.0,"TEXT_ANGLE":153.52099006975268},"geometry":{"type":"Point","coordinates":[613632.869402,9762468.7264263,-61.0]}},
{"type":"Feature","properties":{"Contents":"190","TEXTSTRING":"190","TEXT_SIZE":5.0,"TEXT_ANGLE":126.14023713673697},"geometry":{"type":"Point","coordinates":[613616.0898558,9762476.5558753,-61.0]}},
{"type":"Feature","properties":{"Contents":"195","TEXTSTRING":"195","TEXT_SIZE":5.0,"TEXT_ANGLE":121.94270302330173},"geometry":{"type":"Point","coordinates":[613604.6754228,9762460.4796543,-61.0]}},
{"type":"Feature","properties":{"Contents":"200","TEXTSTRING":"200","TEXT_SIZE":5.0,"TEXT_ANGLE":125.10574374230161},"geometry":{"type":"Point","coordinates":[613589.6879281,9762445.1141466,-61.0]}},
{"type":"Feature","properties":{"Contents":"205","TEXTSTRING":"205","TEXT_SIZE":5.0,"TEXT_ANGLE":131.43443302580465},"geometry":{"type":"Point","coordinates":[613577.9216564,9762436.479493,-61.0]}},
{"type":"Feature","properties":{"Contents":"210","TEXTSTRING":"210","TEXT_SIZE":5.0,"TEXT_ANGLE":136.4367295687924},"geometry":{"type":"Point","coordinates":[613566.7789135,9762424.5062198,-61.0]}},
{"type":"Feature","properties":{"Contents":"215","TEXTSTRING":"215","TEXT_SIZE":5.0,"TEXT_ANGLE":140.10482183966786},"geometry":{"type":"Point","coordinates":[613558.1402831,9762415.0934732,-61.0]}},
{"type":"Feature","properties":{"Contents":"220","TEXTSTRING":"220","TEXT_SIZE":5.0,"TEXT_ANGLE":149.04152868381607},"geometry":{"type":"Point","coordinates":[613544.7843508,9762400.4900042,-61.0]}},
{"type":"Feature","properties":{"Contents":"360","TEXTSTRING":"360","TEXT_SIZE":5.0,"TEXT_ANGLE":163.78956711673587},"geometry":{"type":"Point","coordinates":[613186.5952658,9762302.1057807,-61.0]}},
{"type":"Feature","properties":{"Contents":"280","TEXTSTRING":"280","TEXT_SIZE":5.0,"TEXT_ANGLE":151.21114760715906},"geometry":{"type":"Point","coordinates":[613250.566491,9762415.5260157,-61.0]}},
{"type":"Feature","properties":{"Contents":"300","TEXTSTRING":"300","TEXT_SIZE":5.0,"TEXT_ANGLE":175.13914952656847},"geometry":{"type":"Point","coordinates":[613214.0536992,9762365.7998886,-61.0]}},
{"type":"Feature","properties":{"Contents":"320","TEXTSTRING":"320","TEXT_SIZE":5.0,"TEXT_ANGLE":165.08520917042046},"geometry":{"type":"Point","coordinates":[613206.4921177,9762346.5712007,-61.0]}},
{"type":"Feature","properties":{"Contents":"340","TEXTSTRING":"340","TEXT_SIZE":5.0,"TEXT_ANGLE":175.49595778215965},"geometry":{"type":"Point","coordinates":[613197.097459,9762321.8363895,-61.0]}},
{"type":"Feature","properties":{"Contents":"380","TEXTSTRING":"380","TEXT_SIZE":5.0,"TEXT_ANGLE":151.59279020057329},"geometry":{"type":"Point","coordinates":[613155.3635317,9762288.5444427,-61.0]}},
{"type":"Feature","properties":{"Contents":"400","TEXTSTRING":"400","TEXT_SIZE":5.0,"TEXT_ANGLE":108.24341781106195},"geometry":{"type":"Point","coordinates":[613735.9485536,9762020.3643403,-61.0]}},
{"type":"Feature","properties":{"Contents":"380","TEXTSTRING":"380","TEXT_SIZE":5.0,"TEXT_ANGLE":121.22364902546599},"geometry":{"type":"Point","coordinates":[613794.3202895,9762094.3784681,-61.0]}},
{"type":"Feature","properties":{"Contents":"360","TEXTSTRING":"360","TEXT_SIZE":5.0,"TEXT_ANGLE":90.293594015182308},"geometry":{"type":"Point","coordinates":[613847.4898605,9762108.6602925,-61.0]}},
{"type":"Feature","properties":{"Contents":"340","TEXTSTRING":"340","TEXT_SIZE":5.0,"TEXT_ANGLE":113.22248796797015},"geometry":{"type":"Point","coordinates":[613878.5247252,9762119.6766698,-61.0]}},
{"type":"Feature","properties":{"Contents":"320","TEXTSTRING":"320","TEXT_SIZE":5.0,"TEXT_ANGLE":114.40688634859917},"geometry":{"type":"Point","coordinates":[613922.522454,9762128.9731351,-61.0]}},
{"type":"Feature","properties":{"Contents":"300","TEXTSTRING":"300","TEXT_SIZE":5.0,"TEXT_ANGLE":102.80835575926413},"geometry":{"type":"Point","coordinates":[613940.7522381,9762141.132176,-61.0]}},
{"type":"Feature","properties":{"Contents":"280","TEXTSTRING":"280","TEXT_SIZE":5.0,"TEXT_ANGLE":102.87726501191088},"geometry":{"type":"Point","coordinates":[613962.5588927,9762143.5015917,-61.0]}},
{"type":"Feature","properties":{"Contents":"260","TEXTSTRING":"260","TEXT_SIZE":5.0,"TEXT_ANGLE":106.8179752249432},"geometry":{"type":"Point","coordinates":[613994.9612528,9762147.8789943,-61.0]}},
{"type":"Feature","properties":{"Contents":"240","TEXTSTRING":"240","TEXT_SIZE":5.0,"TEXT_ANGLE":106.8179752249432},"geometry":{"type":"Point","coordinates":[614038.480936,9762168.4522973,-61.0]}},
{"type":"Feature","properties":{"Contents":"220","TEXTSTRING":"220","TEXT_SIZE":5.0,"TEXT_ANGLE":153.52099006975268},"geometry":{"type":"Point","coordinates":[614101.028781,9762219.2125,-61.0]}},
{"type":"Feature","properties":{"Contents":"215","TEXTSTRING":"215","TEXT_SIZE":5.0,"TEXT_ANGLE":144.65038925289008},"geometry":{"type":"Point","coordinates":[614124.2109489,9762237.5124042,-61.0]}},
{"type":"Feature","properties":{"Contents":"210","TEXTSTRING":"210","TEXT_SIZE":5.0,"TEXT_ANGLE":110.52119330941983},"geometry":{"type":"Point","coordinates":[614161.7528745,9762253.136901,-61.0]}},
{"type":"Feature","properties":{"Contents":"205","TEXTSTRING":"205","TEXT_SIZE":5.0,"TEXT_ANGLE":98.330029967539502},"geometry":{"type":"Point","coordinates":[614185.3417729,9762257.2271146,-61.0]}},
{"type":"Feature","properties":{"Contents":"200","TEXTSTRING":"200","TEXT_SIZE":5.0,"TEXT_ANGLE":98.330029967539502},"geometry":{"type":"Point","coordinates":[614209.2631243,9762269.2011071,-61.0]}},
{"type":"Feature","properties":{"Contents":"195","TEXTSTRING":"195","TEXT_SIZE":5.0,"TEXT_ANGLE":67.638183285035879},"geometry":{"type":"Point","coordinates":[614232.4960126,9762273.5486754,-61.0]}},
{"type":"Feature","properties":{"Contents":"190","TEXTSTRING":"190","TEXT_SIZE":5.0,"TEXT_ANGLE":77.934887851964874},"geometry":{"type":"Point","coordinates":[614245.8199011,9762279.1566564,-61.0]}},
{"type":"Feature","properties":{"Contents":"185","TEXTSTRING":"185","TEXT_SIZE":5.0,"TEXT_ANGLE":86.717453659107591},"geometry":{"type":"Point","coordinates":[614256.4489159,9762280.6827738,-61.0]}},
{"type":"Feature","properties":{"Contents":"180","TEXTSTRING":"180","TEXT_SIZE":5.0,"TEXT_ANGLE":91.439641300210383},"geometry":{"type":"Point","coordinates":[614274.9920637,9762278.6194851,-61.0]}},
{"type":"Feature","properties":{"Contents":"175","TEXTSTRING":"175","TEXT_SIZE":5.0,"TEXT_ANGLE":82.422754530066442},"geometry":{"type":"Point","coordinates":[614292.7523307,9762278.694485,-61.0]}},
{"type":"Feature","properties":{"Contents":"170","TEXTSTRING":"170","TEXT_SIZE":5.0,"TEXT_ANGLE":98.243318699609702},"geometry":{"type":"Point","coordinates":[614323.0426578,9762351.6871241,-61.0]}},
{"type":"Feature","properties":{"Contents":"165","TEXTSTRING":"165","TEXT_SIZE":5.0,"TEXT_ANGLE":99.085365742848452},"geometry":{"type":"Point","coordinates":[614338.6129009,9762356.319216,-61.0]}},
{"type":"Feature","properties":{"Contents":"160","TEXTSTRING":"160","TEXT_SIZE":5.0,"TEXT_ANGLE":90.119577954798174},"geometry":{"type":"Point","coordinates":[614352.2525171,9762359.2107605,-61.0]}},
{"type":"Feature","properties":{"Contents":"155","TEXTSTRING":"155","TEXT_SIZE":5.0,"TEXT_ANGLE":90.119577954798174},"geometry":{"type":"Point","coordinates":[614364.5549656,9762364.0907191,-61.0]}},
{"type":"Feature","properties":{"Contents":"150","TEXTSTRING":"150","TEXT_SIZE":5.0,"TEXT_ANGLE":111.42102553872114},"geometry":{"type":"Point","coordinates":[614376.9982259,9762372.2683896,-61.0]}},
{"type":"Feature","properties":{"Contents":"145","TEXTSTRING":"145","TEXT_SIZE":5.0,"TEXT_ANGLE":101.42078652104603},"geometry":{"type":"Point","coordinates":[614394.277669,9762380.913688,-61.0]}},
{"type":"Feature","properties":{"Contents":"140","TEXTSTRING":"140","TEXT_SIZE":5.0,"TEXT_ANGLE":116.831354476106},"geometry":{"type":"Point","coordinates":[614410.8699696,9762384.7676114,-61.0]}},
{"type":"Feature","properties":{"Contents":"135","TEXTSTRING":"135","TEXT_SIZE":5.0,"TEXT_ANGLE":101.77412002583131},"geometry":{"type":"Point","coordinates":[614467.6726985,9762392.5693896,-61.0]}},
{"type":"Feature","properties":{"Contents":"130","TEXTSTRING":"130","TEXT_SIZE":5.0,"TEXT_ANGLE":49.490192712087506},"geometry":{"type":"Point","coordinates":[614512.0116866,9762401.9734831,-61.0]}},
{"type":"Feature","properties":{"Contents":"125","TEXTSTRING":"125","TEXT_SIZE":5.0,"TEXT_ANGLE":90.069127600304213},"geometry":{"type":"Point","coordinates":[614527.6506387,9762403.8547268,-61.0]}},
{"type":"Feature","properties":{"Contents":"120","TEXTSTRING":"120","TEXT_SIZE":5.0,"TEXT_ANGLE":79.854857044320156},"geometry":{"type":"Point","coordinates":[614542.7971093,9762402.697442,-61.0]}},
{"type":"Feature","properties":{"Contents":"115","TEXTSTRING":"115","TEXT_SIZE":5.0,"TEXT_ANGLE":79.300989004082354},"geometry":{"type":"Point","coordinates":[614551.4379092,9762402.4750876,-61.0]}},
{"type":"Feature","properties":{"Contents":"110","TEXTSTRING":"110","TEXT_SIZE":5.0,"TEXT_ANGLE":88.142452122641615},"geometry":{"type":"Point","coordinates":[614562.8010987,9762402.5465966,-61.0]}},
{"type":"Feature","properties":{"Contents":"105","TEXTSTRING":"105","TEXT_SIZE":5.0,"TEXT_ANGLE":85.422873689951885},"geometry":{"type":"Point","coordinates":[614584.0502771,9762405.9626181,-61.0]}},
{"type":"Feature","properties":{"Contents":"105","TEXTSTRING":"105","TEXT_SIZE":5.0,"TEXT_ANGLE":257.57670830861599},"geometry":{"type":"Point","coordinates":[614604.4122212,9762376.4718648,-61.0]}},
{"type":"Feature","properties":{"Contents":"110","TEXTSTRING":"110","TEXT_SIZE":5.0,"TEXT_ANGLE":250.61762615095768},"geometry":{"type":"Point","coordinates":[614620.9861885,9762410.1133963,-61.0]}},
{"type":"Feature","properties":{"Contents":"115","TEXTSTRING":"115","TEXT_SIZE":5.0,"TEXT_ANGLE":257.52349743253274},"geometry":{"type":"Point","coordinates":[614621.0328642,9762385.3279451,-61.0]}},
{"type":"Feature","properties":{"Contents":"120","TEXTSTRING":"120","TEXT_SIZE":5.0,"TEXT_ANGLE":260.98775767869319},"geometry":{"type":"Point","coordinates":[614634.4039164,9762387.9767022,-61.0]}},
{"type":"Feature","properties":{"Contents":"110","TEXTSTRING":"110","TEXT_SIZE":5.0,"TEXT_ANGLE":220.66577967359328},"geometry":{"type":"Point","coordinates":[614640.5836637,9762266.516242,-61.0]}},
{"type":"Feature","properties":{"Contents":"115","TEXTSTRING":"115","TEXT_SIZE":5.0,"TEXT_ANGLE":216.93863916714787},"geometry":{"type":"Point","coordinates":[614653.8527799,9762253.2475633,-61.0]}},
{"type":"Feature","properties":{"Contents":"120","TEXTSTRING":"120","TEXT_SIZE":5.0,"TEXT_ANGLE":216.93863916714787},"geometry":{"type":"Point","coordinates":[614662.1170574,9762247.4589781,-61.0]}},
{"type":"Feature","properties":{"Contents":"125","TEXTSTRING":"125","TEXT_SIZE":5.0,"TEXT_ANGLE":216.93863916714787},"geometry":{"type":"Point","coordinates":[614672.2491048,9762240.1322617,-61.0]}},
{"type":"Feature","properties":{"Contents":"130","TEXTSTRING":"130","TEXT_SIZE":5.0,"TEXT_ANGLE":201.24176470408594},"geometry":{"type":"Point","coordinates":[614680.406419,9762229.9008327,-61.0]}},
{"type":"Feature","properties":{"Contents":"135","TEXTSTRING":"135","TEXT_SIZE":5.0,"TEXT_ANGLE":185.08932753740973},"geometry":{"type":"Point","coordinates":[614683.4160355,9762221.355019,-61.0]}},
{"type":"Feature","properties":{"Contents":"140","TEXTSTRING":"140","TEXT_SIZE":5.0,"TEXT_ANGLE":187.17659465315413},"geometry":{"type":"Point","coordinates":[614683.8762071,9762215.6119857,-61.0]}},
{"type":"Feature","properties":{"Contents":"145","TEXTSTRING":"145","TEXT_SIZE":4.0,"TEXT_ANGLE":179.6667979404032},"geometry":{"type":"Point","coordinates":[614693.5347689,9762194.4222506,-61.0]}},
{"type":"Feature","properties":{"Contents":"150","TEXTSTRING":"150","TEXT_SIZE":4.0,"TEXT_ANGLE":179.6667979404032},"geometry":{"type":"Point","coordinates":[614688.3696673,9762175.2942386,-61.0]}},
{"type":"Feature","properties":{"Contents":"110","TEXTSTRING":"110","TEXT_SIZE":4.0,"TEXT_ANGLE":143.28021912677582},"geometry":{"type":"Point","coordinates":[614798.0875724,9762159.1194502,-61.0]}},
{"type":"Feature","properties":{"Contents":"115","TEXTSTRING":"115","TEXT_SIZE":4.0,"TEXT_ANGLE":123.7578936659536},"geometry":{"type":"Point","coordinates":[614780.4791959,9762144.9248196,-61.0]}},
{"type":"Feature","properties":{"Contents":"120","TEXTSTRING":"120","TEXT_SIZE":5.0,"TEXT_ANGLE":115.97186878714476},"geometry":{"type":"Point","coordinates":[614749.9517924,9762099.8269458,-61.0]}},
{"type":"Feature","properties":{"Contents":"125","TEXTSTRING":"125","TEXT_SIZE":5.0,"TEXT_ANGLE":129.99750271132382},"geometry":{"type":"Point","coordinates":[614733.513561,9762091.8127348,-61.0]}},
{"type":"Feature","properties":{"Contents":"130","TEXTSTRING":"130","TEXT_SIZE":5.0,"TEXT_ANGLE":102.83702592920531},"geometry":{"type":"Point","coordinates":[614717.7470521,9762086.4115956,-61.0]}},
{"type":"Feature","properties":{"Contents":"135","TEXTSTRING":"135","TEXT_SIZE":5.0,"TEXT_ANGLE":127.20684005702439},"geometry":{"type":"Point","coordinates":[614705.7184433,9762073.3942887,-61.0]}},
{"type":"Feature","properties":{"Contents":"140","TEXTSTRING":"140","TEXT_SIZE":5.0,"TEXT_ANGLE":111.57629337304643},"geometry":{"type":"Point","coordinates":[614693.6518452,9762055.2189279,-61.0]}},
{"type":"Feature","properties":{"Contents":"145","TEXTSTRING":"145","TEXT_SIZE":5.0,"TEXT_ANGLE":149.84443169274965},"geometry":{"type":"Point","coordinates":[614691.5786551,9762012.8186922,-61.0]}},
{"type":"Feature","properties":{"Contents":"150","TEXTSTRING":"150","TEXT_SIZE":5.0,"TEXT_ANGLE":179.6667979404032},"geometry":{"type":"Point","coordinates":[614688.249906,9761979.6908911,-61.0]}},
{"type":"Feature","properties":{"Contents":"155","TEXTSTRING":"155","TEXT_SIZE":5.0,"TEXT_ANGLE":171.55366078878666},"geometry":{"type":"Point","coordinates":[614677.882107,9761959.2251782,-61.0]}},
{"type":"Feature","properties":{"Contents":"160","TEXTSTRING":"160","TEXT_SIZE":5.0,"TEXT_ANGLE":185.06174383821701},"geometry":{"type":"Point","coordinates":[614679.9644152,9761931.238176,-61.0]}},
{"type":"Feature","properties":{"Contents":"165","TEXTSTRING":"165","TEXT_SIZE":5.0,"TEXT_ANGLE":164.85149986469312},"geometry":{"type":"Point","coordinates":[614671.6973965,9761924.0185997,-61.0]}},
{"type":"Feature","properties":{"Contents":"170","TEXTSTRING":"170","TEXT_SIZE":5.0,"TEXT_ANGLE":157.00423331548475},"geometry":{"type":"Point","coordinates":[614665.1922005,9761908.4605202,-61.0]}},
{"type":"Feature","properties":{"Contents":"175","TEXTSTRING":"175","TEXT_SIZE":5.0,"TEXT_ANGLE":157.00423331548475},"geometry":{"type":"Point","coordinates":[614659.4621593,9761900.0369353,-61.0]}},
{"type":"Feature","properties":{"Contents":"180","TEXTSTRING":"180","TEXT_SIZE":5.0,"TEXT_ANGLE":152.6060788126305},"geometry":{"type":"Point","coordinates":[614656.7872667,9761892.1610607,-61.0]}},
{"type":"Feature","properties":{"Contents":"185","TEXTSTRING":"185","TEXT_SIZE":5.0,"TEXT_ANGLE":154.72741638603472},"geometry":{"type":"Point","coordinates":[614656.0692775,9761880.9885195,-61.0]}},
{"type":"Feature","properties":{"Contents":"180","TEXTSTRING":"180","TEXT_SIZE":5.0,"TEXT_ANGLE":247.91867576529623},"geometry":{"type":"Point","coordinates":[614794.6339949,9761865.1282899,-61.0]}},
{"type":"Feature","properties":{"Contents":"185","TEXTSTRING":"185","TEXT_SIZE":5.0,"TEXT_ANGLE":239.40871161876754},"geometry":{"type":"Point","coordinates":[614791.6654201,9761850.1290426,-61.0]}},
{"type":"Feature","properties":{"Contents":"215","TEXTSTRING":"215","TEXT_SIZE":5.0,"TEXT_ANGLE":221.72169913630648},"geometry":{"type":"Point","coordinates":[614828.0191372,9761798.7620934,-61.0]}},
{"type":"Feature","properties":{"Contents":"210","TEXTSTRING":"210","TEXT_SIZE":5.0,"TEXT_ANGLE":228.84260820501981},"geometry":{"type":"Point","coordinates":[614824.2952808,9761811.6636001,-61.0]}},
{"type":"Feature","properties":{"Contents":"205","TEXTSTRING":"205","TEXT_SIZE":5.0,"TEXT_ANGLE":205.73502671614659},"geometry":{"type":"Point","coordinates":[614821.0779233,9761829.8650508,-61.0]}},
{"type":"Feature","properties":{"Contents":"200","TEXTSTRING":"200","TEXT_SIZE":5.0,"TEXT_ANGLE":231.61061632834111},"geometry":{"type":"Point","coordinates":[614817.847842,9761835.7022952,-61.0]}},
{"type":"Feature","properties":{"Contents":"190","TEXTSTRING":"190","TEXT_SIZE":5.0,"TEXT_ANGLE":223.16062672658418},"geometry":{"type":"Point","coordinates":[614800.1406844,9761847.228504,-61.0]}},
{"type":"Feature","properties":{"Contents":"195","TEXTSTRING":"195","TEXT_SIZE":5.0,"TEXT_ANGLE":234.38648358499788},"geometry":{"type":"Point","coordinates":[614808.1243573,9761841.821127,-61.0]}},
{"type":"Feature","properties":{"Contents":"185","TEXTSTRING":"185","TEXT_SIZE":5.0,"TEXT_ANGLE":160.89214663322443},"geometry":{"type":"Point","coordinates":[614907.9116314,9761963.7180828,-71.0]}},
{"type":"Feature","properties":{"Contents":"180","TEXTSTRING":"180","TEXT_SIZE":5.0,"TEXT_ANGLE":184.50486182931004},"geometry":{"type":"Point","coordinates":[614913.4577913,9761982.4222713,-71.0]}},
{"type":"Feature","properties":{"Contents":"175","TEXTSTRING":"175","TEXT_SIZE":5.0,"TEXT_ANGLE":146.83248930912637},"geometry":{"type":"Point","coordinates":[614927.0479937,9762009.0528856,-71.0]}},
{"type":"Feature","properties":{"Contents":"170","TEXTSTRING":"170","TEXT_SIZE":5.0,"TEXT_ANGLE":146.83248930912637},"geometry":{"type":"Point","coordinates":[614933.9796205,9762023.1943016,-71.0]}},
{"type":"Feature","properties":{"Contents":"165","TEXTSTRING":"165","TEXT_SIZE":5.0,"TEXT_ANGLE":148.62035344980669},"geometry":{"type":"Point","coordinates":[614938.3539767,9762032.3610698,-71.0]}},
{"type":"Feature","properties":{"Contents":"160","TEXTSTRING":"160","TEXT_SIZE":5.0,"TEXT_ANGLE":129.05993316071934},"geometry":{"type":"Point","coordinates":[614950.0555239,9762041.7023905,-71.0]}},
{"type":"Feature","properties":{"Contents":"155","TEXTSTRING":"155","TEXT_SIZE":5.0,"TEXT_ANGLE":138.36490111935296},"geometry":{"type":"Point","coordinates":[614954.1057231,9762055.9789974,-71.0]}},
{"type":"Feature","properties":{"Contents":"150","TEXTSTRING":"150","TEXT_SIZE":5.0,"TEXT_ANGLE":129.41801649726318},"geometry":{"type":"Point","coordinates":[614965.0664217,9762066.0757294,-71.0]}},
{"type":"Feature","properties":{"Contents":"145","TEXTSTRING":"145","TEXT_SIZE":5.0,"TEXT_ANGLE":117.42535123761363},"geometry":{"type":"Point","coordinates":[614979.9149389,9762068.2093816,-71.0]}},
{"type":"Feature","properties":{"Contents":"140","TEXTSTRING":"140","TEXT_SIZE":5.0,"TEXT_ANGLE":117.42535123761363},"geometry":{"type":"Point","coordinates":[614989.7200742,9762074.6122526,-71.0]}},
{"type":"Feature","properties":{"Contents":"135","TEXTSTRING":"135","TEXT_SIZE":5.0,"TEXT_ANGLE":117.42535123761363},"geometry":{"type":"Point","coordinates":[615003.9841744,9762080.9910706,-71.0]}},
{"type":"Feature","properties":{"Contents":"130","TEXTSTRING":"130","TEXT_SIZE":5.0,"TEXT_ANGLE":117.42535123761363},"geometry":{"type":"Point","coordinates":[615010.8075021,9762080.4053403,-71.0]}},
{"type":"Feature","properties":{"Contents":"125","TEXTSTRING":"125","TEXT_SIZE":5.0,"TEXT_ANGLE":109.30156950714725},"geometry":{"type":"Point","coordinates":[615018.7278468,9762080.533143,-71.0]}},
{"type":"Feature","properties":{"Contents":"120","TEXTSTRING":"120","TEXT_SIZE":5.0,"TEXT_ANGLE":109.30156950714725},"geometry":{"type":"Point","coordinates":[615024.9387095,9762081.9182244,-71.0]}},
{"type":"Feature","properties":{"Contents":"115","TEXTSTRING":"115","TEXT_SIZE":5.0,"TEXT_ANGLE":116.78894870426096},"geometry":{"type":"Point","coordinates":[615035.3680522,9762078.5825764,-71.0]}},
{"type":"Feature","properties":{"Contents":"110","TEXTSTRING":"110","TEXT_SIZE":5.0,"TEXT_ANGLE":109.30156950714725},"geometry":{"type":"Point","coordinates":[615045.0481907,9762076.4376961,-71.0]}},
{"type":"Feature","properties":{"Contents":"105","TEXTSTRING":"105","TEXT_SIZE":5.0,"TEXT_ANGLE":109.30156950714725},"geometry":{"type":"Point","coordinates":[615045.1590064,9762089.0138657,-71.0]}},
{"type":"Feature","properties":{"Contents":"105","TEXTSTRING":"105","TEXT_SIZE":5.0,"TEXT_ANGLE":262.75453597891561},"geometry":{"type":"Point","coordinates":[615073.1430286,9762071.63332,-71.0]}},
{"type":"Feature","properties":{"Contents":"110","TEXTSTRING":"110","TEXT_SIZE":5.0,"TEXT_ANGLE":244.33313276183748},"geometry":{"type":"Point","coordinates":[615079.0632358,9762068.8584968,-71.0]}},
{"type":"Feature","properties":{"Contents":"105","TEXTSTRING":"105","TEXT_SIZE":5.0,"TEXT_ANGLE":169.74450895762251},"geometry":{"type":"Point","coordinates":[615075.1455429,9762307.7280156,-71.0]}},
{"type":"Feature","properties":{"Contents":"100","TEXTSTRING":"100","TEXT_SIZE":5.0,"TEXT_ANGLE":252.52104960934398},"geometry":{"type":"Point","coordinates":[615068.1133493,9762338.1831964,-71.0]}},
{"type":"Feature","properties":{"Contents":"90","TEXTSTRING":"90","TEXT_SIZE":5.0,"TEXT_ANGLE":146.56208901471689},"geometry":{"type":"Point","coordinates":[615706.2826995,9762188.7142064,-71.0]}},
{"type":"Feature","properties":{"Contents":"95","TEXTSTRING":"95","TEXT_SIZE":5.0,"TEXT_ANGLE":123.96554402070987},"geometry":{"type":"Point","coordinates":[615663.8171369,9762156.2731438,-71.0]}},
{"type":"Feature","properties":{"Contents":"100","TEXTSTRING":"100","TEXT_SIZE":5.0,"TEXT_ANGLE":123.96554402070987},"geometry":{"type":"Point","coordinates":[615656.5753827,9762123.9523062,-71.0]}},
{"type":"Feature","properties":{"Contents":"105","TEXTSTRING":"105","TEXT_SIZE":5.0,"TEXT_ANGLE":124.03425926792742},"geometry":{"type":"Point","coordinates":[615641.9821981,9762111.9473339,-71.0]}},
{"type":"Feature","properties":{"Contents":"110","TEXTSTRING":"110","TEXT_SIZE":5.0,"TEXT_ANGLE":143.51154206273131},"geometry":{"type":"Point","coordinates":[615625.4681864,9762097.8067267,-71.0]}},
{"type":"Feature","properties":{"Contents":"115","TEXTSTRING":"115","TEXT_SIZE":5.0,"TEXT_ANGLE":132.3220355142339},"geometry":{"type":"Point","coordinates":[615542.185668,9762048.4432329,-71.0]}},
{"type":"Feature","properties":{"Contents":"120","TEXTSTRING":"120","TEXT_SIZE":5.0,"TEXT_ANGLE":154.10078551331338},"geometry":{"type":"Point","coordinates":[615488.3961119,9762014.3839065,-71.0]}},
{"type":"Feature","properties":{"Contents":"130","TEXTSTRING":"130","TEXT_SIZE":5.0,"TEXT_ANGLE":163.75739621547064},"geometry":{"type":"Point","coordinates":[615479.2700278,9761861.1310338,-71.0]}},
{"type":"Feature","properties":{"Contents":"135","TEXTSTRING":"135","TEXT_SIZE":5.0,"TEXT_ANGLE":118.03639210482494},"geometry":{"type":"Point","coordinates":[615472.6649976,9761844.6524073,-71.0]}},
{"type":"Feature","properties":{"Contents":"130","TEXTSTRING":"130","TEXT_SIZE":5.0,"TEXT_ANGLE":118.37975567047377},"geometry":{"type":"Point","coordinates":[615455.8529131,9761777.145096,-71.0]}},
{"type":"Feature","properties":{"Contents":"135","TEXTSTRING":"135","TEXT_SIZE":5.0,"TEXT_ANGLE":118.27064219023657},"geometry":{"type":"Point","coordinates":[615454.2277677,9761763.0171569,-71.0]}},
{"type":"Feature","properties":{"Contents":"140","TEXTSTRING":"140","TEXT_SIZE":5.0,"TEXT_ANGLE":104.65864882099156},"geometry":{"type":"Point","coordinates":[615443.6004794,9761761.771792,-71.0]}},
{"type":"Feature","properties":{"Contents":"145","TEXTSTRING":"145","TEXT_SIZE":5.0,"TEXT_ANGLE":104.65864882099156},"geometry":{"type":"Point","coordinates":[615435.9128624,9761761.5290401,-71.0]}},
{"type":"Feature","properties":{"Contents":"150","TEXTSTRING":"150","TEXT_SIZE":5.0,"TEXT_ANGLE":104.65864882099156},"geometry":{"type":"Point","coordinates":[615427.9227192,9761762.0541636,-71.0]}},
{"type":"Feature","properties":{"Contents":"155","TEXTSTRING":"155","TEXT_SIZE":5.0,"TEXT_ANGLE":104.65864882099156},"geometry":{"type":"Point","coordinates":[615420.4979536,9761762.5396673,-71.0]}},
{"type":"Feature","properties":{"Contents":"160","TEXTSTRING":"160","TEXT_SIZE":5.0,"TEXT_ANGLE":120.58670241504144},"geometry":{"type":"Point","coordinates":[615411.0340602,9761760.6593711,-71.0]}},
{"type":"Feature","properties":{"Contents":"165","TEXTSTRING":"165","TEXT_SIZE":5.0,"TEXT_ANGLE":120.58670241504144},"geometry":{"type":"Point","coordinates":[615402.4142708,9761754.7522056,-71.0]}},
{"type":"Feature","properties":{"Contents":"170","TEXTSTRING":"170","TEXT_SIZE":5.0,"TEXT_ANGLE":120.58670241504144},"geometry":{"type":"Point","coordinates":[615393.9241867,9761750.9327473,-71.0]}},
{"type":"Feature","properties":{"Contents":"175","TEXTSTRING":"175","TEXT_SIZE":5.0,"TEXT_ANGLE":120.58670241504144},"geometry":{"type":"Point","coordinates":[615388.2856688,9761746.1422982,-71.0]}},
{"type":"Feature","properties":{"Contents":"180","TEXTSTRING":"180","TEXT_SIZE":5.0,"TEXT_ANGLE":120.58670241504144},"geometry":{"type":"Point","coordinates":[615378.7585458,9761744.1031042,-71.0]}},
{"type":"Feature","properties":{"Contents":"185","TEXTSTRING":"185","TEXT_SIZE":5.0,"TEXT_ANGLE":120.58670241504144},"geometry":{"type":"Point","coordinates":[615369.652711,9761740.2189562,-71.0]}},
{"type":"Feature","properties":{"Contents":"190","TEXTSTRING":"190","TEXT_SIZE":5.0,"TEXT_ANGLE":120.58670241504144},"geometry":{"type":"Point","coordinates":[615362.3777573,9761732.75811,-71.0]}},
{"type":"Feature","properties":{"Contents":"195","TEXTSTRING":"195","TEXT_SIZE":5.0,"TEXT_ANGLE":132.66787974634988},"geometry":{"type":"Point","coordinates":[615351.9839304,9761726.7808079,-71.0]}},
{"type":"Feature","properties":{"Contents":"195","TEXTSTRING":"195","TEXT_SIZE":5.0,"TEXT_ANGLE":265.89189247824027},"geometry":{"type":"Point","coordinates":[615335.8301056,9761723.4582031,-71.0]}},
{"type":"Feature","properties":{"Contents":"190","TEXTSTRING":"190","TEXT_SIZE":5.0,"TEXT_ANGLE":265.89189247824027},"geometry":{"type":"Point","coordinates":[615321.510451,9761738.67334,-71.0]}},
{"type":"Feature","properties":{"Contents":"185","TEXTSTRING":"185","TEXT_SIZE":5.0,"TEXT_ANGLE":259.13337816768893},"geometry":{"type":"Point","coordinates":[615313.0613454,9761745.1339257,-71.0]}},
{"type":"Feature","properties":{"Contents":"125","TEXTSTRING":"125","TEXT_SIZE":5.0,"TEXT_ANGLE":132.3220355142339},"geometry":{"type":"Point","coordinates":[615484.358813,9761990.1362371,-71.0]}},
{"type":"Feature","properties":{"Contents":"130","TEXTSTRING":"130","TEXT_SIZE":5.0,"TEXT_ANGLE":132.3220355142339},"geometry":{"type":"Point","coordinates":[615459.318212,9761973.4936617,-71.0]}},
{"type":"Feature","properties":{"Contents":"135","TEXTSTRING":"135","TEXT_SIZE":5.0,"TEXT_ANGLE":152.15630174606494},"geometry":{"type":"Point","coordinates":[615433.6215142,9761955.4041493,-71.0]}},
{"type":"Feature","properties":{"Contents":"140","TEXTSTRING":"140","TEXT_SIZE":5.0,"TEXT_ANGLE":132.3220355142339},"geometry":{"type":"Point","coordinates":[615405.7287357,9761942.7073546,-71.0]}},
{"type":"Feature","properties":{"Contents":"145","TEXTSTRING":"145","TEXT_SIZE":5.0,"TEXT_ANGLE":117.47025538048979},"geometry":{"type":"Point","coordinates":[615396.2204687,9761938.7191342,-71.0]}},
{"type":"Feature","properties":{"Contents":"150","TEXTSTRING":"150","TEXT_SIZE":5.0,"TEXT_ANGLE":117.47025538048979},"geometry":{"type":"Point","coordinates":[615385.9643768,9761936.4796561,-71.0]}},
{"type":"Feature","properties":{"Contents":"155","TEXTSTRING":"155","TEXT_SIZE":5.0,"TEXT_ANGLE":125.05644397488572},"geometry":{"type":"Point","coordinates":[615375.2712349,9761925.4783412,-71.0]}},
{"type":"Feature","properties":{"Contents":"160","TEXTSTRING":"160","TEXT_SIZE":5.0,"TEXT_ANGLE":117.47025538048979},"geometry":{"type":"Point","coordinates":[615367.4513766,9761921.2033462,-71.0]}},
{"type":"Feature","properties":{"Contents":"165","TEXTSTRING":"165","TEXT_SIZE":5.0,"TEXT_ANGLE":117.47025538048979},"geometry":{"type":"Point","coordinates":[615356.257295,9761921.0508634,-71.0]}},
{"type":"Feature","properties":{"Contents":"170","TEXTSTRING":"170","TEXT_SIZE":5.0,"TEXT_ANGLE":125.36854863769948},"geometry":{"type":"Point","coordinates":[615342.7638961,9761919.3214196,-71.0]}},
{"type":"Feature","properties":{"Contents":"175","TEXTSTRING":"175","TEXT_SIZE":5.0,"TEXT_ANGLE":128.34348758933243},"geometry":{"type":"Point","coordinates":[615333.5698244,9761913.6439708,-71.0]}},
{"type":"Feature","properties":{"Contents":"180","TEXTSTRING":"180","TEXT_SIZE":5.0,"TEXT_ANGLE":128.46146893974546},"geometry":{"type":"Point","coordinates":[615324.2224921,9761910.3849702,-71.0]}},
{"type":"Feature","properties":{"Contents":"120","TEXTSTRING":"120","TEXT_SIZE":5.0,"TEXT_ANGLE":258.18489261046295},"geometry":{"type":"Point","coordinates":[615111.638968,9762051.7206127,-71.0]}},
{"type":"Feature","properties":{"Contents":"125","TEXTSTRING":"125","TEXT_SIZE":5.0,"TEXT_ANGLE":261.91212984222057},"geometry":{"type":"Point","coordinates":[615121.7687953,9762053.2870866,-71.0]}},
{"type":"Feature","properties":{"Contents":"130","TEXTSTRING":"130","TEXT_SIZE":5.0,"TEXT_ANGLE":261.91212984222057},"geometry":{"type":"Point","coordinates":[615132.7608536,9762052.7051661,-71.0]}},
{"type":"Feature","properties":{"Contents":"135","TEXTSTRING":"135","TEXT_SIZE":5.0,"TEXT_ANGLE":262.79539695062027},"geometry":{"type":"Point","coordinates":[615139.6300319,9762049.8164313,-71.0]}},
{"type":"Feature","properties":{"Contents":"140","TEXTSTRING":"140","TEXT_SIZE":5.0,"TEXT_ANGLE":266.87788749943593},"geometry":{"type":"Point","coordinates":[615146.8747291,9762049.1959638,-71.0]}},
{"type":"Feature","properties":{"Contents":"140","TEXTSTRING":"140","TEXT_SIZE":5.0,"TEXT_ANGLE":250.18716522250659},"geometry":{"type":"Point","coordinates":[615216.8446725,9761812.5004393,-71.0]}},
{"type":"Feature","properties":{"Contents":"145","TEXTSTRING":"145","TEXT_SIZE":5.0,"TEXT_ANGLE":237.66786252092425},"geometry":{"type":"Point","coordinates":[615224.9022889,9761808.026717,-71.0]}},
{"type":"Feature","properties":{"Contents":"150","TEXTSTRING":"150","TEXT_SIZE":5.0,"TEXT_ANGLE":237.66786252092425},"geometry":{"type":"Point","coordinates":[615229.8490277,9761796.5362958,-71.0]}},
{"type":"Feature","properties":{"Contents":"155","TEXTSTRING":"155","TEXT_SIZE":5.0,"TEXT_ANGLE":252.44248843067311},"geometry":{"type":"Point","coordinates":[615238.5958609,9761782.9969334,-71.0]}},
{"type":"Feature","properties":{"Contents":"160","TEXTSTRING":"160","TEXT_SIZE":5.0,"TEXT_ANGLE":244.08311482555743},"geometry":{"type":"Point","coordinates":[615253.7808152,9761770.5163468,-71.0]}},
{"type":"Feature","properties":{"Contents":"165","TEXTSTRING":"165","TEXT_SIZE":5.0,"TEXT_ANGLE":259.71359985471986},"geometry":{"type":"Point","coordinates":[615267.1235233,9761769.5816637,-71.0]}},
{"type":"Feature","properties":{"Contents":"170","TEXTSTRING":"170","TEXT_SIZE":5.0,"TEXT_ANGLE":259.71359985471986},"geometry":{"type":"Point","coordinates":[615279.6289487,9761754.677629,-71.0]}},
{"type":"Feature","properties":{"Contents":"175","TEXTSTRING":"175","TEXT_SIZE":5.0,"TEXT_ANGLE":260.70151024768256},"geometry":{"type":"Point","coordinates":[615291.978504,9761754.411197,-71.0]}},
{"type":"Feature","properties":{"Contents":"180","TEXTSTRING":"180","TEXT_SIZE":5.0,"TEXT_ANGLE":265.89189247824027},"geometry":{"type":"Point","coordinates":[615303.0502382,9761754.4693919,-71.0]}},
{"type":"Feature","properties":{"Contents":"120","TEXTSTRING":"120","TEXT_SIZE":5.0,"TEXT_ANGLE":289.85689940683216},"geometry":{"type":"Point","coordinates":[615167.5722362,9761870.5976188,-71.0]}},
{"type":"Feature","properties":{"Contents":"125","TEXTSTRING":"125","TEXT_SIZE":5.0,"TEXT_ANGLE":302.04811895829863},"geometry":{"type":"Point","coordinates":[615178.8608417,9761873.1054629,-71.0]}},
{"type":"Feature","properties":{"Contents":"130","TEXTSTRING":"130","TEXT_SIZE":5.0,"TEXT_ANGLE":289.85689940683216},"geometry":{"type":"Point","coordinates":[615190.1065797,9761872.9556792,-71.0]}},
{"type":"Feature","properties":{"Contents":"135","TEXTSTRING":"135","TEXT_SIZE":5.0,"TEXT_ANGLE":283.47756142354172},"geometry":{"type":"Point","coordinates":[615198.2622306,9761877.2493902,-71.0]}},
{"type":"Feature","properties":{"Contents":"140","TEXTSTRING":"140","TEXT_SIZE":5.0,"TEXT_ANGLE":277.77147488052981},"geometry":{"type":"Point","coordinates":[615206.2234861,9761878.369935,-71.0]}},
{"type":"Feature","properties":{"Contents":"145","TEXTSTRING":"145","TEXT_SIZE":5.0,"TEXT_ANGLE":277.77147488052981},"geometry":{"type":"Point","coordinates":[615218.8167753,9761880.5645526,-71.0]}},
{"type":"Feature","properties":{"Contents":"150","TEXTSTRING":"150","TEXT_SIZE":5.0,"TEXT_ANGLE":277.77147488052981},"geometry":{"type":"Point","coordinates":[615231.9334126,9761882.1526575,-71.0]}},
{"type":"Feature","properties":{"Contents":"155","TEXTSTRING":"155","TEXT_SIZE":5.0,"TEXT_ANGLE":274.95911357361121},"geometry":{"type":"Point","coordinates":[615240.7872262,9761884.7077707,-71.0]}},
{"type":"Feature","properties":{"Contents":"160","TEXTSTRING":"160","TEXT_SIZE":5.0,"TEXT_ANGLE":277.77147488052981},"geometry":{"type":"Point","coordinates":[615251.0871985,9761883.4704197,-71.0]}},
{"type":"Feature","properties":{"Contents":"165","TEXTSTRING":"165","TEXT_SIZE":5.0,"TEXT_ANGLE":277.77147488052981},"geometry":{"type":"Point","coordinates":[615260.565002,9761884.5541705,-71.0]}},
{"type":"Feature","properties":{"Contents":"170","TEXTSTRING":"170","TEXT_SIZE":5.0,"TEXT_ANGLE":277.77147488052981},"geometry":{"type":"Point","coordinates":[615270.5143523,9761884.2955475,-71.0]}},
{"type":"Feature","properties":{"Contents":"175","TEXTSTRING":"175","TEXT_SIZE":5.0,"TEXT_ANGLE":277.77147488052981},"geometry":{"type":"Point","coordinates":[615278.5068294,9761883.8711279,-71.0]}},
{"type":"Feature","properties":{"Contents":"180","TEXTSTRING":"180","TEXT_SIZE":5.0,"TEXT_ANGLE":265.89189247824027},"geometry":{"type":"Point","coordinates":[615285.5957475,9761884.8768379,-71.0]}},
{"type":"Feature","properties":{"Contents":"185","TEXTSTRING":"185","TEXT_SIZE":5.0,"TEXT_ANGLE":186.75170243451544},"geometry":{"type":"Point","coordinates":[615304.1933701,9761897.7845405,-71.0]}},
{"type":"Feature","properties":{"Contents":"180","TEXTSTRING":"180","TEXT_SIZE":5.0,"TEXT_ANGLE":207.98693858905807},"geometry":{"type":"Point","coordinates":[615287.3212233,9761928.5201795,-71.0]}},
{"type":"Feature","properties":{"Contents":"175","TEXTSTRING":"175","TEXT_SIZE":5.0,"TEXT_ANGLE":193.81912774188629},"geometry":{"type":"Point","coordinates":[615279.5510858,9761944.5968627,-71.0]}},
{"type":"Feature","properties":{"Contents":"170","TEXTSTRING":"170","TEXT_SIZE":5.0,"TEXT_ANGLE":199.93196407911188},"geometry":{"type":"Point","coordinates":[615258.5354892,9761959.5411524,-71.0]}},
{"type":"Feature","properties":{"Contents":"165","TEXTSTRING":"165","TEXT_SIZE":5.0,"TEXT_ANGLE":247.77031850133847},"geometry":{"type":"Point","coordinates":[615225.8053054,9761980.5163124,-71.0]}},
{"type":"Feature","properties":{"Contents":"160","TEXTSTRING":"160","TEXT_SIZE":5.0,"TEXT_ANGLE":202.7927248499237},"geometry":{"type":"Point","coordinates":[615199.0664396,9762005.0219448,-71.0]}},
{"type":"Feature","properties":{"Contents":"155","TEXTSTRING":"155","TEXT_SIZE":5.0,"TEXT_ANGLE":216.17502018732034},"geometry":{"type":"Point","coordinates":[615185.3995535,9762025.397396,-71.0]}},
{"type":"Feature","properties":{"Contents":"150","TEXTSTRING":"150","TEXT_SIZE":5.0,"TEXT_ANGLE":202.7927248499237},"geometry":{"type":"Point","coordinates":[615176.2054821,9762054.1471547,-71.0]}},
{"type":"Feature","properties":{"Contents":"145","TEXTSTRING":"145","TEXT_SIZE":5.0,"TEXT_ANGLE":165.9444420151072},"geometry":{"type":"Point","coordinates":[615167.9043569,9762105.3442673,-71.0]}},
{"type":"Feature","properties":{"Contents":"140","TEXTSTRING":"140","TEXT_SIZE":5.0,"TEXT_ANGLE":211.24930533979031},"geometry":{"type":"Point","coordinates":[615158.6445464,9762124.5721775,-71.0]}},
{"type":"Feature","properties":{"Contents":"135","TEXTSTRING":"135","TEXT_SIZE":5.0,"TEXT_ANGLE":215.18998623252722},"geometry":{"type":"Point","coordinates":[615149.4754026,9762145.8980666,-71.0]}},
{"type":"Feature","properties":{"Contents":"130","TEXTSTRING":"130","TEXT_SIZE":5.0,"TEXT_ANGLE":207.18196184117556},"geometry":{"type":"Point","coordinates":[615139.7673734,9762160.1366786,-71.0]}},
{"type":"Feature","properties":{"Contents":"125","TEXTSTRING":"125","TEXT_SIZE":5.0,"TEXT_ANGLE":215.18998623252722},"geometry":{"type":"Point","coordinates":[615130.7093503,9762184.7477129,-71.0]}},
{"type":"Feature","properties":{"Contents":"120","TEXTSTRING":"120","TEXT_SIZE":5.0,"TEXT_ANGLE":202.93462205577333},"geometry":{"type":"Point","coordinates":[615106.4491947,9762218.0596794,-71.0]}},
{"type":"Feature","properties":{"Contents":"115","TEXTSTRING":"115","TEXT_SIZE":5.0,"TEXT_ANGLE":153.05767478838172},"geometry":{"type":"Point","coordinates":[615102.9368054,9762242.0645999,-71.0]}},
{"type":"Feature","properties":{"Contents":"45","TEXTSTRING":"45","TEXT_SIZE":5.0,"TEXT_ANGLE":4.0173738007749176},"geometry":{"type":"Point","coordinates":[616886.4230158,9764050.2451495,39.0]}},
{"type":"Feature","properties":{"Contents":"70","TEXTSTRING":"70","TEXT_SIZE":6.0,"TEXT_ANGLE":25.397900168759168},"geometry":{"type":"Point","coordinates":[615810.8844624,9763256.9918423,39.0]}},
{"type":"Feature","properties":{"Contents":"50","TEXTSTRING":"50","TEXT_SIZE":5.0,"TEXT_ANGLE":38.693040998020422},"geometry":{"type":"Point","coordinates":[615921.4521731,9763214.7702361,39.0]}},
{"type":"Feature","properties":{"Contents":"95","TEXTSTRING":"95","TEXT_SIZE":5.0,"TEXT_ANGLE":177.96651251629498},"geometry":{"type":"Point","coordinates":[615011.1478364,9762413.033812,39.0]}},
{"type":"Feature","properties":{"Contents":"90","TEXTSTRING":"90","TEXT_SIZE":5.0,"TEXT_ANGLE":188.25977996547249},"geometry":{"type":"Point","coordinates":[614976.448266,9762442.6390696,39.0]}},
{"type":"Feature","properties":{"Contents":"85","TEXTSTRING":"85","TEXT_SIZE":5.0,"TEXT_ANGLE":177.96651251629498},"geometry":{"type":"Point","coordinates":[614971.7829787,9762470.3731576,39.0]}},
{"type":"Feature","properties":{"Contents":"85","TEXTSTRING":"85","TEXT_SIZE":5.0,"TEXT_ANGLE":338.32693834755855},"geometry":{"type":"Point","coordinates":[614972.5222045,9762495.7549697,39.0]}},
{"type":"Feature","properties":{"Contents":"90","TEXTSTRING":"90","TEXT_SIZE":5.0,"TEXT_ANGLE":335.83183571846047},"geometry":{"type":"Point","coordinates":[614993.8097558,9762507.6137493,39.0]}},
{"type":"Feature","properties":{"Contents":"95","TEXTSTRING":"95","TEXT_SIZE":5.0,"TEXT_ANGLE":328.03253084189532},"geometry":{"type":"Point","coordinates":[615005.4544357,9762519.2375377,39.0]}},
{"type":"Feature","properties":{"Contents":"100","TEXTSTRING":"100","TEXT_SIZE":5.0,"TEXT_ANGLE":348.80692313314466},"geometry":{"type":"Point","coordinates":[615034.0569945,9762541.7617431,39.0]}},
{"type":"Feature","properties":{"Contents":"75","TEXTSTRING":"75","TEXT_SIZE":5.0,"TEXT_ANGLE":44.13412336987647},"geometry":{"type":"Point","coordinates":[615760.977416,9762812.1901267,39.0]}},
{"type":"Feature","properties":{"Contents":"60","TEXTSTRING":"60","TEXT_SIZE":5.0,"TEXT_ANGLE":166.39394221468609},"geometry":{"type":"Point","coordinates":[616028.955808,9762797.630237,39.0]}},
{"type":"Feature","properties":{"Contents":"95","TEXTSTRING":"95","TEXT_SIZE":5.0,"TEXT_ANGLE":316.99686953592129},"geometry":{"type":"Point","coordinates":[616394.5531686,9762127.3507402,39.0]}},
{"type":"Feature","properties":{"Contents":"100","TEXTSTRING":"100","TEXT_SIZE":5.0,"TEXT_ANGLE":326.52479712151433},"geometry":{"type":"Point","coordinates":[616428.2549415,9762139.3134822,39.0]}},
{"type":"Feature","properties":{"Contents":"105","TEXTSTRING":"105","TEXT_SIZE":5.0,"TEXT_ANGLE":297.30017451041959},"geometry":{"type":"Point","coordinates":[615893.277292,9762539.7932765,39.0]}},
{"type":"Feature","properties":{"Contents":"100","TEXTSTRING":"100","TEXT_SIZE":5.0,"TEXT_ANGLE":315.26820815036598},"geometry":{"type":"Point","coordinates":[615785.4147573,9762475.4791024,39.0]}},
{"type":"Feature","properties":{"Contents":"100","TEXTSTRING":"100","TEXT_SIZE":5.0,"TEXT_ANGLE":24.020461678412129},"geometry":{"type":"Point","coordinates":[615151.9064279,9762550.8860747,39.0]}},
{"type":"Feature","properties":{"Contents":"100","TEXTSTRING":"100","TEXT_SIZE":5.0,"TEXT_ANGLE":131.71799380276545},"geometry":{"type":"Point","coordinates":[615238.3622171,9762593.0918346,39.0]}},
{"type":"Feature","properties":{"Contents":"95","TEXTSTRING":"95","TEXT_SIZE":5.0,"TEXT_ANGLE":181.04438422282607},"geometry":{"type":"Point","coordinates":[615237.5338402,9762611.0736399,39.0]}},
{"type":"Feature","properties":{"Contents":"90","TEXTSTRING":"90","TEXT_SIZE":5.0,"TEXT_ANGLE":163.70318269605792},"geometry":{"type":"Point","coordinates":[615251.3749071,9762641.669246,39.0]}},
{"type":"Feature","properties":{"Contents":"85","TEXTSTRING":"85","TEXT_SIZE":5.0,"TEXT_ANGLE":140.23882531458162},"geometry":{"type":"Point","coordinates":[615328.9132874,9762685.5106741,39.0]}},
{"type":"Feature","properties":{"Contents":"85","TEXTSTRING":"85","TEXT_SIZE":5.0,"TEXT_ANGLE":330.35027221614286},"geometry":{"type":"Point","coordinates":[615565.284618,9762638.2501757,39.0]}},
{"type":"Feature","properties":{"Contents":"90","TEXTSTRING":"90","TEXT_SIZE":5.0,"TEXT_ANGLE":324.07674341487609},"geometry":{"type":"Point","coordinates":[615576.662031,9762645.1755834,39.0]}},
{"type":"Feature","properties":{"Contents":"95","TEXTSTRING":"95","TEXT_SIZE":5.0,"TEXT_ANGLE":329.92911942843108},"geometry":{"type":"Point","coordinates":[615584.6804347,9762654.9590497,39.0]}},
{"type":"Feature","properties":{"Contents":"105","TEXTSTRING":"105","TEXT_SIZE":5.0,"TEXT_ANGLE":354.59892053422692},"geometry":{"type":"Point","coordinates":[615594.9137209,9762676.3041415,39.0]}},
{"type":"Feature","properties":{"Contents":"100","TEXTSTRING":"100","TEXT_SIZE":5.0,"TEXT_ANGLE":345.86260771567134},"geometry":{"type":"Point","coordinates":[615593.4440253,9762668.2963632,39.0]}},
{"type":"Feature","properties":{"Contents":"85","TEXTSTRING":"85","TEXT_SIZE":4.0,"TEXT_ANGLE":303.96245331040558},"geometry":{"type":"Point","coordinates":[615471.0404716,9762755.8553435,39.0]}},
{"type":"Feature","properties":{"Contents":"90","TEXTSTRING":"90","TEXT_SIZE":5.0,"TEXT_ANGLE":301.92975936942162},"geometry":{"type":"Point","coordinates":[615483.5235075,9762762.0143003,39.0]}},
{"type":"Feature","properties":{"Contents":"105","TEXTSTRING":"105","TEXT_SIZE":5.0,"TEXT_ANGLE":299.58470735229002},"geometry":{"type":"Point","coordinates":[615524.3146646,9762775.6042548,39.0]}},
{"type":"Feature","properties":{"Contents":"100","TEXTSTRING":"100","TEXT_SIZE":5.0,"TEXT_ANGLE":301.92975635855663},"geometry":{"type":"Point","coordinates":[615510.8767832,9762772.3115273,39.0]}},
{"type":"Feature","properties":{"Contents":"95","TEXTSTRING":"95","TEXT_SIZE":5.0,"TEXT_ANGLE":292.66242865566511},"geometry":{"type":"Point","coordinates":[615492.3758602,9762768.5180714,39.0]}},
{"type":"Feature","properties":{"Contents":"70","TEXTSTRING":"70","TEXT_SIZE":5.0,"TEXT_ANGLE":44.13412336987647},"geometry":{"type":"Point","coordinates":[615772.6043194,9762804.4101209,39.0]}},
{"type":"Feature","properties":{"Contents":"70","TEXTSTRING":"70","TEXT_SIZE":5.0,"TEXT_ANGLE":165.11779629639199},"geometry":{"type":"Point","coordinates":[615743.1018986,9762770.3625088,39.0]}},
{"type":"Feature","properties":{"Contents":"75","TEXTSTRING":"75","TEXT_SIZE":5.0,"TEXT_ANGLE":167.06805563846416},"geometry":{"type":"Point","coordinates":[615734.7907255,9762762.0083454,39.0]}},
{"type":"Feature","properties":{"Contents":"115","TEXTSTRING":"115","TEXT_SIZE":5.0,"TEXT_ANGLE":146.33171507974868},"geometry":{"type":"Point","coordinates":[615706.0851937,9762688.2362975,39.0]}},
{"type":"Feature","properties":{"Contents":"110","TEXTSTRING":"110","TEXT_SIZE":5.0,"TEXT_ANGLE":146.33171507974868},"geometry":{"type":"Point","coordinates":[615706.2836584,9762698.5000395,39.0]}},
{"type":"Feature","properties":{"Contents":"105","TEXTSTRING":"105","TEXT_SIZE":5.0,"TEXT_ANGLE":162.35077081806904},"geometry":{"type":"Point","coordinates":[615707.719192,9762705.9789583,39.0]}},
{"type":"Feature","properties":{"Contents":"100","TEXTSTRING":"100","TEXT_SIZE":5.0,"TEXT_ANGLE":154.68885768693275},"geometry":{"type":"Point","coordinates":[615709.939299,9762717.1513232,39.0]}},
{"type":"Feature","properties":{"Contents":"95","TEXTSTRING":"95","TEXT_SIZE":5.0,"TEXT_ANGLE":155.78365355064855},"geometry":{"type":"Point","coordinates":[615715.7215587,9762722.1214329,39.0]}},
{"type":"Feature","properties":{"Contents":"90","TEXTSTRING":"90","TEXT_SIZE":5.0,"TEXT_ANGLE":155.08706144331853},"geometry":{"type":"Point","coordinates":[615716.9787799,9762731.241438,39.0]}},
{"type":"Feature","properties":{"Contents":"85","TEXTSTRING":"85","TEXT_SIZE":5.0,"TEXT_ANGLE":156.54830852236191},"geometry":{"type":"Point","coordinates":[615719.5371184,9762742.499773,39.0]}},
{"type":"Feature","properties":{"Contents":"80","TEXTSTRING":"80","TEXT_SIZE":5.0,"TEXT_ANGLE":154.82451449803767},"geometry":{"type":"Point","coordinates":[615723.8563419,9762752.1512895,39.0]}},
{"type":"Feature","properties":{"Contents":"100","TEXTSTRING":"100","TEXT_SIZE":5.0,"TEXT_ANGLE":10.95068177132215},"geometry":{"type":"Point","coordinates":[615942.9849905,9762476.8637281,39.0]}},
{"type":"Feature","properties":{"Contents":"105","TEXTSTRING":"105","TEXT_SIZE":5.0,"TEXT_ANGLE":10.241903775882877},"geometry":{"type":"Point","coordinates":[615941.4007619,9762501.0579209,39.0]}},
{"type":"Feature","properties":{"Contents":"110","TEXTSTRING":"110","TEXT_SIZE":5.0,"TEXT_ANGLE":183.8376382695603},"geometry":{"type":"Point","coordinates":[615921.9568352,9762561.6784612,39.0]}},
{"type":"Feature","properties":{"Contents":"105","TEXTSTRING":"105","TEXT_SIZE":5.0,"TEXT_ANGLE":148.18263638786735},"geometry":{"type":"Point","coordinates":[615910.0034447,9762613.7987439,39.0]}},
{"type":"Feature","properties":{"Contents":"100","TEXTSTRING":"100","TEXT_SIZE":5.0,"TEXT_ANGLE":183.8376382695603},"geometry":{"type":"Point","coordinates":[615906.6350882,9762636.4586864,39.0]}},
{"type":"Feature","properties":{"Contents":"95","TEXTSTRING":"95","TEXT_SIZE":5.0,"TEXT_ANGLE":147.60520548828617},"geometry":{"type":"Point","coordinates":[615919.3173999,9762661.8423912,39.0]}},
{"type":"Feature","properties":{"Contents":"90","TEXTSTRING":"90","TEXT_SIZE":5.0,"TEXT_ANGLE":147.60520548828617},"geometry":{"type":"Point","coordinates":[615921.6556087,9762676.0037496,39.0]}},
{"type":"Feature","properties":{"Contents":"85","TEXTSTRING":"85","TEXT_SIZE":5.0,"TEXT_ANGLE":147.60520548828617},"geometry":{"type":"Point","coordinates":[615919.9368038,9762700.4221279,39.0]}},
{"type":"Feature","properties":{"Contents":"80","TEXTSTRING":"80","TEXT_SIZE":5.0,"TEXT_ANGLE":147.60520548828617},"geometry":{"type":"Point","coordinates":[615931.1190694,9762710.9491112,39.0]}},
{"type":"Feature","properties":{"Contents":"75","TEXTSTRING":"75","TEXT_SIZE":5.0,"TEXT_ANGLE":147.60520548828617},"geometry":{"type":"Point","coordinates":[615949.9421597,9762729.6548608,39.0]}},
{"type":"Feature","properties":{"Contents":"65","TEXTSTRING":"65","TEXT_SIZE":5.0,"TEXT_ANGLE":166.39394221468609},"geometry":{"type":"Point","coordinates":[616012.4309792,9762793.062554,39.0]}},
{"type":"Feature","properties":{"Contents":"70","TEXTSTRING":"70","TEXT_SIZE":5.0,"TEXT_ANGLE":170.52142557517561},"geometry":{"type":"Point","coordinates":[616013.7646807,9762782.7491448,39.0]}},
{"type":"Feature","properties":{"Contents":"85","TEXTSTRING":"85","TEXT_SIZE":5.0,"TEXT_ANGLE":283.30308007376232},"geometry":{"type":"Point","coordinates":[615536.1608969,9762867.0092342,123.0]}},
{"type":"Feature","properties":{"Contents":"90","TEXTSTRING":"90","TEXT_SIZE":5.0,"TEXT_ANGLE":283.30308007376232},"geometry":{"type":"Point","coordinates":[615559.2918021,9762856.3146134,44.0]}},
{"type":"Feature","properties":{"Contents":"95","TEXTSTRING":"95","TEXT_SIZE":5.0,"TEXT_ANGLE":271.21746529343915},"geometry":{"type":"Point","coordinates":[615568.9693239,9762852.4805529,43.0]}},
{"type":"Feature","properties":{"Contents":"100","TEXTSTRING":"100","TEXT_SIZE":5.0,"TEXT_ANGLE":274.21461065601022},"geometry":{"type":"Point","coordinates":[615583.1266374,9762866.1048527,39.0]}},
{"type":"Feature","properties":{"Contents":"100","TEXTSTRING":"100","TEXT_SIZE":5.0,"TEXT_ANGLE":37.013198173570188},"geometry":{"type":"Point","coordinates":[615674.6219956,9762824.5205626,39.0]}},
{"type":"Feature","properties":{"Contents":"95","TEXTSTRING":"95","TEXT_SIZE":5.0,"TEXT_ANGLE":37.013198173570188},"geometry":{"type":"Point","coordinates":[615685.35499,9762819.0014292,39.0]}},
{"type":"Feature","properties":{"Contents":"90","TEXTSTRING":"90","TEXT_SIZE":5.0,"TEXT_ANGLE":44.13412336987647},"geometry":{"type":"Point","coordinates":[615713.4577176,9762822.5284616,39.0]}},
{"type":"Feature","properties":{"Contents":"85","TEXTSTRING":"85","TEXT_SIZE":5.0,"TEXT_ANGLE":44.13412336987647},"geometry":{"type":"Point","coordinates":[615738.8145791,9762826.5732041,39.0]}},
{"type":"Feature","properties":{"Contents":"80","TEXTSTRING":"80","TEXT_SIZE":5.0,"TEXT_ANGLE":44.13412336987647},"geometry":{"type":"Point","coordinates":[615750.3596116,9762820.3666854,39.0]}},
{"type":"Feature","properties":{"Contents":"70","TEXTSTRING":"70","TEXT_SIZE":5.0,"TEXT_ANGLE":37.130561129326786},"geometry":{"type":"Point","coordinates":[616070.8861989,9762658.7213017,69.0]}},
{"type":"Feature","properties":{"Contents":"85","TEXTSTRING":"85","TEXT_SIZE":5.0,"TEXT_ANGLE":98.172225508374225},"geometry":{"type":"Point","coordinates":[616362.5051144,9762245.3749376,159.0]}},
{"type":"Feature","properties":{"Contents":"90","TEXTSTRING":"90","TEXT_SIZE":5.0,"TEXT_ANGLE":128.60899081764939},"geometry":{"type":"Point","coordinates":[616336.9586666,9762259.4689619,159.0]}},
{"type":"Feature","properties":{"Contents":"95","TEXTSTRING":"95","TEXT_SIZE":5.0,"TEXT_ANGLE":128.60899081764939},"geometry":{"type":"Point","coordinates":[616311.9810633,9762268.6274498,159.0]}},
{"type":"Feature","properties":{"Contents":"100","TEXTSTRING":"100","TEXT_SIZE":5.0,"TEXT_ANGLE":128.60899081764939},"geometry":{"type":"Point","coordinates":[616295.0498899,9762257.0801982,159.0]}},
{"type":"Feature","properties":{"Contents":"110","TEXTSTRING":"110","TEXT_SIZE":5.0,"TEXT_ANGLE":128.90542929092106},"geometry":{"type":"Point","coordinates":[615951.7283754,9762543.813939,159.0]}},
{"type":"Feature","properties":{"Contents":"105","TEXTSTRING":"105","TEXT_SIZE":5.0,"TEXT_ANGLE":99.882667235524693},"geometry":{"type":"Point","coordinates":[615969.5198284,9762545.1817258,159.0]}},
{"type":"Feature","properties":{"Contents":"100","TEXTSTRING":"100","TEXT_SIZE":5.0,"TEXT_ANGLE":80.466310688336804},"geometry":{"type":"Point","coordinates":[615990.9859549,9762542.5602856,159.0]}},
{"type":"Feature","properties":{"Contents":"95","TEXTSTRING":"95","TEXT_SIZE":5.0,"TEXT_ANGLE":67.758239498004798},"geometry":{"type":"Point","coordinates":[616012.3068278,9762545.9454904,159.0]}},
{"type":"Feature","properties":{"Contents":"90","TEXTSTRING":"90","TEXT_SIZE":5.0,"TEXT_ANGLE":91.693021268707994},"geometry":{"type":"Point","coordinates":[616042.5820417,9762552.2150044,159.0]}},
{"type":"Feature","properties":{"Contents":"85","TEXTSTRING":"85","TEXT_SIZE":5.0,"TEXT_ANGLE":59.721510141805325},"geometry":{"type":"Point","coordinates":[616067.217633,9762569.9566568,159.0]}},
{"type":"Feature","properties":{"Contents":"80","TEXTSTRING":"80","TEXT_SIZE":5.0,"TEXT_ANGLE":59.721510141805325},"geometry":{"type":"Point","coordinates":[616083.4794622,9762566.390055,159.0]}},
{"type":"Feature","properties":{"Contents":"75","TEXTSTRING":"75","TEXT_SIZE":5.0,"TEXT_ANGLE":48.426064442395422},"geometry":{"type":"Point","coordinates":[616102.8180721,9762563.3681077,159.0]}},
{"type":"Feature","properties":{"Contents":"70","TEXTSTRING":"70","TEXT_SIZE":5.0,"TEXT_ANGLE":37.130561129326786},"geometry":{"type":"Point","coordinates":[616117.6692805,9762563.5067394,159.0]}},
{"type":"Feature","properties":{"Contents":"75","TEXTSTRING":"75","TEXT_SIZE":5.0,"TEXT_ANGLE":181.35973056565322},"geometry":{"type":"Point","coordinates":[616166.6058244,9762521.7647067,159.0]}},
{"type":"Feature","properties":{"Contents":"95","TEXTSTRING":"95","TEXT_SIZE":5.0,"TEXT_ANGLE":203.26396776519596},"geometry":{"type":"Point","coordinates":[616155.6555783,9762404.7420296,159.0]}},
{"type":"Feature","properties":{"Contents":"90","TEXTSTRING":"90","TEXT_SIZE":5.0,"TEXT_ANGLE":330.06339957527979},"geometry":{"type":"Point","coordinates":[616181.2951718,9762204.1877146,159.0]}},
{"type":"Feature","properties":{"Contents":"95","TEXTSTRING":"95","TEXT_SIZE":5.0,"TEXT_ANGLE":330.06339957527979},"geometry":{"type":"Point","coordinates":[616192.6631378,9762224.3432383,159.0]}},
{"type":"Feature","properties":{"Contents":"100","TEXTSTRING":"100","TEXT_SIZE":5.0,"TEXT_ANGLE":330.06339957527979},"geometry":{"type":"Point","coordinates":[616203.3915051,9762243.3110267,159.0]}},
{"type":"Feature","properties":{"Contents":"100","TEXTSTRING":"100","TEXT_SIZE":5.0,"TEXT_ANGLE":255.20651721158427},"geometry":{"type":"Point","coordinates":[616143.2149929,9762339.8003362,159.0]}},
{"type":"Feature","properties":{"Contents":"95","TEXTSTRING":"95","TEXT_SIZE":5.0,"TEXT_ANGLE":224.27607409390845},"geometry":{"type":"Point","coordinates":[616101.4739565,9762352.9550588,159.0]}},
{"type":"Feature","properties":{"Contents":"90","TEXTSTRING":"90","TEXT_SIZE":5.0,"TEXT_ANGLE":191.82648050199307},"geometry":{"type":"Point","coordinates":[616067.5862695,9762373.0853256,159.0]}},
{"type":"Feature","properties":{"Contents":"85","TEXTSTRING":"85","TEXT_SIZE":5.0,"TEXT_ANGLE":235.49161619152468},"geometry":{"type":"Point","coordinates":[616037.4524986,9762399.353489,159.0]}},
{"type":"Feature","properties":{"Contents":"80","TEXTSTRING":"80","TEXT_SIZE":5.0,"TEXT_ANGLE":234.55586506615083},"geometry":{"type":"Point","coordinates":[616018.4639673,9762405.0164174,159.0]}},
{"type":"Feature","properties":{"Contents":"75","TEXTSTRING":"75","TEXT_SIZE":5.0,"TEXT_ANGLE":18.463986499406332},"geometry":{"type":"Point","coordinates":[615978.9502208,9762404.2133163,159.0]}},
{"type":"Feature","properties":{"Contents":"80","TEXTSTRING":"80","TEXT_SIZE":5.0,"TEXT_ANGLE":18.463986499406332},"geometry":{"type":"Point","coordinates":[615958.5550182,9762407.1409194,159.0]}},
{"type":"Feature","properties":{"Contents":"85","TEXTSTRING":"85","TEXT_SIZE":5.0,"TEXT_ANGLE":4.3056298998450648},"geometry":{"type":"Point","coordinates":[615946.4212944,9762420.0159259,159.0]}},
{"type":"Feature","properties":{"Contents":"90","TEXTSTRING":"90","TEXT_SIZE":5.0,"TEXT_ANGLE":9.5018447616197488},"geometry":{"type":"Point","coordinates":[615945.7750554,9762434.4064571,159.0]}},
{"type":"Feature","properties":{"Contents":"95","TEXTSTRING":"95","TEXT_SIZE":5.0,"TEXT_ANGLE":9.5018447616197488},"geometry":{"type":"Point","coordinates":[615939.0050417,9762462.0047837,159.0]}},
{"type":"Feature","properties":{"Contents":"50","TEXTSTRING":"50","TEXT_SIZE":5.0,"TEXT_ANGLE":356.20594797594941},"geometry":{"type":"Point","coordinates":[616162.8384567,9763896.5211193,39.0]}},
{"type":"Feature","properties":{"Contents":"65","TEXTSTRING":"65","TEXT_SIZE":5.0,"TEXT_ANGLE":18.621323267283749},"geometry":{"type":"Point","coordinates":[615744.6324598,9763373.3445726,38.0]}},
{"type":"Feature","properties":{"Contents":"65","TEXTSTRING":"65","TEXT_SIZE":5.0,"TEXT_ANGLE":18.621323267283749},"geometry":{"type":"Point","coordinates":[615817.1056059,9763235.2425577,39.0]}},
{"type":"Feature","properties":{"Contents":"70","TEXTSTRING":"70","TEXT_SIZE":5.0,"TEXT_ANGLE":18.621323267283749},"geometry":{"type":"Point","coordinates":[615772.2146848,9763280.5360743,39.0]}},
{"type":"Feature","properties":{"Contents":"55","TEXTSTRING":"55","TEXT_SIZE":5.0,"TEXT_ANGLE":73.471026729881203},"geometry":{"type":"Point","coordinates":[615863.054681,9763444.7597489,39.0]}},
{"type":"Feature","properties":{"Contents":"75","TEXTSTRING":"75","TEXT_SIZE":5.0,"TEXT_ANGLE":356.20594797594941},"geometry":{"type":"Point","coordinates":[616005.6400049,9763931.3611471,39.0]}},
{"type":"Feature","properties":{"Contents":"70","TEXTSTRING":"70","TEXT_SIZE":5.0,"TEXT_ANGLE":356.20594797594941},"geometry":{"type":"Point","coordinates":[616064.9484567,9763939.5311193,39.0]}},
{"type":"Feature","properties":{"Contents":"65","TEXTSTRING":"65","TEXT_SIZE":5.0,"TEXT_ANGLE":356.20594797594941},"geometry":{"type":"Point","coordinates":[616099.0899766,9763940.3721295,39.0]}},
{"type":"Feature","properties":{"Contents":"60","TEXTSTRING":"60","TEXT_SIZE":5.0,"TEXT_ANGLE":356.20594797594941},"geometry":{"type":"Point","coordinates":[616124.8915102,9763923.1567572,39.0]}},
{"type":"Feature","properties":{"Contents":"55","TEXTSTRING":"55","TEXT_SIZE":5.0,"TEXT_ANGLE":356.20594797594941},"geometry":{"type":"Point","coordinates":[616144.9984567,9763908.3311193,39.0]}},
{"type":"Feature","properties":{"Contents":"45","TEXTSTRING":"45","TEXT_SIZE":5.0,"TEXT_ANGLE":356.20594797594941},"geometry":{"type":"Point","coordinates":[616175.2284567,9763883.3711193,39.0]}},
{"type":"Feature","properties":{"Contents":"35","TEXTSTRING":"35","TEXT_SIZE":5.0,"TEXT_ANGLE":356.20594797594941},"geometry":{"type":"Point","coordinates":[616200.1525636,9763866.1825928,39.0]}},
{"type":"Feature","properties":{"Contents":"50","TEXTSTRING":"50","TEXT_SIZE":5.0,"TEXT_ANGLE":356.20594797594941},"geometry":{"type":"Point","coordinates":[616273.732994,9763919.1556308,39.0]}},
{"type":"Feature","properties":{"Contents":"45","TEXTSTRING":"45","TEXT_SIZE":5.0,"TEXT_ANGLE":356.20594797594941},"geometry":{"type":"Point","coordinates":[616273.1153793,9763894.9570606,39.0]}},
{"type":"Feature","properties":{"Contents":"40","TEXTSTRING":"40","TEXT_SIZE":5.0,"TEXT_ANGLE":356.20594797594941},"geometry":{"type":"Point","coordinates":[616272.922973,9763871.7290767,39.0]}},
{"type":"Feature","properties":{"Contents":"70","TEXTSTRING":"70","TEXT_SIZE":5.0,"TEXT_ANGLE":356.20594797594941},"geometry":{"type":"Point","coordinates":[616877.1506033,9764221.9340652,-2.0]}},
{"type":"Feature","properties":{"Contents":"65","TEXTSTRING":"65","TEXT_SIZE":5.0,"TEXT_ANGLE":356.20594797594941},"geometry":{"type":"Point","coordinates":[616880.3584567,9764205.5211193,39.0]}},
{"type":"Feature","properties":{"Contents":"60","TEXTSTRING":"60","TEXT_SIZE":5.0,"TEXT_ANGLE":356.20594797594941},"geometry":{"type":"Point","coordinates":[616879.2858623,9764186.7443258,39.0]}},
{"type":"Feature","properties":{"Contents":"50","TEXTSTRING":"50","TEXT_SIZE":5.0,"TEXT_ANGLE":356.20594797594941},"geometry":{"type":"Point","coordinates":[616876.9851926,9764157.8088083,39.0]}},
{"type":"Feature","properties":{"Contents":"55","TEXTSTRING":"55","TEXT_SIZE":5.0,"TEXT_ANGLE":356.20594797594941},"geometry":{"type":"Point","coordinates":[616878.5484567,9764171.5565671,39.0]}},
{"type":"Feature","properties":{"Contents":"45","TEXTSTRING":"45","TEXT_SIZE":5.0,"TEXT_ANGLE":356.20594797594941},"geometry":{"type":"Point","coordinates":[616876.3984567,9764145.9111193,39.0]}},
{"type":"Feature","properties":{"Contents":"40","TEXTSTRING":"40","TEXT_SIZE":5.0,"TEXT_ANGLE":356.20594797594941},"geometry":{"type":"Point","coordinates":[616877.1084567,9764133.8911193,39.0]}},
{"type":"Feature","properties":{"Contents":"35","TEXTSTRING":"35","TEXT_SIZE":5.0,"TEXT_ANGLE":356.20594797594941},"geometry":{"type":"Point","coordinates":[616876.888234,9764122.5974351,39.0]}},
{"type":"Feature","properties":{"Contents":"30","TEXTSTRING":"30","TEXT_SIZE":5.0,"TEXT_ANGLE":356.20594797594941},"geometry":{"type":"Point","coordinates":[616886.3884567,9764102.9191015,39.0]}},
{"type":"Feature","properties":{"Contents":"25","TEXTSTRING":"25","TEXT_SIZE":5.0,"TEXT_ANGLE":4.0173738007749176},"geometry":{"type":"Point","coordinates":[616998.8223263,9764012.5960773,39.0]}},
{"type":"Feature","properties":{"Contents":"30","TEXTSTRING":"30","TEXT_SIZE":5.0,"TEXT_ANGLE":356.20594797594941},"geometry":{"type":"Point","coordinates":[616888.2980881,9764081.6071881,39.0]}},
{"type":"Feature","properties":{"Contents":"35","TEXTSTRING":"35","TEXT_SIZE":5.0,"TEXT_ANGLE":356.20594797594941},"geometry":{"type":"Point","coordinates":[616847.9233188,9764058.0251511,39.0]}},
{"type":"Feature","properties":{"Contents":"40","TEXTSTRING":"40","TEXT_SIZE":5.0,"TEXT_ANGLE":356.20594797594941},"geometry":{"type":"Point","coordinates":[616877.1084567,9764061.3679222,39.0]}},
{"type":"Feature","properties":{"Contents":"35","TEXTSTRING":"35","TEXT_SIZE":5.0,"TEXT_ANGLE":356.20594797594941},"geometry":{"type":"Point","coordinates":[616579.3751274,9764156.7707422,39.0]}},
{"type":"Feature","properties":{"Contents":"45","TEXTSTRING":"45","TEXT_SIZE":5.0,"TEXT_ANGLE":356.20594797594941},"geometry":{"type":"Point","coordinates":[616606.6334842,9764134.4489173,39.0]}},
{"type":"Feature","properties":{"Contents":"50","TEXTSTRING":"50","TEXT_SIZE":5.0,"TEXT_ANGLE":356.20594797594941},"geometry":{"type":"Point","coordinates":[616606.3577521,9764119.2649413,39.0]}},
{"type":"Feature","properties":{"Contents":"55","TEXTSTRING":"55","TEXT_SIZE":5.0,"TEXT_ANGLE":356.20594797594941},"geometry":{"type":"Point","coordinates":[616597.2399612,9764099.9396863,39.0]}},
{"type":"Feature","properties":{"Contents":"50","TEXTSTRING":"50","TEXT_SIZE":5.0,"TEXT_ANGLE":356.20594797594941},"geometry":{"type":"Point","coordinates":[616387.4059462,9764055.9475578,39.0]}},
{"type":"Feature","properties":{"Contents":"65","TEXTSTRING":"65","TEXT_SIZE":5.0,"TEXT_ANGLE":356.20594797594941},"geometry":{"type":"Point","coordinates":[616306.5512248,9764000.5917858,39.0]}},
{"type":"Feature","properties":{"Contents":"60","TEXTSTRING":"60","TEXT_SIZE":5.0,"TEXT_ANGLE":356.20594797594941},"geometry":{"type":"Point","coordinates":[616306.8890854,9763974.2297824,39.0]}},
{"type":"Feature","properties":{"Contents":"55","TEXTSTRING":"55","TEXT_SIZE":5.0,"TEXT_ANGLE":356.20594797594941},"geometry":{"type":"Point","coordinates":[616294.4986881,9763953.360212,39.0]}},
{"type":"Feature","properties":{"Contents":"50","TEXTSTRING":"50","TEXT_SIZE":5.0,"TEXT_ANGLE":356.20594797594941},"geometry":{"type":"Point","coordinates":[616237.718797,9763977.7607259,39.0]}},
{"type":"Feature","properties":{"Contents":"40","TEXTSTRING":"40","TEXT_SIZE":5.0,"TEXT_ANGLE":356.20594797594941},"geometry":{"type":"Point","coordinates":[616184.5042486,9763869.1647147,39.0]}},
{"type":"Feature","properties":{"Contents":"45","TEXTSTRING":"45","TEXT_SIZE":5.0,"TEXT_ANGLE":356.20594797594941},"geometry":{"type":"Point","coordinates":[616811.1279838,9763956.3043866,39.0]}},
{"type":"Feature","properties":{"Contents":"60","TEXTSTRING":"60","TEXT_SIZE":5.0,"TEXT_ANGLE":18.621323267283749},"geometry":{"type":"Point","coordinates":[615900.5458113,9763230.2576666,39.0]}},
{"type":"Feature","properties":{"Contents":"65","TEXTSTRING":"65","TEXT_SIZE":5.0,"TEXT_ANGLE":18.621323267283749},"geometry":{"type":"Point","coordinates":[615888.3018682,9763255.6348337,39.0]}},
{"type":"Feature","properties":{"Contents":"70","TEXTSTRING":"70","TEXT_SIZE":5.0,"TEXT_ANGLE":356.20594797594941},"geometry":{"type":"Point","coordinates":[615999.5304512,9763909.1794128,39.0]}},
{"type":"Feature","properties":{"Contents":"80","TEXTSTRING":"80","TEXT_SIZE":5.0,"TEXT_ANGLE":330.35027221614286},"geometry":{"type":"Point","coordinates":[615557.2457747,9762629.7535474,39.0]}},
{"type":"Feature","properties":{"Contents":"80","TEXTSTRING":"80","TEXT_SIZE":4.0,"TEXT_ANGLE":303.96245331040558},"geometry":{"type":"Point","coordinates":[615464.3929126,9762752.6111387,39.0]}},
{"type":"Feature","properties":{"Contents":"80","TEXTSTRING":"80","TEXT_SIZE":5.0,"TEXT_ANGLE":283.30308007376232},"geometry":{"type":"Point","coordinates":[615509.8803248,9762888.6372663,123.0]}},
{"type":"Feature","properties":{"Contents":"50.00","TEXTSTRING":"50.00","TEXT_SIZE":2.5,"TEXT_ANGLE":24.447575333412637},"geometry":{"type":"Point","coordinates":[616501.6349417,9763384.1110036,27.4550003]}},
{"type":"Feature","properties":{"Contents":"50.00","TEXTSTRING":"50.00","TEXT_SIZE":2.5,"TEXT_ANGLE":86.386989086054683},"geometry":{"type":"Point","coordinates":[616488.3180268,9763414.6810364,27.4550003]}},
{"type":"Feature","properties":{"Contents":"45.00","TEXTSTRING":"45.00","TEXT_SIZE":2.5,"TEXT_ANGLE":29.53263547226739},"geometry":{"type":"Point","coordinates":[616508.3936534,9763368.5958457,22.4550003]}},
{"type":"Feature","properties":{"Contents":"45.00","TEXTSTRING":"45.00","TEXT_SIZE":2.5,"TEXT_ANGLE":7.1835688683642296},"geometry":{"type":"Point","coordinates":[616482.8622609,9763427.205179,22.4550003]}},
{"type":"Feature","properties":{"Contents":"45.00","TEXTSTRING":"45.00","TEXT_SIZE":2.5,"TEXT_ANGLE":86.387513491993289},"geometry":{"type":"Point","coordinates":[616409.9576396,9763594.5635107,22.4550003]}},
{"type":"Feature","properties":{"Contents":"40.00","TEXTSTRING":"40.00","TEXT_SIZE":2.5,"TEXT_ANGLE":359.19071116070609},"geometry":{"type":"Point","coordinates":[616477.119319,9763440.3885569,17.4550003]}},
{"type":"Feature","properties":{"Contents":"40.00","TEXTSTRING":"40.00","TEXT_SIZE":2.5,"TEXT_ANGLE":358.59822916304887},"geometry":{"type":"Point","coordinates":[616440.3005665,9763524.908919,17.4550003]}},
{"type":"Feature","properties":{"Contents":"35.00","TEXTSTRING":"35.00","TEXT_SIZE":2.5,"TEXT_ANGLE":86.386456200323593},"geometry":{"type":"Point","coordinates":[616567.9426586,9763231.8963884,12.4550003]}},
{"type":"Feature","properties":{"Contents":"35.00","TEXTSTRING":"35.00","TEXT_SIZE":2.5,"TEXT_ANGLE":86.386453368623194},"geometry":{"type":"Point","coordinates":[616568.365768,9763230.9251071,12.4550003]}},
{"type":"Feature","properties":{"Contents":"40.00","TEXTSTRING":"40.00","TEXT_SIZE":2.5,"TEXT_ANGLE":27.260693191693733},"geometry":{"type":"Point","coordinates":[616575.6334469,9763214.2415746,17.4550003]}},
{"type":"Feature","properties":{"Contents":"45.00","TEXTSTRING":"45.00","TEXT_SIZE":2.5,"TEXT_ANGLE":86.386359862506325},"geometry":{"type":"Point","coordinates":[616582.3372999,9763198.8523492,22.4550003]}},
{"type":"Feature","properties":{"Contents":"50.00","TEXTSTRING":"50.00","TEXT_SIZE":2.5,"TEXT_ANGLE":40.519850679224803},"geometry":{"type":"Point","coordinates":[616589.0892682,9763183.3526712,27.4550003]}},
{"type":"Feature","properties":{"Contents":"55.00","TEXTSTRING":"55.00","TEXT_SIZE":2.5,"TEXT_ANGLE":86.385849802051439},"geometry":{"type":"Point","coordinates":[616658.5481381,9763023.9043347,32.4550003]}},
{"type":"Feature","properties":{"Contents":"55.00","TEXTSTRING":"55.00","TEXT_SIZE":2.5,"TEXT_ANGLE":86.385849688910454},"geometry":{"type":"Point","coordinates":[616658.5650428,9763023.8655286,32.4550003]}},
{"type":"Feature","properties":{"Contents":"55.00","TEXTSTRING":"55.00","TEXT_SIZE":2.5,"TEXT_ANGLE":86.386269485260129},"geometry":{"type":"Point","coordinates":[616595.8412365,9763167.8529933,32.4550003]}},
{"type":"Feature","properties":{"Contents":"45.00","TEXTSTRING":"45.00","TEXT_SIZE":2.5,"TEXT_ANGLE":86.389515825444803},"geometry":{"type":"Point","coordinates":[616037.5496047,9763121.6943911,22.4550003]}},
{"type":"Feature","properties":{"Contents":"50.00","TEXTSTRING":"50.00","TEXT_SIZE":2.5,"TEXT_ANGLE":28.789665204398716},"geometry":{"type":"Point","coordinates":[616372.0245318,9763039.6756988,27.4550003]}},
{"type":"Feature","properties":{"Contents":"50.00","TEXTSTRING":"50.00","TEXT_SIZE":2.5,"TEXT_ANGLE":86.3893978134805},"geometry":{"type":"Point","coordinates":[616057.431121,9763116.8191199,27.4550003]}},
{"type":"Feature","properties":{"Contents":"55.00","TEXTSTRING":"55.00","TEXT_SIZE":2.5,"TEXT_ANGLE":86.389288412946996},"geometry":{"type":"Point","coordinates":[616075.8618534,9763112.2996046,32.4550003]}},
{"type":"Feature","properties":{"Contents":"55.00","TEXTSTRING":"55.00","TEXT_SIZE":2.5,"TEXT_ANGLE":26.363004197764759},"geometry":{"type":"Point","coordinates":[616332.7486013,9763049.3067958,32.4550003]}},
{"type":"Feature","properties":{"Contents":"60.00","TEXTSTRING":"60.00","TEXT_SIZE":2.5,"TEXT_ANGLE":86.389188398787766},"geometry":{"type":"Point","coordinates":[616092.7112502,9763108.1678584,37.4550003]}},
{"type":"Feature","properties":{"Contents":"60.00","TEXTSTRING":"60.00","TEXT_SIZE":2.5,"TEXT_ANGLE":86.38823036957271},"geometry":{"type":"Point","coordinates":[616255.0947647,9763068.3487795,37.4550003]}},
{"type":"Feature","properties":{"Contents":"65.00","TEXTSTRING":"65.00","TEXT_SIZE":2.5,"TEXT_ANGLE":86.388971758447951},"geometry":{"type":"Point","coordinates":[616130.1933976,9763098.9766262,42.4550003]}},
{"type":"Feature","properties":{"Contents":"45.00","TEXTSTRING":"45.00","TEXT_SIZE":2.5,"TEXT_ANGLE":86.387387016354566},"geometry":{"type":"Point","coordinates":[616396.1885485,9763033.7502889,22.4550003]}},
{"type":"Feature","properties":{"Contents":"40.00","TEXTSTRING":"40.00","TEXT_SIZE":2.5,"TEXT_ANGLE":39.779197535584103},"geometry":{"type":"Point","coordinates":[616830.182184,9762927.3279907,17.4550003]}},
{"type":"Feature","properties":{"Contents":"40.00","TEXTSTRING":"40.00","TEXT_SIZE":2.5,"TEXT_ANGLE":88.909265301717241},"geometry":{"type":"Point","coordinates":[616811.8642844,9762931.8198377,17.4550003]}},
{"type":"Feature","properties":{"Contents":"40.00","TEXTSTRING":"40.00","TEXT_SIZE":2.5,"TEXT_ANGLE":86.386713701251438},"geometry":{"type":"Point","coordinates":[616510.6052186,9763005.6934605,17.4550003]}},
{"type":"Feature","properties":{"Contents":"40.00","TEXTSTRING":"40.00","TEXT_SIZE":2.5,"TEXT_ANGLE":80.712996530027041},"geometry":{"type":"Point","coordinates":[616428.6206364,9763025.7974135,17.4550003]}},
{"type":"Feature","properties":{"Contents":"35.00","TEXTSTRING":"35.00","TEXT_SIZE":2.5,"TEXT_ANGLE":287.3516758682843},"geometry":{"type":"Point","coordinates":[616495.4888146,9763009.4002486,12.4550003]}},
{"type":"Feature","properties":{"Contents":"45.00","TEXTSTRING":"45.00","TEXT_SIZE":2.5,"TEXT_ANGLE":86.384679446923158},"geometry":{"type":"Point","coordinates":[616853.308672,9762921.6569997,22.4550003]}},
{"type":"Feature","properties":{"Contents":"45.00","TEXTSTRING":"45.00","TEXT_SIZE":2.5,"TEXT_ANGLE":86.384727673113133},"geometry":{"type":"Point","coordinates":[616845.184231,9762923.6492448,22.4550003]}},
{"type":"Feature","properties":{"Contents":"45.00","TEXTSTRING":"45.00","TEXT_SIZE":2.5,"TEXT_ANGLE":85.04411713250569},"geometry":{"type":"Point","coordinates":[616780.2565515,9762939.5705679,22.4550003]}},
{"type":"Feature","properties":{"Contents":"45.00","TEXTSTRING":"45.00","TEXT_SIZE":2.5,"TEXT_ANGLE":86.386452647855648},"geometry":{"type":"Point","coordinates":[616553.5994317,9762995.1505801,22.4550003]}},
{"type":"Feature","properties":{"Contents":"50.00","TEXTSTRING":"50.00","TEXT_SIZE":2.5,"TEXT_ANGLE":85.044117132505662},"geometry":{"type":"Point","coordinates":[616748.151924,9762947.4431447,27.4550003]}},
{"type":"Feature","properties":{"Contents":"50.00","TEXTSTRING":"50.00","TEXT_SIZE":2.5,"TEXT_ANGLE":284.39350368302217},"geometry":{"type":"Point","coordinates":[616594.7632384,9762985.0565452,27.4550003]}},
{"type":"Feature","properties":{"Contents":"55.00","TEXTSTRING":"55.00","TEXT_SIZE":2.5,"TEXT_ANGLE":280.73344866348248},"geometry":{"type":"Point","coordinates":[616696.3388038,9762960.1485645,32.4550003]}},
{"type":"Feature","properties":{"Contents":"55.00","TEXTSTRING":"55.00","TEXT_SIZE":2.5,"TEXT_ANGLE":272.38664574106662},"geometry":{"type":"Point","coordinates":[616707.2236549,9762957.479422,32.4550003]}},
{"type":"Feature","properties":{"Contents":"45.00","TEXTSTRING":"45.00","TEXT_SIZE":2.5,"TEXT_ANGLE":86.387040149866195},"geometry":{"type":"Point","coordinates":[616466.0882412,9763200.9773546,22.4550003]}},
{"type":"Feature","properties":{"Contents":"40.00","TEXTSTRING":"40.00","TEXT_SIZE":2.5,"TEXT_ANGLE":89.958978349915824},"geometry":{"type":"Point","coordinates":[616538.908943,9763151.4441661,17.4550003]}},
{"type":"Feature","properties":{"Contents":"40.00","TEXTSTRING":"40.00","TEXT_SIZE":2.5,"TEXT_ANGLE":277.48061076532491},"geometry":{"type":"Point","coordinates":[616485.9780173,9763187.4481795,17.4550003]}},
{"type":"Feature","properties":{"Contents":"35.00","TEXTSTRING":"35.00","TEXT_SIZE":2.5,"TEXT_ANGLE":86.386665773705161},"geometry":{"type":"Point","coordinates":[616527.4985132,9763159.2056262,12.4550003]}},
{"type":"Feature","properties":{"Contents":"45.00","TEXTSTRING":"45.00","TEXT_SIZE":2.5,"TEXT_ANGLE":86.386504575653845},"geometry":{"type":"Point","coordinates":[616553.9402648,9763141.2197482,22.4550003]}},
{"type":"Feature","properties":{"Contents":"50.00","TEXTSTRING":"50.00","TEXT_SIZE":2.5,"TEXT_ANGLE":271.90826474538466},"geometry":{"type":"Point","coordinates":[616568.1546118,9763131.5510425,27.4550003]}},
{"type":"Feature","properties":{"Contents":"55.00","TEXTSTRING":"55.00","TEXT_SIZE":2.5,"TEXT_ANGLE":86.386332243724254},"geometry":{"type":"Point","coordinates":[616582.2082391,9763121.9916597,32.4550003]}},
{"type":"Feature","properties":{"Contents":"55.00","TEXTSTRING":"55.00","TEXT_SIZE":2.5,"TEXT_ANGLE":345.59560706485462},"geometry":{"type":"Point","coordinates":[616599.2166571,9763110.4224059,32.4550003]}},
{"type":"Feature","properties":{"Contents":"55.00","TEXTSTRING":"55.00","TEXT_SIZE":2.5,"TEXT_ANGLE":86.386129689166893},"geometry":{"type":"Point","coordinates":[616616.3923762,9763098.7393528,32.4550003]}},
{"type":"Feature","properties":{"Contents":"40.00","TEXTSTRING":"40.00","TEXT_SIZE":2.5,"TEXT_ANGLE":33.488741542936978},"geometry":{"type":"Point","coordinates":[616441.7624247,9763128.3065984,17.4550003]}},
{"type":"Feature","properties":{"Contents":"45.00","TEXTSTRING":"45.00","TEXT_SIZE":2.5,"TEXT_ANGLE":33.488741542936978},"geometry":{"type":"Point","coordinates":[616429.0736014,9763140.8852854,22.4550003]}},
{"type":"Feature","properties":{"Contents":"50.00","TEXTSTRING":"50.00","TEXT_SIZE":2.5,"TEXT_ANGLE":86.387318988951023},"geometry":{"type":"Point","coordinates":[616416.384778,9763153.4639724,27.4550003]}},
{"type":"Feature","properties":{"Contents":"55.00","TEXTSTRING":"55.00","TEXT_SIZE":2.5,"TEXT_ANGLE":86.387391955383706},"geometry":{"type":"Point","coordinates":[616403.6959546,9763166.0426594,32.4550003]}},
{"type":"Feature","properties":{"Contents":"60.00","TEXTSTRING":"60.00","TEXT_SIZE":2.5,"TEXT_ANGLE":33.488741542936978},"geometry":{"type":"Point","coordinates":[616391.0071312,9763178.6213464,37.4550003]}},
{"type":"Feature","properties":{"Contents":"65.00","TEXTSTRING":"65.00","TEXT_SIZE":2.5,"TEXT_ANGLE":33.488741542446263},"geometry":{"type":"Point","coordinates":[616378.3183078,9763191.2000334,42.4550003]}},
{"type":"Feature","properties":{"Contents":"70.00","TEXTSTRING":"70.00","TEXT_SIZE":2.5,"TEXT_ANGLE":86.387628389355797},"geometry":{"type":"Point","coordinates":[616365.6294844,9763203.7787204,47.4550003]}},
{"type":"Feature","properties":{"Contents":"75.00","TEXTSTRING":"75.00","TEXT_SIZE":2.5,"TEXT_ANGLE":275.23778553316828},"geometry":{"type":"Point","coordinates":[616352.9406611,9763216.3574074,52.4550003]}},
{"type":"Feature","properties":{"Contents":"65.00","TEXTSTRING":"65.00","TEXT_SIZE":2.5,"TEXT_ANGLE":345.72294539550069},"geometry":{"type":"Point","coordinates":[616336.2407267,9763492.0199903,42.4550003]}},
{"type":"Feature","properties":{"Contents":"60.00","TEXTSTRING":"60.00","TEXT_SIZE":2.5,"TEXT_ANGLE":86.387830302098237},"geometry":{"type":"Point","coordinates":[616349.8051709,9763500.2998636,37.4550003]}},
{"type":"Feature","properties":{"Contents":"55.00","TEXTSTRING":"55.00","TEXT_SIZE":2.5,"TEXT_ANGLE":295.78596745812888},"geometry":{"type":"Point","coordinates":[616365.0615598,9763509.612517,32.4550003]}},
{"type":"Feature","properties":{"Contents":"50.00","TEXTSTRING":"50.00","TEXT_SIZE":2.5,"TEXT_ANGLE":86.387657473373466},"geometry":{"type":"Point","coordinates":[616380.5585771,9763519.0720524,27.4550003]}},
{"type":"Feature","properties":{"Contents":"45.00","TEXTSTRING":"45.00","TEXT_SIZE":2.5,"TEXT_ANGLE":86.387469316877642},"geometry":{"type":"Point","coordinates":[616414.0395779,9763539.5091924,22.4550003]}},
{"type":"Feature","properties":{"Contents":"45.00","TEXTSTRING":"45.00","TEXT_SIZE":2.5,"TEXT_ANGLE":277.15269195159976},"geometry":{"type":"Point","coordinates":[616402.6787941,9763532.5744556,22.4550003]}},
{"type":"Feature","properties":{"Contents":"45.00","TEXTSTRING":"45.00","TEXT_SIZE":2.5,"TEXT_ANGLE":339.46334396852529},"geometry":{"type":"Point","coordinates":[616396.4618305,9763528.7795584,22.4550003]}},
{"type":"Feature","properties":{"Contents":"40.00","TEXTSTRING":"40.00","TEXT_SIZE":2.5,"TEXT_ANGLE":272.59516935217187},"geometry":{"type":"Point","coordinates":[616445.0545972,9763558.4410725,17.4550003]}},
{"type":"Feature","properties":{"Contents":"50.00","TEXTSTRING":"50.00","TEXT_SIZE":2.5,"TEXT_ANGLE":286.42851123210085},"geometry":{"type":"Point","coordinates":[616982.6973876,9763255.8327922,27.4550003]}},
{"type":"Feature","properties":{"Contents":"50.00","TEXTSTRING":"50.00","TEXT_SIZE":2.5,"TEXT_ANGLE":37.326891104801369},"geometry":{"type":"Point","coordinates":[616887.4453073,9763289.5751511,27.4550003]}},
{"type":"Feature","properties":{"Contents":"45.00","TEXTSTRING":"45.00","TEXT_SIZE":2.5,"TEXT_ANGLE":86.384746122205755},"geometry":{"type":"Point","coordinates":[616865.6360874,9763297.3009091,22.4550003]}},
{"type":"Feature","properties":{"Contents":"40.00","TEXTSTRING":"40.00","TEXT_SIZE":2.5,"TEXT_ANGLE":86.38481608145409},"geometry":{"type":"Point","coordinates":[616853.9293339,9763301.4479416,17.4550003]}},
{"type":"Feature","properties":{"Contents":"35.00","TEXTSTRING":"35.00","TEXT_SIZE":2.5,"TEXT_ANGLE":347.30687089667987},"geometry":{"type":"Point","coordinates":[616838.8931131,9763306.7744138,12.4550003]}},
{"type":"Feature","properties":{"Contents":"30.00","TEXTSTRING":"30.00","TEXT_SIZE":2.5,"TEXT_ANGLE":86.385410540001175},"geometry":{"type":"Point","coordinates":[616753.4761305,9763337.0327607,7.4550003]}},
{"type":"Feature","properties":{"Contents":"45.00","TEXTSTRING":"45.00","TEXT_SIZE":2.5,"TEXT_ANGLE":273.53524563106299},"geometry":{"type":"Point","coordinates":[616880.4165561,9763497.7270497,22.4550003]}},
{"type":"Feature","properties":{"Contents":"50.00","TEXTSTRING":"50.00","TEXT_SIZE":2.5,"TEXT_ANGLE":86.384948214912313},"geometry":{"type":"Point","coordinates":[616844.3393725,9763507.4628509,27.4550003]}},
{"type":"Feature","properties":{"Contents":"50.00","TEXTSTRING":"50.00","TEXT_SIZE":2.5,"TEXT_ANGLE":359.89337038330268},"geometry":{"type":"Point","coordinates":[616792.3074538,9763521.5042026,27.4550003]}},
{"type":"Feature","properties":{"Contents":"50.00","TEXTSTRING":"50.00","TEXT_SIZE":2.5,"TEXT_ANGLE":86.385293009357781},"geometry":{"type":"Point","coordinates":[616785.3555733,9763523.3802394,27.4550003]}},
{"type":"Feature","properties":{"Contents":"35.00","TEXTSTRING":"35.00","TEXT_SIZE":2.5,"TEXT_ANGLE":291.80727107196873},"geometry":{"type":"Point","coordinates":[616782.5120069,9763682.7076315,12.4550003]}},
{"type":"Feature","properties":{"Contents":"35.00","TEXTSTRING":"35.00","TEXT_SIZE":2.5,"TEXT_ANGLE":86.386465785328127},"geometry":{"type":"Point","coordinates":[616589.2313762,9763579.1313726,12.4550003]}},
{"type":"Feature","properties":{"Contents":"40.00","TEXTSTRING":"40.00","TEXT_SIZE":2.5,"TEXT_ANGLE":291.80727107444585},"geometry":{"type":"Point","coordinates":[616765.8443845,9763673.7756968,17.4550003]}},
{"type":"Feature","properties":{"Contents":"40.00","TEXTSTRING":"40.00","TEXT_SIZE":2.5,"TEXT_ANGLE":328.5199818723658},"geometry":{"type":"Point","coordinates":[616624.550206,9763598.0582161,17.4550003]}},
{"type":"Feature","properties":{"Contents":"45.00","TEXTSTRING":"45.00","TEXT_SIZE":2.5,"TEXT_ANGLE":86.38569367356186},"geometry":{"type":"Point","coordinates":[616724.922266,9763651.8461329,22.4550003]}},
{"type":"Feature","properties":{"Contents":"45.00","TEXTSTRING":"45.00","TEXT_SIZE":2.5,"TEXT_ANGLE":272.02809307221395},"geometry":{"type":"Point","coordinates":[616686.8299908,9763631.4330406,22.4550003]}},
{"type":"Feature","properties":{"Contents":"50.00","TEXTSTRING":"50.00","TEXT_SIZE":2.5,"TEXT_ANGLE":86.385733106197321},"geometry":{"type":"Point","coordinates":[616718.9744958,9763648.6588099,27.4550003]}},
{"type":"Feature","properties":{"Contents":"50.00","TEXTSTRING":"50.00","TEXT_SIZE":2.5,"TEXT_ANGLE":272.0280930717696},"geometry":{"type":"Point","coordinates":[616699.6913459,9763638.3252523,27.4550003]}},
{"type":"Feature","properties":{"Contents":"40.00","TEXTSTRING":"40.00","TEXT_SIZE":2.5,"TEXT_ANGLE":86.387076680447009},"geometry":{"type":"Point","coordinates":[616490.2122258,9763666.1831714,17.4550003]}},
{"type":"Feature","properties":{"Contents":"40.00","TEXTSTRING":"40.00","TEXT_SIZE":2.5,"TEXT_ANGLE":86.387142293693273},"geometry":{"type":"Point","coordinates":[616480.0967619,9763683.7654744,17.4550003]}},
{"type":"Feature","properties":{"Contents":"35.00","TEXTSTRING":"35.00","TEXT_SIZE":2.5,"TEXT_ANGLE":86.386975103863691},"geometry":{"type":"Point","coordinates":[616504.970915,9763640.5301959,12.4550003]}},
{"type":"Feature","properties":{"Contents":"35.00","TEXTSTRING":"35.00","TEXT_SIZE":2.5,"TEXT_ANGLE":358.18410034852644},"geometry":{"type":"Point","coordinates":[616454.7911056,9763727.7507749,12.4550003]}},
{"type":"Feature","properties":{"Contents":"30.00","TEXTSTRING":"30.00","TEXT_SIZE":2.5,"TEXT_ANGLE":86.386551838737674},"geometry":{"type":"Point","coordinates":[616571.1247709,9763525.5441552,7.4550003]}},
{"type":"Feature","properties":{"Contents":"35.00","TEXTSTRING":"35.00","TEXT_SIZE":2.5,"TEXT_ANGLE":86.384218447336096},"geometry":{"type":"Point","coordinates":[616973.4474506,9763590.6273084,12.4550003]}},
{"type":"Feature","properties":{"Contents":"35.00","TEXTSTRING":"35.00","TEXT_SIZE":2.5,"TEXT_ANGLE":86.384167584819807},"geometry":{"type":"Point","coordinates":[616982.1158967,9763590.0973978,12.4550003]}},
{"type":"Feature","properties":{"Contents":"40.00","TEXTSTRING":"40.00","TEXT_SIZE":2.5,"TEXT_ANGLE":276.83059152110621},"geometry":{"type":"Point","coordinates":[616938.0543179,9763592.7909252,17.4550003]}},
{"type":"Feature","properties":{"Contents":"45.00","TEXTSTRING":"45.00","TEXT_SIZE":2.5,"TEXT_ANGLE":88.632690111871625},"geometry":{"type":"Point","coordinates":[616918.8798853,9763593.963077,22.4550003]}},
{"type":"Feature","properties":{"Contents":"45.00","TEXTSTRING":"45.00","TEXT_SIZE":2.5,"TEXT_ANGLE":86.384840522650634},"geometry":{"type":"Point","coordinates":[616868.4239537,9763597.0474974,22.4550003]}},
{"type":"Feature","properties":{"Contents":"45.00","TEXTSTRING":"45.00","TEXT_SIZE":2.5,"TEXT_ANGLE":287.49028177879637},"geometry":{"type":"Point","coordinates":[616860.7530744,9763597.5164257,22.4550003]}},
{"type":"Feature","properties":{"Contents":"60.00","TEXTSTRING":"60.00","TEXT_SIZE":2.5,"TEXT_ANGLE":8.6467251074746958},"geometry":{"type":"Point","coordinates":[616189.3828801,9762808.0430629,37.4550003]}},
{"type":"Feature","properties":{"Contents":"60.00","TEXTSTRING":"60.00","TEXT_SIZE":2.5,"TEXT_ANGLE":86.388570145461699},"geometry":{"type":"Point","coordinates":[616183.0564229,9762863.7912084,37.4550003]}},
{"type":"Feature","properties":{"Contents":"65.00","TEXTSTRING":"65.00","TEXT_SIZE":2.5,"TEXT_ANGLE":86.3886052854848},"geometry":{"type":"Point","coordinates":[616179.8359861,9762892.1693938,42.4550003]}},
{"type":"Feature","properties":{"Contents":"70.00","TEXTSTRING":"70.00","TEXT_SIZE":2.5,"TEXT_ANGLE":5.0974484939104681},"geometry":{"type":"Point","coordinates":[616177.9458521,9762908.8250764,47.4550003]}},
{"type":"Feature","properties":{"Contents":"75.00","TEXTSTRING":"75.00","TEXT_SIZE":2.5,"TEXT_ANGLE":5.0974484939104681},"geometry":{"type":"Point","coordinates":[616176.0557181,9762925.480759,52.4550003]}},
{"type":"Feature","properties":{"Contents":"80.00","TEXTSTRING":"80.00","TEXT_SIZE":2.5,"TEXT_ANGLE":86.38865102022713},"geometry":{"type":"Point","coordinates":[616174.1655841,9762942.1364416,57.4550003]}},
{"type":"Feature","properties":{"Contents":"85.00","TEXTSTRING":"85.00","TEXT_SIZE":2.5,"TEXT_ANGLE":313.8330112007265},"geometry":{"type":"Point","coordinates":[616171.5859763,9762964.867703,62.4550003]}},
{"type":"Feature","properties":{"Contents":"90.00","TEXTSTRING":"90.00","TEXT_SIZE":2.5,"TEXT_ANGLE":86.388726882935728},"geometry":{"type":"Point","coordinates":[616166.4682259,9763009.9648375,67.4550003]}},
{"type":"Feature","properties":{"Contents":"40.00","TEXTSTRING":"40.00","TEXT_SIZE":2.5,"TEXT_ANGLE":343.79473686232672},"geometry":{"type":"Point","coordinates":[616506.6715128,9762904.1273238,17.4550003]}},
{"type":"Feature","properties":{"Contents":"50.00","TEXTSTRING":"50.00","TEXT_SIZE":2.5,"TEXT_ANGLE":86.38703474198978},"geometry":{"type":"Point","coordinates":[616444.4209265,9762843.17203,27.4550003]}},
{"type":"Feature","properties":{"Contents":"55.00","TEXTSTRING":"55.00","TEXT_SIZE":2.5,"TEXT_ANGLE":86.387096891802145},"geometry":{"type":"Point","coordinates":[616434.1539889,9762833.118724,32.4550003]}},
{"type":"Feature","properties":{"Contents":"60.00","TEXTSTRING":"60.00","TEXT_SIZE":2.5,"TEXT_ANGLE":61.767247777615133},"geometry":{"type":"Point","coordinates":[616413.2568533,9762812.65641,37.4550003]}},
{"type":"Feature","properties":{"Contents":"65.00","TEXTSTRING":"65.00","TEXT_SIZE":2.5,"TEXT_ANGLE":271.30954922095515},"geometry":{"type":"Point","coordinates":[616403.0732126,9762802.6846676,42.4550003]}},
{"type":"Feature","properties":{"Contents":"70.00","TEXTSTRING":"70.00","TEXT_SIZE":2.5,"TEXT_ANGLE":86.387291712712681},"geometry":{"type":"Point","coordinates":[616397.5632334,9762797.2893384,47.4550003]}},
{"type":"Feature","properties":{"Contents":"75.00","TEXTSTRING":"75.00","TEXT_SIZE":2.5,"TEXT_ANGLE":82.357907460524217},"geometry":{"type":"Point","coordinates":[616390.8871177,9762790.7521375,52.4550003]}},
{"type":"Feature","properties":{"Contents":"80.00","TEXTSTRING":"80.00","TEXT_SIZE":2.5,"TEXT_ANGLE":86.387600157494475},"geometry":{"type":"Point","coordinates":[616343.9677256,9762784.1552648,57.4550003]}},
{"type":"Feature","properties":{"Contents":"80.00","TEXTSTRING":"80.00","TEXT_SIZE":2.5,"TEXT_ANGLE":86.387586444092605},"geometry":{"type":"Point","coordinates":[616346.6844389,9762790.0276318,57.4550003]}},
{"type":"Feature","properties":{"Contents":"80.00","TEXTSTRING":"80.00","TEXT_SIZE":2.5,"TEXT_ANGLE":86.387548002068641},"geometry":{"type":"Point","coordinates":[616354.3000695,9762806.4893533,57.4550003]}},
{"type":"Feature","properties":{"Contents":"85.00","TEXTSTRING":"85.00","TEXT_SIZE":2.5,"TEXT_ANGLE":324.38676737167037},"geometry":{"type":"Point","coordinates":[616457.324708,9762682.1655349,62.4550003]}},
{"type":"Feature","properties":{"Contents":"80.00","TEXTSTRING":"80.00","TEXT_SIZE":2.5,"TEXT_ANGLE":86.386880434013321},"geometry":{"type":"Point","coordinates":[616461.2855394,9762692.195516,57.4550003]}},
{"type":"Feature","properties":{"Contents":"75.00","TEXTSTRING":"75.00","TEXT_SIZE":2.5,"TEXT_ANGLE":296.29631995915986},"geometry":{"type":"Point","coordinates":[616465.1630095,9762702.0144022,52.4550003]}},
{"type":"Feature","properties":{"Contents":"70.00","TEXTSTRING":"70.00","TEXT_SIZE":2.5,"TEXT_ANGLE":84.996663843048054},"geometry":{"type":"Point","coordinates":[616479.8353761,9762739.1691172,47.4550003]}},
{"type":"Feature","properties":{"Contents":"65.00","TEXTSTRING":"65.00","TEXT_SIZE":2.5,"TEXT_ANGLE":350.14420893487375},"geometry":{"type":"Point","coordinates":[616498.5592543,9762786.5834422,42.4550003]}},
{"type":"Feature","properties":{"Contents":"60.00","TEXTSTRING":"60.00","TEXT_SIZE":2.5,"TEXT_ANGLE":354.23062691951122},"geometry":{"type":"Point","coordinates":[616502.6630824,9762796.9755327,37.4550003]}},
{"type":"Feature","properties":{"Contents":"55.00","TEXTSTRING":"55.00","TEXT_SIZE":2.5,"TEXT_ANGLE":86.386655176867265},"geometry":{"type":"Point","coordinates":[616507.1555048,9762808.3516576,32.4550003]}},
{"type":"Feature","properties":{"Contents":"50.00","TEXTSTRING":"50.00","TEXT_SIZE":2.5,"TEXT_ANGLE":86.386637479603991},"geometry":{"type":"Point","coordinates":[616511.9496632,9762820.4918658,27.4550003]}},
{"type":"Feature","properties":{"Contents":"45.00","TEXTSTRING":"45.00","TEXT_SIZE":2.5,"TEXT_ANGLE":348.54431144058111},"geometry":{"type":"Point","coordinates":[616517.4491554,9762834.4181853,22.4550003]}},
{"type":"Feature","properties":{"Contents":"55.00","TEXTSTRING":"55.00","TEXT_SIZE":2.5,"TEXT_ANGLE":86.386080819215366},"geometry":{"type":"Point","coordinates":[616598.3236804,9762680.2803902,32.4550003]}},
{"type":"Feature","properties":{"Contents":"50.00","TEXTSTRING":"50.00","TEXT_SIZE":2.5,"TEXT_ANGLE":86.385859597504947},"geometry":{"type":"Point","coordinates":[616640.9790428,9762756.446024,27.4550003]}},
{"type":"Feature","properties":{"Contents":"60.00","TEXTSTRING":"60.00","TEXT_SIZE":2.5,"TEXT_ANGLE":86.386118798918019},"geometry":{"type":"Point","coordinates":[616589.8734976,9762665.1917005,37.4550003]}},
{"type":"Feature","properties":{"Contents":"65.00","TEXTSTRING":"65.00","TEXT_SIZE":2.5,"TEXT_ANGLE":293.03230793504264},"geometry":{"type":"Point","coordinates":[616583.7714523,9762654.2958571,42.4550003]}},
{"type":"Feature","properties":{"Contents":"70.00","TEXTSTRING":"70.00","TEXT_SIZE":2.5,"TEXT_ANGLE":86.386204452206059},"geometry":{"type":"Point","coordinates":[616573.3582993,9762635.7020777,47.4550003]}},
{"type":"Feature","properties":{"Contents":"75.00","TEXTSTRING":"75.00","TEXT_SIZE":2.5,"TEXT_ANGLE":86.386232053504457},"geometry":{"type":"Point","coordinates":[616568.0363899,9762626.199249,52.4550003]}},
{"type":"Feature","properties":{"Contents":"80.00","TEXTSTRING":"80.00","TEXT_SIZE":2.5,"TEXT_ANGLE":86.38626314882481},"geometry":{"type":"Point","coordinates":[616563.167902,9762617.5060521,57.4550003]}},
{"type":"Feature","properties":{"Contents":"85.00","TEXTSTRING":"85.00","TEXT_SIZE":2.5,"TEXT_ANGLE":317.64602787860878},"geometry":{"type":"Point","coordinates":[616554.4036289,9762601.8565211,62.4550003]}},
{"type":"Feature","properties":{"Contents":"90.00","TEXTSTRING":"90.00","TEXT_SIZE":2.5,"TEXT_ANGLE":86.386367879228558},"geometry":{"type":"Point","coordinates":[616541.8474805,9762579.4361981,67.4550003]}},
{"type":"Feature","properties":{"Contents":"50.00","TEXTSTRING":"50.00","TEXT_SIZE":2.5,"TEXT_ANGLE":320.8982206093952},"geometry":{"type":"Point","coordinates":[616810.5688634,9762813.1398812,27.4550003]}},
{"type":"Feature","properties":{"Contents":"55.00","TEXTSTRING":"55.00","TEXT_SIZE":2.5,"TEXT_ANGLE":2.5909059920924089},"geometry":{"type":"Point","coordinates":[616793.9129848,9762792.9545792,32.4550003]}},
{"type":"Feature","properties":{"Contents":"60.00","TEXTSTRING":"60.00","TEXT_SIZE":2.5,"TEXT_ANGLE":318.31070273270115},"geometry":{"type":"Point","coordinates":[616778.8290684,9762774.6743424,37.4550003]}},
{"type":"Feature","properties":{"Contents":"65.00","TEXTSTRING":"65.00","TEXT_SIZE":2.5,"TEXT_ANGLE":86.384935999841204},"geometry":{"type":"Point","coordinates":[616795.0146742,9762709.4948983,42.4550003]}},
{"type":"Feature","properties":{"Contents":"60.00","TEXTSTRING":"60.00","TEXT_SIZE":2.5,"TEXT_ANGLE":299.98300404540697},"geometry":{"type":"Point","coordinates":[616763.1465334,9762707.7052817,37.4550003]}},
{"type":"Feature","properties":{"Contents":"55.00","TEXTSTRING":"55.00","TEXT_SIZE":2.5,"TEXT_ANGLE":86.385440523065981},"geometry":{"type":"Point","coordinates":[616708.3978551,9762704.6307646,32.4550003]}},
{"type":"Feature","properties":{"Contents":"45.00","TEXTSTRING":"45.00","TEXT_SIZE":2.5,"TEXT_ANGLE":86.38611239384872},"geometry":{"type":"Point","coordinates":[616595.6515086,9762739.3278708,22.4550003]}},
{"type":"Feature","properties":{"Contents":"75.00","TEXTSTRING":"75.00","TEXT_SIZE":2.5,"TEXT_ANGLE":86.385579358070615},"geometry":{"type":"Point","coordinates":[616674.1299338,9762538.1328127,52.4550003]}},
{"type":"Feature","properties":{"Contents":"75.00","TEXTSTRING":"75.00","TEXT_SIZE":2.5,"TEXT_ANGLE":86.385095954511613},"geometry":{"type":"Point","coordinates":[616759.3366586,9762577.8889064,52.4550003]}},
{"type":"Feature","properties":{"Contents":"70.00","TEXTSTRING":"70.00","TEXT_SIZE":2.5,"TEXT_ANGLE":86.385537626300518},"geometry":{"type":"Point","coordinates":[616681.4857185,9762541.5649041,47.4550003]}},
{"type":"Feature","properties":{"Contents":"70.00","TEXTSTRING":"70.00","TEXT_SIZE":2.5,"TEXT_ANGLE":277.39811419014688},"geometry":{"type":"Point","coordinates":[616748.6360715,9762572.8961837,47.4550003]}},
{"type":"Feature","properties":{"Contents":"65.00","TEXTSTRING":"65.00","TEXT_SIZE":2.5,"TEXT_ANGLE":306.7271168284629},"geometry":{"type":"Point","coordinates":[616694.8535039,9762547.8020987,42.4550003]}},
{"type":"Feature","properties":{"Contents":"65.00","TEXTSTRING":"65.00","TEXT_SIZE":2.5,"TEXT_ANGLE":86.385225383271035},"geometry":{"type":"Point","coordinates":[616736.5229295,9762567.2443856,42.4550003]}},
{"type":"Feature","properties":{"Contents":"80.00","TEXTSTRING":"80.00","TEXT_SIZE":2.5,"TEXT_ANGLE":86.385632629870969},"geometry":{"type":"Point","coordinates":[616664.7400724,9762533.7516537,57.4550003]}},
{"type":"Feature","properties":{"Contents":"85.00","TEXTSTRING":"85.00","TEXT_SIZE":2.5,"TEXT_ANGLE":324.32218550024612},"geometry":{"type":"Point","coordinates":[616656.2026767,9762529.7682415,62.4550003]}},
{"type":"Feature","properties":{"Contents":"70.00","TEXTSTRING":"70.00","TEXT_SIZE":2.5,"TEXT_ANGLE":41.533198157485771},"geometry":{"type":"Point","coordinates":[616983.3541934,9762516.8578,47.4550003]}},
{"type":"Feature","properties":{"Contents":"65.00","TEXTSTRING":"65.00","TEXT_SIZE":2.5,"TEXT_ANGLE":86.383895924725763},"geometry":{"type":"Point","coordinates":[616962.6868656,9762547.2188137,42.4550003]}},
{"type":"Feature","properties":{"Contents":"60.00","TEXTSTRING":"60.00","TEXT_SIZE":2.5,"TEXT_ANGLE":86.383961032574831},"geometry":{"type":"Point","coordinates":[616952.4950917,9762562.1908792,37.4550003]}},
{"type":"Feature","properties":{"Contents":"55.00","TEXTSTRING":"55.00","TEXT_SIZE":2.5,"TEXT_ANGLE":78.373329282617561},"geometry":{"type":"Point","coordinates":[616904.5341673,9762632.6471231,32.4550003]}},
{"type":"Feature","properties":{"Contents":"55.00","TEXTSTRING":"55.00","TEXT_SIZE":2.5,"TEXT_ANGLE":86.384042926879118},"geometry":{"type":"Point","coordinates":[616939.6755777,9762581.0231853,32.4550003]}},
{"type":"Feature","properties":{"Contents":"55.00","TEXTSTRING":"55.00","TEXT_SIZE":2.5,"TEXT_ANGLE":86.384042924889769},"geometry":{"type":"Point","coordinates":[616939.6758891,9762581.0227278,32.4550003]}},
{"type":"Feature","properties":{"Contents":"50.00","TEXTSTRING":"50.00","TEXT_SIZE":2.5,"TEXT_ANGLE":86.384186204958027},"geometry":{"type":"Point","coordinates":[616917.2470993,9762613.9713897,27.4550003]}},
{"type":"Feature","properties":{"Contents":"50.00","TEXTSTRING":"50.00","TEXT_SIZE":2.5,"TEXT_ANGLE":86.384125481474697},"geometry":{"type":"Point","coordinates":[616926.7526557,9762600.0074012,27.4550003]}},
{"type":"Feature","properties":{"Contents":"60.00","TEXTSTRING":"60.00","TEXT_SIZE":2.5,"TEXT_ANGLE":88.987990507609297},"geometry":{"type":"Point","coordinates":[616891.3843498,9762651.9646562,37.4550003]}},
{"type":"Feature","properties":{"Contents":"40.00","TEXTSTRING":"40.00","TEXT_SIZE":2.5,"TEXT_ANGLE":86.383167441291221},"geometry":{"type":"Point","coordinates":[617095.7308529,9762680.4712868,17.4550003]}},
{"type":"Feature","properties":{"Contents":"45.00","TEXTSTRING":"45.00","TEXT_SIZE":2.5,"TEXT_ANGLE":297.78745310604722},"geometry":{"type":"Point","coordinates":[617076.6548564,9762663.742962,22.4550003]}},
{"type":"Feature","properties":{"Contents":"50.00","TEXTSTRING":"50.00","TEXT_SIZE":2.5,"TEXT_ANGLE":86.383310928106866},"geometry":{"type":"Point","coordinates":[617069.7439022,9762657.6825349,27.4550003]}},
{"type":"Feature","properties":{"Contents":"55.00","TEXTSTRING":"55.00","TEXT_SIZE":2.5,"TEXT_ANGLE":66.74296042559584},"geometry":{"type":"Point","coordinates":[617045.1271236,9762636.0953287,32.4550003]}},
{"type":"Feature","properties":{"Contents":"60.00","TEXTSTRING":"60.00","TEXT_SIZE":2.5,"TEXT_ANGLE":293.48233091216991},"geometry":{"type":"Point","coordinates":[617037.1074003,9762629.0625881,37.4550003]}},
{"type":"Feature","properties":{"Contents":"45.00","TEXTSTRING":"45.00","TEXT_SIZE":2.5,"TEXT_ANGLE":330.55354145390322},"geometry":{"type":"Point","coordinates":[617165.0997295,9762791.3485357,22.4550003]}},
{"type":"Feature","properties":{"Contents":"40.00","TEXTSTRING":"40.00","TEXT_SIZE":2.5,"TEXT_ANGLE":86.383004523495643},"geometry":{"type":"Point","coordinates":[617128.925161,9762764.6899098,17.4550003]}},
{"type":"Feature","properties":{"Contents":"35.00","TEXTSTRING":"35.00","TEXT_SIZE":2.5,"TEXT_ANGLE":347.24034822449494},"geometry":{"type":"Point","coordinates":[616995.585042,9762905.4084501,12.4550003]}},
{"type":"Feature","properties":{"Contents":"35.00","TEXTSTRING":"35.00","TEXT_SIZE":2.5,"TEXT_ANGLE":285.64791789108028},"geometry":{"type":"Point","coordinates":[616992.0119748,9762902.1572509,12.4550003]}},
{"type":"Feature","properties":{"Contents":"45.00","TEXTSTRING":"45.00","TEXT_SIZE":2.5,"TEXT_ANGLE":86.383885263403599},"geometry":{"type":"Point","coordinates":[616996.0820144,9763046.7884919,22.4550003]}},
{"type":"Feature","properties":{"Contents":"40.00","TEXTSTRING":"40.00","TEXT_SIZE":2.5,"TEXT_ANGLE":86.384024923305759},"geometry":{"type":"Point","coordinates":[616970.9627754,9763011.5557718,17.4550003]}},
{"type":"Feature","properties":{"Contents":"35.00","TEXTSTRING":"35.00","TEXT_SIZE":2.5,"TEXT_ANGLE":312.00960079276024},"geometry":{"type":"Point","coordinates":[616949.2607217,9762981.1160605,12.4550003]}},
{"type":"Feature","properties":{"Contents":"45.00","TEXTSTRING":"45.00","TEXT_SIZE":2.5,"TEXT_ANGLE":86.383973994109738},"geometry":{"type":"Point","coordinates":[616988.3895076,9763165.2677802,22.4550003]}},
{"type":"Feature","properties":{"Contents":"40.00","TEXTSTRING":"40.00","TEXT_SIZE":2.5,"TEXT_ANGLE":86.384117468061618},"geometry":{"type":"Point","coordinates":[616963.0464567,9763152.6471235,17.4550003]}},
{"type":"Feature","properties":{"Contents":"35.00","TEXTSTRING":"35.00","TEXT_SIZE":2.5,"TEXT_ANGLE":86.384236278010206},"geometry":{"type":"Point","coordinates":[616942.0600787,9763142.1960586,12.4550003]}},
{"type":"Feature","properties":{"Contents":"35.00","TEXTSTRING":"35.00","TEXT_SIZE":2.5,"TEXT_ANGLE":86.384434928868998},"geometry":{"type":"Point","coordinates":[616906.9708569,9763124.7218791,12.4550003]}},
{"type":"Feature","properties":{"Contents":"35.00","TEXTSTRING":"35.00","TEXT_SIZE":2.5,"TEXT_ANGLE":86.384632469326576},"geometry":{"type":"Point","coordinates":[616870.7826709,9763086.8458904,12.4550003]}},
{"type":"Feature","properties":{"Contents":"35.00","TEXTSTRING":"35.00","TEXT_SIZE":2.5,"TEXT_ANGLE":62.003895161108559},"geometry":{"type":"Point","coordinates":[616851.0395054,9763083.9490777,12.4550003]}},
{"type":"Feature","properties":{"Contents":"65.00","TEXTSTRING":"65.00","TEXT_SIZE":2.5,"TEXT_ANGLE":3.5856940246090261},"geometry":{"type":"Point","coordinates":[616992.6901625,9762469.9449018,42.4550003]}},
{"type":"Feature","properties":{"Contents":"65.00","TEXTSTRING":"65.00","TEXT_SIZE":2.5,"TEXT_ANGLE":86.383954417705667},"geometry":{"type":"Point","coordinates":[616942.1455449,9762380.5151466,42.4550003]}},
{"type":"Feature","properties":{"Contents":"60.00","TEXTSTRING":"60.00","TEXT_SIZE":2.5,"TEXT_ANGLE":86.383901805184777},"geometry":{"type":"Point","coordinates":[616952.2788281,9762398.4441978,37.4550003]}},
{"type":"Feature","properties":{"Contents":"60.00","TEXTSTRING":"60.00","TEXT_SIZE":2.5,"TEXT_ANGLE":3.3083588454416062},"geometry":{"type":"Point","coordinates":[616982.3402968,9762451.6326462,37.4550003]}},
{"type":"Feature","properties":{"Contents":"55.00","TEXTSTRING":"55.00","TEXT_SIZE":2.5,"TEXT_ANGLE":5.6567402183308957},"geometry":{"type":"Point","coordinates":[616971.7465751,9762432.8889306,32.4550003]}},
{"type":"Feature","properties":{"Contents":"55.00","TEXTSTRING":"55.00","TEXT_SIZE":2.5,"TEXT_ANGLE":86.383855038530086},"geometry":{"type":"Point","coordinates":[616962.4121113,9762416.3732489,32.4550003]}},
{"type":"Feature","properties":{"Contents":"70.00","TEXTSTRING":"70.00","TEXT_SIZE":2.5,"TEXT_ANGLE":86.384008647584238},"geometry":{"type":"Point","coordinates":[616931.7007954,9762362.0350109,47.4550003]}},
{"type":"Feature","properties":{"Contents":"75.00","TEXTSTRING":"75.00","TEXT_SIZE":2.5,"TEXT_ANGLE":293.18751282618678},"geometry":{"type":"Point","coordinates":[616920.9848425,9762343.0750288,52.4550003]}},
{"type":"Feature","properties":{"Contents":"80.00","TEXTSTRING":"80.00","TEXT_SIZE":2.5,"TEXT_ANGLE":85.543738603120715},"geometry":{"type":"Point","coordinates":[616904.1558804,9762313.2991589,57.4550003]}},
{"type":"Feature","properties":{"Contents":"85.00","TEXTSTRING":"85.00","TEXT_SIZE":2.5,"TEXT_ANGLE":342.22550339322549},"geometry":{"type":"Point","coordinates":[616891.1788685,9762290.338633,62.4550003]}},
{"type":"Feature","properties":{"Contents":"95.00","TEXTSTRING":"95.00","TEXT_SIZE":2.5,"TEXT_ANGLE":86.386522449769771},"geometry":{"type":"Point","coordinates":[616495.1455136,9762258.6205282,72.4550003]}},
{"type":"Feature","properties":{"Contents":"90.00","TEXTSTRING":"90.00","TEXT_SIZE":2.5,"TEXT_ANGLE":28.261487440298076},"geometry":{"type":"Point","coordinates":[616483.5007163,9762270.8129703,67.4550003]}},
{"type":"Feature","properties":{"Contents":"85.00","TEXTSTRING":"85.00","TEXT_SIZE":2.5,"TEXT_ANGLE":86.386879450243072},"geometry":{"type":"Point","coordinates":[616437.8631067,9762318.5968777,62.4550003]}},
{"type":"Feature","properties":{"Contents":"85.00","TEXTSTRING":"85.00","TEXT_SIZE":2.5,"TEXT_ANGLE":86.386658268533282},"geometry":{"type":"Point","coordinates":[616473.3528311,9762281.4381019,62.4550003]}},
{"type":"Feature","properties":{"Contents":"80.00","TEXTSTRING":"80.00","TEXT_SIZE":2.5,"TEXT_ANGLE":86.386721513101975},"geometry":{"type":"Point","coordinates":[616463.2049459,9762292.0632335,57.4550003]}},
{"type":"Feature","properties":{"Contents":"80.00","TEXTSTRING":"80.00","TEXT_SIZE":2.5,"TEXT_ANGLE":86.386721263140714},"geometry":{"type":"Point","coordinates":[616463.2450534,9762292.0212398,57.4550003]}},
{"type":"Feature","properties":{"Contents":"80.00","TEXTSTRING":"80.00","TEXT_SIZE":2.5,"TEXT_ANGLE":86.386826843334006},"geometry":{"type":"Point","coordinates":[616446.3041744,9762309.7588339,57.4550003]}},
{"type":"Feature","properties":{"Contents":"90.00","TEXTSTRING":"90.00","TEXT_SIZE":2.5,"TEXT_ANGLE":86.386937287984338},"geometry":{"type":"Point","coordinates":[616429.5206936,9762327.3316275,67.4550003]}},
{"type":"Feature","properties":{"Contents":"95.00","TEXTSTRING":"95.00","TEXT_SIZE":2.5,"TEXT_ANGLE":86.386983434118847},"geometry":{"type":"Point","coordinates":[616421.1782804,9762336.0663773,72.4550003]}},
{"type":"Feature","properties":{"Contents":"35.00","TEXTSTRING":"35.00","TEXT_SIZE":2.5,"TEXT_ANGLE":86.386983999008109},"geometry":{"type":"Point","coordinates":[616482.1424376,9763303.0942237,12.4550003]}},
{"type":"Feature","properties":{"Contents":"40.00","TEXTSTRING":"40.00","TEXT_SIZE":2.5,"TEXT_ANGLE":86.387682382616717},"geometry":{"type":"Point","coordinates":[616365.1925586,9763343.1756831,17.4550003]}},
{"type":"Feature","properties":{"Contents":"40.00","TEXTSTRING":"40.00","TEXT_SIZE":2.5,"TEXT_ANGLE":86.387946367267986},"geometry":{"type":"Point","coordinates":[616323.052672,9763391.0647223,17.4550003]}},
{"type":"Feature","properties":{"Contents":"45.00","TEXTSTRING":"45.00","TEXT_SIZE":2.5,"TEXT_ANGLE":86.388090955703859},"geometry":{"type":"Point","coordinates":[616298.6422257,9763396.2306259,22.4550003]}},
{"type":"Feature","properties":{"Contents":"50.00","TEXTSTRING":"50.00","TEXT_SIZE":2.5,"TEXT_ANGLE":85.129796524641577},"geometry":{"type":"Point","coordinates":[616283.211458,9763399.4961892,27.4550003]}},
{"type":"Feature","properties":{"Contents":"55.00","TEXTSTRING":"55.00","TEXT_SIZE":2.5,"TEXT_ANGLE":85.129796524641577},"geometry":{"type":"Point","coordinates":[616267.7806902,9763402.7617525,32.4550003]}},
{"type":"Feature","properties":{"Contents":"60.00","TEXTSTRING":"60.00","TEXT_SIZE":2.5,"TEXT_ANGLE":85.129796524641577},"geometry":{"type":"Point","coordinates":[616252.3499224,9763406.0273159,37.4550003]}},
{"type":"Feature","properties":{"Contents":"65.00","TEXTSTRING":"65.00","TEXT_SIZE":2.5,"TEXT_ANGLE":86.388486867412794},"geometry":{"type":"Point","coordinates":[616236.927595,9763491.592307,42.4550003]}},
{"type":"Feature","properties":{"Contents":"60.00","TEXTSTRING":"60.00","TEXT_SIZE":2.5,"TEXT_ANGLE":332.11936656692291},"geometry":{"type":"Point","coordinates":[616214.3168535,9763467.3446585,37.4550003]}},
{"type":"Feature","properties":{"Contents":"55.00","TEXTSTRING":"55.00","TEXT_SIZE":2.5,"TEXT_ANGLE":332.11936656733877},"geometry":{"type":"Point","coordinates":[616191.6721686,9763443.0606092,32.4550003]}},
{"type":"Feature","properties":{"Contents":"50.00","TEXTSTRING":"50.00","TEXT_SIZE":2.5,"TEXT_ANGLE":86.388856888862051},"geometry":{"type":"Point","coordinates":[616169.0274837,9763418.7765598,27.4550003]}},
{"type":"Feature","properties":{"Contents":"45.00","TEXTSTRING":"45.00","TEXT_SIZE":2.5,"TEXT_ANGLE":86.388986137444974},"geometry":{"type":"Point","coordinates":[616146.3827987,9763394.4925105,22.4550003]}},
{"type":"Feature","properties":{"Contents":"40.00","TEXTSTRING":"40.00","TEXT_SIZE":2.5,"TEXT_ANGLE":86.389088133728578},"geometry":{"type":"Point","coordinates":[616126.5938585,9763373.2709478,17.4550003]}},
{"type":"Feature","properties":{"Contents":"35.00","TEXTSTRING":"35.00","TEXT_SIZE":2.5,"TEXT_ANGLE":86.389357253113346},"geometry":{"type":"Point","coordinates":[616082.0214712,9763396.5509436,12.4550003]}},
{"type":"Feature","properties":{"Contents":"50.00","TEXTSTRING":"50.00","TEXT_SIZE":2.5,"TEXT_ANGLE":310.88799977284009},"geometry":{"type":"Point","coordinates":[617175.7437872,9762587.2063998,27.4550003]}},
{"type":"Feature","properties":{"Contents":"50.00","TEXTSTRING":"50.00","TEXT_SIZE":2.5,"TEXT_ANGLE":86.382726214895214},"geometry":{"type":"Point","coordinates":[617165.1807466,9762569.2435415,27.4550003]}},
{"type":"Feature","properties":{"Contents":"45.00","TEXTSTRING":"45.00","TEXT_SIZE":2.5,"TEXT_ANGLE":86.382801686218983},"geometry":{"type":"Point","coordinates":[617151.8234648,9762578.0007424,22.4550003]}},
{"type":"Feature","properties":{"Contents":"40.00","TEXTSTRING":"40.00","TEXT_SIZE":2.5,"TEXT_ANGLE":86.382935259017501},"geometry":{"type":"Point","coordinates":[617129.4380361,9762585.3548707,17.4550003]}},
{"type":"Feature","properties":{"Contents":"50.00","TEXTSTRING":"50.00","TEXT_SIZE":2.5,"TEXT_ANGLE":86.382610380803655},"geometry":{"type":"Point","coordinates":[617186.5524405,9762609.673466,27.4550003]}},
{"type":"Feature","properties":{"Contents":"60.00","TEXTSTRING":"60.00","TEXT_SIZE":2.5,"TEXT_ANGLE":86.382469077158774},"geometry":{"type":"Point","coordinates":[617210.4312793,9762605.0218469,37.4550003]}},
{"type":"Feature","properties":{"Contents":"55.00","TEXTSTRING":"55.00","TEXT_SIZE":2.5,"TEXT_ANGLE":86.382499609794138},"geometry":{"type":"Point","coordinates":[617203.5835629,9762579.3267667,32.4550003]}},
{"type":"Feature","properties":{"Contents":"50.00","TEXTSTRING":"50.00","TEXT_SIZE":2.5,"TEXT_ANGLE":67.626402780043747},"geometry":{"type":"Point","coordinates":[617178.6448684,9762650.7636579,27.4550003]}},
{"type":"Feature","properties":{"Contents":"55.00","TEXTSTRING":"55.00","TEXT_SIZE":2.5,"TEXT_ANGLE":86.382591909869006},"geometry":{"type":"Point","coordinates":[617192.9851145,9762645.6248766,32.4550003]}},
{"type":"Feature","properties":{"Contents":"45.00","TEXTSTRING":"45.00","TEXT_SIZE":2.5,"TEXT_ANGLE":86.38274894784675},"geometry":{"type":"Point","coordinates":[617165.7934243,9762656.2708838,22.4550003]}},
{"type":"Feature","properties":{"Contents":"45.00","TEXTSTRING":"45.00","TEXT_SIZE":2.5,"TEXT_ANGLE":86.383096938196985},"geometry":{"type":"Point","coordinates":[617100.8537677,9762570.708886,22.4550003]}},
{"type":"Feature","properties":{"Contents":"50.00","TEXTSTRING":"50.00","TEXT_SIZE":2.5,"TEXT_ANGLE":80.369576337023602},"geometry":{"type":"Point","coordinates":[617074.7781269,9762572.1090769,27.4550003]}},
{"type":"Feature","properties":{"Contents":"55.00","TEXTSTRING":"55.00","TEXT_SIZE":2.5,"TEXT_ANGLE":85.797400251889485},"geometry":{"type":"Point","coordinates":[617194.3433573,9762476.695298,32.4550003]}},
{"type":"Feature","properties":{"Contents":"50.00","TEXTSTRING":"50.00","TEXT_SIZE":2.5,"TEXT_ANGLE":291.59611633938727},"geometry":{"type":"Point","coordinates":[617176.2282245,9762503.9170553,27.4550003]}},
{"type":"Feature","properties":{"Contents":"45.00","TEXTSTRING":"45.00","TEXT_SIZE":2.5,"TEXT_ANGLE":279.93435117661494},"geometry":{"type":"Point","coordinates":[617159.5223328,9762486.2322388,22.4550003]}},
{"type":"Feature","properties":{"Contents":"45.00","TEXTSTRING":"45.00","TEXT_SIZE":2.5,"TEXT_ANGLE":349.13420297662219},"geometry":{"type":"Point","coordinates":[617153.2282986,9762403.9541866,22.4550003]}},
{"type":"Feature","properties":{"Contents":"50.00","TEXTSTRING":"50.00","TEXT_SIZE":2.5,"TEXT_ANGLE":354.97165011564317},"geometry":{"type":"Point","coordinates":[617147.3716688,9762384.1487647,27.4550003]}},
{"type":"Feature","properties":{"Contents":"65.00","TEXTSTRING":"65.00","TEXT_SIZE":2.5,"TEXT_ANGLE":79.441490405352354},"geometry":{"type":"Point","coordinates":[617054.7902841,9762487.1742617,42.4550003]}},
{"type":"Feature","properties":{"Contents":"70.00","TEXTSTRING":"70.00","TEXT_SIZE":2.5,"TEXT_ANGLE":86.383511912966611},"geometry":{"type":"Point","coordinates":[617025.1046907,9762495.4057434,47.4550003]}},
{"type":"Feature","properties":{"Contents":"55.00","TEXTSTRING":"55.00","TEXT_SIZE":2.5,"TEXT_ANGLE":86.383149450215299},"geometry":{"type":"Point","coordinates":[617086.6641438,9762488.3420842,32.4550003]}},
{"type":"Feature","properties":{"Contents":"60.00","TEXTSTRING":"60.00","TEXT_SIZE":2.5,"TEXT_ANGLE":86.383248978528385},"geometry":{"type":"Point","coordinates":[617068.0397481,9762463.0566373,37.4550003]}},
{"type":"Feature","properties":{"Contents":"55.00","TEXTSTRING":"55.00","TEXT_SIZE":2.5,"TEXT_ANGLE":86.383402875504274},"geometry":{"type":"Point","coordinates":[617047.5324962,9762555.1306053,32.4550003]}},
{"type":"Feature","properties":{"Contents":"60.00","TEXTSTRING":"60.00","TEXT_SIZE":2.5,"TEXT_ANGLE":45.272725163454581},"geometry":{"type":"Point","coordinates":[616999.4311641,9762634.7951678,37.4550003]}},
{"type":"Feature","properties":{"Contents":"55.00","TEXTSTRING":"55.00","TEXT_SIZE":2.5,"TEXT_ANGLE":86.383757328226835},"geometry":{"type":"Point","coordinates":[616992.7003342,9762646.9648557,32.4550003]}},
{"type":"Feature","properties":{"Contents":"55.00","TEXTSTRING":"55.00","TEXT_SIZE":2.5,"TEXT_ANGLE":27.134667782599667},"geometry":{"type":"Point","coordinates":[616962.6955162,9762653.0079039,32.4550003]}},
{"type":"Feature","properties":{"Contents":"50.00","TEXTSTRING":"50.00","TEXT_SIZE":2.5,"TEXT_ANGLE":356.20343886451218},"geometry":{"type":"Point","coordinates":[617020.5513791,9762683.8214451,27.4550003]}},
{"type":"Feature","properties":{"Contents":"40.00","TEXTSTRING":"40.00","TEXT_SIZE":2.5,"TEXT_ANGLE":86.386950286496301},"geometry":{"type":"Point","coordinates":[616466.9543137,9762955.382096,17.4550003]}},
{"type":"Feature","properties":{"Contents":"45.00","TEXTSTRING":"45.00","TEXT_SIZE":2.5,"TEXT_ANGLE":313.53580549249887},"geometry":{"type":"Point","coordinates":[616442.629408,9762941.7866219,22.4550003]}},
{"type":"Feature","properties":{"Contents":"50.00","TEXTSTRING":"50.00","TEXT_SIZE":2.5,"TEXT_ANGLE":86.387231360499158},"geometry":{"type":"Point","coordinates":[616416.0740453,9762926.9445192,27.4550003]}},
{"type":"Feature","properties":{"Contents":"55.00","TEXTSTRING":"55.00","TEXT_SIZE":2.5,"TEXT_ANGLE":346.55287659505331},"geometry":{"type":"Point","coordinates":[616374.9721835,9762903.9722081,32.4550003]}},
{"type":"Feature","properties":{"Contents":"60.00","TEXTSTRING":"60.00","TEXT_SIZE":2.5,"TEXT_ANGLE":86.387484454069934},"geometry":{"type":"Point","coordinates":[616371.1924823,9762901.8596889,37.4550003]}},
{"type":"Feature","properties":{"Contents":"65.00","TEXTSTRING":"65.00","TEXT_SIZE":2.5,"TEXT_ANGLE":344.39510154333692},"geometry":{"type":"Point","coordinates":[616363.6192125,9762897.6268999,42.4550003]}},
{"type":"Feature","properties":{"Contents":"70.00","TEXTSTRING":"70.00","TEXT_SIZE":2.5,"TEXT_ANGLE":352.3234036985458},"geometry":{"type":"Point","coordinates":[616347.1174707,9762888.4038835,47.4550003]}},
{"type":"Feature","properties":{"Contents":"50.00","TEXTSTRING":"50.00","TEXT_SIZE":2.5,"TEXT_ANGLE":82.303678925198668},"geometry":{"type":"Point","coordinates":[616118.3621796,9763248.4731025,27.4550003]}},
{"type":"Feature","properties":{"Contents":"55.00","TEXTSTRING":"55.00","TEXT_SIZE":2.5,"TEXT_ANGLE":82.30367892519871},"geometry":{"type":"Point","coordinates":[616135.4150249,9763242.9957296,32.4550003]}},
{"type":"Feature","properties":{"Contents":"60.00","TEXTSTRING":"60.00","TEXT_SIZE":2.5,"TEXT_ANGLE":86.388900354434071},"geometry":{"type":"Point","coordinates":[616150.1982363,9763238.2473629,37.4550003]}},
{"type":"Feature","properties":{"Contents":"65.00","TEXTSTRING":"65.00","TEXT_SIZE":2.5,"TEXT_ANGLE":298.46499234899034},"geometry":{"type":"Point","coordinates":[616164.4723441,9763233.6625203,42.4550003]}},
{"type":"Feature","properties":{"Contents":"70.00","TEXTSTRING":"70.00","TEXT_SIZE":2.5,"TEXT_ANGLE":86.388701318058935},"geometry":{"type":"Point","coordinates":[616184.5528349,9763227.2126679,47.4550003]}},
{"type":"Feature","properties":{"Contents":"55.00","TEXTSTRING":"55.00","TEXT_SIZE":2.5,"TEXT_ANGLE":86.388194276786621},"geometry":{"type":"Point","coordinates":[616267.051222,9763175.7895122,32.4550003]}},
{"type":"Feature","properties":{"Contents":"65.00","TEXTSTRING":"65.00","TEXT_SIZE":2.5,"TEXT_ANGLE":86.38833600980503},"geometry":{"type":"Point","coordinates":[616244.4416434,9763201.7388466,42.4550003]}},
{"type":"Feature","properties":{"Contents":"70.00","TEXTSTRING":"70.00","TEXT_SIZE":2.5,"TEXT_ANGLE":355.28487164894312},"geometry":{"type":"Point","coordinates":[616220.3968391,9763229.3354101,47.4550003]}},
{"type":"Feature","properties":{"Contents":"70.00","TEXTSTRING":"70.00","TEXT_SIZE":2.5,"TEXT_ANGLE":86.388416387198674},"geometry":{"type":"Point","coordinates":[616232.5520578,9763215.3846929,47.4550003]}},
{"type":"Feature","properties":{"Contents":"50.00","TEXTSTRING":"50.00","TEXT_SIZE":2.5,"TEXT_ANGLE":291.12614784434368},"geometry":{"type":"Point","coordinates":[616213.6095202,9763331.9143057,27.4550003]}},
{"type":"Feature","properties":{"Contents":"55.00","TEXTSTRING":"55.00","TEXT_SIZE":2.5,"TEXT_ANGLE":86.388401904862079},"geometry":{"type":"Point","coordinates":[616241.0087,9763325.9558073,32.4550003]}},
{"type":"Feature","properties":{"Contents":"55.00","TEXTSTRING":"55.00","TEXT_SIZE":2.5,"TEXT_ANGLE":317.28098636053824},"geometry":{"type":"Point","coordinates":[616304.3055578,9763312.1906425,32.4550003]}},
{"type":"Feature","properties":{"Contents":"60.00","TEXTSTRING":"60.00","TEXT_SIZE":2.5,"TEXT_ANGLE":86.388253903668016},"geometry":{"type":"Point","coordinates":[616265.9860527,9763320.5239835,37.4550003]}},
{"type":"Feature","properties":{"Contents":"60.00","TEXTSTRING":"60.00","TEXT_SIZE":2.5,"TEXT_ANGLE":72.356668837192444},"geometry":{"type":"Point","coordinates":[616262.7583795,9763321.2259055,37.4550003]}},
{"type":"Feature","properties":{"Contents":"30.00","TEXTSTRING":"30.00","TEXT_SIZE":2.5,"TEXT_ANGLE":29.079540856927895},"geometry":{"type":"Point","coordinates":[616651.702435,9763757.3423405,7.4550003]}},
{"type":"Feature","properties":{"Contents":"35.00","TEXTSTRING":"35.00","TEXT_SIZE":2.5,"TEXT_ANGLE":22.143887695437787},"geometry":{"type":"Point","coordinates":[616655.5308814,9763739.199342,12.4550003]}},
{"type":"Feature","properties":{"Contents":"40.00","TEXTSTRING":"40.00","TEXT_SIZE":2.5,"TEXT_ANGLE":86.386101959061563},"geometry":{"type":"Point","coordinates":[616659.422037,9763720.7591652,17.4550003]}},
{"type":"Feature","properties":{"Contents":"45.00","TEXTSTRING":"45.00","TEXT_SIZE":2.5,"TEXT_ANGLE":86.386069738514394},"geometry":{"type":"Point","coordinates":[616663.664736,9763700.6530251,22.4550003]}},
{"type":"Feature","properties":{"Contents":"45.00","TEXTSTRING":"45.00","TEXT_SIZE":2.5,"TEXT_ANGLE":76.199927103774272},"geometry":{"type":"Point","coordinates":[616629.6030133,9763677.4269196,22.4550003]}},
{"type":"Feature","properties":{"Contents":"40.00","TEXTSTRING":"40.00","TEXT_SIZE":2.5,"TEXT_ANGLE":76.199927103774215},"geometry":{"type":"Point","coordinates":[616609.0594112,9763681.1254589,17.4550003]}},
{"type":"Feature","properties":{"Contents":"35.00","TEXTSTRING":"35.00","TEXT_SIZE":2.5,"TEXT_ANGLE":86.386507307123651},"geometry":{"type":"Point","coordinates":[616588.7989532,9763684.7730227,12.4550003]}},
{"type":"Feature","properties":{"Contents":"30.00","TEXTSTRING":"30.00","TEXT_SIZE":2.5,"TEXT_ANGLE":86.386597208768436},"geometry":{"type":"Point","coordinates":[616572.6019962,9763687.6890197,7.4550003]}},
{"type":"Feature","properties":{"Contents":"30.00","TEXTSTRING":"30.00","TEXT_SIZE":2.5,"TEXT_ANGLE":57.095787649364318},"geometry":{"type":"Point","coordinates":[616832.3416559,9763684.0170662,7.4550003]}},
{"type":"Feature","properties":{"Contents":"35.00","TEXTSTRING":"35.00","TEXT_SIZE":2.5,"TEXT_ANGLE":86.38497411970225},"geometry":{"type":"Point","coordinates":[616850.3080167,9763672.0864028,12.4550003]}},
{"type":"Feature","properties":{"Contents":"40.00","TEXTSTRING":"40.00","TEXT_SIZE":2.5,"TEXT_ANGLE":86.384883012369158},"geometry":{"type":"Point","coordinates":[616864.3080636,9763662.7895924,17.4550003]}},
{"type":"Feature","properties":{"Contents":"50.00","TEXTSTRING":"50.00","TEXT_SIZE":2.5,"TEXT_ANGLE":336.1411271801951},"geometry":{"type":"Point","coordinates":[616748.3079917,9763468.0138925,27.4550003]}},
{"type":"Feature","properties":{"Contents":"45.00","TEXTSTRING":"45.00","TEXT_SIZE":2.5,"TEXT_ANGLE":86.385556684228604},"geometry":{"type":"Point","coordinates":[616737.1508406,9763458.5728676,22.4550003]}},
{"type":"Feature","properties":{"Contents":"40.00","TEXTSTRING":"40.00","TEXT_SIZE":2.5,"TEXT_ANGLE":318.76178326041179},"geometry":{"type":"Point","coordinates":[616725.4188456,9763448.6454179,17.4550003]}},
{"type":"Feature","properties":{"Contents":"35.00","TEXTSTRING":"35.00","TEXT_SIZE":2.5,"TEXT_ANGLE":86.385693180887145},"geometry":{"type":"Point","coordinates":[616711.4232507,9763436.8025416,12.4550003]}},
{"type":"Feature","properties":{"Contents":"55.00","TEXTSTRING":"55.00","TEXT_SIZE":2.5,"TEXT_ANGLE":52.004682777025081},"geometry":{"type":"Point","coordinates":[616633.213241,9763271.4644713,32.4550003]}},
{"type":"Feature","properties":{"Contents":"50.00","TEXTSTRING":"50.00","TEXT_SIZE":2.5,"TEXT_ANGLE":86.386153853551946},"geometry":{"type":"Point","coordinates":[616622.9861974,9763284.4315443,27.4550003]}},
{"type":"Feature","properties":{"Contents":"45.00","TEXTSTRING":"45.00","TEXT_SIZE":2.5,"TEXT_ANGLE":86.386202875862494},"geometry":{"type":"Point","coordinates":[616615.2212008,9763294.2769387,22.4550003]}},
{"type":"Feature","properties":{"Contents":"40.00","TEXTSTRING":"40.00","TEXT_SIZE":2.5,"TEXT_ANGLE":57.194530693342337},"geometry":{"type":"Point","coordinates":[616606.4758942,9763305.3652878,17.4550003]}},
{"type":"Feature","properties":{"Contents":"35.00","TEXTSTRING":"35.00","TEXT_SIZE":2.5,"TEXT_ANGLE":86.386314553933886},"geometry":{"type":"Point","coordinates":[616597.531652,9763316.7058713,12.4550003]}},
{"type":"Feature","properties":{"Contents":"30.00","TEXTSTRING":"30.00","TEXT_SIZE":2.5,"TEXT_ANGLE":86.386371020747205},"geometry":{"type":"Point","coordinates":[616588.5874097,9763328.0464548,7.4550003]}},
{"type":"Feature","properties":{"Contents":"60.00","TEXTSTRING":"60.00","TEXT_SIZE":2.5,"TEXT_ANGLE":86.385942097080473},"geometry":{"type":"Point","coordinates":[616650.8547255,9763152.086629,37.4550003]}},
{"type":"Feature","properties":{"Contents":"55.00","TEXTSTRING":"55.00","TEXT_SIZE":2.5,"TEXT_ANGLE":86.385822948377822},"geometry":{"type":"Point","coordinates":[616671.8278329,9763161.4158977,32.4550003]}},
{"type":"Feature","properties":{"Contents":"50.00","TEXTSTRING":"50.00","TEXT_SIZE":2.5,"TEXT_ANGLE":86.385742737570041},"geometry":{"type":"Point","coordinates":[616685.9469371,9763167.6963651,27.4550003]}},
{"type":"Feature","properties":{"Contents":"45.00","TEXTSTRING":"45.00","TEXT_SIZE":2.5,"TEXT_ANGLE":299.33207462102342},"geometry":{"type":"Point","coordinates":[616700.0660413,9763173.9768324,22.4550003]}},
{"type":"Feature","properties":{"Contents":"40.00","TEXTSTRING":"40.00","TEXT_SIZE":2.5,"TEXT_ANGLE":86.385582316306682},"geometry":{"type":"Point","coordinates":[616714.1851455,9763180.2572998,17.4550003]}},
{"type":"Feature","properties":{"Contents":"35.00","TEXTSTRING":"35.00","TEXT_SIZE":2.5,"TEXT_ANGLE":86.385468919256596},"geometry":{"type":"Point","coordinates":[616734.1459503,9763189.1362756,12.4550003]}},
{"type":"Feature","properties":{"Contents":"55.00","TEXTSTRING":"55.00","TEXT_SIZE":2.5,"TEXT_ANGLE":86.385902010922365},"geometry":{"type":"Point","coordinates":[616663.6041145,9763245.3629227,32.4550003]}},
{"type":"Feature","properties":{"Contents":"50.00","TEXTSTRING":"50.00","TEXT_SIZE":2.5,"TEXT_ANGLE":41.918415199676168},"geometry":{"type":"Point","coordinates":[616677.7763513,9763239.1800786,27.4550003]}},
{"type":"Feature","properties":{"Contents":"45.00","TEXTSTRING":"45.00","TEXT_SIZE":2.5,"TEXT_ANGLE":56.7890397867248},"geometry":{"type":"Point","coordinates":[616688.3537561,9763234.5655321,22.4550003]}},
{"type":"Feature","properties":{"Contents":"40.00","TEXTSTRING":"40.00","TEXT_SIZE":2.5,"TEXT_ANGLE":75.467806743113044},"geometry":{"type":"Point","coordinates":[616705.5520997,9763227.0625048,17.4550003]}},
{"type":"Feature","properties":{"Contents":"35.00","TEXTSTRING":"35.00","TEXT_SIZE":2.5,"TEXT_ANGLE":274.49494273151282},"geometry":{"type":"Point","coordinates":[616727.4366809,9763217.5150384,12.4550003]}},
{"type":"Feature","properties":{"Contents":"55.00","TEXTSTRING":"55.00","TEXT_SIZE":2.5,"TEXT_ANGLE":25.140849881493654},"geometry":{"type":"Point","coordinates":[616757.4973883,9763132.6127824,32.4550003]}},
{"type":"Feature","properties":{"Contents":"50.00","TEXTSTRING":"50.00","TEXT_SIZE":2.5,"TEXT_ANGLE":348.67867594553377},"geometry":{"type":"Point","coordinates":[616773.3190279,9763145.441284,27.4550003]}},
{"type":"Feature","properties":{"Contents":"45.00","TEXTSTRING":"45.00","TEXT_SIZE":2.5,"TEXT_ANGLE":86.385155933439222},"geometry":{"type":"Point","coordinates":[616785.5580259,9763155.3649082,22.4550003]}},
{"type":"Feature","properties":{"Contents":"40.00","TEXTSTRING":"40.00","TEXT_SIZE":2.5,"TEXT_ANGLE":86.385146676691633},"geometry":{"type":"Point","coordinates":[616787.2271632,9763156.7182781,17.4550003]}},
{"type":"Feature","properties":{"Contents":"35.00","TEXTSTRING":"35.00","TEXT_SIZE":2.5,"TEXT_ANGLE":86.385144761566949},"geometry":{"type":"Point","coordinates":[616788.6264795,9763157.8528717,12.4550003]}},
{"type":"Feature","properties":{"Contents":"50.00","TEXTSTRING":"50.00","TEXT_SIZE":2.5,"TEXT_ANGLE":86.385249678983669},"geometry":{"type":"Point","coordinates":[616765.4940648,9763091.6347015,27.4550003]}},
{"type":"Feature","properties":{"Contents":"45.00","TEXTSTRING":"45.00","TEXT_SIZE":2.5,"TEXT_ANGLE":86.385159392388346},"geometry":{"type":"Point","coordinates":[616780.0428763,9763077.4319103,22.4550003]}},
{"type":"Feature","properties":{"Contents":"55.00","TEXTSTRING":"55.00","TEXT_SIZE":2.5,"TEXT_ANGLE":86.385248920658967},"geometry":{"type":"Point","coordinates":[616763.6354056,9763060.1594281,32.4550003]}},
{"type":"Feature","properties":{"Contents":"50.00","TEXTSTRING":"50.00","TEXT_SIZE":2.5,"TEXT_ANGLE":86.385223824262326},"geometry":{"type":"Point","coordinates":[616767.9001993,9763059.7060959,27.4550003]}},
{"type":"Feature","properties":{"Contents":"45.00","TEXTSTRING":"45.00","TEXT_SIZE":2.5,"TEXT_ANGLE":85.997133954487666},"geometry":{"type":"Point","coordinates":[616770.7695693,9763059.4010922,22.4550003]}},
{"type":"Feature","properties":{"Contents":"55.00","TEXTSTRING":"55.00","TEXT_SIZE":2.5,"TEXT_ANGLE":10.143795690122133},"geometry":{"type":"Point","coordinates":[616724.5065666,9763087.9652809,32.4550003]}},
{"type":"Feature","properties":{"Contents":"60.00","TEXTSTRING":"60.00","TEXT_SIZE":2.5,"TEXT_ANGLE":299.73120304575639},"geometry":{"type":"Point","coordinates":[616639.2488841,9763068.2160356,37.4550003]}},
{"type":"Feature","properties":{"Contents":"60.00","TEXTSTRING":"60.00","TEXT_SIZE":2.5,"TEXT_ANGLE":86.385929538346147},"geometry":{"type":"Point","coordinates":[616646.2038282,9763044.4346076,37.4550003]}},
{"type":"Feature","properties":{"Contents":"60.00","TEXTSTRING":"60.00","TEXT_SIZE":2.5,"TEXT_ANGLE":86.386004554081566},"geometry":{"type":"Point","coordinates":[616633.5686351,9763031.7411226,37.4550003]}},
{"type":"Feature","properties":{"Contents":"60.00","TEXTSTRING":"60.00","TEXT_SIZE":2.5,"TEXT_ANGLE":86.385653664840277},"geometry":{"type":"Point","coordinates":[616692.7742566,9763034.5364624,37.4550003]}},
{"type":"Feature","properties":{"Contents":"55.00","TEXTSTRING":"55.00","TEXT_SIZE":2.5,"TEXT_ANGLE":86.386230117539185},"geometry":{"type":"Point","coordinates":[616593.4203434,9763022.8802869,32.4550003]}},
{"type":"Feature","properties":{"Contents":"50.00","TEXTSTRING":"50.00","TEXT_SIZE":2.5,"TEXT_ANGLE":292.80678856485139},"geometry":{"type":"Point","coordinates":[616564.2627386,9763026.0349122,27.4550003]}},
{"type":"Feature","properties":{"Contents":"45.00","TEXTSTRING":"45.00","TEXT_SIZE":2.5,"TEXT_ANGLE":3.2188085040179542},"geometry":{"type":"Point","coordinates":[616881.8757942,9763456.8586696,22.4550003]}},
{"type":"Feature","properties":{"Contents":"45.00","TEXTSTRING":"45.00","TEXT_SIZE":2.5,"TEXT_ANGLE":74.110234394755011},"geometry":{"type":"Point","coordinates":[616883.806331,9763424.7092297,22.4550003]}},
{"type":"Feature","properties":{"Contents":"35.00","TEXTSTRING":"35.00","TEXT_SIZE":2.5,"TEXT_ANGLE":86.384115278461806},"geometry":{"type":"Point","coordinates":[616981.5551517,9763439.6108068,12.4550003]}},
{"type":"Feature","properties":{"Contents":"40.00","TEXTSTRING":"40.00","TEXT_SIZE":2.5,"TEXT_ANGLE":86.384266987873019},"geometry":{"type":"Point","coordinates":[616956.815914,9763458.8529724,17.4550003]}},
{"type":"Feature","properties":{"Contents":"40.00","TEXTSTRING":"40.00","TEXT_SIZE":2.5,"TEXT_ANGLE":86.383896721716027},"geometry":{"type":"Point","coordinates":[617014.9888813,9763376.9811276,17.4550003]}},
{"type":"Feature","properties":{"Contents":"45.00","TEXTSTRING":"45.00","TEXT_SIZE":2.5,"TEXT_ANGLE":86.384286016524243},"geometry":{"type":"Point","coordinates":[616946.7768249,9763351.5010107,22.4550003]}},
{"type":"Feature","properties":{"Contents":"45.00","TEXTSTRING":"45.00","TEXT_SIZE":2.5,"TEXT_ANGLE":51.270747763278649},"geometry":{"type":"Point","coordinates":[616889.8701498,9763375.0016656,22.4550003]}},
{"type":"Feature","properties":{"Contents":"40.00","TEXTSTRING":"40.00","TEXT_SIZE":2.5,"TEXT_ANGLE":13.996861549539112},"geometry":{"type":"Point","coordinates":[616865.8155533,9763379.9536038,17.4550003]}},
{"type":"Feature","properties":{"Contents":"50.00","TEXTSTRING":"50.00","TEXT_SIZE":2.5,"TEXT_ANGLE":298.45932564116578},"geometry":{"type":"Point","coordinates":[616880.5739581,9763334.805241,27.4550003]}},
{"type":"Feature","properties":{"Contents":"45.00","TEXTSTRING":"45.00","TEXT_SIZE":2.5,"TEXT_ANGLE":0.26337952488031002},"geometry":{"type":"Point","coordinates":[616904.6743846,9763335.0346468,22.4550003]}},
{"type":"Feature","properties":{"Contents":"55.00","TEXTSTRING":"55.00","TEXT_SIZE":2.5,"TEXT_ANGLE":29.354378168140222},"geometry":{"type":"Point","coordinates":[616928.7506794,9763280.0736988,32.4550003]}},
{"type":"Feature","properties":{"Contents":"55.00","TEXTSTRING":"55.00","TEXT_SIZE":2.5,"TEXT_ANGLE":86.384491545783916},"geometry":{"type":"Point","coordinates":[616906.8135004,9763275.5234732,32.4550003]}},
{"type":"Feature","properties":{"Contents":"30.00","TEXTSTRING":"30.00","TEXT_SIZE":2.5,"TEXT_ANGLE":86.385027903146096},"geometry":{"type":"Point","coordinates":[616814.1960008,9763246.1357907,7.4550003]}},
{"type":"Feature","properties":{"Contents":"35.00","TEXTSTRING":"35.00","TEXT_SIZE":2.5,"TEXT_ANGLE":273.21557619396106},"geometry":{"type":"Point","coordinates":[616827.5594045,9763283.1515056,12.4550003]}},
{"type":"Feature","properties":{"Contents":"30.00","TEXTSTRING":"30.00","TEXT_SIZE":2.5,"TEXT_ANGLE":86.38529218291913},"geometry":{"type":"Point","coordinates":[616772.6127355,9763303.5970347,7.4550003]}},
{"type":"Feature","properties":{"Contents":"25.00","TEXTSTRING":"25.00","TEXT_SIZE":2.5,"TEXT_ANGLE":86.385573745715476},"geometry":{"type":"Point","coordinates":[616725.5078937,9763331.7714806,2.4550003]}},
{"type":"Feature","properties":{"Contents":"50.00","TEXTSTRING":"50.00","TEXT_SIZE":2.5,"TEXT_ANGLE":86.385866195015694},"geometry":{"type":"Point","coordinates":[616673.056786,9763298.0092253,27.4550003]}},
{"type":"Feature","properties":{"Contents":"45.00","TEXTSTRING":"45.00","TEXT_SIZE":2.5,"TEXT_ANGLE":86.385827094881932},"geometry":{"type":"Point","coordinates":[616680.5185827,9763310.2392312,22.4550003]}},
{"type":"Feature","properties":{"Contents":"40.00","TEXTSTRING":"40.00","TEXT_SIZE":2.5,"TEXT_ANGLE":340.75497160947566},"geometry":{"type":"Point","coordinates":[616689.1111037,9763324.3225126,17.4550003]}},
{"type":"Feature","properties":{"Contents":"30.00","TEXTSTRING":"30.00","TEXT_SIZE":2.5,"TEXT_ANGLE":272.53386471605222},"geometry":{"type":"Point","coordinates":[616865.4277182,9763192.7525916,7.4550003]}},
{"type":"Feature","properties":{"Contents":"40.00","TEXTSTRING":"40.00","TEXT_SIZE":2.5,"TEXT_ANGLE":86.386791510533257},"geometry":{"type":"Point","coordinates":[616546.7837899,9763367.5156785,17.4550003]}},
{"type":"Feature","properties":{"Contents":"35.00","TEXTSTRING":"35.00","TEXT_SIZE":2.5,"TEXT_ANGLE":86.386983999008109},"geometry":{"type":"Point","coordinates":[616568.7865655,9763361.9013756,12.4550003]}},
{"type":"Feature","properties":{"Contents":"50.00","TEXTSTRING":"50.00","TEXT_SIZE":2.5,"TEXT_ANGLE":86.387318988951023},"geometry":{"type":"Point","coordinates":[616447.9641679,9763195.0006243,27.4550003]}},
{"type":"Feature","properties":{"Contents":"55.00","TEXTSTRING":"55.00","TEXT_SIZE":2.5,"TEXT_ANGLE":86.387391955383706},"geometry":{"type":"Point","coordinates":[616428.9953489,9763195.7628493,32.4550003]}},
{"type":"Feature","properties":{"Contents":"35.00","TEXTSTRING":"35.00","TEXT_SIZE":2.5,"TEXT_ANGLE":86.386314553933886},"geometry":{"type":"Point","coordinates":[616702.8227832,9763330.0355977,12.4550003]}},
{"type":"Feature","properties":{"Contents":"30.00","TEXTSTRING":"30.00","TEXT_SIZE":2.5,"TEXT_ANGLE":86.385410540001175},"geometry":{"type":"Point","coordinates":[616752.1613543,9763332.5065305,7.4550003]}},
{"type":"Feature","properties":{"Contents":"35.00","TEXTSTRING":"35.00","TEXT_SIZE":2.5,"TEXT_ANGLE":312.00960079276024},"geometry":{"type":"Point","coordinates":[616949.2607217,9762981.1160605,12.4550003]}},
{"type":"Feature","properties":{"Contents":"35.00","TEXTSTRING":"35.00","TEXT_SIZE":2.5,"TEXT_ANGLE":86.384632469326576},"geometry":{"type":"Point","coordinates":[616870.7826709,9763086.8458904,12.4550003]}},
{"type":"Feature","properties":{"Contents":"35.00","TEXTSTRING":"35.00","TEXT_SIZE":2.5,"TEXT_ANGLE":62.003895161108559},"geometry":{"type":"Point","coordinates":[616851.0395054,9763083.9490777,12.4550003]}},
{"type":"Feature","properties":{"Contents":"30.00","TEXTSTRING":"30.00","TEXT_SIZE":2.5,"TEXT_ANGLE":86.38529218291913},"geometry":{"type":"Point","coordinates":[616772.6127355,9763303.5970347,7.4550003]}}
]
}
