{
"type": "FeatureCollection",
"name": "hitos_predio",
"crs": { "type": "name", "properties": { "name": "urn:ogc:def:crs:EPSG::32717" } },
"xy_coordinate_resolution": 1e-07,
"features": [
{"type":"Feature","properties":{"Layer":"PTOS_LINDERO_P97","Punto":"P42","X_COORD":616993.57,"Y_COORD":9764021.5},"geometry":{"type":"MultiPolygon","coordinates":[[[[616997.2271942,9764021.497,37.623],[616997.2132584,9764021.1778187,37.623],[616997.1715572,9764020.8610667,37.623],[616997.1024079,9764020.5491544,37.623],[616997.0063369,9764020.2444558,37.623],[616996.8840751,9764019.9492899,37.623],[616996.7365532,9764019.6659029,37.623],[616996.5648939,9764019.3964517,37.623],[616996.3704035,9764019.142987,37.623],[616996.1545623,9764018.9074377,37.623],[616995.919013,9764018.6915965,37.623],[616995.6655483,9764018.4971061,37.623],[616995.3960971,9764018.3254468,37.623],[616995.1127101,9764018.1779249,37.623],[616994.8175442,9764018.0556631,37.623],[616994.5128456,9764017.9595921,37.623],[616994.2009333,9764017.8904428,37.623],[616993.8841813,9764017.8487416,37.623],[616993.565,9764017.8348058,37.623],[616993.2458187,9764017.8487416,37.623],[616992.9290667,9764017.8904428,37.623],[616992.6171544,9764017.9595921,37.623],[616992.3124558,9764018.0556631,37.623],[616992.0172899,9764018.1779249,37.623],[616991.7339029,9764018.3254468,37.623],[616991.4644517,9764018.4971061,37.623],[616991.210987,9764018.6915965,37.623],[616990.9754377,9764018.9074377,37.623],[616990.7595965,9764019.142987,37.623],[616990.5651061,9764019.3964517,37.623],[616990.3934468,9764019.6659029,37.623],[616990.2459249,9764019.9492899,37.623],[616990.1236631,9764020.2444558,37.623],[616990.0275921,9764020.5491544,37.623],[616989.9584428,9764020.8610667,37.623],[616989.9167416,9764021.1778187,37.623],[616989.9028058,9764021.497,37.623],[616989.9167416,9764021.8161813,37.623],[616989.9584428,9764022.1329333,37.623],[616990.0275921,9764022.4448456,37.623],[616990.1236631,9764022.7495442,37.623],[616990.2459249,9764023.0447101,37.623],[616990.3934468,9764023.3280971,37.623],[616990.5651061,9764023.5975483,37.623],[616990.7595965,9764023.851013,37.623],[616990.9754377,9764024.0865623,37.623],[616991.210987,9764024.3024035,37.623],[616991.4644517,9764024.4968939,37.623],[616991.7339029,9764024.6685532,37.623],[616992.0172899,9764024.8160751,37.623],[616992.3124558,9764024.9383369,37.623],[616992.6171544,9764025.0344079,37.623],[616992.9290667,9764025.1035572,37.623],[616993.2458187,9764025.1452584,37.623],[616993.565,9764025.1591942,37.623],[616993.8841813,9764025.1452584,37.623],[616994.2009333,9764025.1035572,37.623],[616994.5128456,9764025.0344079,37.623],[616994.8175442,9764024.9383369,37.623],[616995.1127101,9764024.8160751,37.623],[616995.3960971,9764024.6685532,37.623],[616995.6655483,9764024.4968939,37.623],[616995.919013,9764024.3024035,37.623],[616996.1545623,9764024.0865623,37.623],[616996.3704035,9764023.851013,37.623],[616996.5648939,9764023.5975483,37.623],[616996.7365532,9764023.3280971,37.623],[616996.8840751,9764023.0447101,37.623],[616997.0063369,9764022.7495442,37.623],[616997.1024079,9764022.4448456,37.623],[616997.1715572,9764022.1329333,37.623],[616997.2132584,9764021.8161813,37.623],[616997.2271942,9764021.497,37.623]]]]}},
{"type":"Feature","properties":{"Layer":"PTOS_LINDERO_P97","Punto":"AUX1","X_COORD":616852.93,"Y_COORD":9764012.05},"geometry":{"type":"MultiPolygon","coordinates":[[[[616856.5907989,9764012.0477147,0.0],[616856.5768631,9764011.7285334,0.0],[616856.5351619,9764011.4117813,0.0],[616856.4660126,9764011.0998691,0.0],[616856.3699415,9764010.7951705,0.0],[616856.2476798,9764010.5000046,0.0],[616856.1001579,9764010.2166176,0.0],[616855.9284985,9764009.9471664,0.0],[616855.7340082,9764009.6937016,0.0],[616855.518167,9764009.4581524,0.0],[616855.2826177,9764009.2423112,0.0],[616855.029153,9764009.0478208,0.0],[616854.7597018,9764008.8761615,0.0],[616854.4763148,9764008.7286396,0.0],[616854.1811489,9764008.6063778,0.0],[616853.8764503,9764008.5103067,0.0],[616853.564538,9764008.4411575,0.0],[616853.2477859,9764008.3994563,0.0],[616852.9286047,9764008.3855205,0.0],[616852.6094234,9764008.3994563,0.0],[616852.2926713,9764008.4411575,0.0],[616851.9807591,9764008.5103067,0.0],[616851.6760605,9764008.6063778,0.0],[616851.3808945,9764008.7286396,0.0],[616851.0975076,9764008.8761615,0.0],[616850.8280564,9764009.0478208,0.0],[616850.5745916,9764009.2423112,0.0],[616850.3390423,9764009.4581524,0.0],[616850.1232012,9764009.6937016,0.0],[616849.9287108,9764009.9471664,0.0],[616849.7570515,9764010.2166176,0.0],[616849.6095296,9764010.5000046,0.0],[616849.4872678,9764010.7951705,0.0],[616849.3911967,9764011.0998691,0.0],[616849.3220475,9764011.4117813,0.0],[616849.2803463,9764011.7285334,0.0],[616849.2664105,9764012.0477147,0.0],[616849.2803463,9764012.3668959,0.0],[616849.3220475,9764012.683648,0.0],[616849.3911967,9764012.9955603,0.0],[616849.4872678,9764013.3002589,0.0],[616849.6095296,9764013.5954248,0.0],[616849.7570515,9764013.8788118,0.0],[616849.9287108,9764014.148263,0.0],[616850.1232012,9764014.4017277,0.0],[616850.3390423,9764014.637277,0.0],[616850.5745916,9764014.8531182,0.0],[616850.8280564,9764015.0476085,0.0],[616851.0975076,9764015.2192679,0.0],[616851.3808945,9764015.3667898,0.0],[616851.6760605,9764015.4890515,0.0],[616851.9807591,9764015.5851226,0.0],[616852.2926713,9764015.6542719,0.0],[616852.6094234,9764015.6959731,0.0],[616852.9286047,9764015.7099089,0.0],[616853.2477859,9764015.6959731,0.0],[616853.564538,9764015.6542719,0.0],[616853.8764503,9764015.5851226,0.0],[616854.1811489,9764015.4890515,0.0],[616854.4763148,9764015.3667898,0.0],[616854.7597018,9764015.2192679,0.0],[616855.029153,9764015.0476085,0.0],[616855.2826177,9764014.8531182,0.0],[616855.518167,9764014.637277,0.0],[616855.7340082,9764014.4017277,0.0],[616855.9284985,9764014.148263,0.0],[616856.1001579,9764013.8788118,0.0],[616856.2476798,9764013.5954248,0.0],[616856.3699415,9764013.3002589,0.0],[616856.4660126,9764012.9955603,0.0],[616856.5351619,9764012.683648,0.0],[616856.5768631,9764012.3668959,0.0],[616856.5907989,9764012.0477147,0.0]]]]}},
{"type":"Feature","properties":{"Layer":"PTOS_LINDERO_P97","Punto":"P40","X_COORD":616503.41,"Y_COORD":9763917.01},"geometry":{"type":"MultiPolygon","coordinates":[[[[616507.0731942,9763917.012,38.207],[616507.0592584,9763916.6928187,38.207],[616507.0175572,9763916.3760667,38.207],[616506.9484079,9763916.0641544,38.207],[616506.8523369,9763915.7594558,38.207],[616506.7300751,9763915.4642899,38.207],[616506.5825532,9763915.1809029,38.207],[616506.4108939,9763914.9114517,38.207],[616506.2164035,9763914.657987,38.207],[616506.0005623,9763914.4224377,38.207],[616505.765013,9763914.2065965,38.207],[616505.5115483,9763914.0121061,38.207],[616505.2420971,9763913.8404468,38.207],[616504.9587101,9763913.6929249,38.207],[616504.6635442,9763913.5706631,38.207],[616504.3588456,9763913.4745921,38.207],[616504.0469333,9763913.4054428,38.207],[616503.7301813,9763913.3637416,38.207],[616503.411,9763913.3498058,38.207],[616503.0918187,9763913.3637416,38.207],[616502.7750667,9763913.4054428,38.207],[616502.4631544,9763913.4745921,38.207],[616502.1584558,9763913.5706631,38.207],[616501.8632899,9763913.6929249,38.207],[616501.5799029,9763913.8404468,38.207],[616501.3104517,9763914.0121061,38.207],[616501.056987,9763914.2065965,38.207],[616500.8214377,9763914.4224377,38.207],[616500.6055965,9763914.657987,38.207],[616500.4111061,9763914.9114517,38.207],[616500.2394468,9763915.1809029,38.207],[616500.0919249,9763915.4642899,38.207],[616499.9696631,9763915.7594558,38.207],[616499.8735921,9763916.0641544,38.207],[616499.8044428,9763916.3760667,38.207],[616499.7627416,9763916.6928187,38.207],[616499.7488058,9763917.012,38.207],[616499.7627416,9763917.3311813,38.207],[616499.8044428,9763917.6479333,38.207],[616499.8735921,9763917.9598456,38.207],[616499.9696631,9763918.2645442,38.207],[616500.0919249,9763918.5597101,38.207],[616500.2394468,9763918.8430971,38.207],[616500.4111061,9763919.1125483,38.207],[616500.6055965,9763919.366013,38.207],[616500.8214377,9763919.6015623,38.207],[616501.056987,9763919.8174035,38.207],[616501.3104517,9763920.0118939,38.207],[616501.5799029,9763920.1835532,38.207],[616501.8632899,9763920.3310751,38.207],[616502.1584558,9763920.4533369,38.207],[616502.4631544,9763920.5494079,38.207],[616502.7750667,9763920.6185572,38.207],[616503.0918187,9763920.6602584,38.207],[616503.411,9763920.6741942,38.207],[616503.7301813,9763920.6602584,38.207],[616504.0469333,9763920.6185572,38.207],[616504.3588456,9763920.5494079,38.207],[616504.6635442,9763920.4533369,38.207],[616504.9587101,9763920.3310751,38.207],[616505.2420971,9763920.1835532,38.207],[616505.5115483,9763920.0118939,38.207],[616505.765013,9763919.8174035,38.207],[616506.0005623,9763919.6015623,38.207],[616506.2164035,9763919.366013,38.207],[616506.4108939,9763919.1125483,38.207],[616506.5825532,9763918.8430971,38.207],[616506.7300751,9763918.5597101,38.207],[616506.8523369,9763918.2645442,38.207],[616506.9484079,9763917.9598456,38.207],[616507.0175572,9763917.6479333,38.207],[616507.0592584,9763917.3311813,38.207],[616507.0731942,9763917.012,38.207]]]]}},
{"type":"Feature","properties":{"Layer":"PTOS_LINDERO_P97","Punto":"P39","X_COORD":616205.02,"Y_COORD":9763854.13},"geometry":{"type":"MultiPolygon","coordinates":[[[[616208.6821942,9763854.134,33.21],[616208.6682584,9763853.8148187,33.21],[616208.6265572,9763853.4980667,33.21],[616208.5574079,9763853.1861544,33.21],[616208.4613369,9763852.8814558,33.21],[616208.3390751,9763852.5862899,33.21],[616208.1915532,9763852.3029029,33.21],[616208.0198939,9763852.0334517,33.21],[616207.8254035,9763851.779987,33.21],[616207.6095623,9763851.5444377,33.21],[616207.374013,9763851.3285965,33.21],[616207.1205483,9763851.1341061,33.21],[616206.8510971,9763850.9624468,33.21],[616206.5677101,9763850.8149249,33.21],[616206.2725442,9763850.6926631,33.21],[616205.9678456,9763850.5965921,33.21],[616205.6559333,9763850.5274428,33.21],[616205.3391813,9763850.4857416,33.21],[616205.02,9763850.4718058,33.21],[616204.7008187,9763850.4857416,33.21],[616204.3840667,9763850.5274428,33.21],[616204.0721544,9763850.5965921,33.21],[616203.7674558,9763850.6926631,33.21],[616203.4722899,9763850.8149249,33.21],[616203.1889029,9763850.9624468,33.21],[616202.9194517,9763851.1341061,33.21],[616202.665987,9763851.3285965,33.21],[616202.4304377,9763851.5444377,33.21],[616202.2145965,9763851.779987,33.21],[616202.0201061,9763852.0334517,33.21],[616201.8484468,9763852.3029029,33.21],[616201.7009249,9763852.5862899,33.21],[616201.5786631,9763852.8814558,33.21],[616201.4825921,9763853.1861544,33.21],[616201.4134428,9763853.4980667,33.21],[616201.3717416,9763853.8148187,33.21],[616201.3578058,9763854.134,33.21],[616201.3717416,9763854.4531813,33.21],[616201.4134428,9763854.7699333,33.21],[616201.4825921,9763855.0818456,33.21],[616201.5786631,9763855.3865442,33.21],[616201.7009249,9763855.6817101,33.21],[616201.8484468,9763855.9650971,33.21],[616202.0201061,9763856.2345483,33.21],[616202.2145965,9763856.488013,33.21],[616202.4304377,9763856.7235623,33.21],[616202.665987,9763856.9394035,33.21],[616202.9194517,9763857.1338939,33.21],[616203.1889029,9763857.3055532,33.21],[616203.4722899,9763857.4530751,33.21],[616203.7674558,9763857.5753369,33.21],[616204.0721544,9763857.6714079,33.21],[616204.3840667,9763857.7405572,33.21],[616204.7008187,9763857.7822584,33.21],[616205.02,9763857.7961942,33.21],[616205.3391813,9763857.7822584,33.21],[616205.6559333,9763857.7405572,33.21],[616205.9678456,9763857.6714079,33.21],[616206.2725442,9763857.5753369,33.21],[616206.5677101,9763857.4530751,33.21],[616206.8510971,9763857.3055532,33.21],[616207.1205483,9763857.1338939,33.21],[616207.374013,9763856.9394035,33.21],[616207.6095623,9763856.7235623,33.21],[616207.8254035,9763856.488013,33.21],[616208.0198939,9763856.2345483,33.21],[616208.1915532,9763855.9650971,33.21],[616208.3390751,9763855.6817101,33.21],[616208.4613369,9763855.3865442,33.21],[616208.5574079,9763855.0818456,33.21],[616208.6265572,9763854.7699333,33.21],[616208.6682584,9763854.4531813,33.21],[616208.6821942,9763854.134,33.21]]]]}},
{"type":"Feature","properties":{"Layer":"PTOS_LINDERO_P97","Punto":"P38","X_COORD":615803.57,"Y_COORD":9763784.12},"geometry":{"type":"MultiPolygon","coordinates":[[[[615807.2301942,9763784.115,54.616],[615807.2162584,9763783.7958187,54.616],[615807.1745572,9763783.4790667,54.616],[615807.1054079,9763783.1671544,54.616],[615807.0093369,9763782.8624558,54.616],[615806.8870751,9763782.5672899,54.616],[615806.7395532,9763782.2839029,54.616],[615806.5678939,9763782.0144517,54.616],[615806.3734035,9763781.760987,54.616],[615806.1575623,9763781.5254377,54.616],[615805.922013,9763781.3095965,54.616],[615805.6685483,9763781.1151061,54.616],[615805.3990971,9763780.9434468,54.616],[615805.1157101,9763780.7959249,54.616],[615804.8205442,9763780.6736631,54.616],[615804.5158456,9763780.5775921,54.616],[615804.2039333,9763780.5084428,54.616],[615803.8871813,9763780.4667416,54.616],[615803.568,9763780.4528058,54.616],[615803.2488187,9763780.4667416,54.616],[615802.9320667,9763780.5084428,54.616],[615802.6201544,9763780.5775921,54.616],[615802.3154558,9763780.6736631,54.616],[615802.0202899,9763780.7959249,54.616],[615801.7369029,9763780.9434468,54.616],[615801.4674517,9763781.1151061,54.616],[615801.213987,9763781.3095965,54.616],[615800.9784377,9763781.5254377,54.616],[615800.7625965,9763781.760987,54.616],[615800.5681061,9763782.0144517,54.616],[615800.3964468,9763782.2839029,54.616],[615800.2489249,9763782.5672899,54.616],[615800.1266631,9763782.8624558,54.616],[615800.0305921,9763783.1671544,54.616],[615799.9614428,9763783.4790667,54.616],[615799.9197416,9763783.7958187,54.616],[615799.9058058,9763784.115,54.616],[615799.9197416,9763784.4341813,54.616],[615799.9614428,9763784.7509333,54.616],[615800.0305921,9763785.0628456,54.616],[615800.1266631,9763785.3675442,54.616],[615800.2489249,9763785.6627101,54.616],[615800.3964468,9763785.9460971,54.616],[615800.5681061,9763786.2155483,54.616],[615800.7625965,9763786.469013,54.616],[615800.9784377,9763786.7045623,54.616],[615801.213987,9763786.9204035,54.616],[615801.4674517,9763787.1148939,54.616],[615801.7369029,9763787.2865532,54.616],[615802.0202899,9763787.4340751,54.616],[615802.3154558,9763787.5563369,54.616],[615802.6201544,9763787.6524079,54.616],[615802.9320667,9763787.7215572,54.616],[615803.2488187,9763787.7632584,54.616],[615803.568,9763787.7771942,54.616],[615803.8871813,9763787.7632584,54.616],[615804.2039333,9763787.7215572,54.616],[615804.5158456,9763787.6524079,54.616],[615804.8205442,9763787.5563369,54.616],[615805.1157101,9763787.4340751,54.616],[615805.3990971,9763787.2865532,54.616],[615805.6685483,9763787.1148939,54.616],[615805.922013,9763786.9204035,54.616],[615806.1575623,9763786.7045623,54.616],[615806.3734035,9763786.469013,54.616],[615806.5678939,9763786.2155483,54.616],[615806.7395532,9763785.9460971,54.616],[615806.8870751,9763785.6627101,54.616],[615807.0093369,9763785.3675442,54.616],[615807.1054079,9763785.0628456,54.616],[615807.1745572,9763784.7509333,54.616],[615807.2162584,9763784.4341813,54.616],[615807.2301942,9763784.115,54.616]]]]}},
{"type":"Feature","properties":{"Layer":"PTOS_LINDERO_P97","Punto":"P37","X_COORD":615490.99,"Y_COORD":9763711.67},"geometry":{"type":"MultiPolygon","coordinates":[[[[615494.6471942,9763711.671,50.492],[615494.6332584,9763711.3518187,50.492],[615494.5915572,9763711.0350667,50.492],[615494.5224079,9763710.7231544,50.492],[615494.4263369,9763710.4184558,50.492],[615494.3040751,9763710.1232899,50.492],[615494.1565532,9763709.8399029,50.492],[615493.9848939,9763709.5704517,50.492],[615493.7904035,9763709.316987,50.492],[615493.5745623,9763709.0814377,50.492],[615493.339013,9763708.8655965,50.492],[615493.0855483,9763708.6711061,50.492],[615492.8160971,9763708.4994468,50.492],[615492.5327101,9763708.3519249,50.492],[615492.2375442,9763708.2296631,50.492],[615491.9328456,9763708.1335921,50.492],[615491.6209333,9763708.0644428,50.492],[615491.3041813,9763708.0227416,50.492],[615490.985,9763708.0088058,50.492],[615490.6658187,9763708.0227416,50.492],[615490.3490667,9763708.0644428,50.492],[615490.0371544,9763708.1335921,50.492],[615489.7324558,9763708.2296631,50.492],[615489.4372899,9763708.3519249,50.492],[615489.1539029,9763708.4994468,50.492],[615488.8844517,9763708.6711061,50.492],[615488.630987,9763708.8655965,50.492],[615488.3954377,9763709.0814377,50.492],[615488.1795965,9763709.316987,50.492],[615487.9851061,9763709.5704517,50.492],[615487.8134468,9763709.8399029,50.492],[615487.6659249,9763710.1232899,50.492],[615487.5436631,9763710.4184558,50.492],[615487.4475921,9763710.7231544,50.492],[615487.3784428,9763711.0350667,50.492],[615487.3367416,9763711.3518187,50.492],[615487.3228058,9763711.671,50.492],[615487.3367416,9763711.9901813,50.492],[615487.3784428,9763712.3069333,50.492],[615487.4475921,9763712.6188456,50.492],[615487.5436631,9763712.9235442,50.492],[615487.6659249,9763713.2187101,50.492],[615487.8134468,9763713.5020971,50.492],[615487.9851061,9763713.7715483,50.492],[615488.1795965,9763714.025013,50.492],[615488.3954377,9763714.2605623,50.492],[615488.630987,9763714.4764035,50.492],[615488.8844517,9763714.6708939,50.492],[615489.1539029,9763714.8425532,50.492],[615489.4372899,9763714.9900751,50.492],[615489.7324558,9763715.1123369,50.492],[615490.0371544,9763715.2084079,50.492],[615490.3490667,9763715.2775572,50.492],[615490.6658187,9763715.3192584,50.492],[615490.985,9763715.3331942,50.492],[615491.3041813,9763715.3192584,50.492],[615491.6209333,9763715.2775572,50.492],[615491.9328456,9763715.2084079,50.492],[615492.2375442,9763715.1123369,50.492],[615492.5327101,9763714.9900751,50.492],[615492.8160971,9763714.8425532,50.492],[615493.0855483,9763714.6708939,50.492],[615493.339013,9763714.4764035,50.492],[615493.5745623,9763714.2605623,50.492],[615493.7904035,9763714.025013,50.492],[615493.9848939,9763713.7715483,50.492],[615494.1565532,9763713.5020971,50.492],[615494.3040751,9763713.2187101,50.492],[615494.4263369,9763712.9235442,50.492],[615494.5224079,9763712.6188456,50.492],[615494.5915572,9763712.3069333,50.492],[615494.6332584,9763711.9901813,50.492],[615494.6471942,9763711.671,50.492]]]]}},
{"type":"Feature","properties":{"Layer":"PTOS_LINDERO_P97","Punto":"P36","X_COORD":614828.2,"Y_COORD":9763479.5},"geometry":{"type":"MultiPolygon","coordinates":[[[[614831.8581942,9763479.502,0.0],[614831.8442584,9763479.1828187,0.0],[614831.8025572,9763478.8660667,0.0],[614831.7334079,9763478.5541544,0.0],[614831.6373369,9763478.2494558,0.0],[614831.5150751,9763477.9542899,0.0],[614831.3675532,9763477.6709029,0.0],[614831.1958939,9763477.4014517,0.0],[614831.0014035,9763477.147987,0.0],[614830.7855623,9763476.9124377,0.0],[614830.550013,9763476.6965965,0.0],[614830.2965483,9763476.5021061,0.0],[614830.0270971,9763476.3304468,0.0],[614829.7437101,9763476.1829249,0.0],[614829.4485442,9763476.0606631,0.0],[614829.1438456,9763475.9645921,0.0],[614828.8319333,9763475.8954428,0.0],[614828.5151813,9763475.8537416,0.0],[614828.196,9763475.8398058,0.0],[614827.8768187,9763475.8537416,0.0],[614827.5600667,9763475.8954428,0.0],[614827.2481544,9763475.9645921,0.0],[614826.9434558,9763476.0606631,0.0],[614826.6482899,9763476.1829249,0.0],[614826.3649029,9763476.3304468,0.0],[614826.0954517,9763476.5021061,0.0],[614825.841987,9763476.6965965,0.0],[614825.6064377,9763476.9124377,0.0],[614825.3905965,9763477.147987,0.0],[614825.1961061,9763477.4014517,0.0],[614825.0244468,9763477.6709029,0.0],[614824.8769249,9763477.9542899,0.0],[614824.7546631,9763478.2494558,0.0],[614824.6585921,9763478.5541544,0.0],[614824.5894428,9763478.8660667,0.0],[614824.5477416,9763479.1828187,0.0],[614824.5338058,9763479.502,0.0],[614824.5477416,9763479.8211813,0.0],[614824.5894428,9763480.1379333,0.0],[614824.6585921,9763480.4498456,0.0],[614824.7546631,9763480.7545442,0.0],[614824.8769249,9763481.0497101,0.0],[614825.0244468,9763481.3330971,0.0],[614825.1961061,9763481.6025483,0.0],[614825.3905965,9763481.856013,0.0],[614825.6064377,9763482.0915623,0.0],[614825.841987,9763482.3074035,0.0],[614826.0954517,9763482.5018939,0.0],[614826.3649029,9763482.6735532,0.0],[614826.6482899,9763482.8210751,0.0],[614826.9434558,9763482.9433369,0.0],[614827.2481544,9763483.0394079,0.0],[614827.5600667,9763483.1085572,0.0],[614827.8768187,9763483.1502584,0.0],[614828.196,9763483.1641942,0.0],[614828.5151813,9763483.1502584,0.0],[614828.8319333,9763483.1085572,0.0],[614829.1438456,9763483.0394079,0.0],[614829.4485442,9763482.9433369,0.0],[614829.7437101,9763482.8210751,0.0],[614830.0270971,9763482.6735532,0.0],[614830.2965483,9763482.5018939,0.0],[614830.550013,9763482.3074035,0.0],[614830.7855623,9763482.0915623,0.0],[614831.0014035,9763481.856013,0.0],[614831.1958939,9763481.6025483,0.0],[614831.3675532,9763481.3330971,0.0],[614831.5150751,9763481.0497101,0.0],[614831.6373369,9763480.7545442,0.0],[614831.7334079,9763480.4498456,0.0],[614831.8025572,9763480.1379333,0.0],[614831.8442584,9763479.8211813,0.0],[614831.8581942,9763479.502,0.0]]]]}},
{"type":"Feature","properties":{"Layer":"PTOS_LINDERO_P97","Punto":"P35","X_COORD":614745.37,"Y_COORD":9763460.56},"geometry":{"type":"MultiPolygon","coordinates":[[[[614749.0311942,9763460.558,58.591],[614749.0172584,9763460.2388187,58.591],[614748.9755572,9763459.9220667,58.591],[614748.9064079,9763459.6101544,58.591],[614748.8103369,9763459.3054558,58.591],[614748.6880751,9763459.0102899,58.591],[614748.5405532,9763458.7269029,58.591],[614748.3688939,9763458.4574517,58.591],[614748.1744035,9763458.203987,58.591],[614747.9585623,9763457.9684377,58.591],[614747.723013,9763457.7525965,58.591],[614747.4695483,9763457.5581061,58.591],[614747.2000971,9763457.3864468,58.591],[614746.9167101,9763457.2389249,58.591],[614746.6215442,9763457.1166631,58.591],[614746.3168456,9763457.0205921,58.591],[614746.0049333,9763456.9514428,58.591],[614745.6881813,9763456.9097416,58.591],[614745.369,9763456.8958058,58.591],[614745.0498187,9763456.9097416,58.591],[614744.7330667,9763456.9514428,58.591],[614744.4211544,9763457.0205921,58.591],[614744.1164558,9763457.1166631,58.591],[614743.8212899,9763457.2389249,58.591],[614743.5379029,9763457.3864468,58.591],[614743.2684517,9763457.5581061,58.591],[614743.014987,9763457.7525965,58.591],[614742.7794377,9763457.9684377,58.591],[614742.5635965,9763458.203987,58.591],[614742.3691061,9763458.4574517,58.591],[614742.1974468,9763458.7269029,58.591],[614742.0499249,9763459.0102899,58.591],[614741.9276631,9763459.3054558,58.591],[614741.8315921,9763459.6101544,58.591],[614741.7624428,9763459.9220667,58.591],[614741.7207416,9763460.2388187,58.591],[614741.7068058,9763460.558,58.591],[614741.7207416,9763460.8771813,58.591],[614741.7624428,9763461.1939333,58.591],[614741.8315921,9763461.5058456,58.591],[614741.9276631,9763461.8105442,58.591],[614742.0499249,9763462.1057101,58.591],[614742.1974468,9763462.3890971,58.591],[614742.3691061,9763462.6585483,58.591],[614742.5635965,9763462.912013,58.591],[614742.7794377,9763463.1475623,58.591],[614743.014987,9763463.3634035,58.591],[614743.2684517,9763463.5578939,58.591],[614743.5379029,9763463.7295532,58.591],[614743.8212899,9763463.8770751,58.591],[614744.1164558,9763463.9993369,58.591],[614744.4211544,9763464.0954079,58.591],[614744.7330667,9763464.1645572,58.591],[614745.0498187,9763464.2062584,58.591],[614745.369,9763464.2201942,58.591],[614745.6881813,9763464.2062584,58.591],[614746.0049333,9763464.1645572,58.591],[614746.3168456,9763464.0954079,58.591],[614746.6215442,9763463.9993369,58.591],[614746.9167101,9763463.8770751,58.591],[614747.2000971,9763463.7295532,58.591],[614747.4695483,9763463.5578939,58.591],[614747.723013,9763463.3634035,58.591],[614747.9585623,9763463.1475623,58.591],[614748.1744035,9763462.912013,58.591],[614748.3688939,9763462.6585483,58.591],[614748.5405532,9763462.3890971,58.591],[614748.6880751,9763462.1057101,58.591],[614748.8103369,9763461.8105442,58.591],[614748.9064079,9763461.5058456,58.591],[614748.9755572,9763461.1939333,58.591],[614749.0172584,9763460.8771813,58.591],[614749.0311942,9763460.558,58.591]]]]}},
{"type":"Feature","properties":{"Layer":"PTOS_LINDERO_P97","Punto":"P18","X_COORD":613745.29,"Y_COORD":9761905.76},"geometry":{"type":"MultiPolygon","coordinates":[[[[613748.9561942,9761905.762,372.07],[613748.9422584,9761905.4428187,372.07],[613748.9005572,9761905.1260667,372.07],[613748.8314079,9761904.8141544,372.07],[613748.7353369,9761904.5094558,372.07],[613748.6130751,9761904.2142899,372.07],[613748.4655532,9761903.9309029,372.07],[613748.2938939,9761903.6614517,372.07],[613748.0994035,9761903.407987,372.07],[613747.8835623,9761903.1724377,372.07],[613747.648013,9761902.9565965,372.07],[613747.3945483,9761902.7621061,372.07],[613747.1250971,9761902.5904468,372.07],[613746.8417101,9761902.4429249,372.07],[613746.5465442,9761902.3206631,372.07],[613746.2418456,9761902.2245921,372.07],[613745.9299333,9761902.1554428,372.07],[613745.6131813,9761902.1137416,372.07],[613745.294,9761902.0998058,372.07],[613744.9748187,9761902.1137416,372.07],[613744.6580667,9761902.1554428,372.07],[613744.3461544,9761902.2245921,372.07],[613744.0414558,9761902.3206631,372.07],[613743.7462899,9761902.4429249,372.07],[613743.4629029,9761902.5904468,372.07],[613743.1934517,9761902.7621061,372.07],[613742.939987,9761902.9565965,372.07],[613742.7044377,9761903.1724377,372.07],[613742.4885965,9761903.407987,372.07],[613742.2941061,9761903.6614517,372.07],[613742.1224468,9761903.9309029,372.07],[613741.9749249,9761904.2142899,372.07],[613741.8526631,9761904.5094558,372.07],[613741.7565921,9761904.8141544,372.07],[613741.6874428,9761905.1260667,372.07],[613741.6457416,9761905.4428187,372.07],[613741.6318058,9761905.762,372.07],[613741.6457416,9761906.0811813,372.07],[613741.6874428,9761906.3979333,372.07],[613741.7565921,9761906.7098456,372.07],[613741.8526631,9761907.0145442,372.07],[613741.9749249,9761907.3097101,372.07],[613742.1224468,9761907.5930971,372.07],[613742.2941061,9761907.8625483,372.07],[613742.4885965,9761908.116013,372.07],[613742.7044377,9761908.3515623,372.07],[613742.939987,9761908.5674035,372.07],[613743.1934517,9761908.7618939,372.07],[613743.4629029,9761908.9335532,372.07],[613743.7462899,9761909.0810751,372.07],[613744.0414558,9761909.2033369,372.07],[613744.3461544,9761909.2994079,372.07],[613744.6580667,9761909.3685572,372.07],[613744.9748187,9761909.4102584,372.07],[613745.294,9761909.4241942,372.07],[613745.6131813,9761909.4102584,372.07],[613745.9299333,9761909.3685572,372.07],[613746.2418456,9761909.2994079,372.07],[613746.5465442,9761909.2033369,372.07],[613746.8417101,9761909.0810751,372.07],[613747.1250971,9761908.9335532,372.07],[613747.3945483,9761908.7618939,372.07],[613747.648013,9761908.5674035,372.07],[613747.8835623,9761908.3515623,372.07],[613748.0994035,9761908.116013,372.07],[613748.2938939,9761907.8625483,372.07],[613748.4655532,9761907.5930971,372.07],[613748.6130751,9761907.3097101,372.07],[613748.7353369,9761907.0145442,372.07],[613748.8314079,9761906.7098456,372.07],[613748.9005572,9761906.3979333,372.07],[613748.9422584,9761906.0811813,372.07],[613748.9561942,9761905.762,372.07]]]]}},
{"type":"Feature","properties":{"Layer":"PTOS_LINDERO_P97","Punto":"P16","X_COORD":613881.78,"Y_COORD":9761980.42},"geometry":{"type":"MultiPolygon","coordinates":[[[[613885.4461942,9761980.419,362.462],[613885.4322584,9761980.0998187,362.462],[613885.3905572,9761979.7830667,362.462],[613885.3214079,9761979.4711544,362.462],[613885.2253369,9761979.1664558,362.462],[613885.1030751,9761978.8712899,362.462],[613884.9555532,9761978.5879029,362.462],[613884.7838939,9761978.3184517,362.462],[613884.5894035,9761978.064987,362.462],[613884.3735623,9761977.8294377,362.462],[613884.138013,9761977.6135965,362.462],[613883.8845483,9761977.4191061,362.462],[613883.6150971,9761977.2474468,362.462],[613883.3317101,9761977.0999249,362.462],[613883.0365442,9761976.9776631,362.462],[613882.7318456,9761976.8815921,362.462],[613882.4199333,9761976.8124428,362.462],[613882.1031813,9761976.7707416,362.462],[613881.784,9761976.7568058,362.462],[613881.4648187,9761976.7707416,362.462],[613881.1480667,9761976.8124428,362.462],[613880.8361544,9761976.8815921,362.462],[613880.5314558,9761976.9776631,362.462],[613880.2362899,9761977.0999249,362.462],[613879.9529029,9761977.2474468,362.462],[613879.6834517,9761977.4191061,362.462],[613879.429987,9761977.6135965,362.462],[613879.1944377,9761977.8294377,362.462],[613878.9785965,9761978.064987,362.462],[613878.7841061,9761978.3184517,362.462],[613878.6124468,9761978.5879029,362.462],[613878.4649249,9761978.8712899,362.462],[613878.3426631,9761979.1664558,362.462],[613878.2465921,9761979.4711544,362.462],[613878.1774428,9761979.7830667,362.462],[613878.1357416,9761980.0998187,362.462],[613878.1218058,9761980.419,362.462],[613878.1357416,9761980.7381813,362.462],[613878.1774428,9761981.0549333,362.462],[613878.2465921,9761981.3668456,362.462],[613878.3426631,9761981.6715442,362.462],[613878.4649249,9761981.9667101,362.462],[613878.6124468,9761982.2500971,362.462],[613878.7841061,9761982.5195483,362.462],[613878.9785965,9761982.773013,362.462],[613879.1944377,9761983.0085623,362.462],[613879.429987,9761983.2244035,362.462],[613879.6834517,9761983.4188939,362.462],[613879.9529029,9761983.5905532,362.462],[613880.2362899,9761983.7380751,362.462],[613880.5314558,9761983.8603369,362.462],[613880.8361544,9761983.9564079,362.462],[613881.1480667,9761984.0255572,362.462],[613881.4648187,9761984.0672584,362.462],[613881.784,9761984.0811942,362.462],[613882.1031813,9761984.0672584,362.462],[613882.4199333,9761984.0255572,362.462],[613882.7318456,9761983.9564079,362.462],[613883.0365442,9761983.8603369,362.462],[613883.3317101,9761983.7380751,362.462],[613883.6150971,9761983.5905532,362.462],[613883.8845483,9761983.4188939,362.462],[613884.138013,9761983.2244035,362.462],[613884.3735623,9761983.0085623,362.462],[613884.5894035,9761982.773013,362.462],[613884.7838939,9761982.5195483,362.462],[613884.9555532,9761982.2500971,362.462],[613885.1030751,9761981.9667101,362.462],[613885.2253369,9761981.6715442,362.462],[613885.3214079,9761981.3668456,362.462],[613885.3905572,9761981.0549333,362.462],[613885.4322584,9761980.7381813,362.462],[613885.4461942,9761980.419,362.462]]]]}},
{"type":"Feature","properties":{"Layer":"PTOS_LINDERO_P97","Punto":"LNAUX4","X_COORD":613945.04,"Y_COORD":9762055.04},"geometry":{"type":"MultiPolygon","coordinates":[[[[613948.6971942,9762055.035,254.308],[613948.6832584,9762054.7158187,254.308],[613948.6415572,9762054.3990667,254.308],[613948.5724079,9762054.0871544,254.308],[613948.4763369,9762053.7824558,254.308],[613948.3540751,9762053.4872899,254.308],[613948.2065532,9762053.2039029,254.308],[613948.0348939,9762052.9344517,254.308],[613947.8404035,9762052.680987,254.308],[613947.6245623,9762052.4454377,254.308],[613947.389013,9762052.2295965,254.308],[613947.1355483,9762052.0351061,254.308],[613946.8660971,9762051.8634468,254.308],[613946.5827101,9762051.7159249,254.308],[613946.2875442,9762051.5936631,254.308],[613945.9828456,9762051.4975921,254.308],[613945.6709333,9762051.4284428,254.308],[613945.3541813,9762051.3867416,254.308],[613945.035,9762051.3728058,254.308],[613944.7158187,9762051.3867416,254.308],[613944.3990667,9762051.4284428,254.308],[613944.0871544,9762051.4975921,254.308],[613943.7824558,9762051.5936631,254.308],[613943.4872899,9762051.7159249,254.308],[613943.2039029,9762051.8634468,254.308],[613942.9344517,9762052.0351061,254.308],[613942.680987,9762052.2295965,254.308],[613942.4454377,9762052.4454377,254.308],[613942.2295965,9762052.680987,254.308],[613942.0351061,9762052.9344517,254.308],[613941.8634468,9762053.2039029,254.308],[613941.7159249,9762053.4872899,254.308],[613941.5936631,9762053.7824558,254.308],[613941.4975921,9762054.0871544,254.308],[613941.4284428,9762054.3990667,254.308],[613941.3867416,9762054.7158187,254.308],[613941.3728058,9762055.035,254.308],[613941.3867416,9762055.3541813,254.308],[613941.4284428,9762055.6709333,254.308],[613941.4975921,9762055.9828456,254.308],[613941.5936631,9762056.2875442,254.308],[613941.7159249,9762056.5827101,254.308],[613941.8634468,9762056.8660971,254.308],[613942.0351061,9762057.1355483,254.308],[613942.2295965,9762057.389013,254.308],[613942.4454377,9762057.6245623,254.308],[613942.680987,9762057.8404035,254.308],[613942.9344517,9762058.0348939,254.308],[613943.2039029,9762058.2065532,254.308],[613943.4872899,9762058.3540751,254.308],[613943.7824558,9762058.4763369,254.308],[613944.0871544,9762058.5724079,254.308],[613944.3990667,9762058.6415572,254.308],[613944.7158187,9762058.6832584,254.308],[613945.035,9762058.6971942,254.308],[613945.3541813,9762058.6832584,254.308],[613945.6709333,9762058.6415572,254.308],[613945.9828456,9762058.5724079,254.308],[613946.2875442,9762058.4763369,254.308],[613946.5827101,9762058.3540751,254.308],[613946.8660971,9762058.2065532,254.308],[613947.1355483,9762058.0348939,254.308],[613947.389013,9762057.8404035,254.308],[613947.6245623,9762057.6245623,254.308],[613947.8404035,9762057.389013,254.308],[613948.0348939,9762057.1355483,254.308],[613948.2065532,9762056.8660971,254.308],[613948.3540751,9762056.5827101,254.308],[613948.4763369,9762056.2875442,254.308],[613948.5724079,9762055.9828456,254.308],[613948.6415572,9762055.6709333,254.308],[613948.6832584,9762055.3541813,254.308],[613948.6971942,9762055.035,254.308]]]]}},
{"type":"Feature","properties":{"Layer":"PTOS_LINDERO_P97","Punto":"P34","X_COORD":614718.85,"Y_COORD":9763465.78},"geometry":{"type":"MultiPolygon","coordinates":[[[[614722.5091942,9763465.782,58.291],[614722.4952584,9763465.4628187,58.291],[614722.4535572,9763465.1460667,58.291],[614722.3844079,9763464.8341544,58.291],[614722.2883369,9763464.5294558,58.291],[614722.1660751,9763464.2342899,58.291],[614722.0185532,9763463.9509029,58.291],[614721.8468939,9763463.6814517,58.291],[614721.6524035,9763463.427987,58.291],[614721.4365623,9763463.1924377,58.291],[614721.201013,9763462.9765965,58.291],[614720.9475483,9763462.7821061,58.291],[614720.6780971,9763462.6104468,58.291],[614720.3947101,9763462.4629249,58.291],[614720.0995442,9763462.3406631,58.291],[614719.7948456,9763462.2445921,58.291],[614719.4829333,9763462.1754428,58.291],[614719.1661813,9763462.1337416,58.291],[614718.847,9763462.1198058,58.291],[614718.5278187,9763462.1337416,58.291],[614718.2110667,9763462.1754428,58.291],[614717.8991544,9763462.2445921,58.291],[614717.5944558,9763462.3406631,58.291],[614717.2992899,9763462.4629249,58.291],[614717.0159029,9763462.6104468,58.291],[614716.7464517,9763462.7821061,58.291],[614716.492987,9763462.9765965,58.291],[614716.2574377,9763463.1924377,58.291],[614716.0415965,9763463.427987,58.291],[614715.8471061,9763463.6814517,58.291],[614715.6754468,9763463.9509029,58.291],[614715.5279249,9763464.2342899,58.291],[614715.4056631,9763464.5294558,58.291],[614715.3095921,9763464.8341544,58.291],[614715.2404428,9763465.1460667,58.291],[614715.1987416,9763465.4628187,58.291],[614715.1848058,9763465.782,58.291],[614715.1987416,9763466.1011813,58.291],[614715.2404428,9763466.4179333,58.291],[614715.3095921,9763466.7298456,58.291],[614715.4056631,9763467.0345442,58.291],[614715.5279249,9763467.3297101,58.291],[614715.6754468,9763467.6130971,58.291],[614715.8471061,9763467.8825483,58.291],[614716.0415965,9763468.136013,58.291],[614716.2574377,9763468.3715623,58.291],[614716.492987,9763468.5874035,58.291],[614716.7464517,9763468.7818939,58.291],[614717.0159029,9763468.9535532,58.291],[614717.2992899,9763469.1010751,58.291],[614717.5944558,9763469.2233369,58.291],[614717.8991544,9763469.3194079,58.291],[614718.2110667,9763469.3885572,58.291],[614718.5278187,9763469.4302584,58.291],[614718.847,9763469.4441942,58.291],[614719.1661813,9763469.4302584,58.291],[614719.4829333,9763469.3885572,58.291],[614719.7948456,9763469.3194079,58.291],[614720.0995442,9763469.2233369,58.291],[614720.3947101,9763469.1010751,58.291],[614720.6780971,9763468.9535532,58.291],[614720.9475483,9763468.7818939,58.291],[614721.201013,9763468.5874035,58.291],[614721.4365623,9763468.3715623,58.291],[614721.6524035,9763468.136013,58.291],[614721.8468939,9763467.8825483,58.291],[614722.0185532,9763467.6130971,58.291],[614722.1660751,9763467.3297101,58.291],[614722.2883369,9763467.0345442,58.291],[614722.3844079,9763466.7298456,58.291],[614722.4535572,9763466.4179333,58.291],[614722.4952584,9763466.1011813,58.291],[614722.5091942,9763465.782,58.291]]]]}},
{"type":"Feature","properties":{"Layer":"PTOS_LINDERO_P97","Punto":"LNAUX1","X_COORD":613299.0,"Y_COORD":9762948.0},"geometry":{"type":"MultiPolygon","coordinates":[[[[613302.6621942,9762948.0,254.308],[613302.6482584,9762947.6808187,254.308],[613302.6065572,9762947.3640667,254.308],[613302.5374079,9762947.0521544,254.308],[613302.4413369,9762946.7474558,254.308],[613302.3190751,9762946.4522899,254.308],[613302.1715532,9762946.1689029,254.308],[613301.9998939,9762945.8994517,254.308],[613301.8054035,9762945.645987,254.308],[613301.5895623,9762945.4104377,254.308],[613301.354013,9762945.1945965,254.308],[613301.1005483,9762945.0001061,254.308],[613300.8310971,9762944.8284468,254.308],[613300.5477101,9762944.6809249,254.308],[613300.2525442,9762944.5586631,254.308],[613299.9478456,9762944.4625921,254.308],[613299.6359333,9762944.3934428,254.308],[613299.3191813,9762944.3517416,254.308],[613299.0,9762944.3378058,254.308],[613298.6808187,9762944.3517416,254.308],[613298.3640667,9762944.3934428,254.308],[613298.0521544,9762944.4625921,254.308],[613297.7474558,9762944.5586631,254.308],[613297.4522899,9762944.6809249,254.308],[613297.1689029,9762944.8284468,254.308],[613296.8994517,9762945.0001061,254.308],[613296.645987,9762945.1945965,254.308],[613296.4104377,9762945.4104377,254.308],[613296.1945965,9762945.645987,254.308],[613296.0001061,9762945.8994517,254.308],[613295.8284468,9762946.1689029,254.308],[613295.6809249,9762946.4522899,254.308],[613295.5586631,9762946.7474558,254.308],[613295.4625921,9762947.0521544,254.308],[613295.3934428,9762947.3640667,254.308],[613295.3517416,9762947.6808187,254.308],[613295.3378058,9762948.0,254.308],[613295.3517416,9762948.3191813,254.308],[613295.3934428,9762948.6359333,254.308],[613295.4625921,9762948.9478456,254.308],[613295.5586631,9762949.2525442,254.308],[613295.6809249,9762949.5477101,254.308],[613295.8284468,9762949.8310971,254.308],[613296.0001061,9762950.1005483,254.308],[613296.1945965,9762950.354013,254.308],[613296.4104377,9762950.5895623,254.308],[613296.645987,9762950.8054035,254.308],[613296.8994517,9762950.9998939,254.308],[613297.1689029,9762951.1715532,254.308],[613297.4522899,9762951.3190751,254.308],[613297.7474558,9762951.4413369,254.308],[613298.0521544,9762951.5374079,254.308],[613298.3640667,9762951.6065572,254.308],[613298.6808187,9762951.6482584,254.308],[613299.0,9762951.6621942,254.308],[613299.3191813,9762951.6482584,254.308],[613299.6359333,9762951.6065572,254.308],[613299.9478456,9762951.5374079,254.308],[613300.2525442,9762951.4413369,254.308],[613300.5477101,9762951.3190751,254.308],[613300.8310971,9762951.1715532,254.308],[613301.1005483,9762950.9998939,254.308],[613301.354013,9762950.8054035,254.308],[613301.5895623,9762950.5895623,254.308],[613301.8054035,9762950.354013,254.308],[613301.9998939,9762950.1005483,254.308],[613302.1715532,9762949.8310971,254.308],[613302.3190751,9762949.5477101,254.308],[613302.4413369,9762949.2525442,254.308],[613302.5374079,9762948.9478456,254.308],[613302.6065572,9762948.6359333,254.308],[613302.6482584,9762948.3191813,254.308],[613302.6621942,9762948.0,254.308]]]]}},
{"type":"Feature","properties":{"Layer":"PTOS_LINDERO_P97","Punto":"LNAUX2","X_COORD":613235.0,"Y_COORD":9762890.0},"geometry":{"type":"MultiPolygon","coordinates":[[[[613238.6621942,9762890.0,254.308],[613238.6482584,9762889.6808187,254.308],[613238.6065572,9762889.3640667,254.308],[613238.5374079,9762889.0521544,254.308],[613238.4413369,9762888.7474558,254.308],[613238.3190751,9762888.4522899,254.308],[613238.1715532,9762888.1689029,254.308],[613237.9998939,9762887.8994517,254.308],[613237.8054035,9762887.645987,254.308],[613237.5895623,9762887.4104377,254.308],[613237.354013,9762887.1945965,254.308],[613237.1005483,9762887.0001061,254.308],[613236.8310971,9762886.8284468,254.308],[613236.5477101,9762886.6809249,254.308],[613236.2525442,9762886.5586631,254.308],[613235.9478456,9762886.4625921,254.308],[613235.6359333,9762886.3934428,254.308],[613235.3191813,9762886.3517416,254.308],[613235.0,9762886.3378058,254.308],[613234.6808187,9762886.3517416,254.308],[613234.3640667,9762886.3934428,254.308],[613234.0521544,9762886.4625921,254.308],[613233.7474558,9762886.5586631,254.308],[613233.4522899,9762886.6809249,254.308],[613233.1689029,9762886.8284468,254.308],[613232.8994517,9762887.0001061,254.308],[613232.645987,9762887.1945965,254.308],[613232.4104377,9762887.4104377,254.308],[613232.1945965,9762887.645987,254.308],[613232.0001061,9762887.8994517,254.308],[613231.8284468,9762888.1689029,254.308],[613231.6809249,9762888.4522899,254.308],[613231.5586631,9762888.7474558,254.308],[613231.4625921,9762889.0521544,254.308],[613231.3934428,9762889.3640667,254.308],[613231.3517416,9762889.6808187,254.308],[613231.3378058,9762890.0,254.308],[613231.3517416,9762890.3191813,254.308],[613231.3934428,9762890.6359333,254.308],[613231.4625921,9762890.9478456,254.308],[613231.5586631,9762891.2525442,254.308],[613231.6809249,9762891.5477101,254.308],[613231.8284468,9762891.8310971,254.308],[613232.0001061,9762892.1005483,254.308],[613232.1945965,9762892.354013,254.308],[613232.4104377,9762892.5895623,254.308],[613232.645987,9762892.8054035,254.308],[613232.8994517,9762892.9998939,254.308],[613233.1689029,9762893.1715532,254.308],[613233.4522899,9762893.3190751,254.308],[613233.7474558,9762893.4413369,254.308],[613234.0521544,9762893.5374079,254.308],[613234.3640667,9762893.6065572,254.308],[613234.6808187,9762893.6482584,254.308],[613235.0,9762893.6621942,254.308],[613235.3191813,9762893.6482584,254.308],[613235.6359333,9762893.6065572,254.308],[613235.9478456,9762893.5374079,254.308],[613236.2525442,9762893.4413369,254.308],[613236.5477101,9762893.3190751,254.308],[613236.8310971,9762893.1715532,254.308],[613237.1005483,9762892.9998939,254.308],[613237.354013,9762892.8054035,254.308],[613237.5895623,9762892.5895623,254.308],[613237.8054035,9762892.354013,254.308],[613237.9998939,9762892.1005483,254.308],[613238.1715532,9762891.8310971,254.308],[613238.3190751,9762891.5477101,254.308],[613238.4413369,9762891.2525442,254.308],[613238.5374079,9762890.9478456,254.308],[613238.6065572,9762890.6359333,254.308],[613238.6482584,9762890.3191813,254.308],[613238.6621942,9762890.0,254.308]]]]}},
{"type":"Feature","properties":{"Layer":"PTOS_LINDERO_P97","Punto":"LNAUX3","X_COORD":613162.0,"Y_COORD":9762548.0},"geometry":{"type":"MultiPolygon","coordinates":[[[[613165.6621942,9762548.0,254.308],[613165.6482584,9762547.6808187,254.308],[613165.6065572,9762547.3640667,254.308],[613165.5374079,9762547.0521544,254.308],[613165.4413369,9762546.7474558,254.308],[613165.3190751,9762546.4522899,254.308],[613165.1715532,9762546.1689029,254.308],[613164.9998939,9762545.8994517,254.308],[613164.8054035,9762545.645987,254.308],[613164.5895623,9762545.4104377,254.308],[613164.354013,9762545.1945965,254.308],[613164.1005483,9762545.0001061,254.308],[613163.8310971,9762544.8284468,254.308],[613163.5477101,9762544.6809249,254.308],[613163.2525442,9762544.5586631,254.308],[613162.9478456,9762544.4625921,254.308],[613162.6359333,9762544.3934428,254.308],[613162.3191813,9762544.3517416,254.308],[613162.0,9762544.3378058,254.308],[613161.6808187,9762544.3517416,254.308],[613161.3640667,9762544.3934428,254.308],[613161.0521544,9762544.4625921,254.308],[613160.7474558,9762544.5586631,254.308],[613160.4522899,9762544.6809249,254.308],[613160.1689029,9762544.8284468,254.308],[613159.8994517,9762545.0001061,254.308],[613159.645987,9762545.1945965,254.308],[613159.4104377,9762545.4104377,254.308],[613159.1945965,9762545.645987,254.308],[613159.0001061,9762545.8994517,254.308],[613158.8284468,9762546.1689029,254.308],[613158.6809249,9762546.4522899,254.308],[613158.5586631,9762546.7474558,254.308],[613158.4625921,9762547.0521544,254.308],[613158.3934428,9762547.3640667,254.308],[613158.3517416,9762547.6808187,254.308],[613158.3378058,9762548.0,254.308],[613158.3517416,9762548.3191813,254.308],[613158.3934428,9762548.6359333,254.308],[613158.4625921,9762548.9478456,254.308],[613158.5586631,9762549.2525442,254.308],[613158.6809249,9762549.5477101,254.308],[613158.8284468,9762549.8310971,254.308],[613159.0001061,9762550.1005483,254.308],[613159.1945965,9762550.354013,254.308],[613159.4104377,9762550.5895623,254.308],[613159.645987,9762550.8054035,254.308],[613159.8994517,9762550.9998939,254.308],[613160.1689029,9762551.1715532,254.308],[613160.4522899,9762551.3190751,254.308],[613160.7474558,9762551.4413369,254.308],[613161.0521544,9762551.5374079,254.308],[613161.3640667,9762551.6065572,254.308],[613161.6808187,9762551.6482584,254.308],[613162.0,9762551.6621942,254.308],[613162.3191813,9762551.6482584,254.308],[613162.6359333,9762551.6065572,254.308],[613162.9478456,9762551.5374079,254.308],[613163.2525442,9762551.4413369,254.308],[613163.5477101,9762551.3190751,254.308],[613163.8310971,9762551.1715532,254.308],[613164.1005483,9762550.9998939,254.308],[613164.354013,9762550.8054035,254.308],[613164.5895623,9762550.5895623,254.308],[613164.8054035,9762550.354013,254.308],[613164.9998939,9762550.1005483,254.308],[613165.1715532,9762549.8310971,254.308],[613165.3190751,9762549.5477101,254.308],[613165.4413369,9762549.2525442,254.308],[613165.5374079,9762548.9478456,254.308],[613165.6065572,9762548.6359333,254.308],[613165.6482584,9762548.3191813,254.308],[613165.6621942,9762548.0,254.308]]]]}},
{"type":"Feature","properties":{"Layer":"PTOS_LINDERO_P97","Punto":"NL9","X_COORD":613156.25,"Y_COORD":9762166.2},"geometry":{"type":"MultiPolygon","coordinates":[[[[613159.9161942,9762166.2,254.308],[613159.9022584,9762165.8808187,254.308],[613159.8605572,9762165.5640667,254.308],[613159.7914079,9762165.2521544,254.308],[613159.6953369,9762164.9474558,254.308],[613159.5730751,9762164.6522899,254.308],[613159.4255532,9762164.3689029,254.308],[613159.2538939,9762164.0994517,254.308],[613159.0594035,9762163.845987,254.308],[613158.8435623,9762163.6104377,254.308],[613158.608013,9762163.3945965,254.308],[613158.3545483,9762163.2001061,254.308],[613158.0850971,9762163.0284468,254.308],[613157.8017101,9762162.8809249,254.308],[613157.5065442,9762162.7586631,254.308],[613157.2018456,9762162.6625921,254.308],[613156.8899333,9762162.5934428,254.308],[613156.5731813,9762162.5517416,254.308],[613156.254,9762162.5378058,254.308],[613155.9348187,9762162.5517416,254.308],[613155.6180667,9762162.5934428,254.308],[613155.3061544,9762162.6625921,254.308],[613155.0014558,9762162.7586631,254.308],[613154.7062899,9762162.8809249,254.308],[613154.4229029,9762163.0284468,254.308],[613154.1534517,9762163.2001061,254.308],[613153.899987,9762163.3945965,254.308],[613153.6644377,9762163.6104377,254.308],[613153.4485965,9762163.845987,254.308],[613153.2541061,9762164.0994517,254.308],[613153.0824468,9762164.3689029,254.308],[613152.9349249,9762164.6522899,254.308],[613152.8126631,9762164.9474558,254.308],[613152.7165921,9762165.2521544,254.308],[613152.6474428,9762165.5640667,254.308],[613152.6057416,9762165.8808187,254.308],[613152.5918058,9762166.2,254.308],[613152.6057416,9762166.5191813,254.308],[613152.6474428,9762166.8359333,254.308],[613152.7165921,9762167.1478456,254.308],[613152.8126631,9762167.4525442,254.308],[613152.9349249,9762167.7477101,254.308],[613153.0824468,9762168.0310971,254.308],[613153.2541061,9762168.3005483,254.308],[613153.4485965,9762168.554013,254.308],[613153.6644377,9762168.7895623,254.308],[613153.899987,9762169.0054035,254.308],[613154.1534517,9762169.1998939,254.308],[613154.4229029,9762169.3715532,254.308],[613154.7062899,9762169.5190751,254.308],[613155.0014558,9762169.6413369,254.308],[613155.3061544,9762169.7374079,254.308],[613155.6180667,9762169.8065572,254.308],[613155.9348187,9762169.8482584,254.308],[613156.254,9762169.8621942,254.308],[613156.5731813,9762169.8482584,254.308],[613156.8899333,9762169.8065572,254.308],[613157.2018456,9762169.7374079,254.308],[613157.5065442,9762169.6413369,254.308],[613157.8017101,9762169.5190751,254.308],[613158.0850971,9762169.3715532,254.308],[613158.3545483,9762169.1998939,254.308],[613158.608013,9762169.0054035,254.308],[613158.8435623,9762168.7895623,254.308],[613159.0594035,9762168.554013,254.308],[613159.2538939,9762168.3005483,254.308],[613159.4255532,9762168.0310971,254.308],[613159.5730751,9762167.7477101,254.308],[613159.6953369,9762167.4525442,254.308],[613159.7914079,9762167.1478456,254.308],[613159.8605572,9762166.8359333,254.308],[613159.9022584,9762166.5191813,254.308],[613159.9161942,9762166.2,254.308]]]]}},
{"type":"Feature","properties":{"Layer":"PTOS_LINDERO_P97","Punto":"NL8","X_COORD":613319.37,"Y_COORD":9761973.98},"geometry":{"type":"MultiPolygon","coordinates":[[[[613323.0321942,9761973.982,254.308],[613323.0182584,9761973.6628187,254.308],[613322.9765572,9761973.3460667,254.308],[613322.9074079,9761973.0341544,254.308],[613322.8113369,9761972.7294558,254.308],[613322.6890751,9761972.4342899,254.308],[613322.5415532,9761972.1509029,254.308],[613322.3698939,9761971.8814517,254.308],[613322.1754035,9761971.627987,254.308],[613321.9595623,9761971.3924377,254.308],[613321.724013,9761971.1765965,254.308],[613321.4705483,9761970.9821061,254.308],[613321.2010971,9761970.8104468,254.308],[613320.9177101,9761970.6629249,254.308],[613320.6225442,9761970.5406631,254.308],[613320.3178456,9761970.4445921,254.308],[613320.0059333,9761970.3754428,254.308],[613319.6891813,9761970.3337416,254.308],[613319.37,9761970.3198058,254.308],[613319.0508187,9761970.3337416,254.308],[613318.7340667,9761970.3754428,254.308],[613318.4221544,9761970.4445921,254.308],[613318.1174558,9761970.5406631,254.308],[613317.8222899,9761970.6629249,254.308],[613317.5389029,9761970.8104468,254.308],[613317.2694517,9761970.9821061,254.308],[613317.015987,9761971.1765965,254.308],[613316.7804377,9761971.3924377,254.308],[613316.5645965,9761971.627987,254.308],[613316.3701061,9761971.8814517,254.308],[613316.1984468,9761972.1509029,254.308],[613316.0509249,9761972.4342899,254.308],[613315.9286631,9761972.7294558,254.308],[613315.8325921,9761973.0341544,254.308],[613315.7634428,9761973.3460667,254.308],[613315.7217416,9761973.6628187,254.308],[613315.7078058,9761973.982,254.308],[613315.7217416,9761974.3011813,254.308],[613315.7634428,9761974.6179333,254.308],[613315.8325921,9761974.9298456,254.308],[613315.9286631,9761975.2345442,254.308],[613316.0509249,9761975.5297101,254.308],[613316.1984468,9761975.8130971,254.308],[613316.3701061,9761976.0825483,254.308],[613316.5645965,9761976.336013,254.308],[613316.7804377,9761976.5715623,254.308],[613317.015987,9761976.7874035,254.308],[613317.2694517,9761976.9818939,254.308],[613317.5389029,9761977.1535532,254.308],[613317.8222899,9761977.3010751,254.308],[613318.1174558,9761977.4233369,254.308],[613318.4221544,9761977.5194079,254.308],[613318.7340667,9761977.5885572,254.308],[613319.0508187,9761977.6302584,254.308],[613319.37,9761977.6441942,254.308],[613319.6891813,9761977.6302584,254.308],[613320.0059333,9761977.5885572,254.308],[613320.3178456,9761977.5194079,254.308],[613320.6225442,9761977.4233369,254.308],[613320.9177101,9761977.3010751,254.308],[613321.2010971,9761977.1535532,254.308],[613321.4705483,9761976.9818939,254.308],[613321.724013,9761976.7874035,254.308],[613321.9595623,9761976.5715623,254.308],[613322.1754035,9761976.336013,254.308],[613322.3698939,9761976.0825483,254.308],[613322.5415532,9761975.8130971,254.308],[613322.6890751,9761975.5297101,254.308],[613322.8113369,9761975.2345442,254.308],[613322.9074079,9761974.9298456,254.308],[613322.9765572,9761974.6179333,254.308],[613323.0182584,9761974.3011813,254.308],[613323.0321942,9761973.982,254.308]]]]}},
{"type":"Feature","properties":{"Layer":"PTOS_LINDERO_P97","Punto":"LNAUX5","X_COORD":614492.59,"Y_COORD":9761791.9},"geometry":{"type":"MultiPolygon","coordinates":[[[[614496.2521942,9761791.904,254.308],[614496.2382584,9761791.5848187,254.308],[614496.1965572,9761791.2680667,254.308],[614496.1274079,9761790.9561544,254.308],[614496.0313369,9761790.6514558,254.308],[614495.9090751,9761790.3562899,254.308],[614495.7615532,9761790.0729029,254.308],[614495.5898939,9761789.8034517,254.308],[614495.3954035,9761789.549987,254.308],[614495.1795623,9761789.3144377,254.308],[614494.944013,9761789.0985965,254.308],[614494.6905483,9761788.9041061,254.308],[614494.4210971,9761788.7324468,254.308],[614494.1377101,9761788.5849249,254.308],[614493.8425442,9761788.4626631,254.308],[614493.5378456,9761788.3665921,254.308],[614493.2259333,9761788.2974428,254.308],[614492.9091813,9761788.2557416,254.308],[614492.59,9761788.2418058,254.308],[614492.2708187,9761788.2557416,254.308],[614491.9540667,9761788.2974428,254.308],[614491.6421544,9761788.3665921,254.308],[614491.3374558,9761788.4626631,254.308],[614491.0422899,9761788.5849249,254.308],[614490.7589029,9761788.7324468,254.308],[614490.4894517,9761788.9041061,254.308],[614490.235987,9761789.0985965,254.308],[614490.0004377,9761789.3144377,254.308],[614489.7845965,9761789.549987,254.308],[614489.5901061,9761789.8034517,254.308],[614489.4184468,9761790.0729029,254.308],[614489.2709249,9761790.3562899,254.308],[614489.1486631,9761790.6514558,254.308],[614489.0525921,9761790.9561544,254.308],[614488.9834428,9761791.2680667,254.308],[614488.9417416,9761791.5848187,254.308],[614488.9278058,9761791.904,254.308],[614488.9417416,9761792.2231813,254.308],[614488.9834428,9761792.5399333,254.308],[614489.0525921,9761792.8518456,254.308],[614489.1486631,9761793.1565442,254.308],[614489.2709249,9761793.4517101,254.308],[614489.4184468,9761793.7350971,254.308],[614489.5901061,9761794.0045483,254.308],[614489.7845965,9761794.258013,254.308],[614490.0004377,9761794.4935623,254.308],[614490.235987,9761794.7094035,254.308],[614490.4894517,9761794.9038939,254.308],[614490.7589029,9761795.0755532,254.308],[614491.0422899,9761795.2230751,254.308],[614491.3374558,9761795.3453369,254.308],[614491.6421544,9761795.4414079,254.308],[614491.9540667,9761795.5105572,254.308],[614492.2708187,9761795.5522584,254.308],[614492.59,9761795.5661942,254.308],[614492.9091813,9761795.5522584,254.308],[614493.2259333,9761795.5105572,254.308],[614493.5378456,9761795.4414079,254.308],[614493.8425442,9761795.3453369,254.308],[614494.1377101,9761795.2230751,254.308],[614494.4210971,9761795.0755532,254.308],[614494.6905483,9761794.9038939,254.308],[614494.944013,9761794.7094035,254.308],[614495.1795623,9761794.4935623,254.308],[614495.3954035,9761794.258013,254.308],[614495.5898939,9761794.0045483,254.308],[614495.7615532,9761793.7350971,254.308],[614495.9090751,9761793.4517101,254.308],[614496.0313369,9761793.1565442,254.308],[614496.1274079,9761792.8518456,254.308],[614496.1965572,9761792.5399333,254.308],[614496.2382584,9761792.2231813,254.308],[614496.2521942,9761791.904,254.308]]]]}},
{"type":"Feature","properties":{"Layer":"PTOS_LINDERO_P97","Punto":"LNAUX6","X_COORD":614852.95,"Y_COORD":9761483.11},"geometry":{"type":"MultiPolygon","coordinates":[[[[614856.6141942,9761483.11,254.308],[614856.6002584,9761482.7908187,254.308],[614856.5585572,9761482.4740667,254.308],[614856.4894079,9761482.1621544,254.308],[614856.3933369,9761481.8574558,254.308],[614856.2710751,9761481.5622899,254.308],[614856.1235532,9761481.2789029,254.308],[614855.9518939,9761481.0094517,254.308],[614855.7574035,9761480.755987,254.308],[614855.5415623,9761480.5204377,254.308],[614855.306013,9761480.3045965,254.308],[614855.0525483,9761480.1101061,254.308],[614854.7830971,9761479.9384468,254.308],[614854.4997101,9761479.7909249,254.308],[614854.2045442,9761479.6686631,254.308],[614853.8998456,9761479.5725921,254.308],[614853.5879333,9761479.5034428,254.308],[614853.2711813,9761479.4617416,254.308],[614852.952,9761479.4478058,254.308],[614852.6328187,9761479.4617416,254.308],[614852.3160667,9761479.5034428,254.308],[614852.0041544,9761479.5725921,254.308],[614851.6994558,9761479.6686631,254.308],[614851.4042899,9761479.7909249,254.308],[614851.1209029,9761479.9384468,254.308],[614850.8514517,9761480.1101061,254.308],[614850.597987,9761480.3045965,254.308],[614850.3624377,9761480.5204377,254.308],[614850.1465965,9761480.755987,254.308],[614849.9521061,9761481.0094517,254.308],[614849.7804468,9761481.2789029,254.308],[614849.6329249,9761481.5622899,254.308],[614849.5106631,9761481.8574558,254.308],[614849.4145921,9761482.1621544,254.308],[614849.3454428,9761482.4740667,254.308],[614849.3037416,9761482.7908187,254.308],[614849.2898058,9761483.11,254.308],[614849.3037416,9761483.4291813,254.308],[614849.3454428,9761483.7459333,254.308],[614849.4145921,9761484.0578456,254.308],[614849.5106631,9761484.3625442,254.308],[614849.6329249,9761484.6577101,254.308],[614849.7804468,9761484.9410971,254.308],[614849.9521061,9761485.2105483,254.308],[614850.1465965,9761485.464013,254.308],[614850.3624377,9761485.6995623,254.308],[614850.597987,9761485.9154035,254.308],[614850.8514517,9761486.1098939,254.308],[614851.1209029,9761486.2815532,254.308],[614851.4042899,9761486.4290751,254.308],[614851.6994558,9761486.5513369,254.308],[614852.0041544,9761486.6474079,254.308],[614852.3160667,9761486.7165572,254.308],[614852.6328187,9761486.7582584,254.308],[614852.952,9761486.7721942,254.308],[614853.2711813,9761486.7582584,254.308],[614853.5879333,9761486.7165572,254.308],[614853.8998456,9761486.6474079,254.308],[614854.2045442,9761486.5513369,254.308],[614854.4997101,9761486.4290751,254.308],[614854.7830971,9761486.2815532,254.308],[614855.0525483,9761486.1098939,254.308],[614855.306013,9761485.9154035,254.308],[614855.5415623,9761485.6995623,254.308],[614855.7574035,9761485.464013,254.308],[614855.9518939,9761485.2105483,254.308],[614856.1235532,9761484.9410971,254.308],[614856.2710751,9761484.6577101,254.308],[614856.3933369,9761484.3625442,254.308],[614856.4894079,9761484.0578456,254.308],[614856.5585572,9761483.7459333,254.308],[614856.6002584,9761483.4291813,254.308],[614856.6141942,9761483.11,254.308]]]]}},
{"type":"Feature","properties":{"Layer":"PTOS_LINDERO_P97","Punto":"P8","X_COORD":615332.5,"Y_COORD":9761625.09},"geometry":{"type":"MultiPolygon","coordinates":[[[[615336.1611942,9761625.092,183.319],[615336.1472584,9761624.7728187,183.319],[615336.1055572,9761624.4560667,183.319],[615336.0364079,9761624.1441544,183.319],[615335.9403369,9761623.8394558,183.319],[615335.8180751,9761623.5442899,183.319],[615335.6705532,9761623.2609029,183.319],[615335.4988939,9761622.9914517,183.319],[615335.3044035,9761622.737987,183.319],[615335.0885623,9761622.5024377,183.319],[615334.853013,9761622.2865965,183.319],[615334.5995483,9761622.0921061,183.319],[615334.3300971,9761621.9204468,183.319],[615334.0467101,9761621.7729249,183.319],[615333.7515442,9761621.6506631,183.319],[615333.4468456,9761621.5545921,183.319],[615333.1349333,9761621.4854428,183.319],[615332.8181813,9761621.4437416,183.319],[615332.499,9761621.4298058,183.319],[615332.1798187,9761621.4437416,183.319],[615331.8630667,9761621.4854428,183.319],[615331.5511544,9761621.5545921,183.319],[615331.2464558,9761621.6506631,183.319],[615330.9512899,9761621.7729249,183.319],[615330.6679029,9761621.9204468,183.319],[615330.3984517,9761622.0921061,183.319],[615330.144987,9761622.2865965,183.319],[615329.9094377,9761622.5024377,183.319],[615329.6935965,9761622.737987,183.319],[615329.4991061,9761622.9914517,183.319],[615329.3274468,9761623.2609029,183.319],[615329.1799249,9761623.5442899,183.319],[615329.0576631,9761623.8394558,183.319],[615328.9615921,9761624.1441544,183.319],[615328.8924428,9761624.4560667,183.319],[615328.8507416,9761624.7728187,183.319],[615328.8368058,9761625.092,183.319],[615328.8507416,9761625.4111813,183.319],[615328.8924428,9761625.7279333,183.319],[615328.9615921,9761626.0398456,183.319],[615329.0576631,9761626.3445442,183.319],[615329.1799249,9761626.6397101,183.319],[615329.3274468,9761626.9230971,183.319],[615329.4991061,9761627.1925483,183.319],[615329.6935965,9761627.446013,183.319],[615329.9094377,9761627.6815623,183.319],[615330.144987,9761627.8974035,183.319],[615330.3984517,9761628.0918939,183.319],[615330.6679029,9761628.2635532,183.319],[615330.9512899,9761628.4110751,183.319],[615331.2464558,9761628.5333369,183.319],[615331.5511544,9761628.6294079,183.319],[615331.8630667,9761628.6985572,183.319],[615332.1798187,9761628.7402584,183.319],[615332.499,9761628.7541942,183.319],[615332.8181813,9761628.7402584,183.319],[615333.1349333,9761628.6985572,183.319],[615333.4468456,9761628.6294079,183.319],[615333.7515442,9761628.5333369,183.319],[615334.0467101,9761628.4110751,183.319],[615334.3300971,9761628.2635532,183.319],[615334.5995483,9761628.0918939,183.319],[615334.853013,9761627.8974035,183.319],[615335.0885623,9761627.6815623,183.319],[615335.3044035,9761627.446013,183.319],[615335.4988939,9761627.1925483,183.319],[615335.6705532,9761626.9230971,183.319],[615335.8180751,9761626.6397101,183.319],[615335.9403369,9761626.3445442,183.319],[615336.0364079,9761626.0398456,183.319],[615336.1055572,9761625.7279333,183.319],[615336.1472584,9761625.4111813,183.319],[615336.1611942,9761625.092,183.319]]]]}},
{"type":"Feature","properties":{"Layer":"PTOS_LINDERO_P97","Punto":"P7","X_COORD":615779.39,"Y_COORD":9761801.0},"geometry":{"type":"MultiPolygon","coordinates":[[[[615783.0471942,9761800.998,71.484],[615783.0332584,9761800.6788187,71.484],[615782.9915572,9761800.3620667,71.484],[615782.9224079,9761800.0501544,71.484],[615782.8263369,9761799.7454558,71.484],[615782.7040751,9761799.4502899,71.484],[615782.5565532,9761799.1669029,71.484],[615782.3848939,9761798.8974517,71.484],[615782.1904035,9761798.643987,71.484],[615781.9745623,9761798.4084377,71.484],[615781.739013,9761798.1925965,71.484],[615781.4855483,9761797.9981061,71.484],[615781.2160971,9761797.8264468,71.484],[615780.9327101,9761797.6789249,71.484],[615780.6375442,9761797.5566631,71.484],[615780.3328456,9761797.4605921,71.484],[615780.0209333,9761797.3914428,71.484],[615779.7041813,9761797.3497416,71.484],[615779.385,9761797.3358058,71.484],[615779.0658187,9761797.3497416,71.484],[615778.7490667,9761797.3914428,71.484],[615778.4371544,9761797.4605921,71.484],[615778.1324558,9761797.5566631,71.484],[615777.8372899,9761797.6789249,71.484],[615777.5539029,9761797.8264468,71.484],[615777.2844517,9761797.9981061,71.484],[615777.030987,9761798.1925965,71.484],[615776.7954377,9761798.4084377,71.484],[615776.5795965,9761798.643987,71.484],[615776.3851061,9761798.8974517,71.484],[615776.2134468,9761799.1669029,71.484],[615776.0659249,9761799.4502899,71.484],[615775.9436631,9761799.7454558,71.484],[615775.8475921,9761800.0501544,71.484],[615775.7784428,9761800.3620667,71.484],[615775.7367416,9761800.6788187,71.484],[615775.7228058,9761800.998,71.484],[615775.7367416,9761801.3171813,71.484],[615775.7784428,9761801.6339333,71.484],[615775.8475921,9761801.9458456,71.484],[615775.9436631,9761802.2505442,71.484],[615776.0659249,9761802.5457101,71.484],[615776.2134468,9761802.8290971,71.484],[615776.3851061,9761803.0985483,71.484],[615776.5795965,9761803.352013,71.484],[615776.7954377,9761803.5875623,71.484],[615777.030987,9761803.8034035,71.484],[615777.2844517,9761803.9978939,71.484],[615777.5539029,9761804.1695532,71.484],[615777.8372899,9761804.3170751,71.484],[615778.1324558,9761804.4393369,71.484],[615778.4371544,9761804.5354079,71.484],[615778.7490667,9761804.6045572,71.484],[615779.0658187,9761804.6462584,71.484],[615779.385,9761804.6601942,71.484],[615779.7041813,9761804.6462584,71.484],[615780.0209333,9761804.6045572,71.484],[615780.3328456,9761804.5354079,71.484],[615780.6375442,9761804.4393369,71.484],[615780.9327101,9761804.3170751,71.484],[615781.2160971,9761804.1695532,71.484],[615781.4855483,9761803.9978939,71.484],[615781.739013,9761803.8034035,71.484],[615781.9745623,9761803.5875623,71.484],[615782.1904035,9761803.352013,71.484],[615782.3848939,9761803.0985483,71.484],[615782.5565532,9761802.8290971,71.484],[615782.7040751,9761802.5457101,71.484],[615782.8263369,9761802.2505442,71.484],[615782.9224079,9761801.9458456,71.484],[615782.9915572,9761801.6339333,71.484],[615783.0332584,9761801.3171813,71.484],[615783.0471942,9761800.998,71.484]]]]}},
{"type":"Feature","properties":{"Layer":"PTOS_LINDERO_P97","Punto":"P6","X_COORD":616040.75,"Y_COORD":9761904.34},"geometry":{"type":"MultiPolygon","coordinates":[[[[616044.4141942,9761904.335,93.385],[616044.4002584,9761904.0158187,93.385],[616044.3585572,9761903.6990667,93.385],[616044.2894079,9761903.3871544,93.385],[616044.1933369,9761903.0824558,93.385],[616044.0710751,9761902.7872899,93.385],[616043.9235532,9761902.5039029,93.385],[616043.7518939,9761902.2344517,93.385],[616043.5574035,9761901.980987,93.385],[616043.3415623,9761901.7454377,93.385],[616043.106013,9761901.5295965,93.385],[616042.8525483,9761901.3351061,93.385],[616042.5830971,9761901.1634468,93.385],[616042.2997101,9761901.0159249,93.385],[616042.0045442,9761900.8936631,93.385],[616041.6998456,9761900.7975921,93.385],[616041.3879333,9761900.7284428,93.385],[616041.0711813,9761900.6867416,93.385],[616040.752,9761900.6728058,93.385],[616040.4328187,9761900.6867416,93.385],[616040.1160667,9761900.7284428,93.385],[616039.8041544,9761900.7975921,93.385],[616039.4994558,9761900.8936631,93.385],[616039.2042899,9761901.0159249,93.385],[616038.9209029,9761901.1634468,93.385],[616038.6514517,9761901.3351061,93.385],[616038.397987,9761901.5295965,93.385],[616038.1624377,9761901.7454377,93.385],[616037.9465965,9761901.980987,93.385],[616037.7521061,9761902.2344517,93.385],[616037.5804468,9761902.5039029,93.385],[616037.4329249,9761902.7872899,93.385],[616037.3106631,9761903.0824558,93.385],[616037.2145921,9761903.3871544,93.385],[616037.1454428,9761903.6990667,93.385],[616037.1037416,9761904.0158187,93.385],[616037.0898058,9761904.335,93.385],[616037.1037416,9761904.6541813,93.385],[616037.1454428,9761904.9709333,93.385],[616037.2145921,9761905.2828456,93.385],[616037.3106631,9761905.5875442,93.385],[616037.4329249,9761905.8827101,93.385],[616037.5804468,9761906.1660971,93.385],[616037.7521061,9761906.4355483,93.385],[616037.9465965,9761906.689013,93.385],[616038.1624377,9761906.9245623,93.385],[616038.397987,9761907.1404035,93.385],[616038.6514517,9761907.3348939,93.385],[616038.9209029,9761907.5065532,93.385],[616039.2042899,9761907.6540751,93.385],[616039.4994558,9761907.7763369,93.385],[616039.8041544,9761907.8724079,93.385],[616040.1160667,9761907.9415572,93.385],[616040.4328187,9761907.9832584,93.385],[616040.752,9761907.9971942,93.385],[616041.0711813,9761907.9832584,93.385],[616041.3879333,9761907.9415572,93.385],[616041.6998456,9761907.8724079,93.385],[616042.0045442,9761907.7763369,93.385],[616042.2997101,9761907.6540751,93.385],[616042.5830971,9761907.5065532,93.385],[616042.8525483,9761907.3348939,93.385],[616043.106013,9761907.1404035,93.385],[616043.3415623,9761906.9245623,93.385],[616043.5574035,9761906.689013,93.385],[616043.7518939,9761906.4355483,93.385],[616043.9235532,9761906.1660971,93.385],[616044.0710751,9761905.8827101,93.385],[616044.1933369,9761905.5875442,93.385],[616044.2894079,9761905.2828456,93.385],[616044.3585572,9761904.9709333,93.385],[616044.4002584,9761904.6541813,93.385],[616044.4141942,9761904.335,93.385]]]]}},
{"type":"Feature","properties":{"Layer":"PTOS_LINDERO_P97","Punto":"P5","X_COORD":616151.81,"Y_COORD":9761943.32},"geometry":{"type":"MultiPolygon","coordinates":[[[[616155.4701942,9761943.316,82.339],[616155.4562584,9761942.9968187,82.339],[616155.4145572,9761942.6800667,82.339],[616155.3454079,9761942.3681544,82.339],[616155.2493369,9761942.0634558,82.339],[616155.1270751,9761941.7682899,82.339],[616154.9795532,9761941.4849029,82.339],[616154.8078939,9761941.2154517,82.339],[616154.6134035,9761940.961987,82.339],[616154.3975623,9761940.7264377,82.339],[616154.162013,9761940.5105965,82.339],[616153.9085483,9761940.3161061,82.339],[616153.6390971,9761940.1444468,82.339],[616153.3557101,9761939.9969249,82.339],[616153.0605442,9761939.8746631,82.339],[616152.7558456,9761939.7785921,82.339],[616152.4439333,9761939.7094428,82.339],[616152.1271813,9761939.6677416,82.339],[616151.808,9761939.6538058,82.339],[616151.4888187,9761939.6677416,82.339],[616151.1720667,9761939.7094428,82.339],[616150.8601544,9761939.7785921,82.339],[616150.5554558,9761939.8746631,82.339],[616150.2602899,9761939.9969249,82.339],[616149.9769029,9761940.1444468,82.339],[616149.7074517,9761940.3161061,82.339],[616149.453987,9761940.5105965,82.339],[616149.2184377,9761940.7264377,82.339],[616149.0025965,9761940.961987,82.339],[616148.8081061,9761941.2154517,82.339],[616148.6364468,9761941.4849029,82.339],[616148.4889249,9761941.7682899,82.339],[616148.3666631,9761942.0634558,82.339],[616148.2705921,9761942.3681544,82.339],[616148.2014428,9761942.6800667,82.339],[616148.1597416,9761942.9968187,82.339],[616148.1458058,9761943.316,82.339],[616148.1597416,9761943.6351813,82.339],[616148.2014428,9761943.9519333,82.339],[616148.2705921,9761944.2638456,82.339],[616148.3666631,9761944.5685442,82.339],[616148.4889249,9761944.8637101,82.339],[616148.6364468,9761945.1470971,82.339],[616148.8081061,9761945.4165483,82.339],[616149.0025965,9761945.670013,82.339],[616149.2184377,9761945.9055623,82.339],[616149.453987,9761946.1214035,82.339],[616149.7074517,9761946.3158939,82.339],[616149.9769029,9761946.4875532,82.339],[616150.2602899,9761946.6350751,82.339],[616150.5554558,9761946.7573369,82.339],[616150.8601544,9761946.8534079,82.339],[616151.1720667,9761946.9225572,82.339],[616151.4888187,9761946.9642584,82.339],[616151.808,9761946.9781942,82.339],[616152.1271813,9761946.9642584,82.339],[616152.4439333,9761946.9225572,82.339],[616152.7558456,9761946.8534079,82.339],[616153.0605442,9761946.7573369,82.339],[616153.3557101,9761946.6350751,82.339],[616153.6390971,9761946.4875532,82.339],[616153.9085483,9761946.3158939,82.339],[616154.162013,9761946.1214035,82.339],[616154.3975623,9761945.9055623,82.339],[616154.6134035,9761945.670013,82.339],[616154.8078939,9761945.4165483,82.339],[616154.9795532,9761945.1470971,82.339],[616155.1270751,9761944.8637101,82.339],[616155.2493369,9761944.5685442,82.339],[616155.3454079,9761944.2638456,82.339],[616155.4145572,9761943.9519333,82.339],[616155.4562584,9761943.6351813,82.339],[616155.4701942,9761943.316,82.339]]]]}},
{"type":"Feature","properties":{"Layer":"PTOS_LINDERO_P97","Punto":"P4","X_COORD":616297.8,"Y_COORD":9762001.26},"geometry":{"type":"MultiPolygon","coordinates":[[[[616301.4641942,9762001.264,86.949],[616301.4502584,9762000.9448187,86.949],[616301.4085572,9762000.6280667,86.949],[616301.3394079,9762000.3161544,86.949],[616301.2433369,9762000.0114558,86.949],[616301.1210751,9761999.7162899,86.949],[616300.9735532,9761999.4329029,86.949],[616300.8018939,9761999.1634517,86.949],[616300.6074035,9761998.909987,86.949],[616300.3915623,9761998.6744377,86.949],[616300.156013,9761998.4585965,86.949],[616299.9025483,9761998.2641061,86.949],[616299.6330971,9761998.0924468,86.949],[616299.3497101,9761997.9449249,86.949],[616299.0545442,9761997.8226631,86.949],[616298.7498456,9761997.7265921,86.949],[616298.4379333,9761997.6574428,86.949],[616298.1211813,9761997.6157416,86.949],[616297.802,9761997.6018058,86.949],[616297.4828187,9761997.6157416,86.949],[616297.1660667,9761997.6574428,86.949],[616296.8541544,9761997.7265921,86.949],[616296.5494558,9761997.8226631,86.949],[616296.2542899,9761997.9449249,86.949],[616295.9709029,9761998.0924468,86.949],[616295.7014517,9761998.2641061,86.949],[616295.447987,9761998.4585965,86.949],[616295.2124377,9761998.6744377,86.949],[616294.9965965,9761998.909987,86.949],[616294.8021061,9761999.1634517,86.949],[616294.6304468,9761999.4329029,86.949],[616294.4829249,9761999.7162899,86.949],[616294.3606631,9762000.0114558,86.949],[616294.2645921,9762000.3161544,86.949],[616294.1954428,9762000.6280667,86.949],[616294.1537416,9762000.9448187,86.949],[616294.1398058,9762001.264,86.949],[616294.1537416,9762001.5831813,86.949],[616294.1954428,9762001.8999333,86.949],[616294.2645921,9762002.2118456,86.949],[616294.3606631,9762002.5165442,86.949],[616294.4829249,9762002.8117101,86.949],[616294.6304468,9762003.0950971,86.949],[616294.8021061,9762003.3645483,86.949],[616294.9965965,9762003.618013,86.949],[616295.2124377,9762003.8535623,86.949],[616295.447987,9762004.0694035,86.949],[616295.7014517,9762004.2638939,86.949],[616295.9709029,9762004.4355532,86.949],[616296.2542899,9762004.5830751,86.949],[616296.5494558,9762004.7053369,86.949],[616296.8541544,9762004.8014079,86.949],[616297.1660667,9762004.8705572,86.949],[616297.4828187,9762004.9122584,86.949],[616297.802,9762004.9261942,86.949],[616298.1211813,9762004.9122584,86.949],[616298.4379333,9762004.8705572,86.949],[616298.7498456,9762004.8014079,86.949],[616299.0545442,9762004.7053369,86.949],[616299.3497101,9762004.5830751,86.949],[616299.6330971,9762004.4355532,86.949],[616299.9025483,9762004.2638939,86.949],[616300.156013,9762004.0694035,86.949],[616300.3915623,9762003.8535623,86.949],[616300.6074035,9762003.618013,86.949],[616300.8018939,9762003.3645483,86.949],[616300.9735532,9762003.0950971,86.949],[616301.1210751,9762002.8117101,86.949],[616301.2433369,9762002.5165442,86.949],[616301.3394079,9762002.2118456,86.949],[616301.4085572,9762001.8999333,86.949],[616301.4502584,9762001.5831813,86.949],[616301.4641942,9762001.264,86.949]]]]}},
{"type":"Feature","properties":{"Layer":"PTOS_LINDERO_P97","Punto":"P3","X_COORD":616300.38,"Y_COORD":9761999.52},"geometry":{"type":"MultiPolygon","coordinates":[[[[616304.0401942,9761999.516,81.882],[616304.0262584,9761999.1968187,81.882],[616303.9845572,9761998.8800667,81.882],[616303.9154079,9761998.5681544,81.882],[616303.8193369,9761998.2634558,81.882],[616303.6970751,9761997.9682899,81.882],[616303.5495532,9761997.6849029,81.882],[616303.3778939,9761997.4154517,81.882],[616303.1834035,9761997.161987,81.882],[616302.9675623,9761996.9264377,81.882],[616302.732013,9761996.7105965,81.882],[616302.4785483,9761996.5161061,81.882],[616302.2090971,9761996.3444468,81.882],[616301.9257101,9761996.1969249,81.882],[616301.6305442,9761996.0746631,81.882],[616301.3258456,9761995.9785921,81.882],[616301.0139333,9761995.9094428,81.882],[616300.6971813,9761995.8677416,81.882],[616300.378,9761995.8538058,81.882],[616300.0588187,9761995.8677416,81.882],[616299.7420667,9761995.9094428,81.882],[616299.4301544,9761995.9785921,81.882],[616299.1254558,9761996.0746631,81.882],[616298.8302899,9761996.1969249,81.882],[616298.5469029,9761996.3444468,81.882],[616298.2774517,9761996.5161061,81.882],[616298.023987,9761996.7105965,81.882],[616297.7884377,9761996.9264377,81.882],[616297.5725965,9761997.161987,81.882],[616297.3781061,9761997.4154517,81.882],[616297.2064468,9761997.6849029,81.882],[616297.0589249,9761997.9682899,81.882],[616296.9366631,9761998.2634558,81.882],[616296.8405921,9761998.5681544,81.882],[616296.7714428,9761998.8800667,81.882],[616296.7297416,9761999.1968187,81.882],[616296.7158058,9761999.516,81.882],[616296.7297416,9761999.8351813,81.882],[616296.7714428,9762000.1519333,81.882],[616296.8405921,9762000.4638456,81.882],[616296.9366631,9762000.7685442,81.882],[616297.0589249,9762001.0637101,81.882],[616297.2064468,9762001.3470971,81.882],[616297.3781061,9762001.6165483,81.882],[616297.5725965,9762001.870013,81.882],[616297.7884377,9762002.1055623,81.882],[616298.023987,9762002.3214035,81.882],[616298.2774517,9762002.5158939,81.882],[616298.5469029,9762002.6875532,81.882],[616298.8302899,9762002.8350751,81.882],[616299.1254558,9762002.9573369,81.882],[616299.4301544,9762003.0534079,81.882],[616299.7420667,9762003.1225572,81.882],[616300.0588187,9762003.1642584,81.882],[616300.378,9762003.1781942,81.882],[616300.6971813,9762003.1642584,81.882],[616301.0139333,9762003.1225572,81.882],[616301.3258456,9762003.0534079,81.882],[616301.6305442,9762002.9573369,81.882],[616301.9257101,9762002.8350751,81.882],[616302.2090971,9762002.6875532,81.882],[616302.4785483,9762002.5158939,81.882],[616302.732013,9762002.3214035,81.882],[616302.9675623,9762002.1055623,81.882],[616303.1834035,9762001.870013,81.882],[616303.3778939,9762001.6165483,81.882],[616303.5495532,9762001.3470971,81.882],[616303.6970751,9762001.0637101,81.882],[616303.8193369,9762000.7685442,81.882],[616303.9154079,9762000.4638456,81.882],[616303.9845572,9762000.1519333,81.882],[616304.0262584,9761999.8351813,81.882],[616304.0401942,9761999.516,81.882]]]]}},
{"type":"Feature","properties":{"Layer":"PTOS_LINDERO_P97","Punto":"P2","X_COORD":616447.65,"Y_COORD":9762056.34},"geometry":{"type":"MultiPolygon","coordinates":[[[[616451.3161942,9762056.34,91.711],[616451.3022584,9762056.0208187,91.711],[616451.2605572,9762055.7040667,91.711],[616451.1914079,9762055.3921544,91.711],[616451.0953369,9762055.0874558,91.711],[616450.9730751,9762054.7922899,91.711],[616450.8255532,9762054.5089029,91.711],[616450.6538939,9762054.2394517,91.711],[616450.4594035,9762053.985987,91.711],[616450.2435623,9762053.7504377,91.711],[616450.008013,9762053.5345965,91.711],[616449.7545483,9762053.3401061,91.711],[616449.4850971,9762053.1684468,91.711],[616449.2017101,9762053.0209249,91.711],[616448.9065442,9762052.8986631,91.711],[616448.6018456,9762052.8025921,91.711],[616448.2899333,9762052.7334428,91.711],[616447.9731813,9762052.6917416,91.711],[616447.654,9762052.6778058,91.711],[616447.3348187,9762052.6917416,91.711],[616447.0180667,9762052.7334428,91.711],[616446.7061544,9762052.8025921,91.711],[616446.4014558,9762052.8986631,91.711],[616446.1062899,9762053.0209249,91.711],[616445.8229029,9762053.1684468,91.711],[616445.5534517,9762053.3401061,91.711],[616445.299987,9762053.5345965,91.711],[616445.0644377,9762053.7504377,91.711],[616444.8485965,9762053.985987,91.711],[616444.6541061,9762054.2394517,91.711],[616444.4824468,9762054.5089029,91.711],[616444.3349249,9762054.7922899,91.711],[616444.2126631,9762055.0874558,91.711],[616444.1165921,9762055.3921544,91.711],[616444.0474428,9762055.7040667,91.711],[616444.0057416,9762056.0208187,91.711],[616443.9918058,9762056.34,91.711],[616444.0057416,9762056.6591813,91.711],[616444.0474428,9762056.9759333,91.711],[616444.1165921,9762057.2878456,91.711],[616444.2126631,9762057.5925442,91.711],[616444.3349249,9762057.8877101,91.711],[616444.4824468,9762058.1710971,91.711],[616444.6541061,9762058.4405483,91.711],[616444.8485965,9762058.694013,91.711],[616445.0644377,9762058.9295623,91.711],[616445.299987,9762059.1454035,91.711],[616445.5534517,9762059.3398939,91.711],[616445.8229029,9762059.5115532,91.711],[616446.1062899,9762059.6590751,91.711],[616446.4014558,9762059.7813369,91.711],[616446.7061544,9762059.8774079,91.711],[616447.0180667,9762059.9465572,91.711],[616447.3348187,9762059.9882584,91.711],[616447.654,9762060.0021942,91.711],[616447.9731813,9762059.9882584,91.711],[616448.2899333,9762059.9465572,91.711],[616448.6018456,9762059.8774079,91.711],[616448.9065442,9762059.7813369,91.711],[616449.2017101,9762059.6590751,91.711],[616449.4850971,9762059.5115532,91.711],[616449.7545483,9762059.3398939,91.711],[616450.008013,9762059.1454035,91.711],[616450.2435623,9762058.9295623,91.711],[616450.4594035,9762058.694013,91.711],[616450.6538939,9762058.4405483,91.711],[616450.8255532,9762058.1710971,91.711],[616450.9730751,9762057.8877101,91.711],[616451.0953369,9762057.5925442,91.711],[616451.1914079,9762057.2878456,91.711],[616451.2605572,9762056.9759333,91.711],[616451.3022584,9762056.6591813,91.711],[616451.3161942,9762056.34,91.711]]]]}},
{"type":"Feature","properties":{"Layer":"PTOS_LINDERO_P97","Punto":"P1","X_COORD":616471.79,"Y_COORD":9762070.13},"geometry":{"type":"MultiPolygon","coordinates":[[[[616475.4551942,9762070.132,92.286],[616475.4412584,9762069.8128187,92.286],[616475.3995572,9762069.4960667,92.286],[616475.3304079,9762069.1841544,92.286],[616475.2343369,9762068.8794558,92.286],[616475.1120751,9762068.5842899,92.286],[616474.9645532,9762068.3009029,92.286],[616474.7928939,9762068.0314517,92.286],[616474.5984035,9762067.777987,92.286],[616474.3825623,9762067.5424377,92.286],[616474.147013,9762067.3265965,92.286],[616473.8935483,9762067.1321061,92.286],[616473.6240971,9762066.9604468,92.286],[616473.3407101,9762066.8129249,92.286],[616473.0455442,9762066.6906631,92.286],[616472.7408456,9762066.5945921,92.286],[616472.4289333,9762066.5254428,92.286],[616472.1121813,9762066.4837416,92.286],[616471.793,9762066.4698058,92.286],[616471.4738187,9762066.4837416,92.286],[616471.1570667,9762066.5254428,92.286],[616470.8451544,9762066.5945921,92.286],[616470.5404558,9762066.6906631,92.286],[616470.2452899,9762066.8129249,92.286],[616469.9619029,9762066.9604468,92.286],[616469.6924517,9762067.1321061,92.286],[616469.438987,9762067.3265965,92.286],[616469.2034377,9762067.5424377,92.286],[616468.9875965,9762067.777987,92.286],[616468.7931061,9762068.0314517,92.286],[616468.6214468,9762068.3009029,92.286],[616468.4739249,9762068.5842899,92.286],[616468.3516631,9762068.8794558,92.286],[616468.2555921,9762069.1841544,92.286],[616468.1864428,9762069.4960667,92.286],[616468.1447416,9762069.8128187,92.286],[616468.1308058,9762070.132,92.286],[616468.1447416,9762070.4511813,92.286],[616468.1864428,9762070.7679333,92.286],[616468.2555921,9762071.0798456,92.286],[616468.3516631,9762071.3845442,92.286],[616468.4739249,9762071.6797101,92.286],[616468.6214468,9762071.9630971,92.286],[616468.7931061,9762072.2325483,92.286],[616468.9875965,9762072.486013,92.286],[616469.2034377,9762072.7215623,92.286],[616469.438987,9762072.9374035,92.286],[616469.6924517,9762073.1318939,92.286],[616469.9619029,9762073.3035532,92.286],[616470.2452899,9762073.4510751,92.286],[616470.5404558,9762073.5733369,92.286],[616470.8451544,9762073.6694079,92.286],[616471.1570667,9762073.7385572,92.286],[616471.4738187,9762073.7802584,92.286],[616471.793,9762073.7941942,92.286],[616472.1121813,9762073.7802584,92.286],[616472.4289333,9762073.7385572,92.286],[616472.7408456,9762073.6694079,92.286],[616473.0455442,9762073.5733369,92.286],[616473.3407101,9762073.4510751,92.286],[616473.6240971,9762073.3035532,92.286],[616473.8935483,9762073.1318939,92.286],[616474.147013,9762072.9374035,92.286],[616474.3825623,9762072.7215623,92.286],[616474.5984035,9762072.486013,92.286],[616474.7928939,9762072.2325483,92.286],[616474.9645532,9762071.9630971,92.286],[616475.1120751,9762071.6797101,92.286],[616475.2343369,9762071.3845442,92.286],[616475.3304079,9762071.0798456,92.286],[616475.3995572,9762070.7679333,92.286],[616475.4412584,9762070.4511813,92.286],[616475.4551942,9762070.132,92.286]]]]}},
{"type":"Feature","properties":{"Layer":"PTOS_LINDERO_P97","Punto":"P68","X_COORD":616623.43,"Y_COORD":9762141.15},"geometry":{"type":"MultiPolygon","coordinates":[[[[616627.0871942,9762141.148,95.62],[616627.0732584,9762140.8288187,95.62],[616627.0315572,9762140.5120667,95.62],[616626.9624079,9762140.2001544,95.62],[616626.8663369,9762139.8954558,95.62],[616626.7440751,9762139.6002899,95.62],[616626.5965532,9762139.3169029,95.62],[616626.4248939,9762139.0474517,95.62],[616626.2304035,9762138.793987,95.62],[616626.0145623,9762138.5584377,95.62],[616625.779013,9762138.3425965,95.62],[616625.5255483,9762138.1481061,95.62],[616625.2560971,9762137.9764468,95.62],[616624.9727101,9762137.8289249,95.62],[616624.6775442,9762137.7066631,95.62],[616624.3728456,9762137.6105921,95.62],[616624.0609333,9762137.5414428,95.62],[616623.7441813,9762137.4997416,95.62],[616623.425,9762137.4858058,95.62],[616623.1058187,9762137.4997416,95.62],[616622.7890667,9762137.5414428,95.62],[616622.4771544,9762137.6105921,95.62],[616622.1724558,9762137.7066631,95.62],[616621.8772899,9762137.8289249,95.62],[616621.5939029,9762137.9764468,95.62],[616621.3244517,9762138.1481061,95.62],[616621.070987,9762138.3425965,95.62],[616620.8354377,9762138.5584377,95.62],[616620.6195965,9762138.793987,95.62],[616620.4251061,9762139.0474517,95.62],[616620.2534468,9762139.3169029,95.62],[616620.1059249,9762139.6002899,95.62],[616619.9836631,9762139.8954558,95.62],[616619.8875921,9762140.2001544,95.62],[616619.8184428,9762140.5120667,95.62],[616619.7767416,9762140.8288187,95.62],[616619.7628058,9762141.148,95.62],[616619.7767416,9762141.4671813,95.62],[616619.8184428,9762141.7839333,95.62],[616619.8875921,9762142.0958456,95.62],[616619.9836631,9762142.4005442,95.62],[616620.1059249,9762142.6957101,95.62],[616620.2534468,9762142.9790971,95.62],[616620.4251061,9762143.2485483,95.62],[616620.6195965,9762143.502013,95.62],[616620.8354377,9762143.7375623,95.62],[616621.070987,9762143.9534035,95.62],[616621.3244517,9762144.1478939,95.62],[616621.5939029,9762144.3195532,95.62],[616621.8772899,9762144.4670751,95.62],[616622.1724558,9762144.5893369,95.62],[616622.4771544,9762144.6854079,95.62],[616622.7890667,9762144.7545572,95.62],[616623.1058187,9762144.7962584,95.62],[616623.425,9762144.8101942,95.62],[616623.7441813,9762144.7962584,95.62],[616624.0609333,9762144.7545572,95.62],[616624.3728456,9762144.6854079,95.62],[616624.6775442,9762144.5893369,95.62],[616624.9727101,9762144.4670751,95.62],[616625.2560971,9762144.3195532,95.62],[616625.5255483,9762144.1478939,95.62],[616625.779013,9762143.9534035,95.62],[616626.0145623,9762143.7375623,95.62],[616626.2304035,9762143.502013,95.62],[616626.4248939,9762143.2485483,95.62],[616626.5965532,9762142.9790971,95.62],[616626.7440751,9762142.6957101,95.62],[616626.8663369,9762142.4005442,95.62],[616626.9624079,9762142.0958456,95.62],[616627.0315572,9762141.7839333,95.62],[616627.0732584,9762141.4671813,95.62],[616627.0871942,9762141.148,95.62]]]]}},
{"type":"Feature","properties":{"Layer":"PTOS_LINDERO_P97","Punto":"P67","X_COORD":616779.99,"Y_COORD":9762200.13},"geometry":{"type":"MultiPolygon","coordinates":[[[[616783.6471942,9762200.133,86.251],[616783.6332584,9762199.8138187,86.251],[616783.5915572,9762199.4970667,86.251],[616783.5224079,9762199.1851544,86.251],[616783.4263369,9762198.8804558,86.251],[616783.3040751,9762198.5852899,86.251],[616783.1565532,9762198.3019029,86.251],[616782.9848939,9762198.0324517,86.251],[616782.7904035,9762197.778987,86.251],[616782.5745623,9762197.5434377,86.251],[616782.339013,9762197.3275965,86.251],[616782.0855483,9762197.1331061,86.251],[616781.8160971,9762196.9614468,86.251],[616781.5327101,9762196.8139249,86.251],[616781.2375442,9762196.6916631,86.251],[616780.9328456,9762196.5955921,86.251],[616780.6209333,9762196.5264428,86.251],[616780.3041813,9762196.4847416,86.251],[616779.985,9762196.4708058,86.251],[616779.6658187,9762196.4847416,86.251],[616779.3490667,9762196.5264428,86.251],[616779.0371544,9762196.5955921,86.251],[616778.7324558,9762196.6916631,86.251],[616778.4372899,9762196.8139249,86.251],[616778.1539029,9762196.9614468,86.251],[616777.8844517,9762197.1331061,86.251],[616777.630987,9762197.3275965,86.251],[616777.3954377,9762197.5434377,86.251],[616777.1795965,9762197.778987,86.251],[616776.9851061,9762198.0324517,86.251],[616776.8134468,9762198.3019029,86.251],[616776.6659249,9762198.5852899,86.251],[616776.5436631,9762198.8804558,86.251],[616776.4475921,9762199.1851544,86.251],[616776.3784428,9762199.4970667,86.251],[616776.3367416,9762199.8138187,86.251],[616776.3228058,9762200.133,86.251],[616776.3367416,9762200.4521813,86.251],[616776.3784428,9762200.7689333,86.251],[616776.4475921,9762201.0808456,86.251],[616776.5436631,9762201.3855442,86.251],[616776.6659249,9762201.6807101,86.251],[616776.8134468,9762201.9640971,86.251],[616776.9851061,9762202.2335483,86.251],[616777.1795965,9762202.487013,86.251],[616777.3954377,9762202.7225623,86.251],[616777.630987,9762202.9384035,86.251],[616777.8844517,9762203.1328939,86.251],[616778.1539029,9762203.3045532,86.251],[616778.4372899,9762203.4520751,86.251],[616778.7324558,9762203.5743369,86.251],[616779.0371544,9762203.6704079,86.251],[616779.3490667,9762203.7395572,86.251],[616779.6658187,9762203.7812584,86.251],[616779.985,9762203.7951942,86.251],[616780.3041813,9762203.7812584,86.251],[616780.6209333,9762203.7395572,86.251],[616780.9328456,9762203.6704079,86.251],[616781.2375442,9762203.5743369,86.251],[616781.5327101,9762203.4520751,86.251],[616781.8160971,9762203.3045532,86.251],[616782.0855483,9762203.1328939,86.251],[616782.339013,9762202.9384035,86.251],[616782.5745623,9762202.7225623,86.251],[616782.7904035,9762202.487013,86.251],[616782.9848939,9762202.2335483,86.251],[616783.1565532,9762201.9640971,86.251],[616783.3040751,9762201.6807101,86.251],[616783.4263369,9762201.3855442,86.251],[616783.5224079,9762201.0808456,86.251],[616783.5915572,9762200.7689333,86.251],[616783.6332584,9762200.4521813,86.251],[616783.6471942,9762200.133,86.251]]]]}},
{"type":"Feature","properties":{"Layer":"PTOS_LINDERO_P97","Punto":"P66","X_COORD":616877.17,"Y_COORD":9762239.58},"geometry":{"type":"MultiPolygon","coordinates":[[[[616880.8311942,9762239.58,89.913],[616880.8172584,9762239.2608187,89.913],[616880.7755572,9762238.9440667,89.913],[616880.7064079,9762238.6321544,89.913],[616880.6103369,9762238.3274558,89.913],[616880.4880751,9762238.0322899,89.913],[616880.3405532,9762237.7489029,89.913],[616880.1688939,9762237.4794517,89.913],[616879.9744035,9762237.225987,89.913],[616879.7585623,9762236.9904377,89.913],[616879.523013,9762236.7745965,89.913],[616879.2695483,9762236.5801061,89.913],[616879.0000971,9762236.4084468,89.913],[616878.7167101,9762236.2609249,89.913],[616878.4215442,9762236.1386631,89.913],[616878.1168456,9762236.0425921,89.913],[616877.8049333,9762235.9734428,89.913],[616877.4881813,9762235.9317416,89.913],[616877.169,9762235.9178058,89.913],[616876.8498187,9762235.9317416,89.913],[616876.5330667,9762235.9734428,89.913],[616876.2211544,9762236.0425921,89.913],[616875.9164558,9762236.1386631,89.913],[616875.6212899,9762236.2609249,89.913],[616875.3379029,9762236.4084468,89.913],[616875.0684517,9762236.5801061,89.913],[616874.814987,9762236.7745965,89.913],[616874.5794377,9762236.9904377,89.913],[616874.3635965,9762237.225987,89.913],[616874.1691061,9762237.4794517,89.913],[616873.9974468,9762237.7489029,89.913],[616873.8499249,9762238.0322899,89.913],[616873.7276631,9762238.3274558,89.913],[616873.6315921,9762238.6321544,89.913],[616873.5624428,9762238.9440667,89.913],[616873.5207416,9762239.2608187,89.913],[616873.5068058,9762239.58,89.913],[616873.5207416,9762239.8991813,89.913],[616873.5624428,9762240.2159333,89.913],[616873.6315921,9762240.5278456,89.913],[616873.7276631,9762240.8325442,89.913],[616873.8499249,9762241.1277101,89.913],[616873.9974468,9762241.4110971,89.913],[616874.1691061,9762241.6805483,89.913],[616874.3635965,9762241.934013,89.913],[616874.5794377,9762242.1695623,89.913],[616874.814987,9762242.3854035,89.913],[616875.0684517,9762242.5798939,89.913],[616875.3379029,9762242.7515532,89.913],[616875.6212899,9762242.8990751,89.913],[616875.9164558,9762243.0213369,89.913],[616876.2211544,9762243.1174079,89.913],[616876.5330667,9762243.1865572,89.913],[616876.8498187,9762243.2282584,89.913],[616877.169,9762243.2421942,89.913],[616877.4881813,9762243.2282584,89.913],[616877.8049333,9762243.1865572,89.913],[616878.1168456,9762243.1174079,89.913],[616878.4215442,9762243.0213369,89.913],[616878.7167101,9762242.8990751,89.913],[616879.0000971,9762242.7515532,89.913],[616879.2695483,9762242.5798939,89.913],[616879.523013,9762242.3854035,89.913],[616879.7585623,9762242.1695623,89.913],[616879.9744035,9762241.934013,89.913],[616880.1688939,9762241.6805483,89.913],[616880.3405532,9762241.4110971,89.913],[616880.4880751,9762241.1277101,89.913],[616880.6103369,9762240.8325442,89.913],[616880.7064079,9762240.5278456,89.913],[616880.7755572,9762240.2159333,89.913],[616880.8172584,9762239.8991813,89.913],[616880.8311942,9762239.58,89.913]]]]}},
{"type":"Feature","properties":{"Layer":"PTOS_LINDERO_P97","Punto":"AUX7","X_COORD":617159.41,"Y_COORD":9762357.61},"geometry":{"type":"MultiPolygon","coordinates":[[[[617163.07591,9762357.6067915,71.484],[617163.0619742,9762357.2876102,71.484],[617163.020273,9762356.9708581,71.484],[617162.9511237,9762356.6589459,71.484],[617162.8550526,9762356.3542473,71.484],[617162.7327909,9762356.0590813,71.484],[617162.585269,9762355.7756944,71.484],[617162.4136096,9762355.5062432,71.484],[617162.2191193,9762355.2527784,71.484],[617162.0032781,9762355.0172291,71.484],[617161.7677288,9762354.801388,71.484],[617161.5142641,9762354.6068976,71.484],[617161.2448129,9762354.4352383,71.484],[617160.9614259,9762354.2877164,71.484],[617160.66626,9762354.1654546,71.484],[617160.3615614,9762354.0693835,71.484],[617160.0496491,9762354.0002342,71.484],[617159.732897,9762353.958533,71.484],[617159.4137158,9762353.9445973,71.484],[617159.0945345,9762353.958533,71.484],[617158.7777824,9762354.0002342,71.484],[617158.4658702,9762354.0693835,71.484],[617158.1611716,9762354.1654546,71.484],[617157.8660056,9762354.2877164,71.484],[617157.5826187,9762354.4352383,71.484],[617157.3131675,9762354.6068976,71.484],[617157.0597027,9762354.801388,71.484],[617156.8241534,9762355.0172291,71.484],[617156.6083123,9762355.2527784,71.484],[617156.4138219,9762355.5062432,71.484],[617156.2421626,9762355.7756944,71.484],[617156.0946407,9762356.0590813,71.484],[617155.9723789,9762356.3542473,71.484],[617155.8763078,9762356.6589459,71.484],[617155.8071585,9762356.9708581,71.484],[617155.7654573,9762357.2876102,71.484],[617155.7515216,9762357.6067915,71.484],[617155.7654573,9762357.9259727,71.484],[617155.8071585,9762358.2427248,71.484],[617155.8763078,9762358.5546371,71.484],[617155.9723789,9762358.8593356,71.484],[617156.0946407,9762359.1545016,71.484],[617156.2421626,9762359.4378886,71.484],[617156.4138219,9762359.7073398,71.484],[617156.6083123,9762359.9608045,71.484],[617156.8241534,9762360.1963538,71.484],[617157.0597027,9762360.412195,71.484],[617157.3131675,9762360.6066853,71.484],[617157.5826187,9762360.7783447,71.484],[617157.8660056,9762360.9258666,71.484],[617158.1611716,9762361.0481283,71.484],[617158.4658702,9762361.1441994,71.484],[617158.7777824,9762361.2133487,71.484],[617159.0945345,9762361.2550499,71.484],[617159.4137158,9762361.2689857,71.484],[617159.732897,9762361.2550499,71.484],[617160.0496491,9762361.2133487,71.484],[617160.3615614,9762361.1441994,71.484],[617160.66626,9762361.0481283,71.484],[617160.9614259,9762360.9258666,71.484],[617161.2448129,9762360.7783447,71.484],[617161.5142641,9762360.6066853,71.484],[617161.7677288,9762360.412195,71.484],[617162.0032781,9762360.1963538,71.484],[617162.2191193,9762359.9608045,71.484],[617162.4136096,9762359.7073398,71.484],[617162.585269,9762359.4378886,71.484],[617162.7327909,9762359.1545016,71.484],[617162.8550526,9762358.8593356,71.484],[617162.9511237,9762358.5546371,71.484],[617163.020273,9762358.2427248,71.484],[617163.0619742,9762357.9259727,71.484],[617163.07591,9762357.6067915,71.484]]]]}},
{"type":"Feature","properties":{"Layer":"PTOS_LINDERO_P97","Punto":"AUX6","X_COORD":617186.16,"Y_COORD":9762571.19},"geometry":{"type":"MultiPolygon","coordinates":[[[[617189.8177737,9762571.1903869,71.484],[617189.803838,9762570.8712057,71.484],[617189.7621368,9762570.5544536,71.484],[617189.6929875,9762570.2425413,71.484],[617189.5969164,9762569.9378428,71.484],[617189.4746547,9762569.6426768,71.484],[617189.3271328,9762569.3592898,71.484],[617189.1554734,9762569.0898386,71.484],[617188.9609831,9762568.8363739,71.484],[617188.7451419,9762568.6008246,71.484],[617188.5095926,9762568.3849834,71.484],[617188.2561278,9762568.1904931,71.484],[617187.9866766,9762568.0188337,71.484],[617187.7032897,9762567.8713118,71.484],[617187.4081237,9762567.7490501,71.484],[617187.1034252,9762567.652979,71.484],[617186.7915129,9762567.5838297,71.484],[617186.4747608,9762567.5421285,71.484],[617186.1555796,9762567.5281927,71.484],[617185.8363983,9762567.5421285,71.484],[617185.5196462,9762567.5838297,71.484],[617185.2077339,9762567.652979,71.484],[617184.9030354,9762567.7490501,71.484],[617184.6078694,9762567.8713118,71.484],[617184.3244825,9762568.0188337,71.484],[617184.0550313,9762568.1904931,71.484],[617183.8015665,9762568.3849834,71.484],[617183.5660172,9762568.6008246,71.484],[617183.350176,9762568.8363739,71.484],[617183.1556857,9762569.0898386,71.484],[617182.9840264,9762569.3592898,71.484],[617182.8365044,9762569.6426768,71.484],[617182.7142427,9762569.9378428,71.484],[617182.6181716,9762570.2425413,71.484],[617182.5490223,9762570.5544536,71.484],[617182.5073211,9762570.8712057,71.484],[617182.4933854,9762571.1903869,71.484],[617182.5073211,9762571.5095682,71.484],[617182.5490223,9762571.8263203,71.484],[617182.6181716,9762572.1382325,71.484],[617182.7142427,9762572.4429311,71.484],[617182.8365044,9762572.7380971,71.484],[617182.9840264,9762573.021484,71.484],[617183.1556857,9762573.2909352,71.484],[617183.350176,9762573.5444,71.484],[617183.5660172,9762573.7799493,71.484],[617183.8015665,9762573.9957904,71.484],[617184.0550313,9762574.1902808,71.484],[617184.3244825,9762574.3619401,71.484],[617184.6078694,9762574.509462,71.484],[617184.9030354,9762574.6317238,71.484],[617185.2077339,9762574.7277949,71.484],[617185.5196462,9762574.7969442,71.484],[617185.8363983,9762574.8386454,71.484],[617186.1555796,9762574.8525811,71.484],[617186.4747608,9762574.8386454,71.484],[617186.7915129,9762574.7969442,71.484],[617187.1034252,9762574.7277949,71.484],[617187.4081237,9762574.6317238,71.484],[617187.7032897,9762574.509462,71.484],[617187.9866766,9762574.3619401,71.484],[617188.2561278,9762574.1902808,71.484],[617188.5095926,9762573.9957904,71.484],[617188.7451419,9762573.7799493,71.484],[617188.9609831,9762573.5444,71.484],[617189.1554734,9762573.2909352,71.484],[617189.3271328,9762573.021484,71.484],[617189.4746547,9762572.7380971,71.484],[617189.5969164,9762572.4429311,71.484],[617189.6929875,9762572.1382325,71.484],[617189.7621368,9762571.8263203,71.484],[617189.803838,9762571.5095682,71.484],[617189.8177737,9762571.1903869,71.484]]]]}},
{"type":"Feature","properties":{"Layer":"PTOS_LINDERO_P97","Punto":"AUX5","X_COORD":617190.85,"Y_COORD":9762813.67},"geometry":{"type":"MultiPolygon","coordinates":[[[[617194.51511,9762813.6689915,71.484],[617194.5011742,9762813.3498102,71.484],[617194.459473,9762813.0330581,71.484],[617194.3903237,9762812.7211459,71.484],[617194.2942526,9762812.4164473,71.484],[617194.1719909,9762812.1212813,71.484],[617194.024469,9762811.8378944,71.484],[617193.8528096,9762811.5684432,71.484],[617193.6583193,9762811.3149784,71.484],[617193.4424781,9762811.0794291,71.484],[617193.2069288,9762810.863588,71.484],[617192.9534641,9762810.6690976,71.484],[617192.6840129,9762810.4974383,71.484],[617192.4006259,9762810.3499164,71.484],[617192.10546,9762810.2276546,71.484],[617191.8007614,9762810.1315835,71.484],[617191.4888491,9762810.0624342,71.484],[617191.172097,9762810.020733,71.484],[617190.8529158,9762810.0067973,71.484],[617190.5337345,9762810.020733,71.484],[617190.2169824,9762810.0624342,71.484],[617189.9050702,9762810.1315835,71.484],[617189.6003716,9762810.2276546,71.484],[617189.3052056,9762810.3499164,71.484],[617189.0218187,9762810.4974383,71.484],[617188.7523675,9762810.6690976,71.484],[617188.4989027,9762810.863588,71.484],[617188.2633534,9762811.0794291,71.484],[617188.0475123,9762811.3149784,71.484],[617187.8530219,9762811.5684432,71.484],[617187.6813626,9762811.8378944,71.484],[617187.5338407,9762812.1212813,71.484],[617187.4115789,9762812.4164473,71.484],[617187.3155078,9762812.7211459,71.484],[617187.2463585,9762813.0330581,71.484],[617187.2046573,9762813.3498102,71.484],[617187.1907216,9762813.6689915,71.484],[617187.2046573,9762813.9881727,71.484],[617187.2463585,9762814.3049248,71.484],[617187.3155078,9762814.6168371,71.484],[617187.4115789,9762814.9215356,71.484],[617187.5338407,9762815.2167016,71.484],[617187.6813626,9762815.5000886,71.484],[617187.8530219,9762815.7695398,71.484],[617188.0475123,9762816.0230045,71.484],[617188.2633534,9762816.2585538,71.484],[617188.4989027,9762816.474395,71.484],[617188.7523675,9762816.6688853,71.484],[617189.0218187,9762816.8405447,71.484],[617189.3052056,9762816.9880666,71.484],[617189.6003716,9762817.1103283,71.484],[617189.9050702,9762817.2063994,71.484],[617190.2169824,9762817.2755487,71.484],[617190.5337345,9762817.3172499,71.484],[617190.8529158,9762817.3311857,71.484],[617191.172097,9762817.3172499,71.484],[617191.4888491,9762817.2755487,71.484],[617191.8007614,9762817.2063994,71.484],[617192.10546,9762817.1103283,71.484],[617192.4006259,9762816.9880666,71.484],[617192.6840129,9762816.8405447,71.484],[617192.9534641,9762816.6688853,71.484],[617193.2069288,9762816.474395,71.484],[617193.4424781,9762816.2585538,71.484],[617193.6583193,9762816.0230045,71.484],[617193.8528096,9762815.7695398,71.484],[617194.024469,9762815.5000886,71.484],[617194.1719909,9762815.2167016,71.484],[617194.2942526,9762814.9215356,71.484],[617194.3903237,9762814.6168371,71.484],[617194.459473,9762814.3049248,71.484],[617194.5011742,9762813.9881727,71.484],[617194.51511,9762813.6689915,71.484]]]]}},
{"type":"Feature","properties":{"Layer":"PTOS_LINDERO_P97","Punto":"AUX4","X_COORD":617193.58,"Y_COORD":9762958.51},"geometry":{"type":"MultiPolygon","coordinates":[[[[617197.24511,9762958.5089915,71.484],[617197.2311742,9762958.1898102,71.484],[617197.189473,9762957.8730581,71.484],[617197.1203237,9762957.5611459,71.484],[617197.0242526,9762957.2564473,71.484],[617196.9019909,9762956.9612813,71.484],[617196.754469,9762956.6778944,71.484],[617196.5828096,9762956.4084432,71.484],[617196.3883193,9762956.1549784,71.484],[617196.1724781,9762955.9194291,71.484],[617195.9369288,9762955.703588,71.484],[617195.6834641,9762955.5090976,71.484],[617195.4140129,9762955.3374383,71.484],[617195.1306259,9762955.1899164,71.484],[617194.83546,9762955.0676546,71.484],[617194.5307614,9762954.9715835,71.484],[617194.2188491,9762954.9024342,71.484],[617193.902097,9762954.860733,71.484],[617193.5829158,9762954.8467973,71.484],[617193.2637345,9762954.860733,71.484],[617192.9469824,9762954.9024342,71.484],[617192.6350702,9762954.9715835,71.484],[617192.3303716,9762955.0676546,71.484],[617192.0352056,9762955.1899164,71.484],[617191.7518187,9762955.3374383,71.484],[617191.4823675,9762955.5090976,71.484],[617191.2289027,9762955.703588,71.484],[617190.9933534,9762955.9194291,71.484],[617190.7775123,9762956.1549784,71.484],[617190.5830219,9762956.4084432,71.484],[617190.4113626,9762956.6778944,71.484],[617190.2638407,9762956.9612813,71.484],[617190.1415789,9762957.2564473,71.484],[617190.0455078,9762957.5611459,71.484],[617189.9763585,9762957.8730581,71.484],[617189.9346573,9762958.1898102,71.484],[617189.9207216,9762958.5089915,71.484],[617189.9346573,9762958.8281727,71.484],[617189.9763585,9762959.1449248,71.484],[617190.0455078,9762959.4568371,71.484],[617190.1415789,9762959.7615356,71.484],[617190.2638407,9762960.0567016,71.484],[617190.4113626,9762960.3400886,71.484],[617190.5830219,9762960.6095398,71.484],[617190.7775123,9762960.8630045,71.484],[617190.9933534,9762961.0985538,71.484],[617191.2289027,9762961.314395,71.484],[617191.4823675,9762961.5088853,71.484],[617191.7518187,9762961.6805447,71.484],[617192.0352056,9762961.8280666,71.484],[617192.3303716,9762961.9503283,71.484],[617192.6350702,9762962.0463994,71.484],[617192.9469824,9762962.1155487,71.484],[617193.2637345,9762962.1572499,71.484],[617193.5829158,9762962.1711857,71.484],[617193.902097,9762962.1572499,71.484],[617194.2188491,9762962.1155487,71.484],[617194.5307614,9762962.0463994,71.484],[617194.83546,9762961.9503283,71.484],[617195.1306259,9762961.8280666,71.484],[617195.4140129,9762961.6805447,71.484],[617195.6834641,9762961.5088853,71.484],[617195.9369288,9762961.314395,71.484],[617196.1724781,9762961.0985538,71.484],[617196.3883193,9762960.8630045,71.484],[617196.5828096,9762960.6095398,71.484],[617196.754469,9762960.3400886,71.484],[617196.9019909,9762960.0567016,71.484],[617197.0242526,9762959.7615356,71.484],[617197.1203237,9762959.4568371,71.484],[617197.189473,9762959.1449248,71.484],[617197.2311742,9762958.8281727,71.484],[617197.24511,9762958.5089915,71.484]]]]}},
{"type":"Feature","properties":{"Layer":"PTOS_LINDERO_P97","Punto":"P57","X_COORD":617194.5,"Y_COORD":9763219.41},"geometry":{"type":"MultiPolygon","coordinates":[[[[617198.1632577,9763219.4106093,71.484],[617198.149322,9763219.091428,71.484],[617198.1076208,9763218.7746759,71.484],[617198.0384715,9763218.4627637,71.484],[617197.9424004,9763218.1580651,71.484],[617197.8201387,9763217.8628991,71.484],[617197.6726168,9763217.5795122,71.484],[617197.5009574,9763217.310061,71.484],[617197.3064671,9763217.0565962,71.484],[617197.0906259,9763216.8210469,71.484],[617196.8550766,9763216.6052058,71.484],[617196.6016118,9763216.4107154,71.484],[617196.3321607,9763216.2390561,71.484],[617196.0487737,9763216.0915342,71.484],[617195.7536077,9763215.9692724,71.484],[617195.4489092,9763215.8732013,71.484],[617195.1369969,9763215.804052,71.484],[617194.8202448,9763215.7623508,71.484],[617194.5010636,9763215.7484151,71.484],[617194.1818823,9763215.7623508,71.484],[617193.8651302,9763215.804052,71.484],[617193.553218,9763215.8732013,71.484],[617193.2485194,9763215.9692724,71.484],[617192.9533534,9763216.0915342,71.484],[617192.6699665,9763216.2390561,71.484],[617192.4005153,9763216.4107154,71.484],[617192.1470505,9763216.6052058,71.484],[617191.9115012,9763216.8210469,71.484],[617191.6956601,9763217.0565962,71.484],[617191.5011697,9763217.310061,71.484],[617191.3295104,9763217.5795122,71.484],[617191.1819884,9763217.8628991,71.484],[617191.0597267,9763218.1580651,71.484],[617190.9636556,9763218.4627637,71.484],[617190.8945063,9763218.7746759,71.484],[617190.8528051,9763219.091428,71.484],[617190.8388694,9763219.4106093,71.484],[617190.8528051,9763219.7297905,71.484],[617190.8945063,9763220.0465426,71.484],[617190.9636556,9763220.3584549,71.484],[617191.0597267,9763220.6631534,71.484],[617191.1819884,9763220.9583194,71.484],[617191.3295104,9763221.2417064,71.484],[617191.5011697,9763221.5111576,71.484],[617191.6956601,9763221.7646223,71.484],[617191.9115012,9763222.0001716,71.484],[617192.1470505,9763222.2160128,71.484],[617192.4005153,9763222.4105031,71.484],[617192.6699665,9763222.5821625,71.484],[617192.9533534,9763222.7296844,71.484],[617193.2485194,9763222.8519461,71.484],[617193.553218,9763222.9480172,71.484],[617193.8651302,9763223.0171665,71.484],[617194.1818823,9763223.0588677,71.484],[617194.5010636,9763223.0728035,71.484],[617194.8202448,9763223.0588677,71.484],[617195.1369969,9763223.0171665,71.484],[617195.4489092,9763222.9480172,71.484],[617195.7536077,9763222.8519461,71.484],[617196.0487737,9763222.7296844,71.484],[617196.3321607,9763222.5821625,71.484],[617196.6016118,9763222.4105031,71.484],[617196.8550766,9763222.2160128,71.484],[617197.0906259,9763222.0001716,71.484],[617197.3064671,9763221.7646223,71.484],[617197.5009574,9763221.5111576,71.484],[617197.6726168,9763221.2417064,71.484],[617197.8201387,9763220.9583194,71.484],[617197.9424004,9763220.6631534,71.484],[617198.0384715,9763220.3584549,71.484],[617198.1076208,9763220.0465426,71.484],[617198.149322,9763219.7297905,71.484],[617198.1632577,9763219.4106093,71.484]]]]}},
{"type":"Feature","properties":{"Layer":"PTOS_LINDERO_P97","Punto":"P56","X_COORD":617160.43,"Y_COORD":9763229.48},"geometry":{"type":"MultiPolygon","coordinates":[[[[617164.0911942,9763229.476,46.17],[617164.0772584,9763229.1568187,46.17],[617164.0355572,9763228.8400667,46.17],[617163.9664079,9763228.5281544,46.17],[617163.8703369,9763228.2234558,46.17],[617163.7480751,9763227.9282899,46.17],[617163.6005532,9763227.6449029,46.17],[617163.4288939,9763227.3754517,46.17],[617163.2344035,9763227.121987,46.17],[617163.0185623,9763226.8864377,46.17],[617162.783013,9763226.6705965,46.17],[617162.5295483,9763226.4761061,46.17],[617162.2600971,9763226.3044468,46.17],[617161.9767101,9763226.1569249,46.17],[617161.6815442,9763226.0346631,46.17],[617161.3768456,9763225.9385921,46.17],[617161.0649333,9763225.8694428,46.17],[617160.7481813,9763225.8277416,46.17],[617160.429,9763225.8138058,46.17],[617160.1098187,9763225.8277416,46.17],[617159.7930667,9763225.8694428,46.17],[617159.4811544,9763225.9385921,46.17],[617159.1764558,9763226.0346631,46.17],[617158.8812899,9763226.1569249,46.17],[617158.5979029,9763226.3044468,46.17],[617158.3284517,9763226.4761061,46.17],[617158.074987,9763226.6705965,46.17],[617157.8394377,9763226.8864377,46.17],[617157.6235965,9763227.121987,46.17],[617157.4291061,9763227.3754517,46.17],[617157.2574468,9763227.6449029,46.17],[617157.1099249,9763227.9282899,46.17],[617156.9876631,9763228.2234558,46.17],[617156.8915921,9763228.5281544,46.17],[617156.8224428,9763228.8400667,46.17],[617156.7807416,9763229.1568187,46.17],[617156.7668058,9763229.476,46.17],[617156.7807416,9763229.7951813,46.17],[617156.8224428,9763230.1119333,46.17],[617156.8915921,9763230.4238456,46.17],[617156.9876631,9763230.7285442,46.17],[617157.1099249,9763231.0237101,46.17],[617157.2574468,9763231.3070971,46.17],[617157.4291061,9763231.5765483,46.17],[617157.6235965,9763231.830013,46.17],[617157.8394377,9763232.0655623,46.17],[617158.074987,9763232.2814035,46.17],[617158.3284517,9763232.4758939,46.17],[617158.5979029,9763232.6475532,46.17],[617158.8812899,9763232.7950751,46.17],[617159.1764558,9763232.9173369,46.17],[617159.4811544,9763233.0134079,46.17],[617159.7930667,9763233.0825572,46.17],[617160.1098187,9763233.1242584,46.17],[617160.429,9763233.1381942,46.17],[617160.7481813,9763233.1242584,46.17],[617161.0649333,9763233.0825572,46.17],[617161.3768456,9763233.0134079,46.17],[617161.6815442,9763232.9173369,46.17],[617161.9767101,9763232.7950751,46.17],[617162.2600971,9763232.6475532,46.17],[617162.5295483,9763232.4758939,46.17],[617162.783013,9763232.2814035,46.17],[617163.0185623,9763232.0655623,46.17],[617163.2344035,9763231.830013,46.17],[617163.4288939,9763231.5765483,46.17],[617163.6005532,9763231.3070971,46.17],[617163.7480751,9763231.0237101,46.17],[617163.8703369,9763230.7285442,46.17],[617163.9664079,9763230.4238456,46.17],[617164.0355572,9763230.1119333,46.17],[617164.0772584,9763229.7951813,46.17],[617164.0911942,9763229.476,46.17]]]]}},
{"type":"Feature","properties":{"Layer":"PTOS_LINDERO_P97","Punto":"P55","X_COORD":617134.88,"Y_COORD":9763219.21},"geometry":{"type":"MultiPolygon","coordinates":[[[[617138.5401942,9763219.206,48.845],[617138.5262584,9763218.8868187,48.845],[617138.4845572,9763218.5700667,48.845],[617138.4154079,9763218.2581544,48.845],[617138.3193369,9763217.9534558,48.845],[617138.1970751,9763217.6582899,48.845],[617138.0495532,9763217.3749029,48.845],[617137.8778939,9763217.1054517,48.845],[617137.6834035,9763216.851987,48.845],[617137.4675623,9763216.6164377,48.845],[617137.232013,9763216.4005965,48.845],[617136.9785483,9763216.2061061,48.845],[617136.7090971,9763216.0344468,48.845],[617136.4257101,9763215.8869249,48.845],[617136.1305442,9763215.7646631,48.845],[617135.8258456,9763215.6685921,48.845],[617135.5139333,9763215.5994428,48.845],[617135.1971813,9763215.5577416,48.845],[617134.878,9763215.5438058,48.845],[617134.5588187,9763215.5577416,48.845],[617134.2420667,9763215.5994428,48.845],[617133.9301544,9763215.6685921,48.845],[617133.6254558,9763215.7646631,48.845],[617133.3302899,9763215.8869249,48.845],[617133.0469029,9763216.0344468,48.845],[617132.7774517,9763216.2061061,48.845],[617132.523987,9763216.4005965,48.845],[617132.2884377,9763216.6164377,48.845],[617132.0725965,9763216.851987,48.845],[617131.8781061,9763217.1054517,48.845],[617131.7064468,9763217.3749029,48.845],[617131.5589249,9763217.6582899,48.845],[617131.4366631,9763217.9534558,48.845],[617131.3405921,9763218.2581544,48.845],[617131.2714428,9763218.5700667,48.845],[617131.2297416,9763218.8868187,48.845],[617131.2158058,9763219.206,48.845],[617131.2297416,9763219.5251813,48.845],[617131.2714428,9763219.8419333,48.845],[617131.3405921,9763220.1538456,48.845],[617131.4366631,9763220.4585442,48.845],[617131.5589249,9763220.7537101,48.845],[617131.7064468,9763221.0370971,48.845],[617131.8781061,9763221.3065483,48.845],[617132.0725965,9763221.560013,48.845],[617132.2884377,9763221.7955623,48.845],[617132.523987,9763222.0114035,48.845],[617132.7774517,9763222.2058939,48.845],[617133.0469029,9763222.3775532,48.845],[617133.3302899,9763222.5250751,48.845],[617133.6254558,9763222.6473369,48.845],[617133.9301544,9763222.7434079,48.845],[617134.2420667,9763222.8125572,48.845],[617134.5588187,9763222.8542584,48.845],[617134.878,9763222.8681942,48.845],[617135.1971813,9763222.8542584,48.845],[617135.5139333,9763222.8125572,48.845],[617135.8258456,9763222.7434079,48.845],[617136.1305442,9763222.6473369,48.845],[617136.4257101,9763222.5250751,48.845],[617136.7090971,9763222.3775532,48.845],[617136.9785483,9763222.2058939,48.845],[617137.232013,9763222.0114035,48.845],[617137.4675623,9763221.7955623,48.845],[617137.6834035,9763221.560013,48.845],[617137.8778939,9763221.3065483,48.845],[617138.0495532,9763221.0370971,48.845],[617138.1970751,9763220.7537101,48.845],[617138.3193369,9763220.4585442,48.845],[617138.4154079,9763220.1538456,48.845],[617138.4845572,9763219.8419333,48.845],[617138.5262584,9763219.5251813,48.845],[617138.5401942,9763219.206,48.845]]]]}},
{"type":"Feature","properties":{"Layer":"PTOS_LINDERO_P97","Punto":"P54","X_COORD":617117.9,"Y_COORD":9763195.98},"geometry":{"type":"MultiPolygon","coordinates":[[[[617121.5611942,9763195.978,50.826],[617121.5472584,9763195.6588187,50.826],[617121.5055572,9763195.3420667,50.826],[617121.4364079,9763195.0301544,50.826],[617121.3403369,9763194.7254558,50.826],[617121.2180751,9763194.4302899,50.826],[617121.0705532,9763194.1469029,50.826],[617120.8988939,9763193.8774517,50.826],[617120.7044035,9763193.623987,50.826],[617120.4885623,9763193.3884377,50.826],[617120.253013,9763193.1725965,50.826],[617119.9995483,9763192.9781061,50.826],[617119.7300971,9763192.8064468,50.826],[617119.4467101,9763192.6589249,50.826],[617119.1515442,9763192.5366631,50.826],[617118.8468456,9763192.4405921,50.826],[617118.5349333,9763192.3714428,50.826],[617118.2181813,9763192.3297416,50.826],[617117.899,9763192.3158058,50.826],[617117.5798187,9763192.3297416,50.826],[617117.2630667,9763192.3714428,50.826],[617116.9511544,9763192.4405921,50.826],[617116.6464558,9763192.5366631,50.826],[617116.3512899,9763192.6589249,50.826],[617116.0679029,9763192.8064468,50.826],[617115.7984517,9763192.9781061,50.826],[617115.544987,9763193.1725965,50.826],[617115.3094377,9763193.3884377,50.826],[617115.0935965,9763193.623987,50.826],[617114.8991061,9763193.8774517,50.826],[617114.7274468,9763194.1469029,50.826],[617114.5799249,9763194.4302899,50.826],[617114.4576631,9763194.7254558,50.826],[617114.3615921,9763195.0301544,50.826],[617114.2924428,9763195.3420667,50.826],[617114.2507416,9763195.6588187,50.826],[617114.2368058,9763195.978,50.826],[617114.2507416,9763196.2971813,50.826],[617114.2924428,9763196.6139333,50.826],[617114.3615921,9763196.9258456,50.826],[617114.4576631,9763197.2305442,50.826],[617114.5799249,9763197.5257101,50.826],[617114.7274468,9763197.8090971,50.826],[617114.8991061,9763198.0785483,50.826],[617115.0935965,9763198.332013,50.826],[617115.3094377,9763198.5675623,50.826],[617115.544987,9763198.7834035,50.826],[617115.7984517,9763198.9778939,50.826],[617116.0679029,9763199.1495532,50.826],[617116.3512899,9763199.2970751,50.826],[617116.6464558,9763199.4193369,50.826],[617116.9511544,9763199.5154079,50.826],[617117.2630667,9763199.5845572,50.826],[617117.5798187,9763199.6262584,50.826],[617117.899,9763199.6401942,50.826],[617118.2181813,9763199.6262584,50.826],[617118.5349333,9763199.5845572,50.826],[617118.8468456,9763199.5154079,50.826],[617119.1515442,9763199.4193369,50.826],[617119.4467101,9763199.2970751,50.826],[617119.7300971,9763199.1495532,50.826],[617119.9995483,9763198.9778939,50.826],[617120.253013,9763198.7834035,50.826],[617120.4885623,9763198.5675623,50.826],[617120.7044035,9763198.332013,50.826],[617120.8988939,9763198.0785483,50.826],[617121.0705532,9763197.8090971,50.826],[617121.2180751,9763197.5257101,50.826],[617121.3403369,9763197.2305442,50.826],[617121.4364079,9763196.9258456,50.826],[617121.5055572,9763196.6139333,50.826],[617121.5472584,9763196.2971813,50.826],[617121.5611942,9763195.978,50.826]]]]}},
{"type":"Feature","properties":{"Layer":"PTOS_LINDERO_P97","Punto":"P53","X_COORD":617115.17,"Y_COORD":9763184.32},"geometry":{"type":"MultiPolygon","coordinates":[[[[617118.8321942,9763184.324,51.425],[617118.8182584,9763184.0048187,51.425],[617118.7765572,9763183.6880667,51.425],[617118.7074079,9763183.3761544,51.425],[617118.6113369,9763183.0714558,51.425],[617118.4890751,9763182.7762899,51.425],[617118.3415532,9763182.4929029,51.425],[617118.1698939,9763182.2234517,51.425],[617117.9754035,9763181.969987,51.425],[617117.7595623,9763181.7344377,51.425],[617117.524013,9763181.5185965,51.425],[617117.2705483,9763181.3241061,51.425],[617117.0010971,9763181.1524468,51.425],[617116.7177101,9763181.0049249,51.425],[617116.4225442,9763180.8826631,51.425],[617116.1178456,9763180.7865921,51.425],[617115.8059333,9763180.7174428,51.425],[617115.4891813,9763180.6757416,51.425],[617115.17,9763180.6618058,51.425],[617114.8508187,9763180.6757416,51.425],[617114.5340667,9763180.7174428,51.425],[617114.2221544,9763180.7865921,51.425],[617113.9174558,9763180.8826631,51.425],[617113.6222899,9763181.0049249,51.425],[617113.3389029,9763181.1524468,51.425],[617113.0694517,9763181.3241061,51.425],[617112.815987,9763181.5185965,51.425],[617112.5804377,9763181.7344377,51.425],[617112.3645965,9763181.969987,51.425],[617112.1701061,9763182.2234517,51.425],[617111.9984468,9763182.4929029,51.425],[617111.8509249,9763182.7762899,51.425],[617111.7286631,9763183.0714558,51.425],[617111.6325921,9763183.3761544,51.425],[617111.5634428,9763183.6880667,51.425],[617111.5217416,9763184.0048187,51.425],[617111.5078058,9763184.324,51.425],[617111.5217416,9763184.6431813,51.425],[617111.5634428,9763184.9599333,51.425],[617111.6325921,9763185.2718456,51.425],[617111.7286631,9763185.5765442,51.425],[617111.8509249,9763185.8717101,51.425],[617111.9984468,9763186.1550971,51.425],[617112.1701061,9763186.4245483,51.425],[617112.3645965,9763186.678013,51.425],[617112.5804377,9763186.9135623,51.425],[617112.815987,9763187.1294035,51.425],[617113.0694517,9763187.3238939,51.425],[617113.3389029,9763187.4955532,51.425],[617113.6222899,9763187.6430751,51.425],[617113.9174558,9763187.7653369,51.425],[617114.2221544,9763187.8614079,51.425],[617114.5340667,9763187.9305572,51.425],[617114.8508187,9763187.9722584,51.425],[617115.17,9763187.9861942,51.425],[617115.4891813,9763187.9722584,51.425],[617115.8059333,9763187.9305572,51.425],[617116.1178456,9763187.8614079,51.425],[617116.4225442,9763187.7653369,51.425],[617116.7177101,9763187.6430751,51.425],[617117.0010971,9763187.4955532,51.425],[617117.2705483,9763187.3238939,51.425],[617117.524013,9763187.1294035,51.425],[617117.7595623,9763186.9135623,51.425],[617117.9754035,9763186.678013,51.425],[617118.1698939,9763186.4245483,51.425],[617118.3415532,9763186.1550971,51.425],[617118.4890751,9763185.8717101,51.425],[617118.6113369,9763185.5765442,51.425],[617118.7074079,9763185.2718456,51.425],[617118.7765572,9763184.9599333,51.425],[617118.8182584,9763184.6431813,51.425],[617118.8321942,9763184.324,51.425]]]]}},
{"type":"Feature","properties":{"Layer":"PTOS_LINDERO_P97","Punto":"P52","X_COORD":617092.22,"Y_COORD":9763189.02},"geometry":{"type":"MultiPolygon","coordinates":[[[[617095.8841942,9763189.024,51.407],[617095.8702584,9763188.7048187,51.407],[617095.8285572,9763188.3880667,51.407],[617095.7594079,9763188.0761544,51.407],[617095.6633369,9763187.7714558,51.407],[617095.5410751,9763187.4762899,51.407],[617095.3935532,9763187.1929029,51.407],[617095.2218939,9763186.9234517,51.407],[617095.0274035,9763186.669987,51.407],[617094.8115623,9763186.4344377,51.407],[617094.576013,9763186.2185965,51.407],[617094.3225483,9763186.0241061,51.407],[617094.0530971,9763185.8524468,51.407],[617093.7697101,9763185.7049249,51.407],[617093.4745442,9763185.5826631,51.407],[617093.1698456,9763185.4865921,51.407],[617092.8579333,9763185.4174428,51.407],[617092.5411813,9763185.3757416,51.407],[617092.222,9763185.3618058,51.407],[617091.9028187,9763185.3757416,51.407],[617091.5860667,9763185.4174428,51.407],[617091.2741544,9763185.4865921,51.407],[617090.9694558,9763185.5826631,51.407],[617090.6742899,9763185.7049249,51.407],[617090.3909029,9763185.8524468,51.407],[617090.1214517,9763186.0241061,51.407],[617089.867987,9763186.2185965,51.407],[617089.6324377,9763186.4344377,51.407],[617089.4165965,9763186.669987,51.407],[617089.2221061,9763186.9234517,51.407],[617089.0504468,9763187.1929029,51.407],[617088.9029249,9763187.4762899,51.407],[617088.7806631,9763187.7714558,51.407],[617088.6845921,9763188.0761544,51.407],[617088.6154428,9763188.3880667,51.407],[617088.5737416,9763188.7048187,51.407],[617088.5598058,9763189.024,51.407],[617088.5737416,9763189.3431813,51.407],[617088.6154428,9763189.6599333,51.407],[617088.6845921,9763189.9718456,51.407],[617088.7806631,9763190.2765442,51.407],[617088.9029249,9763190.5717101,51.407],[617089.0504468,9763190.8550971,51.407],[617089.2221061,9763191.1245483,51.407],[617089.4165965,9763191.378013,51.407],[617089.6324377,9763191.6135623,51.407],[617089.867987,9763191.8294035,51.407],[617090.1214517,9763192.0238939,51.407],[617090.3909029,9763192.1955532,51.407],[617090.6742899,9763192.3430751,51.407],[617090.9694558,9763192.4653369,51.407],[617091.2741544,9763192.5614079,51.407],[617091.5860667,9763192.6305572,51.407],[617091.9028187,9763192.6722584,51.407],[617092.222,9763192.6861942,51.407],[617092.5411813,9763192.6722584,51.407],[617092.8579333,9763192.6305572,51.407],[617093.1698456,9763192.5614079,51.407],[617093.4745442,9763192.4653369,51.407],[617093.7697101,9763192.3430751,51.407],[617094.0530971,9763192.1955532,51.407],[617094.3225483,9763192.0238939,51.407],[617094.576013,9763191.8294035,51.407],[617094.8115623,9763191.6135623,51.407],[617095.0274035,9763191.378013,51.407],[617095.2218939,9763191.1245483,51.407],[617095.3935532,9763190.8550971,51.407],[617095.5410751,9763190.5717101,51.407],[617095.6633369,9763190.2765442,51.407],[617095.7594079,9763189.9718456,51.407],[617095.8285572,9763189.6599333,51.407],[617095.8702584,9763189.3431813,51.407],[617095.8841942,9763189.024,51.407]]]]}},
{"type":"Feature","properties":{"Layer":"PTOS_LINDERO_P97","Punto":"P51","X_COORD":617098.1,"Y_COORD":9763248.93},"geometry":{"type":"MultiPolygon","coordinates":[[[[617101.7651942,9763248.931,49.696],[617101.7512584,9763248.6118187,49.696],[617101.7095572,9763248.2950667,49.696],[617101.6404079,9763247.9831544,49.696],[617101.5443369,9763247.6784558,49.696],[617101.4220751,9763247.3832899,49.696],[617101.2745532,9763247.0999029,49.696],[617101.1028939,9763246.8304517,49.696],[617100.9084035,9763246.576987,49.696],[617100.6925623,9763246.3414377,49.696],[617100.457013,9763246.1255965,49.696],[617100.2035483,9763245.9311061,49.696],[617099.9340971,9763245.7594468,49.696],[617099.6507101,9763245.6119249,49.696],[617099.3555442,9763245.4896631,49.696],[617099.0508456,9763245.3935921,49.696],[617098.7389333,9763245.3244428,49.696],[617098.4221813,9763245.2827416,49.696],[617098.103,9763245.2688058,49.696],[617097.7838187,9763245.2827416,49.696],[617097.4670667,9763245.3244428,49.696],[617097.1551544,9763245.3935921,49.696],[617096.8504558,9763245.4896631,49.696],[617096.5552899,9763245.6119249,49.696],[617096.2719029,9763245.7594468,49.696],[617096.0024517,9763245.9311061,49.696],[617095.748987,9763246.1255965,49.696],[617095.5134377,9763246.3414377,49.696],[617095.2975965,9763246.576987,49.696],[617095.1031061,9763246.8304517,49.696],[617094.9314468,9763247.0999029,49.696],[617094.7839249,9763247.3832899,49.696],[617094.6616631,9763247.6784558,49.696],[617094.5655921,9763247.9831544,49.696],[617094.4964428,9763248.2950667,49.696],[617094.4547416,9763248.6118187,49.696],[617094.4408058,9763248.931,49.696],[617094.4547416,9763249.2501813,49.696],[617094.4964428,9763249.5669333,49.696],[617094.5655921,9763249.8788456,49.696],[617094.6616631,9763250.1835442,49.696],[617094.7839249,9763250.4787101,49.696],[617094.9314468,9763250.7620971,49.696],[617095.1031061,9763251.0315483,49.696],[617095.2975965,9763251.285013,49.696],[617095.5134377,9763251.5205623,49.696],[617095.748987,9763251.7364035,49.696],[617096.0024517,9763251.9308939,49.696],[617096.2719029,9763252.1025532,49.696],[617096.5552899,9763252.2500751,49.696],[617096.8504558,9763252.3723369,49.696],[617097.1551544,9763252.4684079,49.696],[617097.4670667,9763252.5375572,49.696],[617097.7838187,9763252.5792584,49.696],[617098.103,9763252.5931942,49.696],[617098.4221813,9763252.5792584,49.696],[617098.7389333,9763252.5375572,49.696],[617099.0508456,9763252.4684079,49.696],[617099.3555442,9763252.3723369,49.696],[617099.6507101,9763252.2500751,49.696],[617099.9340971,9763252.1025532,49.696],[617100.2035483,9763251.9308939,49.696],[617100.457013,9763251.7364035,49.696],[617100.6925623,9763251.5205623,49.696],[617100.9084035,9763251.285013,49.696],[617101.1028939,9763251.0315483,49.696],[617101.2745532,9763250.7620971,49.696],[617101.4220751,9763250.4787101,49.696],[617101.5443369,9763250.1835442,49.696],[617101.6404079,9763249.8788456,49.696],[617101.7095572,9763249.5669333,49.696],[617101.7512584,9763249.2501813,49.696],[617101.7651942,9763248.931,49.696]]]]}},
{"type":"Feature","properties":{"Layer":"PTOS_LINDERO_P97","Punto":"P50","X_COORD":617101.06,"Y_COORD":9763282.5},"geometry":{"type":"MultiPolygon","coordinates":[[[[617104.7231942,9763282.495,47.7],[617104.7092584,9763282.1758187,47.7],[617104.6675572,9763281.8590667,47.7],[617104.5984079,9763281.5471544,47.7],[617104.5023369,9763281.2424558,47.7],[617104.3800751,9763280.9472899,47.7],[617104.2325532,9763280.6639029,47.7],[617104.0608939,9763280.3944517,47.7],[617103.8664035,9763280.140987,47.7],[617103.6505623,9763279.9054377,47.7],[617103.415013,9763279.6895965,47.7],[617103.1615483,9763279.4951061,47.7],[617102.8920971,9763279.3234468,47.7],[617102.6087101,9763279.1759249,47.7],[617102.3135442,9763279.0536631,47.7],[617102.0088456,9763278.9575921,47.7],[617101.6969333,9763278.8884428,47.7],[617101.3801813,9763278.8467416,47.7],[617101.061,9763278.8328058,47.7],[617100.7418187,9763278.8467416,47.7],[617100.4250667,9763278.8884428,47.7],[617100.1131544,9763278.9575921,47.7],[617099.8084558,9763279.0536631,47.7],[617099.5132899,9763279.1759249,47.7],[617099.2299029,9763279.3234468,47.7],[617098.9604517,9763279.4951061,47.7],[617098.706987,9763279.6895965,47.7],[617098.4714377,9763279.9054377,47.7],[617098.2555965,9763280.140987,47.7],[617098.0611061,9763280.3944517,47.7],[617097.8894468,9763280.6639029,47.7],[617097.7419249,9763280.9472899,47.7],[617097.6196631,9763281.2424558,47.7],[617097.5235921,9763281.5471544,47.7],[617097.4544428,9763281.8590667,47.7],[617097.4127416,9763282.1758187,47.7],[617097.3988058,9763282.495,47.7],[617097.4127416,9763282.8141813,47.7],[617097.4544428,9763283.1309333,47.7],[617097.5235921,9763283.4428456,47.7],[617097.6196631,9763283.7475442,47.7],[617097.7419249,9763284.0427101,47.7],[617097.8894468,9763284.3260971,47.7],[617098.0611061,9763284.5955483,47.7],[617098.2555965,9763284.849013,47.7],[617098.4714377,9763285.0845623,47.7],[617098.706987,9763285.3004035,47.7],[617098.9604517,9763285.4948939,47.7],[617099.2299029,9763285.6665532,47.7],[617099.5132899,9763285.8140751,47.7],[617099.8084558,9763285.9363369,47.7],[617100.1131544,9763286.0324079,47.7],[617100.4250667,9763286.1015572,47.7],[617100.7418187,9763286.1432584,47.7],[617101.061,9763286.1571942,47.7],[617101.3801813,9763286.1432584,47.7],[617101.6969333,9763286.1015572,47.7],[617102.0088456,9763286.0324079,47.7],[617102.3135442,9763285.9363369,47.7],[617102.6087101,9763285.8140751,47.7],[617102.8920971,9763285.6665532,47.7],[617103.1615483,9763285.4948939,47.7],[617103.415013,9763285.3004035,47.7],[617103.6505623,9763285.0845623,47.7],[617103.8664035,9763284.849013,47.7],[617104.0608939,9763284.5955483,47.7],[617104.2325532,9763284.3260971,47.7],[617104.3800751,9763284.0427101,47.7],[617104.5023369,9763283.7475442,47.7],[617104.5984079,9763283.4428456,47.7],[617104.6675572,9763283.1309333,47.7],[617104.7092584,9763282.8141813,47.7],[617104.7231942,9763282.495,47.7]]]]}},
{"type":"Feature","properties":{"Layer":"PTOS_LINDERO_P97","Punto":"P49","X_COORD":617080.9,"Y_COORD":9763433.16},"geometry":{"type":"MultiPolygon","coordinates":[[[[617084.5581942,9763433.163,36.999],[617084.5442584,9763432.8438187,36.999],[617084.5025572,9763432.5270667,36.999],[617084.4334079,9763432.2151544,36.999],[617084.3373369,9763431.9104558,36.999],[617084.2150751,9763431.6152899,36.999],[617084.0675532,9763431.3319029,36.999],[617083.8958939,9763431.0624517,36.999],[617083.7014035,9763430.808987,36.999],[617083.4855623,9763430.5734377,36.999],[617083.250013,9763430.3575965,36.999],[617082.9965483,9763430.1631061,36.999],[617082.7270971,9763429.9914468,36.999],[617082.4437101,9763429.8439249,36.999],[617082.1485442,9763429.7216631,36.999],[617081.8438456,9763429.6255921,36.999],[617081.5319333,9763429.5564428,36.999],[617081.2151813,9763429.5147416,36.999],[617080.896,9763429.5008058,36.999],[617080.5768187,9763429.5147416,36.999],[617080.2600667,9763429.5564428,36.999],[617079.9481544,9763429.6255921,36.999],[617079.6434558,9763429.7216631,36.999],[617079.3482899,9763429.8439249,36.999],[617079.0649029,9763429.9914468,36.999],[617078.7954517,9763430.1631061,36.999],[617078.541987,9763430.3575965,36.999],[617078.3064377,9763430.5734377,36.999],[617078.0905965,9763430.808987,36.999],[617077.8961061,9763431.0624517,36.999],[617077.7244468,9763431.3319029,36.999],[617077.5769249,9763431.6152899,36.999],[617077.4546631,9763431.9104558,36.999],[617077.3585921,9763432.2151544,36.999],[617077.2894428,9763432.5270667,36.999],[617077.2477416,9763432.8438187,36.999],[617077.2338058,9763433.163,36.999],[617077.2477416,9763433.4821813,36.999],[617077.2894428,9763433.7989333,36.999],[617077.3585921,9763434.1108456,36.999],[617077.4546631,9763434.4155442,36.999],[617077.5769249,9763434.7107101,36.999],[617077.7244468,9763434.9940971,36.999],[617077.8961061,9763435.2635483,36.999],[617078.0905965,9763435.517013,36.999],[617078.3064377,9763435.7525623,36.999],[617078.541987,9763435.9684035,36.999],[617078.7954517,9763436.1628939,36.999],[617079.0649029,9763436.3345532,36.999],[617079.3482899,9763436.4820751,36.999],[617079.6434558,9763436.6043369,36.999],[617079.9481544,9763436.7004079,36.999],[617080.2600667,9763436.7695572,36.999],[617080.5768187,9763436.8112584,36.999],[617080.896,9763436.8251942,36.999],[617081.2151813,9763436.8112584,36.999],[617081.5319333,9763436.7695572,36.999],[617081.8438456,9763436.7004079,36.999],[617082.1485442,9763436.6043369,36.999],[617082.4437101,9763436.4820751,36.999],[617082.7270971,9763436.3345532,36.999],[617082.9965483,9763436.1628939,36.999],[617083.250013,9763435.9684035,36.999],[617083.4855623,9763435.7525623,36.999],[617083.7014035,9763435.517013,36.999],[617083.8958939,9763435.2635483,36.999],[617084.0675532,9763434.9940971,36.999],[617084.2150751,9763434.7107101,36.999],[617084.3373369,9763434.4155442,36.999],[617084.4334079,9763434.1108456,36.999],[617084.5025572,9763433.7989333,36.999],[617084.5442584,9763433.4821813,36.999],[617084.5581942,9763433.163,36.999]]]]}},
{"type":"Feature","properties":{"Layer":"PTOS_LINDERO_P97","Punto":"P48","X_COORD":617078.16,"Y_COORD":9763498.43},"geometry":{"type":"MultiPolygon","coordinates":[[[[617081.8251942,9763498.427,35.636],[617081.8112584,9763498.1078187,35.636],[617081.7695572,9763497.7910667,35.636],[617081.7004079,9763497.4791544,35.636],[617081.6043369,9763497.1744558,35.636],[617081.4820751,9763496.8792899,35.636],[617081.3345532,9763496.5959029,35.636],[617081.1628939,9763496.3264517,35.636],[617080.9684035,9763496.072987,35.636],[617080.7525623,9763495.8374377,35.636],[617080.517013,9763495.6215965,35.636],[617080.2635483,9763495.4271061,35.636],[617079.9940971,9763495.2554468,35.636],[617079.7107101,9763495.1079249,35.636],[617079.4155442,9763494.9856631,35.636],[617079.1108456,9763494.8895921,35.636],[617078.7989333,9763494.8204428,35.636],[617078.4821813,9763494.7787416,35.636],[617078.163,9763494.7648058,35.636],[617077.8438187,9763494.7787416,35.636],[617077.5270667,9763494.8204428,35.636],[617077.2151544,9763494.8895921,35.636],[617076.9104558,9763494.9856631,35.636],[617076.6152899,9763495.1079249,35.636],[617076.3319029,9763495.2554468,35.636],[617076.0624517,9763495.4271061,35.636],[617075.808987,9763495.6215965,35.636],[617075.5734377,9763495.8374377,35.636],[617075.3575965,9763496.072987,35.636],[617075.1631061,9763496.3264517,35.636],[617074.9914468,9763496.5959029,35.636],[617074.8439249,9763496.8792899,35.636],[617074.7216631,9763497.1744558,35.636],[617074.6255921,9763497.4791544,35.636],[617074.5564428,9763497.7910667,35.636],[617074.5147416,9763498.1078187,35.636],[617074.5008058,9763498.427,35.636],[617074.5147416,9763498.7461813,35.636],[617074.5564428,9763499.0629333,35.636],[617074.6255921,9763499.3748456,35.636],[617074.7216631,9763499.6795442,35.636],[617074.8439249,9763499.9747101,35.636],[617074.9914468,9763500.2580971,35.636],[617075.1631061,9763500.5275483,35.636],[617075.3575965,9763500.781013,35.636],[617075.5734377,9763501.0165623,35.636],[617075.808987,9763501.2324035,35.636],[617076.0624517,9763501.4268939,35.636],[617076.3319029,9763501.5985532,35.636],[617076.6152899,9763501.7460751,35.636],[617076.9104558,9763501.8683369,35.636],[617077.2151544,9763501.9644079,35.636],[617077.5270667,9763502.0335572,35.636],[617077.8438187,9763502.0752584,35.636],[617078.163,9763502.0891942,35.636],[617078.4821813,9763502.0752584,35.636],[617078.7989333,9763502.0335572,35.636],[617079.1108456,9763501.9644079,35.636],[617079.4155442,9763501.8683369,35.636],[617079.7107101,9763501.7460751,35.636],[617079.9940971,9763501.5985532,35.636],[617080.2635483,9763501.4268939,35.636],[617080.517013,9763501.2324035,35.636],[617080.7525623,9763501.0165623,35.636],[617080.9684035,9763500.781013,35.636],[617081.1628939,9763500.5275483,35.636],[617081.3345532,9763500.2580971,35.636],[617081.4820751,9763499.9747101,35.636],[617081.6043369,9763499.6795442,35.636],[617081.7004079,9763499.3748456,35.636],[617081.7695572,9763499.0629333,35.636],[617081.8112584,9763498.7461813,35.636],[617081.8251942,9763498.427,35.636]]]]}},
{"type":"Feature","properties":{"Layer":"PTOS_LINDERO_P97","Punto":"AUX3","X_COORD":617141.53,"Y_COORD":9763622.5},"geometry":{"type":"MultiPolygon","coordinates":[[[[617145.1938564,9763622.5027685,71.484],[617145.1799206,9763622.1835873,71.484],[617145.1382194,9763621.8668352,71.484],[617145.0690701,9763621.5549229,71.484],[617144.972999,9763621.2502243,71.484],[617144.8507373,9763620.9550584,71.484],[617144.7032154,9763620.6716714,71.484],[617144.531556,9763620.4022202,71.484],[617144.3370657,9763620.1487555,71.484],[617144.1212245,9763619.9132062,71.484],[617143.8856752,9763619.697365,71.484],[617143.6322105,9763619.5028747,71.484],[617143.3627593,9763619.3312153,71.484],[617143.0793723,9763619.1836934,71.484],[617142.7842064,9763619.0614317,71.484],[617142.4795078,9763618.9653606,71.484],[617142.1675955,9763618.8962113,71.484],[617141.8508434,9763618.8545101,71.484],[617141.5316622,9763618.8405743,71.484],[617141.2124809,9763618.8545101,71.484],[617140.8957288,9763618.8962113,71.484],[617140.5838166,9763618.9653606,71.484],[617140.279118,9763619.0614317,71.484],[617139.983952,9763619.1836934,71.484],[617139.7005651,9763619.3312153,71.484],[617139.4311139,9763619.5028747,71.484],[617139.1776491,9763619.697365,71.484],[617138.9420998,9763619.9132062,71.484],[617138.7262587,9763620.1487555,71.484],[617138.5317683,9763620.4022202,71.484],[617138.360109,9763620.6716714,71.484],[617138.2125871,9763620.9550584,71.484],[617138.0903253,9763621.2502243,71.484],[617137.9942542,9763621.5549229,71.484],[617137.9251049,9763621.8668352,71.484],[617137.8834037,9763622.1835873,71.484],[617137.869468,9763622.5027685,71.484],[617137.8834037,9763622.8219498,71.484],[617137.9251049,9763623.1387019,71.484],[617137.9942542,9763623.4506141,71.484],[617138.0903253,9763623.7553127,71.484],[617138.2125871,9763624.0504787,71.484],[617138.360109,9763624.3338656,71.484],[617138.5317683,9763624.6033168,71.484],[617138.7262587,9763624.8567816,71.484],[617138.9420998,9763625.0923309,71.484],[617139.1776491,9763625.308172,71.484],[617139.4311139,9763625.5026624,71.484],[617139.7005651,9763625.6743217,71.484],[617139.983952,9763625.8218436,71.484],[617140.279118,9763625.9441054,71.484],[617140.5838166,9763626.0401765,71.484],[617140.8957288,9763626.1093257,71.484],[617141.2124809,9763626.1510269,71.484],[617141.5316622,9763626.1649627,71.484],[617141.8508434,9763626.1510269,71.484],[617142.1675955,9763626.1093257,71.484],[617142.4795078,9763626.0401765,71.484],[617142.7842064,9763625.9441054,71.484],[617143.0793723,9763625.8218436,71.484],[617143.3627593,9763625.6743217,71.484],[617143.6322105,9763625.5026624,71.484],[617143.8856752,9763625.308172,71.484],[617144.1212245,9763625.0923309,71.484],[617144.3370657,9763624.8567816,71.484],[617144.531556,9763624.6033168,71.484],[617144.7032154,9763624.3338656,71.484],[617144.8507373,9763624.0504787,71.484],[617144.972999,9763623.7553127,71.484],[617145.0690701,9763623.4506141,71.484],[617145.1382194,9763623.1387019,71.484],[617145.1799206,9763622.8219498,71.484],[617145.1938564,9763622.5027685,71.484]]]]}},
{"type":"Feature","properties":{"Layer":"PTOS_LINDERO_P97","Punto":"AUX2","X_COORD":617025.44,"Y_COORD":9763999.22},"geometry":{"type":"MultiPolygon","coordinates":[[[[617029.1069216,9763999.2210531,0.0],[617029.0929859,9763998.9018718,0.0],[617029.0512847,9763998.5851197,0.0],[617028.9821354,9763998.2732075,0.0],[617028.8860643,9763997.9685089,0.0],[617028.7638025,9763997.6733429,0.0],[617028.6162806,9763997.389956,0.0],[617028.4446213,9763997.1205048,0.0],[617028.2501309,9763996.86704,0.0],[617028.0342898,9763996.6314907,0.0],[617027.7987405,9763996.4156496,0.0],[617027.5452757,9763996.2211592,0.0],[617027.2758245,9763996.0494999,0.0],[617026.9924376,9763995.901978,0.0],[617026.6972716,9763995.7797162,0.0],[617026.392573,9763995.6836451,0.0],[617026.0806608,9763995.6144958,0.0],[617025.7639087,9763995.5727946,0.0],[617025.4447274,9763995.5588589,0.0],[617025.1255462,9763995.5727946,0.0],[617024.8087941,9763995.6144958,0.0],[617024.4968818,9763995.6836451,0.0],[617024.1921833,9763995.7797162,0.0],[617023.8970173,9763995.901978,0.0],[617023.6136303,9763996.0494999,0.0],[617023.3441791,9763996.2211592,0.0],[617023.0907144,9763996.4156496,0.0],[617022.8551651,9763996.6314907,0.0],[617022.6393239,9763996.86704,0.0],[617022.4448336,9763997.1205048,0.0],[617022.2731742,9763997.389956,0.0],[617022.1256523,9763997.6733429,0.0],[617022.0033906,9763997.9685089,0.0],[617021.9073195,9763998.2732075,0.0],[617021.8381702,9763998.5851197,0.0],[617021.796469,9763998.9018718,0.0],[617021.7825332,9763999.2210531,0.0],[617021.796469,9763999.5402343,0.0],[617021.8381702,9763999.8569864,0.0],[617021.9073195,9764000.1688987,0.0],[617022.0033906,9764000.4735972,0.0],[617022.1256523,9764000.7687632,0.0],[617022.2731742,9764001.0521502,0.0],[617022.4448336,9764001.3216014,0.0],[617022.6393239,9764001.5750661,0.0],[617022.8551651,9764001.8106154,0.0],[617023.0907144,9764002.0264566,0.0],[617023.3441791,9764002.2209469,0.0],[617023.6136303,9764002.3926063,0.0],[617023.8970173,9764002.5401282,0.0],[617024.1921833,9764002.6623899,0.0],[617024.4968818,9764002.758461,0.0],[617024.8087941,9764002.8276103,0.0],[617025.1255462,9764002.8693115,0.0],[617025.4447274,9764002.8832472,0.0],[617025.7639087,9764002.8693115,0.0],[617026.0806608,9764002.8276103,0.0],[617026.392573,9764002.758461,0.0],[617026.6972716,9764002.6623899,0.0],[617026.9924376,9764002.5401282,0.0],[617027.2758245,9764002.3926063,0.0],[617027.5452757,9764002.2209469,0.0],[617027.7987405,9764002.0264566,0.0],[617028.0342898,9764001.8106154,0.0],[617028.2501309,9764001.5750661,0.0],[617028.4446213,9764001.3216014,0.0],[617028.6162806,9764001.0521502,0.0],[617028.7638025,9764000.7687632,0.0],[617028.8860643,9764000.4735972,0.0],[617028.9821354,9764000.1688987,0.0],[617029.0512847,9763999.8569864,0.0],[617029.0929859,9763999.5402343,0.0],[617029.1069216,9763999.2210531,0.0]]]]}}
]
}
