{
"type": "FeatureCollection",
"name": "lin_prin_espol",
"crs": { "type": "name", "properties": { "name": "urn:ogc:def:crs:OGC:1.3:CRS84" } },
"xy_coordinate_resolution": 1e-07,
"features": [
{"type":"Feature","properties":{"Layer":"lin_espol"},"geometry":{"type":"MultiLineString","coordinates":[[[-79.968278,-2.145494,0.0],[-79.968233,-2.145286,0.0]],[[-79.968233,-2.145286,0.0],[-79.968198,-2.145089,0.0]],[[-79.968198,-2.145089,0.0],[-79.96814,-2.144803,0.0]],[[-79.96814,-2.144803,0.0],[-79.968095,-2.144583,0.0]],[[-79.968095,-2.144583,0.0],[-79.968035,-2.144372,0.0]],[[-79.968035,-2.144372,0.0],[-79.967964,-2.144202,0.0]],[[-79.968246,-2.145501,0.0],[-79.968201,-2.145292,0.0]],[[-79.968201,-2.145292,0.0],[-79.968166,-2.145096,0.0]],[[-79.968166,-2.145096,0.0],[-79.968107,-2.14481,0.0]],[[-79.968107,-2.14481,0.0],[-79.968062,-2.144591,0.0]],[[-79.968062,-2.144591,0.0],[-79.968003,-2.144383,0.0]],[[-79.968311,-2.145487,0.0],[-79.968265,-2.14528,0.0]],[[-79.968265,-2.14528,0.0],[-79.968231,-2.145083,0.0]],[[-79.968231,-2.145083,0.0],[-79.968172,-2.144796,0.0]],[[-79.968172,-2.144796,0.0],[-79.968127,-2.144575,0.0]],[[-79.968127,-2.144575,0.0],[-79.968066,-2.144362,0.0]],[[-79.968066,-2.144362,0.0],[-79.967994,-2.144188,0.0]],[[-79.968393,-2.14549,0.0],[-79.968347,-2.145283,0.0]],[[-79.968347,-2.145283,0.0],[-79.968327,-2.145178,0.0]],[[-79.968327,-2.145178,0.0],[-79.968294,-2.145011,0.0]],[[-79.968294,-2.145011,0.0],[-79.968248,-2.144786,0.0]],[[-79.968248,-2.144786,0.0],[-79.968203,-2.144566,0.0]],[[-79.968203,-2.144566,0.0],[-79.968143,-2.144356,0.0]],[[-79.968143,-2.144356,0.0],[-79.968072,-2.144186,0.0]],[[-79.968364,-2.145496,0.0],[-79.968319,-2.145289,0.0]],[[-79.968319,-2.145289,0.0],[-79.968299,-2.145183,0.0]],[[-79.968299,-2.145183,0.0],[-79.968266,-2.145017,0.0]],[[-79.968266,-2.145017,0.0],[-79.968219,-2.144792,0.0]],[[-79.968219,-2.144792,0.0],[-79.968175,-2.144573,0.0]],[[-79.968175,-2.144573,0.0],[-79.968115,-2.144365,0.0]],[[-79.968115,-2.144365,0.0],[-79.968046,-2.144198,0.0]],[[-79.968421,-2.145484,0.0],[-79.968376,-2.145277,0.0]],[[-79.968376,-2.145277,0.0],[-79.968356,-2.145172,0.0]],[[-79.968356,-2.145172,0.0],[-79.968323,-2.145006,0.0]],[[-79.968323,-2.145006,0.0],[-79.968276,-2.14478,0.0]],[[-79.968276,-2.14478,0.0],[-79.968231,-2.144559,0.0]],[[-79.968231,-2.144559,0.0],[-79.96817,-2.144346,0.0]],[[-79.96817,-2.144346,0.0],[-79.968099,-2.144173,0.0]],[[-79.968315,-2.145663,0.0],[-79.968278,-2.145494,0.0]],[[-79.968283,-2.14567,0.0],[-79.968246,-2.145501,0.0]],[[-79.968348,-2.145656,0.0],[-79.968311,-2.145487,0.0]],[[-79.968423,-2.145656,0.0],[-79.968393,-2.14549,0.0]],[[-79.968394,-2.145662,0.0],[-79.968364,-2.145496,0.0]],[[-79.968451,-2.14565,0.0],[-79.968421,-2.145484,0.0]],[[-79.967964,-2.144202,0.0],[-79.967874,-2.144041,0.0]],[[-79.968003,-2.144383,0.0],[-79.967935,-2.144217,0.0]],[[-79.967935,-2.144217,0.0],[-79.967846,-2.144059,0.0]],[[-79.967994,-2.144188,0.0],[-79.967901,-2.144023,0.0]],[[-79.968072,-2.144186,0.0],[-79.967982,-2.144024,0.0]],[[-79.967982,-2.144024,0.0],[-79.967864,-2.143833,0.0]],[[-79.968046,-2.144198,0.0],[-79.967957,-2.144039,0.0]],[[-79.967957,-2.144039,0.0],[-79.967841,-2.143852,0.0]],[[-79.968099,-2.144173,0.0],[-79.968007,-2.14401,0.0]],[[-79.968007,-2.14401,0.0],[-79.967887,-2.143815,0.0]],[[-79.967874,-2.144041,0.0],[-79.967746,-2.143866,0.0]],[[-79.967746,-2.143866,0.0],[-79.967577,-2.143697,0.0]],[[-79.967846,-2.144059,0.0],[-79.967721,-2.143887,0.0]],[[-79.967721,-2.143887,0.0],[-79.967555,-2.143721,0.0]],[[-79.967901,-2.144023,0.0],[-79.967771,-2.143844,0.0]],[[-79.967771,-2.143844,0.0],[-79.9676,-2.143673,0.0]],[[-79.967864,-2.143833,0.0],[-79.967644,-2.143612,0.0]],[[-79.967841,-2.143852,0.0],[-79.967625,-2.143633,0.0]],[[-79.967887,-2.143815,0.0],[-79.967664,-2.14359,0.0]],[[-79.967577,-2.143697,0.0],[-79.96755,-2.143672,0.0]],[[-79.96755,-2.143672,0.0],[-79.967522,-2.143652,0.0]],[[-79.967522,-2.143652,0.0],[-79.967495,-2.143631,0.0]],[[-79.967495,-2.143631,0.0],[-79.967466,-2.14361,0.0]],[[-79.967466,-2.14361,0.0],[-79.967417,-2.143574,0.0]],[[-79.967417,-2.143574,0.0],[-79.967318,-2.143513,0.0]],[[-79.967555,-2.143721,0.0],[-79.967529,-2.143698,0.0]],[[-79.967529,-2.143698,0.0],[-79.967503,-2.143678,0.0]],[[-79.967503,-2.143678,0.0],[-79.967475,-2.143657,0.0]],[[-79.967475,-2.143657,0.0],[-79.967447,-2.143637,0.0]],[[-79.967447,-2.143637,0.0],[-79.967399,-2.143602,0.0]],[[-79.967399,-2.143602,0.0],[-79.967301,-2.143542,0.0]],[[-79.9676,-2.143673,0.0],[-79.967571,-2.143646,0.0]],[[-79.967571,-2.143646,0.0],[-79.967542,-2.143625,0.0]],[[-79.967542,-2.143625,0.0],[-79.967514,-2.143604,0.0]],[[-79.967514,-2.143604,0.0],[-79.967485,-2.143583,0.0]],[[-79.967485,-2.143583,0.0],[-79.967435,-2.143547,0.0]],[[-79.967435,-2.143547,0.0],[-79.967335,-2.143484,0.0]],[[-79.967644,-2.143612,0.0],[-79.967562,-2.143546,0.0]],[[-79.967562,-2.143546,0.0],[-79.967484,-2.143489,0.0]],[[-79.967484,-2.143489,0.0],[-79.967384,-2.143427,0.0]],[[-79.967384,-2.143427,0.0],[-79.967355,-2.143411,0.0]],[[-79.967355,-2.143411,0.0],[-79.967324,-2.143394,0.0]],[[-79.967625,-2.143633,0.0],[-79.967544,-2.143569,0.0]],[[-79.967544,-2.143569,0.0],[-79.967468,-2.143514,0.0]],[[-79.967468,-2.143514,0.0],[-79.967369,-2.143453,0.0]],[[-79.967369,-2.143453,0.0],[-79.96734,-2.143436,0.0]],[[-79.967664,-2.14359,0.0],[-79.967579,-2.143522,0.0]],[[-79.967579,-2.143522,0.0],[-79.9675,-2.143465,0.0]],[[-79.9675,-2.143465,0.0],[-79.967399,-2.143402,0.0]],[[-79.967399,-2.143402,0.0],[-79.967369,-2.143385,0.0]],[[-79.967369,-2.143385,0.0],[-79.967337,-2.143368,0.0]],[[-79.967318,-2.143513,0.0],[-79.967288,-2.143496,0.0]],[[-79.967288,-2.143496,0.0],[-79.967258,-2.143479,0.0]],[[-79.967258,-2.143479,0.0],[-79.967159,-2.143433,0.0]],[[-79.967159,-2.143433,0.0],[-79.967129,-2.14342,0.0]],[[-79.967129,-2.14342,0.0],[-79.967097,-2.143407,0.0]],[[-79.967097,-2.143407,0.0],[-79.967064,-2.143394,0.0]],[[-79.967064,-2.143394,0.0],[-79.966998,-2.143372,0.0]],[[-79.966998,-2.143372,0.0],[-79.966963,-2.143363,0.0]],[[-79.966963,-2.143363,0.0],[-79.966931,-2.143355,0.0]],[[-79.966931,-2.143355,0.0],[-79.96683,-2.14333,0.0]],[[-79.96683,-2.14333,0.0],[-79.966729,-2.143314,0.0]],[[-79.967301,-2.143542,0.0],[-79.967272,-2.143525,0.0]],[[-79.967272,-2.143525,0.0],[-79.967243,-2.143509,0.0]],[[-79.967243,-2.143509,0.0],[-79.967146,-2.143464,0.0]],[[-79.967146,-2.143464,0.0],[-79.967117,-2.143451,0.0]],[[-79.967117,-2.143451,0.0],[-79.967085,-2.143438,0.0]],[[-79.967085,-2.143438,0.0],[-79.967052,-2.143426,0.0]],[[-79.967052,-2.143426,0.0],[-79.966989,-2.143404,0.0]],[[-79.966989,-2.143404,0.0],[-79.966956,-2.143396,0.0]],[[-79.966956,-2.143396,0.0],[-79.966923,-2.143387,0.0]],[[-79.966923,-2.143387,0.0],[-79.966823,-2.143363,0.0]],[[-79.967335,-2.143484,0.0],[-79.967304,-2.143467,0.0]],[[-79.967304,-2.143467,0.0],[-79.967273,-2.14345,0.0]],[[-79.967273,-2.14345,0.0],[-79.967173,-2.143403,0.0]],[[-79.967173,-2.143403,0.0],[-79.967142,-2.143389,0.0]],[[-79.967142,-2.143389,0.0],[-79.967109,-2.143376,0.0]],[[-79.967109,-2.143376,0.0],[-79.967075,-2.143363,0.0]],[[-79.967075,-2.143363,0.0],[-79.967007,-2.14334,0.0]],[[-79.967007,-2.14334,0.0],[-79.966971,-2.143331,0.0]],[[-79.966971,-2.143331,0.0],[-79.966939,-2.143323,0.0]],[[-79.966939,-2.143323,0.0],[-79.966836,-2.143298,0.0]],[[-79.966836,-2.143298,0.0],[-79.966733,-2.143282,0.0]],[[-79.967324,-2.143394,0.0],[-79.967226,-2.143348,0.0]],[[-79.967226,-2.143348,0.0],[-79.967197,-2.143335,0.0]],[[-79.967197,-2.143335,0.0],[-79.967165,-2.143322,0.0]],[[-79.967165,-2.143322,0.0],[-79.967066,-2.143287,0.0]],[[-79.967066,-2.143287,0.0],[-79.967032,-2.143278,0.0]],[[-79.967032,-2.143278,0.0],[-79.966999,-2.14327,0.0]],[[-79.966999,-2.14327,0.0],[-79.966898,-2.143245,0.0]],[[-79.966898,-2.143245,0.0],[-79.966734,-2.143202,0.0]],[[-79.96734,-2.143436,0.0],[-79.967311,-2.14342,0.0]],[[-79.967311,-2.14342,0.0],[-79.967213,-2.143374,0.0]],[[-79.967213,-2.143374,0.0],[-79.967186,-2.143362,0.0]],[[-79.967186,-2.143362,0.0],[-79.967155,-2.14335,0.0]],[[-79.967155,-2.14335,0.0],[-79.967058,-2.143315,0.0]],[[-79.967058,-2.143315,0.0],[-79.967025,-2.143307,0.0]],[[-79.967025,-2.143307,0.0],[-79.966992,-2.143299,0.0]],[[-79.966992,-2.143299,0.0],[-79.966891,-2.143273,0.0]],[[-79.966891,-2.143273,0.0],[-79.966729,-2.143231,0.0]],[[-79.967337,-2.143368,0.0],[-79.967238,-2.143321,0.0]],[[-79.967238,-2.143321,0.0],[-79.967209,-2.143308,0.0]],[[-79.967209,-2.143308,0.0],[-79.967175,-2.143295,0.0]],[[-79.967175,-2.143295,0.0],[-79.967074,-2.143259,0.0]],[[-79.967074,-2.143259,0.0],[-79.967039,-2.14325,0.0]],[[-79.967039,-2.14325,0.0],[-79.967006,-2.143242,0.0]],[[-79.967006,-2.143242,0.0],[-79.966905,-2.143217,0.0]],[[-79.966905,-2.143217,0.0],[-79.966739,-2.143173,0.0]],[[-79.966729,-2.143314,0.0],[-79.96666,-2.143306,0.0]],[[-79.96666,-2.143306,0.0],[-79.966593,-2.143301,0.0]],[[-79.966593,-2.143301,0.0],[-79.966559,-2.143301,0.0]],[[-79.966559,-2.143301,0.0],[-79.966522,-2.143302,0.0]],[[-79.966823,-2.143363,0.0],[-79.966724,-2.143347,0.0]],[[-79.966724,-2.143347,0.0],[-79.966657,-2.143339,0.0]],[[-79.966657,-2.143339,0.0],[-79.966591,-2.143334,0.0]],[[-79.966591,-2.143334,0.0],[-79.966559,-2.143334,0.0]],[[-79.966559,-2.143334,0.0],[-79.966525,-2.143335,0.0]],[[-79.966733,-2.143282,0.0],[-79.966664,-2.143273,0.0]],[[-79.966664,-2.143273,0.0],[-79.966594,-2.143268,0.0]],[[-79.966594,-2.143268,0.0],[-79.966558,-2.143268,0.0]],[[-79.966558,-2.143268,0.0],[-79.96652,-2.143269,0.0]],[[-79.966734,-2.143202,0.0],[-79.966558,-2.143189,0.0]],[[-79.966558,-2.143189,0.0],[-79.966429,-2.1432,0.0]],[[-79.966729,-2.143231,0.0],[-79.966559,-2.143218,0.0]],[[-79.966559,-2.143218,0.0],[-79.966434,-2.143229,0.0]],[[-79.966739,-2.143173,0.0],[-79.966558,-2.14316,0.0]],[[-79.966558,-2.14316,0.0],[-79.966425,-2.143172,0.0]],[[-79.96634,-2.143331,0.0],[-79.966269,-2.143354,0.0]],[[-79.966349,-2.143363,0.0],[-79.966281,-2.143385,0.0]],[[-79.966405,-2.143281,0.0],[-79.966331,-2.143299,0.0]],[[-79.966331,-2.143299,0.0],[-79.966258,-2.143323,0.0]],[[-79.966429,-2.1432,0.0],[-79.966263,-2.143238,0.0]],[[-79.966434,-2.143229,0.0],[-79.966271,-2.143266,0.0]],[[-79.966425,-2.143172,0.0],[-79.966254,-2.14321,0.0]],[[-79.966522,-2.143302,0.0],[-79.966473,-2.143307,0.0]],[[-79.966473,-2.143307,0.0],[-79.966411,-2.143314,0.0]],[[-79.966411,-2.143314,0.0],[-79.96634,-2.143331,0.0]],[[-79.966525,-2.143335,0.0],[-79.966477,-2.14334,0.0]],[[-79.966477,-2.14334,0.0],[-79.966416,-2.143347,0.0]],[[-79.966416,-2.143347,0.0],[-79.966349,-2.143363,0.0]],[[-79.96652,-2.143269,0.0],[-79.96647,-2.143275,0.0]],[[-79.96647,-2.143275,0.0],[-79.966405,-2.143281,0.0]],[[-79.966269,-2.143354,0.0],[-79.966207,-2.143379,0.0]],[[-79.966207,-2.143379,0.0],[-79.966147,-2.143412,0.0]],[[-79.966147,-2.143412,0.0],[-79.966053,-2.143477,0.0]],[[-79.966281,-2.143385,0.0],[-79.966221,-2.14341,0.0]],[[-79.966221,-2.14341,0.0],[-79.966164,-2.14344,0.0]],[[-79.966258,-2.143323,0.0],[-79.966193,-2.143349,0.0]],[[-79.966193,-2.143349,0.0],[-79.96613,-2.143384,0.0]],[[-79.96613,-2.143384,0.0],[-79.966032,-2.143451,0.0]],[[-79.966155,-2.14328,0.0],[-79.965998,-2.14338,0.0]],[[-79.965998,-2.14338,0.0],[-79.965969,-2.143402,0.0]],[[-79.965969,-2.143402,0.0],[-79.96589,-2.143482,0.0]],[[-79.966168,-2.143307,0.0],[-79.966014,-2.143405,0.0]],[[-79.966014,-2.143405,0.0],[-79.965988,-2.143424,0.0]],[[-79.965988,-2.143424,0.0],[-79.965911,-2.143502,0.0]],[[-79.966142,-2.143254,0.0],[-79.965982,-2.143356,0.0]],[[-79.965982,-2.143356,0.0],[-79.96595,-2.143379,0.0]],[[-79.96595,-2.143379,0.0],[-79.965869,-2.143462,0.0]],[[-79.966263,-2.143238,0.0],[-79.966155,-2.14328,0.0]],[[-79.966271,-2.143266,0.0],[-79.966168,-2.143307,0.0]],[[-79.966254,-2.14321,0.0],[-79.966142,-2.143254,0.0]],[[-79.966053,-2.143477,0.0],[-79.965971,-2.143556,0.0]],[[-79.966164,-2.14344,0.0],[-79.966074,-2.143503,0.0]],[[-79.966032,-2.143451,0.0],[-79.965947,-2.143533,0.0]],[[-79.96589,-2.143482,0.0],[-79.965544,-2.143878,0.0]],[[-79.965869,-2.143462,0.0],[-79.965522,-2.143859,0.0]],[[-79.966074,-2.143503,0.0],[-79.965994,-2.143579,0.0]],[[-79.965911,-2.143502,0.0],[-79.965566,-2.143897,0.0]],[[-79.965631,-2.143948,0.0],[-79.965193,-2.14447,0.0]],[[-79.965656,-2.14397,0.0],[-79.965218,-2.144491,0.0]],[[-79.965218,-2.144491,0.0],[-79.965168,-2.144449,0.0]],[[-79.965606,-2.143927,0.0],[-79.965168,-2.144449,0.0]],[[-79.965137,-2.144422,0.0],[-79.964987,-2.144663,0.0]],[[-79.964987,-2.144663,0.0],[-79.965168,-2.144449,0.0]],[[-79.965168,-2.144449,0.0],[-79.965218,-2.144491,0.0]],[[-79.964978,-2.144543,0.0],[-79.965092,-2.144384,0.0]],[[-79.965092,-2.144384,0.0],[-79.965137,-2.144422,0.0]],[[-79.965544,-2.143878,0.0],[-79.965157,-2.144342,0.0]],[[-79.965157,-2.144342,0.0],[-79.965115,-2.144404,0.0]],[[-79.965566,-2.143897,0.0],[-79.96518,-2.14436,0.0]],[[-79.96518,-2.14436,0.0],[-79.965137,-2.144422,0.0]],[[-79.965522,-2.143859,0.0],[-79.965134,-2.144324,0.0]],[[-79.965134,-2.144324,0.0],[-79.965092,-2.144384,0.0]],[[-79.965092,-2.144384,0.0],[-79.965137,-2.144422,0.0]],[[-79.965115,-2.144404,0.0],[-79.96496,-2.14464,0.0]],[[-79.965971,-2.143556,0.0],[-79.965631,-2.143948,0.0]],[[-79.965994,-2.143579,0.0],[-79.965656,-2.14397,0.0]],[[-79.965947,-2.143533,0.0],[-79.965606,-2.143927,0.0]],[[-79.968384,-2.145975,0.0],[-79.968315,-2.145663,0.0]],[[-79.968351,-2.145982,0.0],[-79.968283,-2.14567,0.0]],[[-79.968416,-2.145969,0.0],[-79.968348,-2.145656,0.0]],[[-79.96849,-2.145972,0.0],[-79.968423,-2.145656,0.0]],[[-79.968462,-2.145977,0.0],[-79.968394,-2.145662,0.0]],[[-79.968519,-2.145966,0.0],[-79.968451,-2.14565,0.0]],[[-79.968437,-2.146365,0.0],[-79.968419,-2.14619,0.0]],[[-79.968419,-2.14619,0.0],[-79.968384,-2.145975,0.0]],[[-79.968405,-2.146366,0.0],[-79.968387,-2.146194,0.0]],[[-79.968387,-2.146194,0.0],[-79.968351,-2.145982,0.0]],[[-79.96847,-2.146363,0.0],[-79.968452,-2.146185,0.0]],[[-79.968452,-2.146185,0.0],[-79.968416,-2.145969,0.0]],[[-79.968544,-2.146361,0.0],[-79.968527,-2.146186,0.0]],[[-79.968527,-2.146186,0.0],[-79.96849,-2.145972,0.0]],[[-79.968515,-2.146362,0.0],[-79.968498,-2.14619,0.0]],[[-79.968498,-2.14619,0.0],[-79.968462,-2.145977,0.0]],[[-79.968574,-2.14636,0.0],[-79.968556,-2.146182,0.0]],[[-79.968556,-2.146182,0.0],[-79.968519,-2.145966,0.0]],[[-79.968319,-2.147167,0.0],[-79.968364,-2.147029,0.0]],[[-79.968364,-2.147029,0.0],[-79.968398,-2.146889,0.0]],[[-79.968398,-2.146889,0.0],[-79.968425,-2.146712,0.0]],[[-79.968425,-2.146712,0.0],[-79.968437,-2.146545,0.0]],[[-79.968437,-2.146545,0.0],[-79.968437,-2.146365,0.0]],[[-79.968288,-2.147156,0.0],[-79.968332,-2.14702,0.0]],[[-79.968332,-2.14702,0.0],[-79.968366,-2.146883,0.0]],[[-79.968366,-2.146883,0.0],[-79.968392,-2.146709,0.0]],[[-79.968392,-2.146709,0.0],[-79.968404,-2.146544,0.0]],[[-79.968404,-2.146544,0.0],[-79.968405,-2.146366,0.0]],[[-79.96835,-2.147178,0.0],[-79.968396,-2.147038,0.0]],[[-79.968396,-2.147038,0.0],[-79.968431,-2.146896,0.0]],[[-79.968431,-2.146896,0.0],[-79.968458,-2.146716,0.0]],[[-79.968458,-2.146716,0.0],[-79.96847,-2.146546,0.0]],[[-79.96847,-2.146546,0.0],[-79.96847,-2.146363,0.0]],[[-79.968415,-2.147218,0.0],[-79.96846,-2.147081,0.0]],[[-79.96846,-2.147081,0.0],[-79.968494,-2.146941,0.0]],[[-79.968494,-2.146941,0.0],[-79.968521,-2.146764,0.0]],[[-79.968521,-2.146764,0.0],[-79.968533,-2.146596,0.0]],[[-79.968533,-2.146596,0.0],[-79.968544,-2.146361,0.0]],[[-79.968387,-2.147208,0.0],[-79.968432,-2.147073,0.0]],[[-79.968432,-2.147073,0.0],[-79.968465,-2.146935,0.0]],[[-79.968465,-2.146935,0.0],[-79.968492,-2.14676,0.0]],[[-79.968492,-2.14676,0.0],[-79.968504,-2.146595,0.0]],[[-79.968504,-2.146595,0.0],[-79.968515,-2.146362,0.0]],[[-79.968442,-2.147228,0.0],[-79.968487,-2.147089,0.0]],[[-79.968487,-2.147089,0.0],[-79.968522,-2.146946,0.0]],[[-79.968522,-2.146946,0.0],[-79.968549,-2.146767,0.0]],[[-79.968549,-2.146767,0.0],[-79.968562,-2.146598,0.0]],[[-79.968562,-2.146598,0.0],[-79.968574,-2.14636,0.0]],[[-79.968169,-2.14752,0.0],[-79.968259,-2.147326,0.0]],[[-79.968259,-2.147326,0.0],[-79.968319,-2.147167,0.0]],[[-79.96814,-2.147504,0.0],[-79.968229,-2.147313,0.0]],[[-79.968229,-2.147313,0.0],[-79.968288,-2.147156,0.0]],[[-79.968198,-2.147536,0.0],[-79.96829,-2.147339,0.0]],[[-79.96829,-2.147339,0.0],[-79.96835,-2.147178,0.0]],[[-79.968177,-2.147708,0.0],[-79.968234,-2.147631,0.0]],[[-79.968234,-2.147631,0.0],[-79.968265,-2.147571,0.0]],[[-79.968265,-2.147571,0.0],[-79.968355,-2.147377,0.0]],[[-79.968355,-2.147377,0.0],[-79.968415,-2.147218,0.0]],[[-79.968155,-2.14769,0.0],[-79.968209,-2.147615,0.0]],[[-79.968209,-2.147615,0.0],[-79.968239,-2.147558,0.0]],[[-79.968239,-2.147558,0.0],[-79.968328,-2.147366,0.0]],[[-79.968328,-2.147366,0.0],[-79.968387,-2.147208,0.0]],[[-79.9682,-2.147726,0.0],[-79.968258,-2.147646,0.0]],[[-79.968258,-2.147646,0.0],[-79.968291,-2.147584,0.0]],[[-79.968291,-2.147584,0.0],[-79.968382,-2.147389,0.0]],[[-79.968382,-2.147389,0.0],[-79.968442,-2.147228,0.0]],[[-79.967957,-2.147789,0.0],[-79.968031,-2.147721,0.0]],[[-79.968031,-2.147721,0.0],[-79.968096,-2.147639,0.0]],[[-79.968096,-2.147639,0.0],[-79.968169,-2.14752,0.0]],[[-79.968006,-2.147698,0.0],[-79.968069,-2.14762,0.0]],[[-79.968069,-2.14762,0.0],[-79.96814,-2.147504,0.0]],[[-79.967979,-2.147815,0.0],[-79.968055,-2.147744,0.0]],[[-79.968055,-2.147744,0.0],[-79.968123,-2.147658,0.0]],[[-79.968123,-2.147658,0.0],[-79.968198,-2.147536,0.0]],[[-79.967986,-2.147907,0.0],[-79.968062,-2.147844,0.0]],[[-79.968062,-2.147844,0.0],[-79.968177,-2.147708,0.0]],[[-79.967968,-2.147884,0.0],[-79.968041,-2.147823,0.0]],[[-79.968041,-2.147823,0.0],[-79.968155,-2.14769,0.0]],[[-79.968003,-2.14793,0.0],[-79.968082,-2.147865,0.0]],[[-79.968082,-2.147865,0.0],[-79.9682,-2.147726,0.0]],[[-79.967583,-2.14796,0.0],[-79.967695,-2.147932,0.0]],[[-79.967695,-2.147932,0.0],[-79.96778,-2.147901,0.0]],[[-79.96778,-2.147901,0.0],[-79.967902,-2.147833,0.0]],[[-79.967902,-2.147833,0.0],[-79.967957,-2.147789,0.0]],[[-79.967577,-2.147927,0.0],[-79.967685,-2.1479,0.0]],[[-79.967685,-2.1479,0.0],[-79.967767,-2.14787,0.0]],[[-79.967767,-2.14787,0.0],[-79.967884,-2.147805,0.0]],[[-79.967884,-2.147805,0.0],[-79.967936,-2.147764,0.0]],[[-79.967588,-2.147993,0.0],[-79.967705,-2.147964,0.0]],[[-79.967705,-2.147964,0.0],[-79.967794,-2.147931,0.0]],[[-79.967794,-2.147931,0.0],[-79.96792,-2.147861,0.0]],[[-79.96792,-2.147861,0.0],[-79.967979,-2.147815,0.0]],[[-79.967597,-2.14807,0.0],[-79.96771,-2.148043,0.0]],[[-79.96771,-2.148043,0.0],[-79.967795,-2.148011,0.0]],[[-79.967795,-2.148011,0.0],[-79.967917,-2.147954,0.0]],[[-79.967917,-2.147954,0.0],[-79.967986,-2.147907,0.0]],[[-79.967593,-2.148042,0.0],[-79.967701,-2.148015,0.0]],[[-79.967701,-2.148015,0.0],[-79.967784,-2.147984,0.0]],[[-79.967784,-2.147984,0.0],[-79.967902,-2.147928,0.0]],[[-79.967902,-2.147928,0.0],[-79.967968,-2.147884,0.0]],[[-79.967602,-2.148099,0.0],[-79.967718,-2.148071,0.0]],[[-79.967718,-2.148071,0.0],[-79.967806,-2.148038,0.0]],[[-79.967806,-2.148038,0.0],[-79.967931,-2.147979,0.0]],[[-79.967931,-2.147979,0.0],[-79.968003,-2.14793,0.0]],[[-79.967936,-2.147764,0.0],[-79.968006,-2.147698,0.0]],[[-79.966512,-2.147876,0.0],[-79.966696,-2.147883,0.0]],[[-79.966696,-2.147883,0.0],[-79.96691,-2.147908,0.0]],[[-79.96691,-2.147908,0.0],[-79.96712,-2.147945,0.0]],[[-79.96712,-2.147945,0.0],[-79.967305,-2.147965,0.0]],[[-79.967305,-2.147965,0.0],[-79.967376,-2.147968,0.0]],[[-79.967376,-2.147968,0.0],[-79.967478,-2.147968,0.0]],[[-79.967478,-2.147968,0.0],[-79.967583,-2.14796,0.0]],[[-79.966512,-2.147843,0.0],[-79.966699,-2.14785,0.0]],[[-79.966699,-2.14785,0.0],[-79.966914,-2.147875,0.0]],[[-79.966914,-2.147875,0.0],[-79.967124,-2.147912,0.0]],[[-79.967124,-2.147912,0.0],[-79.967308,-2.147932,0.0]],[[-79.967308,-2.147932,0.0],[-79.967377,-2.147935,0.0]],[[-79.967377,-2.147935,0.0],[-79.967477,-2.147935,0.0]],[[-79.967477,-2.147935,0.0],[-79.967577,-2.147927,0.0]],[[-79.966512,-2.147909,0.0],[-79.966694,-2.147916,0.0]],[[-79.966694,-2.147916,0.0],[-79.966905,-2.147941,0.0]],[[-79.966905,-2.147941,0.0],[-79.967115,-2.147978,0.0]],[[-79.967115,-2.147978,0.0],[-79.967302,-2.147998,0.0]],[[-79.967302,-2.147998,0.0],[-79.967376,-2.148001,0.0]],[[-79.967376,-2.148001,0.0],[-79.967479,-2.148001,0.0]],[[-79.967479,-2.148001,0.0],[-79.967588,-2.147993,0.0]],[[-79.966527,-2.147987,0.0],[-79.966711,-2.147994,0.0]],[[-79.966711,-2.147994,0.0],[-79.966924,-2.148018,0.0]],[[-79.966924,-2.148018,0.0],[-79.967134,-2.148056,0.0]],[[-79.967134,-2.148056,0.0],[-79.96732,-2.148075,0.0]],[[-79.96732,-2.148075,0.0],[-79.967391,-2.148079,0.0]],[[-79.967391,-2.148079,0.0],[-79.967493,-2.148079,0.0]],[[-79.967493,-2.148079,0.0],[-79.967597,-2.14807,0.0]],[[-79.966527,-2.147957,0.0],[-79.966713,-2.147965,0.0]],[[-79.966713,-2.147965,0.0],[-79.966928,-2.14799,0.0]],[[-79.966928,-2.14799,0.0],[-79.967139,-2.148027,0.0]],[[-79.967139,-2.148027,0.0],[-79.967322,-2.148046,0.0]],[[-79.967322,-2.148046,0.0],[-79.967392,-2.14805,0.0]],[[-79.967392,-2.14805,0.0],[-79.967492,-2.14805,0.0]],[[-79.967492,-2.14805,0.0],[-79.967593,-2.148042,0.0]],[[-79.966527,-2.148016,0.0],[-79.966709,-2.148023,0.0]],[[-79.966709,-2.148023,0.0],[-79.96692,-2.148047,0.0]],[[-79.96692,-2.148047,0.0],[-79.96713,-2.148085,0.0]],[[-79.96713,-2.148085,0.0],[-79.967317,-2.148105,0.0]],[[-79.967317,-2.148105,0.0],[-79.96739,-2.148108,0.0]],[[-79.96739,-2.148108,0.0],[-79.967494,-2.148108,0.0]],[[-79.967494,-2.148108,0.0],[-79.967602,-2.148099,0.0]],[[-79.965399,-2.148138,0.0],[-79.965553,-2.148066,0.0]],[[-79.965553,-2.148066,0.0],[-79.965793,-2.147981,0.0]],[[-79.965793,-2.147981,0.0],[-79.966006,-2.14793,0.0]],[[-79.966006,-2.14793,0.0],[-79.966114,-2.147908,0.0]],[[-79.966114,-2.147908,0.0],[-79.966293,-2.147884,0.0]],[[-79.966293,-2.147884,0.0],[-79.966512,-2.147876,0.0]],[[-79.965384,-2.148108,0.0],[-79.96554,-2.148036,0.0]],[[-79.96554,-2.148036,0.0],[-79.965783,-2.147949,0.0]],[[-79.965783,-2.147949,0.0],[-79.965999,-2.147898,0.0]],[[-79.965999,-2.147898,0.0],[-79.966108,-2.147875,0.0]],[[-79.966108,-2.147875,0.0],[-79.96629,-2.147851,0.0]],[[-79.96629,-2.147851,0.0],[-79.966512,-2.147843,0.0]],[[-79.965414,-2.148167,0.0],[-79.965565,-2.148097,0.0]],[[-79.965565,-2.148097,0.0],[-79.965802,-2.148013,0.0]],[[-79.965802,-2.148013,0.0],[-79.966013,-2.147963,0.0]],[[-79.966013,-2.147963,0.0],[-79.966119,-2.147941,0.0]],[[-79.966119,-2.147941,0.0],[-79.966296,-2.147918,0.0]],[[-79.966296,-2.147918,0.0],[-79.966512,-2.147909,0.0]],[[-79.96528,-2.14833,0.0],[-79.965462,-2.148229,0.0]],[[-79.965462,-2.148229,0.0],[-79.965616,-2.148158,0.0]],[[-79.965616,-2.148158,0.0],[-79.965856,-2.14808,0.0]],[[-79.965856,-2.14808,0.0],[-79.966069,-2.148028,0.0]],[[-79.966069,-2.148028,0.0],[-79.966177,-2.148007,0.0]],[[-79.966177,-2.148007,0.0],[-79.966308,-2.147995,0.0]],[[-79.966308,-2.147995,0.0],[-79.966527,-2.147987,0.0]],[[-79.965449,-2.148203,0.0],[-79.965606,-2.14813,0.0]],[[-79.965606,-2.14813,0.0],[-79.965848,-2.148052,0.0]],[[-79.965848,-2.148052,0.0],[-79.966063,-2.148,0.0]],[[-79.966063,-2.148,0.0],[-79.966173,-2.147978,0.0]],[[-79.966173,-2.147978,0.0],[-79.966306,-2.147966,0.0]],[[-79.966306,-2.147966,0.0],[-79.966527,-2.147957,0.0]],[[-79.965295,-2.148355,0.0],[-79.965475,-2.148255,0.0]],[[-79.965475,-2.148255,0.0],[-79.965627,-2.148185,0.0]],[[-79.965627,-2.148185,0.0],[-79.965864,-2.148108,0.0]],[[-79.965864,-2.148108,0.0],[-79.966075,-2.148057,0.0]],[[-79.966075,-2.148057,0.0],[-79.966181,-2.148036,0.0]],[[-79.966181,-2.148036,0.0],[-79.96631,-2.148024,0.0]],[[-79.96631,-2.148024,0.0],[-79.966527,-2.148016,0.0]],[[-79.964463,-2.148758,0.0],[-79.96508,-2.148326,0.0]],[[-79.96508,-2.148326,0.0],[-79.965217,-2.148239,0.0]],[[-79.965217,-2.148239,0.0],[-79.965399,-2.148138,0.0]],[[-79.964444,-2.148731,0.0],[-79.965062,-2.148299,0.0]],[[-79.965062,-2.148299,0.0],[-79.9652,-2.148211,0.0]],[[-79.9652,-2.148211,0.0],[-79.965384,-2.148108,0.0]],[[-79.964482,-2.148785,0.0],[-79.965098,-2.148354,0.0]],[[-79.965098,-2.148354,0.0],[-79.965234,-2.148268,0.0]],[[-79.965234,-2.148268,0.0],[-79.965414,-2.148167,0.0]],[[-79.964526,-2.148849,0.0],[-79.965143,-2.148417,0.0]],[[-79.965143,-2.148417,0.0],[-79.96528,-2.14833,0.0]],[[-79.964509,-2.148825,0.0],[-79.965127,-2.148393,0.0]],[[-79.965127,-2.148393,0.0],[-79.965265,-2.148305,0.0]],[[-79.965265,-2.148305,0.0],[-79.965449,-2.148203,0.0]],[[-79.964543,-2.148873,0.0],[-79.965159,-2.148442,0.0]],[[-79.965159,-2.148442,0.0],[-79.965295,-2.148355,0.0]],[[-79.963557,-2.149394,0.0],[-79.964463,-2.148758,0.0]],[[-79.963539,-2.149366,0.0],[-79.964444,-2.148731,0.0]],[[-79.963576,-2.149421,0.0],[-79.964482,-2.148785,0.0]],[[-79.96362,-2.149485,0.0],[-79.964526,-2.148849,0.0]],[[-79.963604,-2.149461,0.0],[-79.964509,-2.148825,0.0]],[[-79.963637,-2.149509,0.0],[-79.964543,-2.148873,0.0]],[[-79.960242,-2.150336,0.0],[-79.961512,-2.15071,0.0]],[[-79.961512,-2.15071,0.0],[-79.96165,-2.150733,0.0]],[[-79.96165,-2.150733,0.0],[-79.961786,-2.150731,0.0]],[[-79.961786,-2.150731,0.0],[-79.961885,-2.150715,0.0]],[[-79.961885,-2.150715,0.0],[-79.962021,-2.150673,0.0]],[[-79.962021,-2.150673,0.0],[-79.962132,-2.150621,0.0]],[[-79.962132,-2.150621,0.0],[-79.962239,-2.150543,0.0]],[[-79.962239,-2.150543,0.0],[-79.962397,-2.150402,0.0]],[[-79.962397,-2.150402,0.0],[-79.96282,-2.150016,0.0]],[[-79.96282,-2.150016,0.0],[-79.963214,-2.149656,0.0]],[[-79.963214,-2.149656,0.0],[-79.96338,-2.14952,0.0]],[[-79.96338,-2.14952,0.0],[-79.963436,-2.149475,0.0]],[[-79.963436,-2.149475,0.0],[-79.963557,-2.149394,0.0]],[[-79.960251,-2.150304,0.0],[-79.961519,-2.150678,0.0]],[[-79.961519,-2.150678,0.0],[-79.961652,-2.1507,0.0]],[[-79.961652,-2.1507,0.0],[-79.961783,-2.150698,0.0]],[[-79.961783,-2.150698,0.0],[-79.961878,-2.150682,0.0]],[[-79.961878,-2.150682,0.0],[-79.962009,-2.150642,0.0]],[[-79.962009,-2.150642,0.0],[-79.962115,-2.150592,0.0]],[[-79.962115,-2.150592,0.0],[-79.962218,-2.150517,0.0]],[[-79.962218,-2.150517,0.0],[-79.962375,-2.150377,0.0]],[[-79.962375,-2.150377,0.0],[-79.962797,-2.149991,0.0]],[[-79.962797,-2.149991,0.0],[-79.963193,-2.149631,0.0]],[[-79.963193,-2.149631,0.0],[-79.963359,-2.149495,0.0]],[[-79.963359,-2.149495,0.0],[-79.963417,-2.149448,0.0]],[[-79.963417,-2.149448,0.0],[-79.963539,-2.149366,0.0]],[[-79.960233,-2.150368,0.0],[-79.961504,-2.150743,0.0]],[[-79.961504,-2.150743,0.0],[-79.961647,-2.150767,0.0]],[[-79.961647,-2.150767,0.0],[-79.961789,-2.150764,0.0]],[[-79.961789,-2.150764,0.0],[-79.961893,-2.150747,0.0]],[[-79.961893,-2.150747,0.0],[-79.962033,-2.150704,0.0]],[[-79.962033,-2.150704,0.0],[-79.962149,-2.15065,0.0]],[[-79.962149,-2.15065,0.0],[-79.962259,-2.150569,0.0]],[[-79.962259,-2.150569,0.0],[-79.962419,-2.150426,0.0]],[[-79.962419,-2.150426,0.0],[-79.962842,-2.15004,0.0]],[[-79.962842,-2.15004,0.0],[-79.963236,-2.149681,0.0]],[[-79.963236,-2.149681,0.0],[-79.963401,-2.149546,0.0]],[[-79.963401,-2.149546,0.0],[-79.963456,-2.149501,0.0]],[[-79.963456,-2.149501,0.0],[-79.963576,-2.149421,0.0]],[[-79.960209,-2.150445,0.0],[-79.961479,-2.150819,0.0]],[[-79.961479,-2.150819,0.0],[-79.961617,-2.150842,0.0]],[[-79.961617,-2.150842,0.0],[-79.961754,-2.15084,0.0]],[[-79.961754,-2.15084,0.0],[-79.961859,-2.150833,0.0]],[[-79.961859,-2.150833,0.0],[-79.962055,-2.150779,0.0]],[[-79.962055,-2.150779,0.0],[-79.962166,-2.150728,0.0]],[[-79.962166,-2.150728,0.0],[-79.962273,-2.15065,0.0]],[[-79.962273,-2.15065,0.0],[-79.962431,-2.150509,0.0]],[[-79.962431,-2.150509,0.0],[-79.962864,-2.150123,0.0]],[[-79.962864,-2.150123,0.0],[-79.963258,-2.149772,0.0]],[[-79.963258,-2.149772,0.0],[-79.963419,-2.149632,0.0]],[[-79.963419,-2.149632,0.0],[-79.963477,-2.149588,0.0]],[[-79.963477,-2.149588,0.0],[-79.96362,-2.149485,0.0]],[[-79.960217,-2.150417,0.0],[-79.961485,-2.150791,0.0]],[[-79.961485,-2.150791,0.0],[-79.961619,-2.150813,0.0]],[[-79.961619,-2.150813,0.0],[-79.961752,-2.150811,0.0]],[[-79.961752,-2.150811,0.0],[-79.961854,-2.150804,0.0]],[[-79.961854,-2.150804,0.0],[-79.962045,-2.150752,0.0]],[[-79.962045,-2.150752,0.0],[-79.962152,-2.150703,0.0]],[[-79.962152,-2.150703,0.0],[-79.962255,-2.150627,0.0]],[[-79.962255,-2.150627,0.0],[-79.962412,-2.150487,0.0]],[[-79.962412,-2.150487,0.0],[-79.962845,-2.150101,0.0]],[[-79.962845,-2.150101,0.0],[-79.963239,-2.14975,0.0]],[[-79.963239,-2.14975,0.0],[-79.963401,-2.14961,0.0]],[[-79.963401,-2.14961,0.0],[-79.96346,-2.149564,0.0]],[[-79.96346,-2.149564,0.0],[-79.963604,-2.149461,0.0]],[[-79.960201,-2.150473,0.0],[-79.961472,-2.150848,0.0]],[[-79.961472,-2.150848,0.0],[-79.961615,-2.150872,0.0]],[[-79.961615,-2.150872,0.0],[-79.961755,-2.150869,0.0]],[[-79.961755,-2.150869,0.0],[-79.961864,-2.150862,0.0]],[[-79.961864,-2.150862,0.0],[-79.962065,-2.150807,0.0]],[[-79.962065,-2.150807,0.0],[-79.962181,-2.150753,0.0]],[[-79.962181,-2.150753,0.0],[-79.962291,-2.150672,0.0]],[[-79.962291,-2.150672,0.0],[-79.96245,-2.15053,0.0]],[[-79.96245,-2.15053,0.0],[-79.962883,-2.150145,0.0]],[[-79.962883,-2.150145,0.0],[-79.963277,-2.149794,0.0]],[[-79.963277,-2.149794,0.0],[-79.963438,-2.149655,0.0]],[[-79.963438,-2.149655,0.0],[-79.963494,-2.149611,0.0]],[[-79.963494,-2.149611,0.0],[-79.963637,-2.149509,0.0]],[[-79.96001,-2.150273,0.0],[-79.960242,-2.150336,0.0]],[[-79.960017,-2.150241,0.0],[-79.960251,-2.150304,0.0]],[[-79.960004,-2.150305,0.0],[-79.960233,-2.150368,0.0]],[[-79.959978,-2.150382,0.0],[-79.960209,-2.150445,0.0]],[[-79.959984,-2.150353,0.0],[-79.960217,-2.150417,0.0]],[[-79.959972,-2.150411,0.0],[-79.960201,-2.150473,0.0]],[[-79.959761,-2.150275,0.0],[-79.959866,-2.150283,0.0]],[[-79.959866,-2.150283,0.0],[-79.960004,-2.150305,0.0]],[[-79.959729,-2.150351,0.0],[-79.959837,-2.15036,0.0]],[[-79.959837,-2.15036,0.0],[-79.959978,-2.150382,0.0]],[[-79.959729,-2.150322,0.0],[-79.95984,-2.150331,0.0]],[[-79.95984,-2.150331,0.0],[-79.959984,-2.150353,0.0]],[[-79.959728,-2.15038,0.0],[-79.959833,-2.150389,0.0]],[[-79.959833,-2.150389,0.0],[-79.959972,-2.150411,0.0]],[[-79.959053,-2.150419,0.0],[-79.959253,-2.150326,0.0]],[[-79.959253,-2.150326,0.0],[-79.959415,-2.150281,0.0]],[[-79.959415,-2.150281,0.0],[-79.959552,-2.150251,0.0]],[[-79.959552,-2.150251,0.0],[-79.959762,-2.150242,0.0]],[[-79.959762,-2.150242,0.0],[-79.95987,-2.150251,0.0]],[[-79.95987,-2.150251,0.0],[-79.96001,-2.150273,0.0]],[[-79.959078,-2.150371,0.0],[-79.959242,-2.150295,0.0]],[[-79.959242,-2.150295,0.0],[-79.959407,-2.150249,0.0]],[[-79.959407,-2.150249,0.0],[-79.959547,-2.150218,0.0]],[[-79.959547,-2.150218,0.0],[-79.959762,-2.150209,0.0]],[[-79.959069,-2.150448,0.0],[-79.959264,-2.150357,0.0]],[[-79.959264,-2.150357,0.0],[-79.959423,-2.150314,0.0]],[[-79.959423,-2.150314,0.0],[-79.959556,-2.150284,0.0]],[[-79.959556,-2.150284,0.0],[-79.959761,-2.150275,0.0]],[[-79.959874,-2.150218,0.0],[-79.959772,-2.15016,0.0]],[[-79.959772,-2.15016,0.0],[-79.959582,-2.150041,0.0]],[[-79.959582,-2.150041,0.0],[-79.959477,-2.149937,0.0]],[[-79.959477,-2.149937,0.0],[-79.959419,-2.149869,0.0]],[[-79.959419,-2.149869,0.0],[-79.959297,-2.1497,0.0]],[[-79.959297,-2.1497,0.0],[-79.959237,-2.149593,0.0]],[[-79.958981,-2.150427,0.0],[-79.959021,-2.150345,0.0]],[[-79.959021,-2.150345,0.0],[-79.959121,-2.150147,0.0]],[[-79.959121,-2.150147,0.0],[-79.959155,-2.150032,0.0]],[[-79.959155,-2.150032,0.0],[-79.959182,-2.149911,0.0]],[[-79.959182,-2.149911,0.0],[-79.959196,-2.149755,0.0]],[[-79.959196,-2.149755,0.0],[-79.959196,-2.149602,0.0]],[[-79.959706,-2.150157,0.0],[-79.959645,-2.150126,0.0]],[[-79.959645,-2.150126,0.0],[-79.959421,-2.149933,0.0]],[[-79.959421,-2.149933,0.0],[-79.95923,-2.149658,0.0]],[[-79.95923,-2.149658,0.0],[-79.959217,-2.149596,0.0]],[[-79.959217,-2.149596,0.0],[-79.959225,-2.149909,0.0]],[[-79.959225,-2.149909,0.0],[-79.9591,-2.150301,0.0]],[[-79.959168,-2.149609,0.0],[-79.959144,-2.149909,0.0]],[[-79.959144,-2.149909,0.0],[-79.959009,-2.150295,0.0]],[[-79.959009,-2.150295,0.0],[-79.958922,-2.150407,0.0]],[[-79.9591,-2.150301,0.0],[-79.959078,-2.150371,0.0]],[[-79.959913,-2.150181,0.0],[-79.959851,-2.150148,0.0]],[[-79.959851,-2.150148,0.0],[-79.959609,-2.150018,0.0]],[[-79.959609,-2.150018,0.0],[-79.959525,-2.149939,0.0]],[[-79.959525,-2.149939,0.0],[-79.959252,-2.14958,0.0]],[[-79.959913,-2.150181,0.0],[-79.960017,-2.150241,0.0]],[[-79.959762,-2.150209,0.0],[-79.959706,-2.150157,0.0]],[[-79.959411,-2.15039,0.0],[-79.959554,-2.15036,0.0]],[[-79.959554,-2.15036,0.0],[-79.959729,-2.150351,0.0]],[[-79.959237,-2.150408,0.0],[-79.959404,-2.150362,0.0]],[[-79.959404,-2.150362,0.0],[-79.95955,-2.150331,0.0]],[[-79.95955,-2.150331,0.0],[-79.959729,-2.150322,0.0]],[[-79.959558,-2.150389,0.0],[-79.959728,-2.15038,0.0]],[[-79.959874,-2.150218,0.0],[-79.95994,-2.150262,0.0]],[[-79.959122,-2.149364,0.0],[-79.959168,-2.149609,0.0]],[[-79.958769,-2.147801,0.0],[-79.958764,-2.147884,0.0]],[[-79.958764,-2.147884,0.0],[-79.958797,-2.148093,0.0]],[[-79.958797,-2.148093,0.0],[-79.959139,-2.149311,0.0]],[[-79.958734,-2.147798,0.0],[-79.958729,-2.147886,0.0]],[[-79.958729,-2.147886,0.0],[-79.958763,-2.148101,0.0]],[[-79.958763,-2.148101,0.0],[-79.959108,-2.149308,0.0]],[[-79.959108,-2.149308,0.0],[-79.959122,-2.149364,0.0]],[[-79.959122,-2.149364,0.0],[-79.959187,-2.149348,0.0]],[[-79.958803,-2.147804,0.0],[-79.958799,-2.147882,0.0]],[[-79.958799,-2.147882,0.0],[-79.958831,-2.148086,0.0]],[[-79.958831,-2.148086,0.0],[-79.959173,-2.149302,0.0]],[[-79.959173,-2.149302,0.0],[-79.959187,-2.149348,0.0]],[[-79.959185,-2.149477,0.0],[-79.959152,-2.149357,0.0]],[[-79.959252,-2.14958,0.0],[-79.959187,-2.149348,0.0]],[[-79.959187,-2.149348,0.0],[-79.959122,-2.149364,0.0]],[[-79.959185,-2.149477,0.0],[-79.959237,-2.149593,0.0]],[[-79.959185,-2.149477,0.0],[-79.959196,-2.149602,0.0]],[[-79.959152,-2.149357,0.0],[-79.959139,-2.149311,0.0]],[[-79.96006,-2.146383,0.0],[-79.959109,-2.147142,0.0]],[[-79.959109,-2.147142,0.0],[-79.958999,-2.147249,0.0]],[[-79.958999,-2.147249,0.0],[-79.95895,-2.147306,0.0]],[[-79.95895,-2.147306,0.0],[-79.958889,-2.1474,0.0]],[[-79.958889,-2.1474,0.0],[-79.958824,-2.147534,0.0]],[[-79.958824,-2.147534,0.0],[-79.958784,-2.147678,0.0]],[[-79.958784,-2.147678,0.0],[-79.958769,-2.147801,0.0]],[[-79.960038,-2.146357,0.0],[-79.959086,-2.147115,0.0]],[[-79.959086,-2.147115,0.0],[-79.958974,-2.147225,0.0]],[[-79.958974,-2.147225,0.0],[-79.958922,-2.147285,0.0]],[[-79.958922,-2.147285,0.0],[-79.958859,-2.147383,0.0]],[[-79.958859,-2.147383,0.0],[-79.958792,-2.147522,0.0]],[[-79.958792,-2.147522,0.0],[-79.95875,-2.147672,0.0]],[[-79.95875,-2.147672,0.0],[-79.958734,-2.147798,0.0]],[[-79.960082,-2.14641,0.0],[-79.959132,-2.147168,0.0]],[[-79.959132,-2.147168,0.0],[-79.959024,-2.147273,0.0]],[[-79.959024,-2.147273,0.0],[-79.958978,-2.147327,0.0]],[[-79.958978,-2.147327,0.0],[-79.958919,-2.147417,0.0]],[[-79.958919,-2.147417,0.0],[-79.958857,-2.147547,0.0]],[[-79.958857,-2.147547,0.0],[-79.958818,-2.147685,0.0]],[[-79.958818,-2.147685,0.0],[-79.958803,-2.147804,0.0]],[[-79.960396,-2.144856,0.0],[-79.960344,-2.144979,0.0]],[[-79.960344,-2.144979,0.0],[-79.960313,-2.145104,0.0]],[[-79.960313,-2.145104,0.0],[-79.960305,-2.145205,0.0]],[[-79.960305,-2.145205,0.0],[-79.960334,-2.145805,0.0]],[[-79.960334,-2.145805,0.0],[-79.96032,-2.145926,0.0]],[[-79.96032,-2.145926,0.0],[-79.960288,-2.14604,0.0]],[[-79.960288,-2.14604,0.0],[-79.960232,-2.146171,0.0]],[[-79.960232,-2.146171,0.0],[-79.960178,-2.14626,0.0]],[[-79.960178,-2.14626,0.0],[-79.960112,-2.146336,0.0]],[[-79.960112,-2.146336,0.0],[-79.96006,-2.146383,0.0]],[[-79.960365,-2.144841,0.0],[-79.960311,-2.144968,0.0]],[[-79.960311,-2.144968,0.0],[-79.960279,-2.145099,0.0]],[[-79.960279,-2.145099,0.0],[-79.96027,-2.145204,0.0]],[[-79.96027,-2.145204,0.0],[-79.960299,-2.145803,0.0]],[[-79.960299,-2.145803,0.0],[-79.960286,-2.145919,0.0]],[[-79.960286,-2.145919,0.0],[-79.960256,-2.146028,0.0]],[[-79.960256,-2.146028,0.0],[-79.960201,-2.146155,0.0]],[[-79.960201,-2.146155,0.0],[-79.96015,-2.14624,0.0]],[[-79.96015,-2.14624,0.0],[-79.960088,-2.146311,0.0]],[[-79.960427,-2.144872,0.0],[-79.960377,-2.14499,0.0]],[[-79.960377,-2.14499,0.0],[-79.960347,-2.14511,0.0]],[[-79.960347,-2.14511,0.0],[-79.96034,-2.145205,0.0]],[[-79.96034,-2.145205,0.0],[-79.960368,-2.145806,0.0]],[[-79.960368,-2.145806,0.0],[-79.960354,-2.145932,0.0]],[[-79.960354,-2.145932,0.0],[-79.960321,-2.146052,0.0]],[[-79.960321,-2.146052,0.0],[-79.960262,-2.146187,0.0]],[[-79.960262,-2.146187,0.0],[-79.960206,-2.146281,0.0]],[[-79.960206,-2.146281,0.0],[-79.960137,-2.14636,0.0]],[[-79.960137,-2.14636,0.0],[-79.960082,-2.14641,0.0]],[[-79.963041,-2.144896,0.0],[-79.962695,-2.144613,0.0]],[[-79.962695,-2.144613,0.0],[-79.962531,-2.144479,0.0]],[[-79.962531,-2.144479,0.0],[-79.96164,-2.143772,0.0]],[[-79.96103,-2.144005,0.0],[-79.960446,-2.14477,0.0]],[[-79.960446,-2.14477,0.0],[-79.960396,-2.144856,0.0]],[[-79.963063,-2.144869,0.0],[-79.962717,-2.144586,0.0]],[[-79.962717,-2.144586,0.0],[-79.962553,-2.144451,0.0]],[[-79.962553,-2.144451,0.0],[-79.961658,-2.143742,0.0]],[[-79.961003,-2.143983,0.0],[-79.960418,-2.144751,0.0]],[[-79.960418,-2.144751,0.0],[-79.960365,-2.144841,0.0]],[[-79.963019,-2.144924,0.0],[-79.962673,-2.14464,0.0]],[[-79.962673,-2.14464,0.0],[-79.962509,-2.144506,0.0]],[[-79.962509,-2.144506,0.0],[-79.961622,-2.143801,0.0]],[[-79.961058,-2.144026,0.0],[-79.960475,-2.14479,0.0]],[[-79.960475,-2.14479,0.0],[-79.960427,-2.144872,0.0]],[[-79.961214,-2.143784,0.0],[-79.961141,-2.143863,0.0]],[[-79.961141,-2.143863,0.0],[-79.96103,-2.144005,0.0]],[[-79.961115,-2.143841,0.0],[-79.961003,-2.143983,0.0]],[[-79.961236,-2.143812,0.0],[-79.961167,-2.143886,0.0]],[[-79.961167,-2.143886,0.0],[-79.961058,-2.144026,0.0]],[[-79.96164,-2.143772,0.0],[-79.96154,-2.143725,0.0]],[[-79.96154,-2.143725,0.0],[-79.961472,-2.14371,0.0]],[[-79.961472,-2.14371,0.0],[-79.961369,-2.143716,0.0]],[[-79.961369,-2.143716,0.0],[-79.961272,-2.143749,0.0]],[[-79.961272,-2.143749,0.0],[-79.961214,-2.143784,0.0]],[[-79.961658,-2.143742,0.0],[-79.961551,-2.143692,0.0]],[[-79.961551,-2.143692,0.0],[-79.961474,-2.143674,0.0]],[[-79.961474,-2.143674,0.0],[-79.961363,-2.143682,0.0]],[[-79.961363,-2.143682,0.0],[-79.961257,-2.143717,0.0]],[[-79.961257,-2.143717,0.0],[-79.961192,-2.143757,0.0]],[[-79.961192,-2.143757,0.0],[-79.961115,-2.143841,0.0]],[[-79.961622,-2.143801,0.0],[-79.961529,-2.143758,0.0]],[[-79.961529,-2.143758,0.0],[-79.961469,-2.143745,0.0]],[[-79.961469,-2.143745,0.0],[-79.961376,-2.143751,0.0]],[[-79.961376,-2.143751,0.0],[-79.961287,-2.14378,0.0]],[[-79.961287,-2.14378,0.0],[-79.961236,-2.143812,0.0]],[[-79.963579,-2.145326,0.0],[-79.963285,-2.145096,0.0]],[[-79.963285,-2.145096,0.0],[-79.963041,-2.144896,0.0]],[[-79.963597,-2.145296,0.0],[-79.963307,-2.145069,0.0]],[[-79.963307,-2.145069,0.0],[-79.963063,-2.144869,0.0]],[[-79.96383,-2.145464,0.0],[-79.963562,-2.145357,0.0]],[[-79.963562,-2.145357,0.0],[-79.963264,-2.145124,0.0]],[[-79.963264,-2.145124,0.0],[-79.963019,-2.144924,0.0]],[[-79.963838,-2.145429,0.0],[-79.963579,-2.145326,0.0]],[[-79.963846,-2.145395,0.0],[-79.963597,-2.145296,0.0]],[[-79.96418,-2.145426,0.0],[-79.964017,-2.145445,0.0]],[[-79.964017,-2.145445,0.0],[-79.963838,-2.145429,0.0]],[[-79.964173,-2.145392,0.0],[-79.964017,-2.14541,0.0]],[[-79.964017,-2.14541,0.0],[-79.963846,-2.145395,0.0]],[[-79.964187,-2.14546,0.0],[-79.964018,-2.14548,0.0]],[[-79.964018,-2.14548,0.0],[-79.96383,-2.145464,0.0]],[[-79.964409,-2.145347,0.0],[-79.96428,-2.145398,0.0]],[[-79.96428,-2.145398,0.0],[-79.96418,-2.145426,0.0]],[[-79.964269,-2.145365,0.0],[-79.964173,-2.145392,0.0]],[[-79.964425,-2.145378,0.0],[-79.964291,-2.145431,0.0]],[[-79.964291,-2.145431,0.0],[-79.964187,-2.14546,0.0]],[[-79.964392,-2.145317,0.0],[-79.964269,-2.145365,0.0]],[[-79.965218,-2.144491,0.0],[-79.965108,-2.144614,0.0]],[[-79.965108,-2.144614,0.0],[-79.964985,-2.144758,0.0]],[[-79.964985,-2.144758,0.0],[-79.964826,-2.144941,0.0]],[[-79.964768,-2.144904,0.0],[-79.964859,-2.144743,0.0]],[[-79.964859,-2.144743,0.0],[-79.964978,-2.144543,0.0]],[[-79.965193,-2.14447,0.0],[-79.96501,-2.144684,0.0]],[[-79.964797,-2.144922,0.0],[-79.964892,-2.144793,0.0]],[[-79.964892,-2.144793,0.0],[-79.96496,-2.14464,0.0]],[[-79.96501,-2.144684,0.0],[-79.964892,-2.144793,0.0]],[[-79.964797,-2.144922,0.0],[-79.964664,-2.145136,0.0]],[[-79.964768,-2.144904,0.0],[-79.964636,-2.145115,0.0]],[[-79.964768,-2.144904,0.0],[-79.964826,-2.144941,0.0]],[[-79.964826,-2.144941,0.0],[-79.964692,-2.145157,0.0]],[[-79.964826,-2.144941,0.0],[-79.964768,-2.144904,0.0]],[[-79.96459,-2.145221,0.0],[-79.964409,-2.145347,0.0]],[[-79.964566,-2.145195,0.0],[-79.964392,-2.145317,0.0]],[[-79.964613,-2.145247,0.0],[-79.964425,-2.145378,0.0]],[[-79.964664,-2.145136,0.0],[-79.96459,-2.145221,0.0]],[[-79.964636,-2.145115,0.0],[-79.964566,-2.145195,0.0]],[[-79.964692,-2.145157,0.0],[-79.964613,-2.145247,0.0]],[[-79.95815,-2.151223,0.0],[-79.958877,-2.150535,0.0]],[[-79.958877,-2.150535,0.0],[-79.959053,-2.150419,0.0]],[[-79.958127,-2.151199,0.0],[-79.958857,-2.150509,0.0]],[[-79.958173,-2.151247,0.0],[-79.958898,-2.150561,0.0]],[[-79.958898,-2.150561,0.0],[-79.959069,-2.150448,0.0]],[[-79.958857,-2.150509,0.0],[-79.958922,-2.150407,0.0]],[[-79.958173,-2.151338,0.0],[-79.958889,-2.150672,0.0]],[[-79.958889,-2.150672,0.0],[-79.959058,-2.150542,0.0]],[[-79.959058,-2.150542,0.0],[-79.959248,-2.150435,0.0]],[[-79.959248,-2.150435,0.0],[-79.959411,-2.15039,0.0]],[[-79.958153,-2.151317,0.0],[-79.958871,-2.15065,0.0]],[[-79.958871,-2.15065,0.0],[-79.959042,-2.150518,0.0]],[[-79.959042,-2.150518,0.0],[-79.959237,-2.150408,0.0]],[[-79.958193,-2.15136,0.0],[-79.958908,-2.150694,0.0]],[[-79.958908,-2.150694,0.0],[-79.959074,-2.150567,0.0]],[[-79.959074,-2.150567,0.0],[-79.959259,-2.150462,0.0]],[[-79.959259,-2.150462,0.0],[-79.959417,-2.150419,0.0]],[[-79.959417,-2.150419,0.0],[-79.959558,-2.150389,0.0]],[[-79.958981,-2.150427,0.0],[-79.958952,-2.150486,0.0]],[[-79.957567,-2.151778,0.0],[-79.95815,-2.151223,0.0]],[[-79.957545,-2.151753,0.0],[-79.958127,-2.151199,0.0]],[[-79.95759,-2.151802,0.0],[-79.958173,-2.151247,0.0]],[[-79.95764,-2.151855,0.0],[-79.958173,-2.151338,0.0]],[[-79.95762,-2.151834,0.0],[-79.958153,-2.151317,0.0]],[[-79.95766,-2.151876,0.0],[-79.958193,-2.15136,0.0]],[[-79.956861,-2.15245,0.0],[-79.957282,-2.152049,0.0]],[[-79.957282,-2.152049,0.0],[-79.957567,-2.151778,0.0]],[[-79.956838,-2.152426,0.0],[-79.957259,-2.152025,0.0]],[[-79.957259,-2.152025,0.0],[-79.957545,-2.151753,0.0]],[[-79.956883,-2.152474,0.0],[-79.957305,-2.152073,0.0]],[[-79.957305,-2.152073,0.0],[-79.95759,-2.151802,0.0]],[[-79.956934,-2.152528,0.0],[-79.957355,-2.152126,0.0]],[[-79.957355,-2.152126,0.0],[-79.95764,-2.151855,0.0]],[[-79.956914,-2.152506,0.0],[-79.957335,-2.152105,0.0]],[[-79.957335,-2.152105,0.0],[-79.95762,-2.151834,0.0]],[[-79.956954,-2.152549,0.0],[-79.957375,-2.152148,0.0]],[[-79.957375,-2.152148,0.0],[-79.95766,-2.151876,0.0]],[[-79.95653,-2.152765,0.0],[-79.956861,-2.15245,0.0]],[[-79.956507,-2.152741,0.0],[-79.956838,-2.152426,0.0]],[[-79.956553,-2.152789,0.0],[-79.956883,-2.152474,0.0]],[[-79.956603,-2.152842,0.0],[-79.956934,-2.152528,0.0]],[[-79.956583,-2.152821,0.0],[-79.956914,-2.152506,0.0]],[[-79.956623,-2.152864,0.0],[-79.956954,-2.152549,0.0]],[[-79.956282,-2.152998,0.0],[-79.95653,-2.152765,0.0]],[[-79.956261,-2.152973,0.0],[-79.956507,-2.152741,0.0]],[[-79.956304,-2.153023,0.0],[-79.956553,-2.152789,0.0]],[[-79.956355,-2.153075,0.0],[-79.956603,-2.152842,0.0]],[[-79.956336,-2.153053,0.0],[-79.956583,-2.152821,0.0]],[[-79.956284,-2.153175,0.0],[-79.956375,-2.153097,0.0]],[[-79.956375,-2.153097,0.0],[-79.956623,-2.152864,0.0]],[[-79.955907,-2.153214,0.0],[-79.956,-2.153184,0.0]],[[-79.956,-2.153184,0.0],[-79.956114,-2.153127,0.0]],[[-79.956114,-2.153127,0.0],[-79.956193,-2.153074,0.0]],[[-79.955987,-2.153154,0.0],[-79.956098,-2.153098,0.0]],[[-79.956098,-2.153098,0.0],[-79.956174,-2.153048,0.0]],[[-79.955915,-2.153247,0.0],[-79.956012,-2.153215,0.0]],[[-79.956012,-2.153215,0.0],[-79.956131,-2.153156,0.0]],[[-79.956131,-2.153156,0.0],[-79.956213,-2.153101,0.0]],[[-79.95598,-2.153306,0.0],[-79.956073,-2.153272,0.0]],[[-79.956073,-2.153272,0.0],[-79.956187,-2.153204,0.0]],[[-79.955971,-2.153278,0.0],[-79.95606,-2.153245,0.0]],[[-79.95606,-2.153245,0.0],[-79.956172,-2.153179,0.0]],[[-79.955989,-2.153334,0.0],[-79.956085,-2.153298,0.0]],[[-79.956085,-2.153298,0.0],[-79.956202,-2.153229,0.0]],[[-79.956193,-2.153074,0.0],[-79.956282,-2.152998,0.0]],[[-79.956174,-2.153048,0.0],[-79.956261,-2.152973,0.0]],[[-79.956213,-2.153101,0.0],[-79.956304,-2.153023,0.0]],[[-79.956187,-2.153204,0.0],[-79.956266,-2.153152,0.0]],[[-79.956172,-2.153179,0.0],[-79.956249,-2.153128,0.0]],[[-79.956249,-2.153128,0.0],[-79.956336,-2.153053,0.0]],[[-79.955084,-2.15306,0.0],[-79.955226,-2.15312,0.0]],[[-79.955226,-2.15312,0.0],[-79.955377,-2.153189,0.0]],[[-79.955377,-2.153189,0.0],[-79.95552,-2.153223,0.0]],[[-79.95552,-2.153223,0.0],[-79.955586,-2.153234,0.0]],[[-79.955586,-2.153234,0.0],[-79.955689,-2.153244,0.0]],[[-79.955689,-2.153244,0.0],[-79.955754,-2.153239,0.0]],[[-79.955754,-2.153239,0.0],[-79.955823,-2.15323,0.0]],[[-79.955823,-2.15323,0.0],[-79.955907,-2.153214,0.0]],[[-79.955096,-2.153029,0.0],[-79.955239,-2.15309,0.0]],[[-79.955239,-2.15309,0.0],[-79.955388,-2.153157,0.0]],[[-79.955388,-2.153157,0.0],[-79.955527,-2.153191,0.0]],[[-79.955527,-2.153191,0.0],[-79.95559,-2.153201,0.0]],[[-79.95559,-2.153201,0.0],[-79.95569,-2.15321,0.0]],[[-79.95569,-2.15321,0.0],[-79.955751,-2.153206,0.0]],[[-79.955751,-2.153206,0.0],[-79.955818,-2.153198,0.0]],[[-79.955818,-2.153198,0.0],[-79.955899,-2.153182,0.0]],[[-79.955899,-2.153182,0.0],[-79.955987,-2.153154,0.0]],[[-79.954873,-2.153015,0.0],[-79.955071,-2.153091,0.0]],[[-79.955071,-2.153091,0.0],[-79.955213,-2.153151,0.0]],[[-79.955213,-2.153151,0.0],[-79.955366,-2.15322,0.0]],[[-79.955366,-2.15322,0.0],[-79.955514,-2.153256,0.0]],[[-79.955514,-2.153256,0.0],[-79.955582,-2.153267,0.0]],[[-79.955582,-2.153267,0.0],[-79.955689,-2.153277,0.0]],[[-79.955689,-2.153277,0.0],[-79.955757,-2.153272,0.0]],[[-79.955757,-2.153272,0.0],[-79.955828,-2.153263,0.0]],[[-79.955828,-2.153263,0.0],[-79.955915,-2.153247,0.0]],[[-79.954876,-2.153097,0.0],[-79.955073,-2.153176,0.0]],[[-79.955073,-2.153176,0.0],[-79.955224,-2.153236,0.0]],[[-79.955224,-2.153236,0.0],[-79.955375,-2.153295,0.0]],[[-79.955375,-2.153295,0.0],[-79.955518,-2.15333,0.0]],[[-79.955518,-2.15333,0.0],[-79.955584,-2.15334,0.0]],[[-79.955584,-2.15334,0.0],[-79.955687,-2.15335,0.0]],[[-79.955687,-2.15335,0.0],[-79.955762,-2.153346,0.0]],[[-79.955762,-2.153346,0.0],[-79.955836,-2.15334,0.0]],[[-79.955836,-2.15334,0.0],[-79.955906,-2.153326,0.0]],[[-79.955906,-2.153326,0.0],[-79.95598,-2.153306,0.0]],[[-79.954887,-2.15307,0.0],[-79.955084,-2.153149,0.0]],[[-79.955084,-2.153149,0.0],[-79.955234,-2.153209,0.0]],[[-79.955234,-2.153209,0.0],[-79.955384,-2.153267,0.0]],[[-79.955384,-2.153267,0.0],[-79.955524,-2.153301,0.0]],[[-79.955524,-2.153301,0.0],[-79.955587,-2.153311,0.0]],[[-79.955587,-2.153311,0.0],[-79.955688,-2.15332,0.0]],[[-79.955688,-2.15332,0.0],[-79.95576,-2.153316,0.0]],[[-79.95576,-2.153316,0.0],[-79.955832,-2.153311,0.0]],[[-79.955832,-2.153311,0.0],[-79.955899,-2.153297,0.0]],[[-79.955899,-2.153297,0.0],[-79.955971,-2.153278,0.0]],[[-79.954866,-2.153124,0.0],[-79.955062,-2.153203,0.0]],[[-79.955062,-2.153203,0.0],[-79.955213,-2.153263,0.0]],[[-79.955213,-2.153263,0.0],[-79.955366,-2.153323,0.0]],[[-79.955366,-2.153323,0.0],[-79.955513,-2.153358,0.0]],[[-79.955513,-2.153358,0.0],[-79.95558,-2.153369,0.0]],[[-79.95558,-2.153369,0.0],[-79.955687,-2.153379,0.0]],[[-79.955687,-2.153379,0.0],[-79.955764,-2.153375,0.0]],[[-79.955764,-2.153375,0.0],[-79.95584,-2.153369,0.0]],[[-79.95584,-2.153369,0.0],[-79.955912,-2.153354,0.0]],[[-79.955912,-2.153354,0.0],[-79.955989,-2.153334,0.0]],[[-79.954485,-2.152822,0.0],[-79.954885,-2.152984,0.0]],[[-79.954885,-2.152984,0.0],[-79.955084,-2.15306,0.0]],[[-79.954497,-2.152792,0.0],[-79.954897,-2.152953,0.0]],[[-79.954897,-2.152953,0.0],[-79.955096,-2.153029,0.0]],[[-79.954472,-2.152853,0.0],[-79.954873,-2.153015,0.0]],[[-79.954473,-2.152938,0.0],[-79.954876,-2.153097,0.0]],[[-79.954484,-2.15291,0.0],[-79.954887,-2.15307,0.0]],[[-79.954462,-2.152965,0.0],[-79.954866,-2.153124,0.0]],[[-79.95353,-2.152588,0.0],[-79.954462,-2.152965,0.0]],[[-79.953552,-2.152445,0.0],[-79.954485,-2.152822,0.0]],[[-79.953564,-2.152415,0.0],[-79.954497,-2.152792,0.0]],[[-79.95354,-2.152476,0.0],[-79.954472,-2.152853,0.0]],[[-79.953541,-2.152561,0.0],[-79.954473,-2.152938,0.0]],[[-79.953551,-2.152533,0.0],[-79.954484,-2.15291,0.0]],[[-79.953086,-2.152258,0.0],[-79.953552,-2.152445,0.0]],[[-79.953098,-2.152228,0.0],[-79.953564,-2.152415,0.0]],[[-79.953074,-2.152289,0.0],[-79.95354,-2.152476,0.0]],[[-79.953075,-2.152374,0.0],[-79.953541,-2.152561,0.0]],[[-79.953085,-2.152346,0.0],[-79.953551,-2.152533,0.0]],[[-79.953064,-2.152401,0.0],[-79.95353,-2.152588,0.0]],[[-79.952409,-2.151987,0.0],[-79.953086,-2.152258,0.0]],[[-79.952422,-2.151956,0.0],[-79.953098,-2.152228,0.0]],[[-79.952396,-2.152017,0.0],[-79.953074,-2.152289,0.0]],[[-79.952398,-2.152102,0.0],[-79.953075,-2.152374,0.0]],[[-79.952409,-2.152075,0.0],[-79.953085,-2.152346,0.0]],[[-79.952386,-2.152129,0.0],[-79.953064,-2.152401,0.0]],[[-79.951396,-2.151493,0.0],[-79.952179,-2.151872,0.0]],[[-79.952179,-2.151872,0.0],[-79.952409,-2.151987,0.0]],[[-79.95141,-2.151463,0.0],[-79.952194,-2.151842,0.0]],[[-79.952194,-2.151842,0.0],[-79.952422,-2.151956,0.0]],[[-79.951381,-2.151523,0.0],[-79.952165,-2.151902,0.0]],[[-79.952165,-2.151902,0.0],[-79.952396,-2.152017,0.0]],[[-79.951384,-2.151608,0.0],[-79.952168,-2.151987,0.0]],[[-79.952168,-2.151987,0.0],[-79.952398,-2.152102,0.0]],[[-79.951397,-2.151581,0.0],[-79.952181,-2.151961,0.0]],[[-79.952181,-2.151961,0.0],[-79.952409,-2.152075,0.0]],[[-79.951372,-2.151634,0.0],[-79.952155,-2.152014,0.0]],[[-79.952155,-2.152014,0.0],[-79.952386,-2.152129,0.0]],[[-79.950008,-2.150657,0.0],[-79.95011,-2.150786,0.0]],[[-79.95011,-2.150786,0.0],[-79.950198,-2.150872,0.0]],[[-79.950198,-2.150872,0.0],[-79.950258,-2.150924,0.0]],[[-79.950258,-2.150924,0.0],[-79.950361,-2.150992,0.0]],[[-79.950361,-2.150992,0.0],[-79.950428,-2.151031,0.0]],[[-79.950428,-2.151031,0.0],[-79.950715,-2.151168,0.0]],[[-79.950715,-2.151168,0.0],[-79.951396,-2.151493,0.0]],[[-79.950035,-2.150638,0.0],[-79.950134,-2.150764,0.0]],[[-79.950134,-2.150764,0.0],[-79.95022,-2.150848,0.0]],[[-79.95022,-2.150848,0.0],[-79.950278,-2.150897,0.0]],[[-79.950278,-2.150897,0.0],[-79.950379,-2.150964,0.0]],[[-79.950379,-2.150964,0.0],[-79.950444,-2.151002,0.0]],[[-79.950444,-2.151002,0.0],[-79.950729,-2.151138,0.0]],[[-79.950729,-2.151138,0.0],[-79.95141,-2.151463,0.0]],[[-79.949899,-2.150534,0.0],[-79.94998,-2.150676,0.0]],[[-79.94998,-2.150676,0.0],[-79.950085,-2.150809,0.0]],[[-79.950085,-2.150809,0.0],[-79.950176,-2.150897,0.0]],[[-79.950176,-2.150897,0.0],[-79.950238,-2.15095,0.0]],[[-79.950238,-2.15095,0.0],[-79.950344,-2.15102,0.0]],[[-79.950344,-2.15102,0.0],[-79.950413,-2.151061,0.0]],[[-79.950413,-2.151061,0.0],[-79.950701,-2.151198,0.0]],[[-79.950701,-2.151198,0.0],[-79.951381,-2.151523,0.0]],[[-79.949888,-2.15066,0.0],[-79.949965,-2.150772,0.0]],[[-79.949965,-2.150772,0.0],[-79.950086,-2.150915,0.0]],[[-79.950086,-2.150915,0.0],[-79.950182,-2.150997,0.0]],[[-79.950182,-2.150997,0.0],[-79.950247,-2.151039,0.0]],[[-79.950247,-2.151039,0.0],[-79.95035,-2.151107,0.0]],[[-79.95035,-2.151107,0.0],[-79.950417,-2.151147,0.0]],[[-79.950417,-2.151147,0.0],[-79.950704,-2.151283,0.0]],[[-79.950704,-2.151283,0.0],[-79.951384,-2.151608,0.0]],[[-79.949913,-2.150645,0.0],[-79.949988,-2.150754,0.0]],[[-79.949988,-2.150754,0.0],[-79.950107,-2.150895,0.0]],[[-79.950107,-2.150895,0.0],[-79.950199,-2.150973,0.0]],[[-79.950199,-2.150973,0.0],[-79.950263,-2.151014,0.0]],[[-79.950263,-2.151014,0.0],[-79.950365,-2.151083,0.0]],[[-79.950365,-2.151083,0.0],[-79.95043,-2.151121,0.0]],[[-79.95043,-2.151121,0.0],[-79.950716,-2.151257,0.0]],[[-79.950716,-2.151257,0.0],[-79.951397,-2.151581,0.0]],[[-79.949942,-2.15079,0.0],[-79.950066,-2.150936,0.0]],[[-79.950066,-2.150936,0.0],[-79.950165,-2.15102,0.0]],[[-79.950165,-2.15102,0.0],[-79.950231,-2.151063,0.0]],[[-79.950231,-2.151063,0.0],[-79.950335,-2.151132,0.0]],[[-79.950335,-2.151132,0.0],[-79.950403,-2.151172,0.0]],[[-79.950403,-2.151172,0.0],[-79.950691,-2.15131,0.0]],[[-79.950691,-2.15131,0.0],[-79.951372,-2.151634,0.0]],[[-79.949868,-2.150365,0.0],[-79.949929,-2.150519,0.0]],[[-79.949929,-2.150519,0.0],[-79.950008,-2.150657,0.0]],[[-79.9499,-2.150355,0.0],[-79.949959,-2.150505,0.0]],[[-79.949959,-2.150505,0.0],[-79.950035,-2.150638,0.0]],[[-79.949837,-2.150375,0.0],[-79.949899,-2.150534,0.0]],[[-79.949771,-2.15041,0.0],[-79.949838,-2.150565,0.0]],[[-79.949838,-2.150565,0.0],[-79.949888,-2.15066,0.0]],[[-79.949798,-2.150401,0.0],[-79.949864,-2.150552,0.0]],[[-79.949864,-2.150552,0.0],[-79.949913,-2.150645,0.0]],[[-79.949743,-2.150419,0.0],[-79.949811,-2.150577,0.0]],[[-79.949811,-2.150577,0.0],[-79.949863,-2.150676,0.0]],[[-79.949863,-2.150676,0.0],[-79.949942,-2.15079,0.0]],[[-79.949879,-2.149663,0.0],[-79.949855,-2.149742,0.0]],[[-79.949855,-2.149742,0.0],[-79.949835,-2.149825,0.0]],[[-79.949835,-2.149825,0.0],[-79.949823,-2.149924,0.0]],[[-79.949823,-2.149924,0.0],[-79.949818,-2.150003,0.0]],[[-79.949818,-2.150003,0.0],[-79.949824,-2.150127,0.0]],[[-79.949824,-2.150127,0.0],[-79.94984,-2.150248,0.0]],[[-79.94984,-2.150248,0.0],[-79.949868,-2.150365,0.0]],[[-79.94991,-2.149674,0.0],[-79.949887,-2.149751,0.0]],[[-79.949887,-2.149751,0.0],[-79.949868,-2.149831,0.0]],[[-79.949868,-2.149831,0.0],[-79.949856,-2.149927,0.0]],[[-79.949856,-2.149927,0.0],[-79.949851,-2.150003,0.0]],[[-79.949851,-2.150003,0.0],[-79.949857,-2.150124,0.0]],[[-79.949857,-2.150124,0.0],[-79.949872,-2.150242,0.0]],[[-79.949872,-2.150242,0.0],[-79.9499,-2.150355,0.0]],[[-79.949848,-2.149651,0.0],[-79.949823,-2.149733,0.0]],[[-79.949823,-2.149733,0.0],[-79.949803,-2.149819,0.0]],[[-79.949803,-2.149819,0.0],[-79.94979,-2.149921,0.0]],[[-79.94979,-2.149921,0.0],[-79.949785,-2.150002,0.0]],[[-79.949785,-2.150002,0.0],[-79.949791,-2.15013,0.0]],[[-79.949791,-2.15013,0.0],[-79.949807,-2.150254,0.0]],[[-79.949807,-2.150254,0.0],[-79.949837,-2.150375,0.0]],[[-79.94978,-2.149636,0.0],[-79.949745,-2.149766,0.0]],[[-79.949745,-2.149766,0.0],[-79.949726,-2.14985,0.0]],[[-79.949726,-2.14985,0.0],[-79.949716,-2.149952,0.0]],[[-79.949716,-2.149952,0.0],[-79.949713,-2.150027,0.0]],[[-79.949713,-2.150027,0.0],[-79.949721,-2.150152,0.0]],[[-79.949721,-2.150152,0.0],[-79.949737,-2.150272,0.0]],[[-79.949737,-2.150272,0.0],[-79.949771,-2.15041,0.0]],[[-79.949807,-2.149645,0.0],[-79.949773,-2.149774,0.0]],[[-79.949773,-2.149774,0.0],[-79.949755,-2.149854,0.0]],[[-79.949755,-2.149854,0.0],[-79.949745,-2.149954,0.0]],[[-79.949745,-2.149954,0.0],[-79.949742,-2.150027,0.0]],[[-79.949742,-2.150027,0.0],[-79.94975,-2.150149,0.0]],[[-79.94975,-2.150149,0.0],[-79.949766,-2.150267,0.0]],[[-79.949766,-2.150267,0.0],[-79.949798,-2.150401,0.0]],[[-79.949752,-2.149626,0.0],[-79.949717,-2.149759,0.0]],[[-79.949717,-2.149759,0.0],[-79.949697,-2.149845,0.0]],[[-79.949697,-2.149845,0.0],[-79.949687,-2.149949,0.0]],[[-79.949687,-2.149949,0.0],[-79.949684,-2.150027,0.0]],[[-79.949684,-2.150027,0.0],[-79.949692,-2.150155,0.0]],[[-79.949692,-2.150155,0.0],[-79.949709,-2.150278,0.0]],[[-79.949709,-2.150278,0.0],[-79.949743,-2.150419,0.0]],[[-79.948375,-2.14623,0.0],[-79.949036,-2.146584,0.0]],[[-79.949036,-2.146584,0.0],[-79.949238,-2.146702,0.0]],[[-79.949238,-2.146702,0.0],[-79.94933,-2.146775,0.0]],[[-79.94933,-2.146775,0.0],[-79.949407,-2.146857,0.0]],[[-79.949407,-2.146857,0.0],[-79.949506,-2.146979,0.0]],[[-79.949506,-2.146979,0.0],[-79.949698,-2.147229,0.0]],[[-79.949698,-2.147229,0.0],[-79.949804,-2.147372,0.0]],[[-79.949804,-2.147372,0.0],[-79.94987,-2.14749,0.0]],[[-79.94987,-2.14749,0.0],[-79.949918,-2.147618,0.0]],[[-79.949918,-2.147618,0.0],[-79.949975,-2.147872,0.0]],[[-79.949975,-2.147872,0.0],[-79.950027,-2.148142,0.0]],[[-79.950027,-2.148142,0.0],[-79.95013,-2.148682,0.0]],[[-79.948391,-2.146201,0.0],[-79.949052,-2.146555,0.0]],[[-79.949052,-2.146555,0.0],[-79.949257,-2.146675,0.0]],[[-79.949257,-2.146675,0.0],[-79.949352,-2.14675,0.0]],[[-79.949352,-2.14675,0.0],[-79.949431,-2.146835,0.0]],[[-79.949431,-2.146835,0.0],[-79.949532,-2.146958,0.0]],[[-79.949532,-2.146958,0.0],[-79.949724,-2.147209,0.0]],[[-79.949724,-2.147209,0.0],[-79.949832,-2.147353,0.0]],[[-79.949832,-2.147353,0.0],[-79.9499,-2.147476,0.0]],[[-79.9499,-2.147476,0.0],[-79.94995,-2.147608,0.0]],[[-79.94995,-2.147608,0.0],[-79.950007,-2.147865,0.0]],[[-79.950007,-2.147865,0.0],[-79.950059,-2.148136,0.0]],[[-79.950059,-2.148136,0.0],[-79.950162,-2.148676,0.0]],[[-79.948359,-2.146259,0.0],[-79.94902,-2.146613,0.0]],[[-79.94902,-2.146613,0.0],[-79.94922,-2.146729,0.0]],[[-79.94922,-2.146729,0.0],[-79.949307,-2.146799,0.0]],[[-79.949307,-2.146799,0.0],[-79.949382,-2.146879,0.0]],[[-79.949382,-2.146879,0.0],[-79.949481,-2.147,0.0]],[[-79.949481,-2.147,0.0],[-79.949672,-2.147249,0.0]],[[-79.949672,-2.147249,0.0],[-79.949777,-2.14739,0.0]],[[-79.949777,-2.14739,0.0],[-79.94984,-2.147505,0.0]],[[-79.94984,-2.147505,0.0],[-79.949887,-2.147627,0.0]],[[-79.949887,-2.147627,0.0],[-79.949943,-2.147879,0.0]],[[-79.949943,-2.147879,0.0],[-79.949994,-2.148149,0.0]],[[-79.949994,-2.148149,0.0],[-79.950097,-2.148687,0.0]],[[-79.94958,-2.147298,0.0],[-79.949581,-2.147298,0.0]],[[-79.948322,-2.146324,0.0],[-79.948983,-2.146678,0.0]],[[-79.948983,-2.146678,0.0],[-79.949134,-2.146761,0.0]],[[-79.949134,-2.146761,0.0],[-79.949235,-2.146827,0.0]],[[-79.949235,-2.146827,0.0],[-79.949312,-2.146909,0.0]],[[-79.949312,-2.146909,0.0],[-79.949412,-2.147031,0.0]],[[-79.949412,-2.147031,0.0],[-79.949572,-2.147239,0.0]],[[-79.949572,-2.147239,0.0],[-79.949635,-2.147322,0.0]],[[-79.949635,-2.147322,0.0],[-79.94971,-2.147423,0.0]],[[-79.94971,-2.147423,0.0],[-79.949762,-2.14751,0.0]],[[-79.949762,-2.14751,0.0],[-79.949812,-2.147633,0.0]],[[-79.949812,-2.147633,0.0],[-79.949874,-2.147885,0.0]],[[-79.949874,-2.147885,0.0],[-79.949926,-2.148155,0.0]],[[-79.949926,-2.148155,0.0],[-79.950026,-2.148678,0.0]],[[-79.948336,-2.146299,0.0],[-79.948996,-2.146653,0.0]],[[-79.948996,-2.146653,0.0],[-79.949148,-2.146736,0.0]],[[-79.949148,-2.146736,0.0],[-79.949254,-2.146804,0.0]],[[-79.949254,-2.146804,0.0],[-79.949334,-2.14689,0.0]],[[-79.949334,-2.14689,0.0],[-79.949435,-2.147012,0.0]],[[-79.949435,-2.147012,0.0],[-79.949595,-2.147221,0.0]],[[-79.949595,-2.147221,0.0],[-79.949658,-2.147304,0.0]],[[-79.949658,-2.147304,0.0],[-79.949734,-2.147407,0.0]],[[-79.949734,-2.147407,0.0],[-79.949787,-2.147496,0.0]],[[-79.949787,-2.147496,0.0],[-79.94984,-2.147624,0.0]],[[-79.94984,-2.147624,0.0],[-79.949903,-2.147879,0.0]],[[-79.949903,-2.147879,0.0],[-79.949955,-2.14815,0.0]],[[-79.949955,-2.14815,0.0],[-79.950055,-2.148673,0.0]],[[-79.948308,-2.14635,0.0],[-79.948969,-2.146704,0.0]],[[-79.948969,-2.146704,0.0],[-79.949119,-2.146786,0.0]],[[-79.949119,-2.146786,0.0],[-79.949217,-2.146849,0.0]],[[-79.949217,-2.146849,0.0],[-79.949291,-2.146928,0.0]],[[-79.949291,-2.146928,0.0],[-79.949389,-2.147049,0.0]],[[-79.949389,-2.147049,0.0],[-79.949549,-2.147257,0.0]],[[-79.949549,-2.147257,0.0],[-79.949612,-2.14734,0.0]],[[-79.949612,-2.14734,0.0],[-79.949686,-2.147439,0.0]],[[-79.949686,-2.147439,0.0],[-79.949736,-2.147523,0.0]],[[-79.949736,-2.147523,0.0],[-79.949785,-2.147643,0.0]],[[-79.949785,-2.147643,0.0],[-79.949846,-2.147891,0.0]],[[-79.949846,-2.147891,0.0],[-79.949898,-2.148161,0.0]],[[-79.949898,-2.148161,0.0],[-79.949997,-2.148683,0.0]],[[-79.95013,-2.148682,0.0],[-79.950152,-2.148828,0.0]],[[-79.950162,-2.148676,0.0],[-79.950185,-2.148826,0.0]],[[-79.950097,-2.148687,0.0],[-79.950119,-2.148831,0.0]],[[-79.950026,-2.148678,0.0],[-79.950049,-2.148825,0.0]],[[-79.950055,-2.148673,0.0],[-79.950078,-2.148823,0.0]],[[-79.949997,-2.148683,0.0],[-79.95002,-2.148827,0.0]],[[-79.950152,-2.148949,0.0],[-79.950126,-2.149117,0.0]],[[-79.950126,-2.149117,0.0],[-79.950105,-2.14919,0.0]],[[-79.950105,-2.14919,0.0],[-79.950061,-2.149303,0.0]],[[-79.950185,-2.148951,0.0],[-79.950158,-2.149125,0.0]],[[-79.950158,-2.149125,0.0],[-79.950136,-2.149201,0.0]],[[-79.950136,-2.149201,0.0],[-79.950091,-2.149317,0.0]],[[-79.950094,-2.14911,0.0],[-79.950073,-2.14918,0.0]],[[-79.950073,-2.14918,0.0],[-79.950031,-2.149288,0.0]],[[-79.950023,-2.14909,0.0],[-79.950001,-2.149163,0.0]],[[-79.950001,-2.149163,0.0],[-79.949957,-2.149275,0.0]],[[-79.950051,-2.149097,0.0],[-79.950028,-2.149173,0.0]],[[-79.950028,-2.149173,0.0],[-79.949984,-2.149288,0.0]],[[-79.949994,-2.149083,0.0],[-79.949973,-2.149154,0.0]],[[-79.949973,-2.149154,0.0],[-79.949931,-2.149263,0.0]],[[-79.950119,-2.148946,0.0],[-79.950094,-2.14911,0.0]],[[-79.950049,-2.148946,0.0],[-79.950023,-2.14909,0.0]],[[-79.950078,-2.148948,0.0],[-79.950051,-2.149097,0.0]],[[-79.95002,-2.148943,0.0],[-79.949994,-2.149083,0.0]],[[-79.950152,-2.148828,0.0],[-79.950152,-2.148949,0.0]],[[-79.950119,-2.148831,0.0],[-79.950119,-2.148946,0.0]],[[-79.950049,-2.148825,0.0],[-79.950049,-2.148946,0.0]],[[-79.950078,-2.148823,0.0],[-79.950078,-2.148948,0.0]],[[-79.95002,-2.148827,0.0],[-79.95002,-2.148943,0.0]],[[-79.950061,-2.149303,0.0],[-79.949943,-2.149514,0.0]],[[-79.950091,-2.149317,0.0],[-79.949973,-2.149528,0.0]],[[-79.950031,-2.149288,0.0],[-79.949913,-2.149499,0.0]],[[-79.949957,-2.149275,0.0],[-79.949839,-2.149486,0.0]],[[-79.949984,-2.149288,0.0],[-79.949865,-2.149499,0.0]],[[-79.949931,-2.149263,0.0],[-79.949813,-2.149474,0.0]],[[-79.949943,-2.149514,0.0],[-79.949879,-2.149663,0.0]],[[-79.949913,-2.149499,0.0],[-79.949848,-2.149651,0.0]],[[-79.949839,-2.149486,0.0],[-79.94978,-2.149636,0.0]],[[-79.949865,-2.149499,0.0],[-79.949807,-2.149645,0.0]],[[-79.949813,-2.149474,0.0],[-79.949752,-2.149626,0.0]],[[-79.94714,-2.145305,0.0],[-79.947708,-2.145783,0.0]],[[-79.947708,-2.145783,0.0],[-79.947961,-2.145995,0.0]],[[-79.947961,-2.145995,0.0],[-79.948375,-2.14623,0.0]],[[-79.947161,-2.14528,0.0],[-79.947729,-2.145758,0.0]],[[-79.947729,-2.145758,0.0],[-79.947979,-2.145967,0.0]],[[-79.947979,-2.145967,0.0],[-79.948391,-2.146201,0.0]],[[-79.947119,-2.14533,0.0],[-79.947687,-2.145809,0.0]],[[-79.947687,-2.145809,0.0],[-79.947942,-2.146022,0.0]],[[-79.947942,-2.146022,0.0],[-79.948359,-2.146259,0.0]],[[-79.947086,-2.145399,0.0],[-79.947655,-2.145877,0.0]],[[-79.947655,-2.145877,0.0],[-79.947907,-2.146089,0.0]],[[-79.947907,-2.146089,0.0],[-79.948322,-2.146324,0.0]],[[-79.947105,-2.145377,0.0],[-79.947673,-2.145855,0.0]],[[-79.947673,-2.145855,0.0],[-79.947924,-2.146065,0.0]],[[-79.947924,-2.146065,0.0],[-79.948336,-2.146299,0.0]],[[-79.947068,-2.145421,0.0],[-79.947636,-2.1459,0.0]],[[-79.947636,-2.1459,0.0],[-79.947891,-2.146113,0.0]],[[-79.947891,-2.146113,0.0],[-79.948308,-2.14635,0.0]],[[-79.946769,-2.144918,0.0],[-79.946836,-2.145014,0.0]],[[-79.946836,-2.145014,0.0],[-79.946915,-2.145108,0.0]],[[-79.946915,-2.145108,0.0],[-79.94714,-2.145305,0.0]],[[-79.946862,-2.144994,0.0],[-79.946938,-2.145085,0.0]],[[-79.946938,-2.145085,0.0],[-79.947161,-2.14528,0.0]],[[-79.94674,-2.144934,0.0],[-79.94681,-2.145035,0.0]],[[-79.94681,-2.145035,0.0],[-79.946891,-2.145131,0.0]],[[-79.946891,-2.145131,0.0],[-79.947119,-2.14533,0.0]],[[-79.946757,-2.145084,0.0],[-79.946836,-2.145178,0.0]],[[-79.946836,-2.145178,0.0],[-79.947086,-2.145399,0.0]],[[-79.946699,-2.14495,0.0],[-79.94678,-2.145066,0.0]],[[-79.94678,-2.145066,0.0],[-79.946857,-2.145157,0.0]],[[-79.946857,-2.145157,0.0],[-79.947105,-2.145377,0.0]],[[-79.946734,-2.145102,0.0],[-79.946815,-2.145198,0.0]],[[-79.946815,-2.145198,0.0],[-79.947068,-2.145421,0.0]],[[-79.947038,-2.142341,0.0],[-79.947068,-2.142499,0.0]],[[-79.947068,-2.142499,0.0],[-79.947103,-2.142679,0.0]],[[-79.947103,-2.142679,0.0],[-79.947093,-2.142803,0.0]],[[-79.947093,-2.142803,0.0],[-79.946978,-2.143174,0.0]],[[-79.946978,-2.143174,0.0],[-79.946885,-2.143441,0.0]],[[-79.94707,-2.142334,0.0],[-79.9471,-2.142493,0.0]],[[-79.9471,-2.142493,0.0],[-79.947136,-2.142677,0.0]],[[-79.947136,-2.142677,0.0],[-79.947126,-2.142809,0.0]],[[-79.947126,-2.142809,0.0],[-79.94701,-2.143184,0.0]],[[-79.94701,-2.143184,0.0],[-79.946916,-2.143452,0.0]],[[-79.947006,-2.142348,0.0],[-79.947036,-2.142505,0.0]],[[-79.947036,-2.142505,0.0],[-79.947069,-2.142681,0.0]],[[-79.947069,-2.142681,0.0],[-79.94706,-2.142796,0.0]],[[-79.94706,-2.142796,0.0],[-79.946947,-2.143164,0.0]],[[-79.946947,-2.143164,0.0],[-79.946854,-2.143431,0.0]],[[-79.946929,-2.142348,0.0],[-79.946962,-2.142502,0.0]],[[-79.946962,-2.142502,0.0],[-79.946997,-2.14267,0.0]],[[-79.946997,-2.14267,0.0],[-79.946987,-2.142793,0.0]],[[-79.946987,-2.142793,0.0],[-79.946872,-2.143165,0.0]],[[-79.946872,-2.143165,0.0],[-79.946779,-2.143432,0.0]],[[-79.946958,-2.142343,0.0],[-79.94699,-2.142496,0.0]],[[-79.94699,-2.142496,0.0],[-79.947026,-2.142668,0.0]],[[-79.947026,-2.142668,0.0],[-79.947016,-2.142799,0.0]],[[-79.947016,-2.142799,0.0],[-79.9469,-2.143174,0.0]],[[-79.9469,-2.143174,0.0],[-79.946807,-2.143441,0.0]],[[-79.946901,-2.142354,0.0],[-79.946933,-2.142508,0.0]],[[-79.946933,-2.142508,0.0],[-79.946967,-2.142672,0.0]],[[-79.946967,-2.142672,0.0],[-79.946958,-2.142788,0.0]],[[-79.946958,-2.142788,0.0],[-79.946845,-2.143156,0.0]],[[-79.946845,-2.143156,0.0],[-79.946752,-2.143423,0.0]],[[-79.946992,-2.142151,0.0],[-79.947038,-2.142341,0.0]],[[-79.94696,-2.142159,0.0],[-79.947024,-2.142143,0.0]],[[-79.947024,-2.142143,0.0],[-79.94707,-2.142334,0.0]],[[-79.94696,-2.142159,0.0],[-79.947006,-2.142348,0.0]],[[-79.946895,-2.142175,0.0],[-79.946929,-2.142348,0.0]],[[-79.946923,-2.142168,0.0],[-79.946958,-2.142343,0.0]],[[-79.946866,-2.142182,0.0],[-79.946901,-2.142354,0.0]],[[-79.946923,-2.142168,0.0],[-79.946866,-2.142182,0.0]],[[-79.946885,-2.143441,0.0],[-79.946803,-2.143704,0.0]],[[-79.946803,-2.143704,0.0],[-79.946711,-2.143969,0.0]],[[-79.946711,-2.143969,0.0],[-79.946654,-2.144158,0.0]],[[-79.946654,-2.144158,0.0],[-79.946631,-2.144319,0.0]],[[-79.946631,-2.144319,0.0],[-79.946631,-2.144483,0.0]],[[-79.946916,-2.143452,0.0],[-79.946834,-2.143714,0.0]],[[-79.946834,-2.143714,0.0],[-79.946742,-2.14398,0.0]],[[-79.946742,-2.14398,0.0],[-79.946686,-2.144165,0.0]],[[-79.946686,-2.144165,0.0],[-79.946664,-2.144321,0.0]],[[-79.946664,-2.144321,0.0],[-79.946664,-2.144481,0.0]],[[-79.946854,-2.143431,0.0],[-79.946771,-2.143693,0.0]],[[-79.946771,-2.143693,0.0],[-79.94668,-2.143959,0.0]],[[-79.94668,-2.143959,0.0],[-79.946622,-2.144151,0.0]],[[-79.946622,-2.144151,0.0],[-79.946598,-2.144317,0.0]],[[-79.946598,-2.144317,0.0],[-79.946598,-2.144485,0.0]],[[-79.946779,-2.143432,0.0],[-79.946697,-2.143694,0.0]],[[-79.946697,-2.143694,0.0],[-79.946605,-2.14396,0.0]],[[-79.946605,-2.14396,0.0],[-79.946548,-2.144149,0.0]],[[-79.946548,-2.144149,0.0],[-79.946525,-2.144333,0.0]],[[-79.946525,-2.144333,0.0],[-79.946531,-2.144497,0.0]],[[-79.946807,-2.143441,0.0],[-79.946724,-2.143704,0.0]],[[-79.946724,-2.143704,0.0],[-79.946633,-2.143969,0.0]],[[-79.946633,-2.143969,0.0],[-79.946577,-2.144155,0.0]],[[-79.946577,-2.144155,0.0],[-79.946554,-2.144334,0.0]],[[-79.946554,-2.144334,0.0],[-79.94656,-2.144494,0.0]],[[-79.946752,-2.143423,0.0],[-79.946669,-2.143685,0.0]],[[-79.946669,-2.143685,0.0],[-79.946578,-2.143951,0.0]],[[-79.946578,-2.143951,0.0],[-79.94652,-2.144143,0.0]],[[-79.94652,-2.144143,0.0],[-79.946496,-2.144332,0.0]],[[-79.946496,-2.144332,0.0],[-79.946502,-2.144499,0.0]],[[-79.946631,-2.144483,0.0],[-79.946646,-2.14459,0.0]],[[-79.946646,-2.14459,0.0],[-79.946685,-2.144731,0.0]],[[-79.946685,-2.144731,0.0],[-79.946769,-2.144918,0.0]],[[-79.946664,-2.144481,0.0],[-79.946678,-2.144583,0.0]],[[-79.946678,-2.144583,0.0],[-79.946716,-2.14472,0.0]],[[-79.946716,-2.14472,0.0],[-79.946797,-2.144901,0.0]],[[-79.946598,-2.144485,0.0],[-79.946614,-2.144597,0.0]],[[-79.946614,-2.144597,0.0],[-79.946654,-2.144743,0.0]],[[-79.946654,-2.144743,0.0],[-79.94674,-2.144934,0.0]],[[-79.946531,-2.144497,0.0],[-79.946551,-2.144637,0.0]],[[-79.946551,-2.144637,0.0],[-79.94659,-2.144778,0.0]],[[-79.94659,-2.144778,0.0],[-79.946674,-2.144964,0.0]],[[-79.94656,-2.144494,0.0],[-79.94658,-2.144631,0.0]],[[-79.94658,-2.144631,0.0],[-79.946617,-2.144768,0.0]],[[-79.946617,-2.144768,0.0],[-79.946699,-2.14495,0.0]],[[-79.946502,-2.144499,0.0],[-79.946523,-2.144643,0.0]],[[-79.946523,-2.144643,0.0],[-79.946563,-2.144788,0.0]],[[-79.946797,-2.144901,0.0],[-79.946862,-2.144994,0.0]],[[-79.946674,-2.144964,0.0],[-79.946757,-2.145084,0.0]],[[-79.946563,-2.144788,0.0],[-79.946649,-2.144979,0.0]],[[-79.946649,-2.144979,0.0],[-79.946734,-2.145102,0.0]]]}},
{"type":"Feature","properties":{"Layer":"lin_espol"},"geometry":{"type":"MultiLineString","coordinates":[[[-79.968278,-2.145494,0.0],[-79.968233,-2.145286,0.0]],[[-79.968233,-2.145286,0.0],[-79.968198,-2.145089,0.0]],[[-79.968198,-2.145089,0.0],[-79.96814,-2.144803,0.0]],[[-79.96814,-2.144803,0.0],[-79.968095,-2.144583,0.0]],[[-79.968095,-2.144583,0.0],[-79.968035,-2.144372,0.0]],[[-79.968035,-2.144372,0.0],[-79.967964,-2.144202,0.0]],[[-79.968393,-2.14549,0.0],[-79.968347,-2.145283,0.0]],[[-79.968347,-2.145283,0.0],[-79.968327,-2.145178,0.0]],[[-79.968327,-2.145178,0.0],[-79.968294,-2.145011,0.0]],[[-79.968294,-2.145011,0.0],[-79.968248,-2.144786,0.0]],[[-79.968248,-2.144786,0.0],[-79.968203,-2.144566,0.0]],[[-79.968203,-2.144566,0.0],[-79.968143,-2.144356,0.0]],[[-79.968143,-2.144356,0.0],[-79.968072,-2.144186,0.0]],[[-79.968315,-2.145663,0.0],[-79.968278,-2.145494,0.0]],[[-79.968423,-2.145656,0.0],[-79.968393,-2.14549,0.0]],[[-79.967964,-2.144202,0.0],[-79.967874,-2.144041,0.0]],[[-79.968072,-2.144186,0.0],[-79.967982,-2.144024,0.0]],[[-79.967982,-2.144024,0.0],[-79.967864,-2.143833,0.0]],[[-79.967874,-2.144041,0.0],[-79.967746,-2.143866,0.0]],[[-79.967746,-2.143866,0.0],[-79.967577,-2.143697,0.0]],[[-79.967864,-2.143833,0.0],[-79.967644,-2.143612,0.0]],[[-79.967577,-2.143697,0.0],[-79.96755,-2.143672,0.0]],[[-79.96755,-2.143672,0.0],[-79.967522,-2.143652,0.0]],[[-79.967522,-2.143652,0.0],[-79.967495,-2.143631,0.0]],[[-79.967495,-2.143631,0.0],[-79.967466,-2.14361,0.0]],[[-79.967466,-2.14361,0.0],[-79.967417,-2.143574,0.0]],[[-79.967417,-2.143574,0.0],[-79.967318,-2.143513,0.0]],[[-79.967644,-2.143612,0.0],[-79.967562,-2.143546,0.0]],[[-79.967562,-2.143546,0.0],[-79.967484,-2.143489,0.0]],[[-79.967484,-2.143489,0.0],[-79.967384,-2.143427,0.0]],[[-79.967384,-2.143427,0.0],[-79.967355,-2.143411,0.0]],[[-79.967355,-2.143411,0.0],[-79.967324,-2.143394,0.0]],[[-79.967318,-2.143513,0.0],[-79.967288,-2.143496,0.0]],[[-79.967288,-2.143496,0.0],[-79.967258,-2.143479,0.0]],[[-79.967258,-2.143479,0.0],[-79.967159,-2.143433,0.0]],[[-79.967159,-2.143433,0.0],[-79.967129,-2.14342,0.0]],[[-79.967129,-2.14342,0.0],[-79.967097,-2.143407,0.0]],[[-79.967097,-2.143407,0.0],[-79.967064,-2.143394,0.0]],[[-79.967064,-2.143394,0.0],[-79.966998,-2.143372,0.0]],[[-79.966998,-2.143372,0.0],[-79.966963,-2.143363,0.0]],[[-79.966963,-2.143363,0.0],[-79.966931,-2.143355,0.0]],[[-79.966931,-2.143355,0.0],[-79.96683,-2.14333,0.0]],[[-79.96683,-2.14333,0.0],[-79.966729,-2.143314,0.0]],[[-79.967324,-2.143394,0.0],[-79.967226,-2.143348,0.0]],[[-79.967226,-2.143348,0.0],[-79.967197,-2.143335,0.0]],[[-79.967197,-2.143335,0.0],[-79.967165,-2.143322,0.0]],[[-79.967165,-2.143322,0.0],[-79.967066,-2.143287,0.0]],[[-79.967066,-2.143287,0.0],[-79.967032,-2.143278,0.0]],[[-79.967032,-2.143278,0.0],[-79.966999,-2.14327,0.0]],[[-79.966999,-2.14327,0.0],[-79.966898,-2.143245,0.0]],[[-79.966898,-2.143245,0.0],[-79.966734,-2.143202,0.0]],[[-79.966729,-2.143314,0.0],[-79.96666,-2.143306,0.0]],[[-79.96666,-2.143306,0.0],[-79.966593,-2.143301,0.0]],[[-79.966593,-2.143301,0.0],[-79.966559,-2.143301,0.0]],[[-79.966559,-2.143301,0.0],[-79.966522,-2.143302,0.0]],[[-79.966734,-2.143202,0.0],[-79.966558,-2.143189,0.0]],[[-79.966558,-2.143189,0.0],[-79.966429,-2.1432,0.0]],[[-79.96634,-2.143331,0.0],[-79.966269,-2.143354,0.0]],[[-79.966429,-2.1432,0.0],[-79.966263,-2.143238,0.0]],[[-79.966522,-2.143302,0.0],[-79.966473,-2.143307,0.0]],[[-79.966473,-2.143307,0.0],[-79.966411,-2.143314,0.0]],[[-79.966411,-2.143314,0.0],[-79.96634,-2.143331,0.0]],[[-79.966269,-2.143354,0.0],[-79.966207,-2.143379,0.0]],[[-79.966207,-2.143379,0.0],[-79.966147,-2.143412,0.0]],[[-79.966147,-2.143412,0.0],[-79.966053,-2.143477,0.0]],[[-79.966155,-2.14328,0.0],[-79.965998,-2.14338,0.0]],[[-79.965998,-2.14338,0.0],[-79.965969,-2.143402,0.0]],[[-79.965969,-2.143402,0.0],[-79.96589,-2.143482,0.0]],[[-79.966263,-2.143238,0.0],[-79.966155,-2.14328,0.0]],[[-79.966053,-2.143477,0.0],[-79.965971,-2.143556,0.0]],[[-79.96589,-2.143482,0.0],[-79.965544,-2.143878,0.0]],[[-79.965115,-2.144404,0.0],[-79.96496,-2.14464,0.0]],[[-79.965631,-2.143948,0.0],[-79.965193,-2.14447,0.0]],[[-79.965544,-2.143878,0.0],[-79.965157,-2.144342,0.0]],[[-79.965157,-2.144342,0.0],[-79.965115,-2.144404,0.0]],[[-79.965971,-2.143556,0.0],[-79.965631,-2.143948,0.0]],[[-79.968384,-2.145975,0.0],[-79.968315,-2.145663,0.0]],[[-79.96849,-2.145972,0.0],[-79.968423,-2.145656,0.0]],[[-79.968437,-2.146365,0.0],[-79.968419,-2.14619,0.0]],[[-79.968419,-2.14619,0.0],[-79.968384,-2.145975,0.0]],[[-79.968544,-2.146361,0.0],[-79.968527,-2.146186,0.0]],[[-79.968527,-2.146186,0.0],[-79.96849,-2.145972,0.0]],[[-79.968319,-2.147167,0.0],[-79.968364,-2.147029,0.0]],[[-79.968364,-2.147029,0.0],[-79.968398,-2.146889,0.0]],[[-79.968398,-2.146889,0.0],[-79.968425,-2.146712,0.0]],[[-79.968425,-2.146712,0.0],[-79.968437,-2.146545,0.0]],[[-79.968437,-2.146545,0.0],[-79.968437,-2.146365,0.0]],[[-79.968415,-2.147218,0.0],[-79.96846,-2.147081,0.0]],[[-79.96846,-2.147081,0.0],[-79.968494,-2.146941,0.0]],[[-79.968494,-2.146941,0.0],[-79.968521,-2.146764,0.0]],[[-79.968521,-2.146764,0.0],[-79.968533,-2.146596,0.0]],[[-79.968533,-2.146596,0.0],[-79.968544,-2.146361,0.0]],[[-79.968169,-2.14752,0.0],[-79.968259,-2.147326,0.0]],[[-79.968259,-2.147326,0.0],[-79.968319,-2.147167,0.0]],[[-79.968177,-2.147708,0.0],[-79.968234,-2.147631,0.0]],[[-79.968234,-2.147631,0.0],[-79.968265,-2.147571,0.0]],[[-79.968265,-2.147571,0.0],[-79.968355,-2.147377,0.0]],[[-79.968355,-2.147377,0.0],[-79.968415,-2.147218,0.0]],[[-79.967957,-2.147789,0.0],[-79.968031,-2.147721,0.0]],[[-79.968031,-2.147721,0.0],[-79.968096,-2.147639,0.0]],[[-79.968096,-2.147639,0.0],[-79.968169,-2.14752,0.0]],[[-79.967986,-2.147907,0.0],[-79.968062,-2.147844,0.0]],[[-79.968062,-2.147844,0.0],[-79.968177,-2.147708,0.0]],[[-79.967583,-2.14796,0.0],[-79.967695,-2.147932,0.0]],[[-79.967695,-2.147932,0.0],[-79.96778,-2.147901,0.0]],[[-79.96778,-2.147901,0.0],[-79.967902,-2.147833,0.0]],[[-79.967902,-2.147833,0.0],[-79.967957,-2.147789,0.0]],[[-79.967597,-2.14807,0.0],[-79.96771,-2.148043,0.0]],[[-79.96771,-2.148043,0.0],[-79.967795,-2.148011,0.0]],[[-79.967795,-2.148011,0.0],[-79.967917,-2.147954,0.0]],[[-79.967917,-2.147954,0.0],[-79.967986,-2.147907,0.0]],[[-79.966512,-2.147876,0.0],[-79.966696,-2.147883,0.0]],[[-79.966696,-2.147883,0.0],[-79.96691,-2.147908,0.0]],[[-79.96691,-2.147908,0.0],[-79.96712,-2.147945,0.0]],[[-79.96712,-2.147945,0.0],[-79.967305,-2.147965,0.0]],[[-79.967305,-2.147965,0.0],[-79.967376,-2.147968,0.0]],[[-79.967376,-2.147968,0.0],[-79.967478,-2.147968,0.0]],[[-79.967478,-2.147968,0.0],[-79.967583,-2.14796,0.0]],[[-79.966527,-2.147987,0.0],[-79.966711,-2.147994,0.0]],[[-79.966711,-2.147994,0.0],[-79.966924,-2.148018,0.0]],[[-79.966924,-2.148018,0.0],[-79.967134,-2.148056,0.0]],[[-79.967134,-2.148056,0.0],[-79.96732,-2.148075,0.0]],[[-79.96732,-2.148075,0.0],[-79.967391,-2.148079,0.0]],[[-79.967391,-2.148079,0.0],[-79.967493,-2.148079,0.0]],[[-79.967493,-2.148079,0.0],[-79.967597,-2.14807,0.0]],[[-79.965399,-2.148138,0.0],[-79.965553,-2.148066,0.0]],[[-79.965553,-2.148066,0.0],[-79.965793,-2.147981,0.0]],[[-79.965793,-2.147981,0.0],[-79.966006,-2.14793,0.0]],[[-79.966006,-2.14793,0.0],[-79.966114,-2.147908,0.0]],[[-79.966114,-2.147908,0.0],[-79.966293,-2.147884,0.0]],[[-79.966293,-2.147884,0.0],[-79.966512,-2.147876,0.0]],[[-79.96528,-2.14833,0.0],[-79.965462,-2.148229,0.0]],[[-79.965462,-2.148229,0.0],[-79.965616,-2.148158,0.0]],[[-79.965616,-2.148158,0.0],[-79.965856,-2.14808,0.0]],[[-79.965856,-2.14808,0.0],[-79.966069,-2.148028,0.0]],[[-79.966069,-2.148028,0.0],[-79.966177,-2.148007,0.0]],[[-79.966177,-2.148007,0.0],[-79.966308,-2.147995,0.0]],[[-79.966308,-2.147995,0.0],[-79.966527,-2.147987,0.0]],[[-79.964463,-2.148758,0.0],[-79.96508,-2.148326,0.0]],[[-79.96508,-2.148326,0.0],[-79.965217,-2.148239,0.0]],[[-79.965217,-2.148239,0.0],[-79.965399,-2.148138,0.0]],[[-79.964526,-2.148849,0.0],[-79.965143,-2.148417,0.0]],[[-79.965143,-2.148417,0.0],[-79.96528,-2.14833,0.0]],[[-79.963557,-2.149394,0.0],[-79.964463,-2.148758,0.0]],[[-79.96362,-2.149485,0.0],[-79.964526,-2.148849,0.0]],[[-79.960242,-2.150336,0.0],[-79.961512,-2.15071,0.0]],[[-79.961512,-2.15071,0.0],[-79.96165,-2.150733,0.0]],[[-79.96165,-2.150733,0.0],[-79.961786,-2.150731,0.0]],[[-79.961786,-2.150731,0.0],[-79.961885,-2.150715,0.0]],[[-79.961885,-2.150715,0.0],[-79.962021,-2.150673,0.0]],[[-79.962021,-2.150673,0.0],[-79.962132,-2.150621,0.0]],[[-79.962132,-2.150621,0.0],[-79.962239,-2.150543,0.0]],[[-79.962239,-2.150543,0.0],[-79.962397,-2.150402,0.0]],[[-79.962397,-2.150402,0.0],[-79.96282,-2.150016,0.0]],[[-79.96282,-2.150016,0.0],[-79.963214,-2.149656,0.0]],[[-79.963214,-2.149656,0.0],[-79.96338,-2.14952,0.0]],[[-79.96338,-2.14952,0.0],[-79.963436,-2.149475,0.0]],[[-79.963436,-2.149475,0.0],[-79.963557,-2.149394,0.0]],[[-79.960209,-2.150445,0.0],[-79.961479,-2.150819,0.0]],[[-79.961479,-2.150819,0.0],[-79.961617,-2.150842,0.0]],[[-79.961617,-2.150842,0.0],[-79.961754,-2.15084,0.0]],[[-79.961754,-2.15084,0.0],[-79.961859,-2.150833,0.0]],[[-79.961859,-2.150833,0.0],[-79.962055,-2.150779,0.0]],[[-79.962055,-2.150779,0.0],[-79.962166,-2.150728,0.0]],[[-79.962166,-2.150728,0.0],[-79.962273,-2.15065,0.0]],[[-79.962273,-2.15065,0.0],[-79.962431,-2.150509,0.0]],[[-79.962431,-2.150509,0.0],[-79.962864,-2.150123,0.0]],[[-79.962864,-2.150123,0.0],[-79.963258,-2.149772,0.0]],[[-79.963258,-2.149772,0.0],[-79.963419,-2.149632,0.0]],[[-79.963419,-2.149632,0.0],[-79.963477,-2.149588,0.0]],[[-79.963477,-2.149588,0.0],[-79.96362,-2.149485,0.0]],[[-79.96001,-2.150273,0.0],[-79.960242,-2.150336,0.0]],[[-79.959978,-2.150382,0.0],[-79.960209,-2.150445,0.0]],[[-79.959729,-2.150351,0.0],[-79.959837,-2.15036,0.0]],[[-79.959837,-2.15036,0.0],[-79.959978,-2.150382,0.0]],[[-79.959874,-2.150218,0.0],[-79.959772,-2.15016,0.0]],[[-79.959772,-2.15016,0.0],[-79.959582,-2.150041,0.0]],[[-79.959582,-2.150041,0.0],[-79.959477,-2.149937,0.0]],[[-79.959477,-2.149937,0.0],[-79.959419,-2.149869,0.0]],[[-79.959419,-2.149869,0.0],[-79.959297,-2.1497,0.0]],[[-79.959297,-2.1497,0.0],[-79.959237,-2.149593,0.0]],[[-79.958981,-2.150427,0.0],[-79.959021,-2.150345,0.0]],[[-79.959021,-2.150345,0.0],[-79.959121,-2.150147,0.0]],[[-79.959121,-2.150147,0.0],[-79.959155,-2.150032,0.0]],[[-79.959155,-2.150032,0.0],[-79.959182,-2.149911,0.0]],[[-79.959182,-2.149911,0.0],[-79.959196,-2.149755,0.0]],[[-79.959196,-2.149755,0.0],[-79.959196,-2.149602,0.0]],[[-79.959874,-2.150218,0.0],[-79.95994,-2.150262,0.0]],[[-79.959053,-2.150419,0.0],[-79.959253,-2.150326,0.0]],[[-79.959253,-2.150326,0.0],[-79.959415,-2.150281,0.0]],[[-79.959415,-2.150281,0.0],[-79.959552,-2.150251,0.0]],[[-79.959552,-2.150251,0.0],[-79.959762,-2.150242,0.0]],[[-79.959762,-2.150242,0.0],[-79.95987,-2.150251,0.0]],[[-79.95987,-2.150251,0.0],[-79.96001,-2.150273,0.0]],[[-79.959411,-2.15039,0.0],[-79.959554,-2.15036,0.0]],[[-79.959554,-2.15036,0.0],[-79.959729,-2.150351,0.0]],[[-79.959185,-2.149477,0.0],[-79.959152,-2.149357,0.0]],[[-79.959185,-2.149477,0.0],[-79.959237,-2.149593,0.0]],[[-79.959185,-2.149477,0.0],[-79.959196,-2.149602,0.0]],[[-79.959152,-2.149357,0.0],[-79.959139,-2.149311,0.0]],[[-79.958769,-2.147801,0.0],[-79.958764,-2.147884,0.0]],[[-79.958764,-2.147884,0.0],[-79.958797,-2.148093,0.0]],[[-79.958797,-2.148093,0.0],[-79.959139,-2.149311,0.0]],[[-79.96006,-2.146383,0.0],[-79.959109,-2.147142,0.0]],[[-79.959109,-2.147142,0.0],[-79.958999,-2.147249,0.0]],[[-79.958999,-2.147249,0.0],[-79.95895,-2.147306,0.0]],[[-79.95895,-2.147306,0.0],[-79.958889,-2.1474,0.0]],[[-79.958889,-2.1474,0.0],[-79.958824,-2.147534,0.0]],[[-79.958824,-2.147534,0.0],[-79.958784,-2.147678,0.0]],[[-79.958784,-2.147678,0.0],[-79.958769,-2.147801,0.0]],[[-79.960396,-2.144856,0.0],[-79.960344,-2.144979,0.0]],[[-79.960344,-2.144979,0.0],[-79.960313,-2.145104,0.0]],[[-79.960313,-2.145104,0.0],[-79.960305,-2.145205,0.0]],[[-79.960305,-2.145205,0.0],[-79.960334,-2.145805,0.0]],[[-79.960334,-2.145805,0.0],[-79.96032,-2.145926,0.0]],[[-79.96032,-2.145926,0.0],[-79.960288,-2.14604,0.0]],[[-79.960288,-2.14604,0.0],[-79.960232,-2.146171,0.0]],[[-79.960232,-2.146171,0.0],[-79.960178,-2.14626,0.0]],[[-79.960178,-2.14626,0.0],[-79.960112,-2.146336,0.0]],[[-79.960112,-2.146336,0.0],[-79.96006,-2.146383,0.0]],[[-79.963041,-2.144896,0.0],[-79.962695,-2.144613,0.0]],[[-79.962695,-2.144613,0.0],[-79.962531,-2.144479,0.0]],[[-79.962531,-2.144479,0.0],[-79.96164,-2.143772,0.0]],[[-79.96103,-2.144005,0.0],[-79.960446,-2.14477,0.0]],[[-79.960446,-2.14477,0.0],[-79.960396,-2.144856,0.0]],[[-79.961214,-2.143784,0.0],[-79.961141,-2.143863,0.0]],[[-79.961141,-2.143863,0.0],[-79.96103,-2.144005,0.0]],[[-79.96164,-2.143772,0.0],[-79.96154,-2.143725,0.0]],[[-79.96154,-2.143725,0.0],[-79.961472,-2.14371,0.0]],[[-79.961472,-2.14371,0.0],[-79.961369,-2.143716,0.0]],[[-79.961369,-2.143716,0.0],[-79.961272,-2.143749,0.0]],[[-79.961272,-2.143749,0.0],[-79.961214,-2.143784,0.0]],[[-79.963579,-2.145326,0.0],[-79.963285,-2.145096,0.0]],[[-79.963285,-2.145096,0.0],[-79.963041,-2.144896,0.0]],[[-79.963838,-2.145429,0.0],[-79.963579,-2.145326,0.0]],[[-79.96418,-2.145426,0.0],[-79.964017,-2.145445,0.0]],[[-79.964017,-2.145445,0.0],[-79.963838,-2.145429,0.0]],[[-79.964409,-2.145347,0.0],[-79.96428,-2.145398,0.0]],[[-79.96428,-2.145398,0.0],[-79.96418,-2.145426,0.0]],[[-79.965193,-2.14447,0.0],[-79.96501,-2.144684,0.0]],[[-79.964797,-2.144922,0.0],[-79.964892,-2.144793,0.0]],[[-79.964892,-2.144793,0.0],[-79.96496,-2.14464,0.0]],[[-79.96501,-2.144684,0.0],[-79.964892,-2.144793,0.0]],[[-79.964797,-2.144922,0.0],[-79.964664,-2.145136,0.0]],[[-79.96459,-2.145221,0.0],[-79.964409,-2.145347,0.0]],[[-79.964664,-2.145136,0.0],[-79.96459,-2.145221,0.0]],[[-79.958981,-2.150427,0.0],[-79.958952,-2.150486,0.0]],[[-79.95815,-2.151223,0.0],[-79.958877,-2.150535,0.0]],[[-79.958877,-2.150535,0.0],[-79.959053,-2.150419,0.0]],[[-79.958173,-2.151338,0.0],[-79.958889,-2.150672,0.0]],[[-79.958889,-2.150672,0.0],[-79.959058,-2.150542,0.0]],[[-79.959058,-2.150542,0.0],[-79.959248,-2.150435,0.0]],[[-79.959248,-2.150435,0.0],[-79.959411,-2.15039,0.0]],[[-79.957567,-2.151778,0.0],[-79.95815,-2.151223,0.0]],[[-79.95764,-2.151855,0.0],[-79.958173,-2.151338,0.0]],[[-79.956861,-2.15245,0.0],[-79.957282,-2.152049,0.0]],[[-79.957282,-2.152049,0.0],[-79.957567,-2.151778,0.0]],[[-79.956934,-2.152528,0.0],[-79.957355,-2.152126,0.0]],[[-79.957355,-2.152126,0.0],[-79.95764,-2.151855,0.0]],[[-79.95653,-2.152765,0.0],[-79.956861,-2.15245,0.0]],[[-79.956603,-2.152842,0.0],[-79.956934,-2.152528,0.0]],[[-79.956282,-2.152998,0.0],[-79.95653,-2.152765,0.0]],[[-79.956355,-2.153075,0.0],[-79.956603,-2.152842,0.0]],[[-79.955907,-2.153214,0.0],[-79.956,-2.153184,0.0]],[[-79.956,-2.153184,0.0],[-79.956114,-2.153127,0.0]],[[-79.956114,-2.153127,0.0],[-79.956193,-2.153074,0.0]],[[-79.95598,-2.153306,0.0],[-79.956073,-2.153272,0.0]],[[-79.956073,-2.153272,0.0],[-79.956187,-2.153204,0.0]],[[-79.956193,-2.153074,0.0],[-79.956282,-2.152998,0.0]],[[-79.956187,-2.153204,0.0],[-79.956266,-2.153152,0.0]],[[-79.956266,-2.153152,0.0],[-79.956355,-2.153075,0.0]],[[-79.955084,-2.15306,0.0],[-79.955226,-2.15312,0.0]],[[-79.955226,-2.15312,0.0],[-79.955377,-2.153189,0.0]],[[-79.955377,-2.153189,0.0],[-79.95552,-2.153223,0.0]],[[-79.95552,-2.153223,0.0],[-79.955586,-2.153234,0.0]],[[-79.955586,-2.153234,0.0],[-79.955689,-2.153244,0.0]],[[-79.955689,-2.153244,0.0],[-79.955754,-2.153239,0.0]],[[-79.955754,-2.153239,0.0],[-79.955823,-2.15323,0.0]],[[-79.955823,-2.15323,0.0],[-79.955907,-2.153214,0.0]],[[-79.954876,-2.153097,0.0],[-79.955073,-2.153176,0.0]],[[-79.955073,-2.153176,0.0],[-79.955224,-2.153236,0.0]],[[-79.955224,-2.153236,0.0],[-79.955375,-2.153295,0.0]],[[-79.955375,-2.153295,0.0],[-79.955518,-2.15333,0.0]],[[-79.955518,-2.15333,0.0],[-79.955584,-2.15334,0.0]],[[-79.955584,-2.15334,0.0],[-79.955687,-2.15335,0.0]],[[-79.955687,-2.15335,0.0],[-79.955762,-2.153346,0.0]],[[-79.955762,-2.153346,0.0],[-79.955836,-2.15334,0.0]],[[-79.955836,-2.15334,0.0],[-79.955906,-2.153326,0.0]],[[-79.955906,-2.153326,0.0],[-79.95598,-2.153306,0.0]],[[-79.954485,-2.152822,0.0],[-79.954885,-2.152984,0.0]],[[-79.954885,-2.152984,0.0],[-79.955084,-2.15306,0.0]],[[-79.954473,-2.152938,0.0],[-79.954876,-2.153097,0.0]],[[-79.953552,-2.152445,0.0],[-79.954485,-2.152822,0.0]],[[-79.953541,-2.152561,0.0],[-79.954473,-2.152938,0.0]],[[-79.953086,-2.152258,0.0],[-79.953552,-2.152445,0.0]],[[-79.953075,-2.152374,0.0],[-79.953541,-2.152561,0.0]],[[-79.952409,-2.151987,0.0],[-79.953086,-2.152258,0.0]],[[-79.952398,-2.152102,0.0],[-79.953075,-2.152374,0.0]],[[-79.951396,-2.151493,0.0],[-79.952179,-2.151872,0.0]],[[-79.952179,-2.151872,0.0],[-79.952409,-2.151987,0.0]],[[-79.951384,-2.151608,0.0],[-79.952168,-2.151987,0.0]],[[-79.952168,-2.151987,0.0],[-79.952398,-2.152102,0.0]],[[-79.950008,-2.150657,0.0],[-79.95011,-2.150786,0.0]],[[-79.95011,-2.150786,0.0],[-79.950198,-2.150872,0.0]],[[-79.950198,-2.150872,0.0],[-79.950258,-2.150924,0.0]],[[-79.950258,-2.150924,0.0],[-79.950361,-2.150992,0.0]],[[-79.950361,-2.150992,0.0],[-79.950428,-2.151031,0.0]],[[-79.950428,-2.151031,0.0],[-79.950715,-2.151168,0.0]],[[-79.950715,-2.151168,0.0],[-79.951396,-2.151493,0.0]],[[-79.949888,-2.15066,0.0],[-79.949965,-2.150772,0.0]],[[-79.949965,-2.150772,0.0],[-79.950086,-2.150915,0.0]],[[-79.950086,-2.150915,0.0],[-79.950182,-2.150997,0.0]],[[-79.950182,-2.150997,0.0],[-79.950247,-2.151039,0.0]],[[-79.950247,-2.151039,0.0],[-79.95035,-2.151107,0.0]],[[-79.95035,-2.151107,0.0],[-79.950417,-2.151147,0.0]],[[-79.950417,-2.151147,0.0],[-79.950704,-2.151283,0.0]],[[-79.950704,-2.151283,0.0],[-79.951384,-2.151608,0.0]],[[-79.949868,-2.150365,0.0],[-79.949929,-2.150519,0.0]],[[-79.949929,-2.150519,0.0],[-79.950008,-2.150657,0.0]],[[-79.949771,-2.15041,0.0],[-79.949838,-2.150565,0.0]],[[-79.949838,-2.150565,0.0],[-79.949888,-2.15066,0.0]],[[-79.949879,-2.149663,0.0],[-79.949855,-2.149742,0.0]],[[-79.949855,-2.149742,0.0],[-79.949835,-2.149825,0.0]],[[-79.949835,-2.149825,0.0],[-79.949823,-2.149924,0.0]],[[-79.949823,-2.149924,0.0],[-79.949818,-2.150003,0.0]],[[-79.949818,-2.150003,0.0],[-79.949824,-2.150127,0.0]],[[-79.949824,-2.150127,0.0],[-79.94984,-2.150248,0.0]],[[-79.94984,-2.150248,0.0],[-79.949868,-2.150365,0.0]],[[-79.94978,-2.149636,0.0],[-79.949745,-2.149766,0.0]],[[-79.949745,-2.149766,0.0],[-79.949726,-2.14985,0.0]],[[-79.949726,-2.14985,0.0],[-79.949716,-2.149952,0.0]],[[-79.949716,-2.149952,0.0],[-79.949713,-2.150027,0.0]],[[-79.949713,-2.150027,0.0],[-79.949721,-2.150152,0.0]],[[-79.949721,-2.150152,0.0],[-79.949737,-2.150272,0.0]],[[-79.949737,-2.150272,0.0],[-79.949771,-2.15041,0.0]],[[-79.948375,-2.14623,0.0],[-79.949036,-2.146584,0.0]],[[-79.949036,-2.146584,0.0],[-79.949238,-2.146702,0.0]],[[-79.949238,-2.146702,0.0],[-79.94933,-2.146775,0.0]],[[-79.94933,-2.146775,0.0],[-79.949407,-2.146857,0.0]],[[-79.949407,-2.146857,0.0],[-79.949506,-2.146979,0.0]],[[-79.949506,-2.146979,0.0],[-79.949698,-2.147229,0.0]],[[-79.949698,-2.147229,0.0],[-79.949804,-2.147372,0.0]],[[-79.949804,-2.147372,0.0],[-79.94987,-2.14749,0.0]],[[-79.94987,-2.14749,0.0],[-79.949918,-2.147618,0.0]],[[-79.949918,-2.147618,0.0],[-79.949975,-2.147872,0.0]],[[-79.949975,-2.147872,0.0],[-79.950027,-2.148142,0.0]],[[-79.950027,-2.148142,0.0],[-79.95013,-2.148682,0.0]],[[-79.948322,-2.146324,0.0],[-79.948983,-2.146678,0.0]],[[-79.948983,-2.146678,0.0],[-79.949134,-2.146761,0.0]],[[-79.949134,-2.146761,0.0],[-79.949235,-2.146827,0.0]],[[-79.949235,-2.146827,0.0],[-79.949312,-2.146909,0.0]],[[-79.949312,-2.146909,0.0],[-79.949412,-2.147031,0.0]],[[-79.949412,-2.147031,0.0],[-79.949572,-2.147239,0.0]],[[-79.949572,-2.147239,0.0],[-79.949635,-2.147322,0.0]],[[-79.949635,-2.147322,0.0],[-79.94971,-2.147423,0.0]],[[-79.94971,-2.147423,0.0],[-79.949762,-2.14751,0.0]],[[-79.949762,-2.14751,0.0],[-79.949812,-2.147633,0.0]],[[-79.949812,-2.147633,0.0],[-79.949874,-2.147885,0.0]],[[-79.949874,-2.147885,0.0],[-79.949926,-2.148155,0.0]],[[-79.949926,-2.148155,0.0],[-79.950026,-2.148678,0.0]],[[-79.95013,-2.148682,0.0],[-79.950152,-2.148828,0.0]],[[-79.950026,-2.148678,0.0],[-79.950049,-2.148825,0.0]],[[-79.950152,-2.148949,0.0],[-79.950126,-2.149117,0.0]],[[-79.950126,-2.149117,0.0],[-79.950105,-2.14919,0.0]],[[-79.950105,-2.14919,0.0],[-79.950061,-2.149303,0.0]],[[-79.950023,-2.14909,0.0],[-79.950001,-2.149163,0.0]],[[-79.950001,-2.149163,0.0],[-79.949957,-2.149275,0.0]],[[-79.950049,-2.148946,0.0],[-79.950023,-2.14909,0.0]],[[-79.950152,-2.148828,0.0],[-79.950152,-2.148949,0.0]],[[-79.950049,-2.148825,0.0],[-79.950049,-2.148946,0.0]],[[-79.950061,-2.149303,0.0],[-79.949943,-2.149514,0.0]],[[-79.949957,-2.149275,0.0],[-79.949839,-2.149486,0.0]],[[-79.949943,-2.149514,0.0],[-79.949879,-2.149663,0.0]],[[-79.949839,-2.149486,0.0],[-79.94978,-2.149636,0.0]],[[-79.94714,-2.145305,0.0],[-79.947708,-2.145783,0.0]],[[-79.947708,-2.145783,0.0],[-79.947961,-2.145995,0.0]],[[-79.947961,-2.145995,0.0],[-79.948375,-2.14623,0.0]],[[-79.947086,-2.145399,0.0],[-79.947655,-2.145877,0.0]],[[-79.947655,-2.145877,0.0],[-79.947907,-2.146089,0.0]],[[-79.947907,-2.146089,0.0],[-79.948322,-2.146324,0.0]],[[-79.946769,-2.144918,0.0],[-79.946836,-2.145014,0.0]],[[-79.946836,-2.145014,0.0],[-79.946915,-2.145108,0.0]],[[-79.946915,-2.145108,0.0],[-79.94714,-2.145305,0.0]],[[-79.946757,-2.145084,0.0],[-79.946836,-2.145178,0.0]],[[-79.946836,-2.145178,0.0],[-79.947086,-2.145399,0.0]],[[-79.947038,-2.142341,0.0],[-79.947068,-2.142499,0.0]],[[-79.947068,-2.142499,0.0],[-79.947103,-2.142679,0.0]],[[-79.947103,-2.142679,0.0],[-79.947093,-2.142803,0.0]],[[-79.947093,-2.142803,0.0],[-79.946978,-2.143174,0.0]],[[-79.946978,-2.143174,0.0],[-79.946885,-2.143441,0.0]],[[-79.946929,-2.142348,0.0],[-79.946962,-2.142502,0.0]],[[-79.946962,-2.142502,0.0],[-79.946997,-2.14267,0.0]],[[-79.946997,-2.14267,0.0],[-79.946987,-2.142793,0.0]],[[-79.946987,-2.142793,0.0],[-79.946872,-2.143165,0.0]],[[-79.946872,-2.143165,0.0],[-79.946779,-2.143432,0.0]],[[-79.946992,-2.142151,0.0],[-79.947038,-2.142341,0.0]],[[-79.946895,-2.142175,0.0],[-79.946929,-2.142348,0.0]],[[-79.946885,-2.143441,0.0],[-79.946803,-2.143704,0.0]],[[-79.946803,-2.143704,0.0],[-79.946711,-2.143969,0.0]],[[-79.946711,-2.143969,0.0],[-79.946654,-2.144158,0.0]],[[-79.946654,-2.144158,0.0],[-79.946631,-2.144319,0.0]],[[-79.946631,-2.144319,0.0],[-79.946631,-2.144483,0.0]],[[-79.946779,-2.143432,0.0],[-79.946697,-2.143694,0.0]],[[-79.946697,-2.143694,0.0],[-79.946605,-2.14396,0.0]],[[-79.946605,-2.14396,0.0],[-79.946548,-2.144149,0.0]],[[-79.946548,-2.144149,0.0],[-79.946525,-2.144333,0.0]],[[-79.946525,-2.144333,0.0],[-79.946531,-2.144497,0.0]],[[-79.946631,-2.144483,0.0],[-79.946646,-2.14459,0.0]],[[-79.946646,-2.14459,0.0],[-79.946685,-2.144731,0.0]],[[-79.946685,-2.144731,0.0],[-79.946769,-2.144918,0.0]],[[-79.946531,-2.144497,0.0],[-79.946551,-2.144637,0.0]],[[-79.946551,-2.144637,0.0],[-79.94659,-2.144778,0.0]],[[-79.94659,-2.144778,0.0],[-79.946674,-2.144964,0.0]],[[-79.946674,-2.144964,0.0],[-79.946757,-2.145084,0.0]]]}},
{"type":"Feature","properties":{"Layer":"lin_espol"},"geometry":{"type":"MultiLineString","coordinates":[[[-79.968185,-2.144626,0.0],[-79.968185,-2.1444,0.0]],[[-79.968185,-2.1444,0.0],[-79.968231,-2.144559,0.0]],[[-79.968231,-2.144559,0.0],[-79.968276,-2.14478,0.0]],[[-79.968276,-2.14478,0.0],[-79.968291,-2.14485,0.0]],[[-79.968291,-2.14485,0.0],[-79.968231,-2.14485,0.0]],[[-79.968231,-2.14485,0.0],[-79.968219,-2.144792,0.0]],[[-79.968219,-2.144792,0.0],[-79.968185,-2.144626,0.0]],[[-79.968099,-2.144173,0.0],[-79.96817,-2.144346,0.0]],[[-79.96817,-2.144346,0.0],[-79.968185,-2.1444,0.0]],[[-79.968185,-2.1444,0.0],[-79.968185,-2.144626,0.0]],[[-79.968185,-2.144626,0.0],[-79.968175,-2.144573,0.0]],[[-79.968175,-2.144573,0.0],[-79.968115,-2.144365,0.0]],[[-79.968115,-2.144365,0.0],[-79.968046,-2.144198,0.0]],[[-79.967994,-2.144188,0.0],[-79.968066,-2.144362,0.0]],[[-79.968066,-2.144362,0.0],[-79.968127,-2.144575,0.0]],[[-79.968127,-2.144575,0.0],[-79.968172,-2.144796,0.0]],[[-79.968172,-2.144796,0.0],[-79.968185,-2.144861,0.0]],[[-79.968185,-2.144861,0.0],[-79.968185,-2.145203,0.0]],[[-79.968185,-2.145203,0.0],[-79.968166,-2.145096,0.0]],[[-79.968166,-2.145096,0.0],[-79.968107,-2.14481,0.0]],[[-79.968107,-2.14481,0.0],[-79.968062,-2.144591,0.0]],[[-79.968062,-2.144591,0.0],[-79.968003,-2.144383,0.0]],[[-79.968364,-2.145496,0.0],[-79.968319,-2.145289,0.0]],[[-79.968319,-2.145289,0.0],[-79.968299,-2.145183,0.0]],[[-79.968299,-2.145183,0.0],[-79.968266,-2.145017,0.0]],[[-79.968266,-2.145017,0.0],[-79.968231,-2.14485,0.0]],[[-79.968231,-2.14485,0.0],[-79.968291,-2.14485,0.0]],[[-79.968291,-2.14485,0.0],[-79.968323,-2.145006,0.0]],[[-79.968323,-2.145006,0.0],[-79.968356,-2.145172,0.0]],[[-79.968356,-2.145172,0.0],[-79.968376,-2.145277,0.0]],[[-79.968376,-2.145277,0.0],[-79.968421,-2.145484,0.0]],[[-79.968246,-2.145501,0.0],[-79.968201,-2.145292,0.0]],[[-79.968201,-2.145292,0.0],[-79.968185,-2.145203,0.0]],[[-79.968185,-2.145203,0.0],[-79.968185,-2.144861,0.0]],[[-79.968185,-2.144861,0.0],[-79.968231,-2.145083,0.0]],[[-79.968231,-2.145083,0.0],[-79.968265,-2.14528,0.0]],[[-79.968265,-2.14528,0.0],[-79.968311,-2.145487,0.0]],[[-79.968364,-2.145496,0.0],[-79.968319,-2.145289,0.0]],[[-79.968319,-2.145289,0.0],[-79.968299,-2.145183,0.0]],[[-79.968299,-2.145183,0.0],[-79.968266,-2.145017,0.0]],[[-79.968266,-2.145017,0.0],[-79.968219,-2.144792,0.0]],[[-79.968219,-2.144792,0.0],[-79.968175,-2.144573,0.0]],[[-79.968175,-2.144573,0.0],[-79.968115,-2.144365,0.0]],[[-79.968115,-2.144365,0.0],[-79.968046,-2.144198,0.0]],[[-79.968099,-2.144173,0.0],[-79.96817,-2.144346,0.0]],[[-79.96817,-2.144346,0.0],[-79.968231,-2.144559,0.0]],[[-79.968231,-2.144559,0.0],[-79.968276,-2.14478,0.0]],[[-79.968276,-2.14478,0.0],[-79.968323,-2.145006,0.0]],[[-79.968323,-2.145006,0.0],[-79.968356,-2.145172,0.0]],[[-79.968356,-2.145172,0.0],[-79.968376,-2.145277,0.0]],[[-79.968376,-2.145277,0.0],[-79.968421,-2.145484,0.0]],[[-79.968394,-2.145662,0.0],[-79.968364,-2.145496,0.0]],[[-79.968421,-2.145484,0.0],[-79.968451,-2.14565,0.0]],[[-79.968283,-2.14567,0.0],[-79.968246,-2.145501,0.0]],[[-79.968311,-2.145487,0.0],[-79.968348,-2.145656,0.0]],[[-79.968394,-2.145662,0.0],[-79.968364,-2.145496,0.0]],[[-79.968421,-2.145484,0.0],[-79.968451,-2.14565,0.0]],[[-79.967887,-2.143815,0.0],[-79.968007,-2.14401,0.0]],[[-79.968007,-2.14401,0.0],[-79.968016,-2.144027,0.0]],[[-79.968016,-2.144027,0.0],[-79.967949,-2.144027,0.0]],[[-79.967949,-2.144027,0.0],[-79.967841,-2.143852,0.0]],[[-79.968046,-2.144198,0.0],[-79.967957,-2.144039,0.0]],[[-79.967957,-2.144039,0.0],[-79.967949,-2.144027,0.0]],[[-79.967949,-2.144027,0.0],[-79.968016,-2.144027,0.0]],[[-79.968016,-2.144027,0.0],[-79.968099,-2.144173,0.0]],[[-79.968003,-2.144383,0.0],[-79.967935,-2.144217,0.0]],[[-79.967935,-2.144217,0.0],[-79.967846,-2.144059,0.0]],[[-79.967903,-2.144027,0.0],[-79.967994,-2.144188,0.0]],[[-79.968046,-2.144198,0.0],[-79.967957,-2.144039,0.0]],[[-79.967957,-2.144039,0.0],[-79.967841,-2.143852,0.0]],[[-79.967887,-2.143815,0.0],[-79.968007,-2.14401,0.0]],[[-79.968007,-2.14401,0.0],[-79.968099,-2.144173,0.0]],[[-79.967664,-2.14359,0.0],[-79.967887,-2.143815,0.0]],[[-79.967841,-2.143852,0.0],[-79.967625,-2.143633,0.0]],[[-79.967605,-2.143677,0.0],[-79.967771,-2.143844,0.0]],[[-79.967771,-2.143844,0.0],[-79.967901,-2.144023,0.0]],[[-79.967903,-2.144027,0.0],[-79.967822,-2.144027,0.0]],[[-79.967822,-2.144027,0.0],[-79.967721,-2.143887,0.0]],[[-79.967721,-2.143887,0.0],[-79.967555,-2.143721,0.0]],[[-79.967846,-2.144059,0.0],[-79.967822,-2.144027,0.0]],[[-79.967822,-2.144027,0.0],[-79.967903,-2.144027,0.0]],[[-79.967841,-2.143852,0.0],[-79.967625,-2.143633,0.0]],[[-79.967664,-2.14359,0.0],[-79.967887,-2.143815,0.0]],[[-79.967625,-2.143633,0.0],[-79.967544,-2.143569,0.0]],[[-79.967544,-2.143569,0.0],[-79.967468,-2.143514,0.0]],[[-79.967468,-2.143514,0.0],[-79.967369,-2.143453,0.0]],[[-79.967369,-2.143453,0.0],[-79.96734,-2.143436,0.0]],[[-79.967337,-2.143368,0.0],[-79.967369,-2.143385,0.0]],[[-79.967369,-2.143385,0.0],[-79.967399,-2.143402,0.0]],[[-79.967399,-2.143402,0.0],[-79.9675,-2.143465,0.0]],[[-79.9675,-2.143465,0.0],[-79.967579,-2.143522,0.0]],[[-79.967579,-2.143522,0.0],[-79.967664,-2.14359,0.0]],[[-79.967335,-2.143484,0.0],[-79.967435,-2.143547,0.0]],[[-79.967435,-2.143547,0.0],[-79.967485,-2.143583,0.0]],[[-79.967485,-2.143583,0.0],[-79.967514,-2.143604,0.0]],[[-79.967514,-2.143604,0.0],[-79.967542,-2.143625,0.0]],[[-79.967542,-2.143625,0.0],[-79.967571,-2.143646,0.0]],[[-79.967571,-2.143646,0.0],[-79.9676,-2.143673,0.0]],[[-79.9676,-2.143673,0.0],[-79.967605,-2.143677,0.0]],[[-79.967605,-2.143677,0.0],[-79.967501,-2.143677,0.0]],[[-79.967501,-2.143677,0.0],[-79.967475,-2.143657,0.0]],[[-79.967475,-2.143657,0.0],[-79.967447,-2.143637,0.0]],[[-79.967447,-2.143637,0.0],[-79.967399,-2.143602,0.0]],[[-79.967399,-2.143602,0.0],[-79.967301,-2.143542,0.0]],[[-79.967555,-2.143721,0.0],[-79.967529,-2.143698,0.0]],[[-79.967529,-2.143698,0.0],[-79.967501,-2.143677,0.0]],[[-79.967501,-2.143677,0.0],[-79.967605,-2.143677,0.0]],[[-79.967625,-2.143633,0.0],[-79.967544,-2.143569,0.0]],[[-79.967544,-2.143569,0.0],[-79.967468,-2.143514,0.0]],[[-79.967468,-2.143514,0.0],[-79.967369,-2.143453,0.0]],[[-79.967369,-2.143453,0.0],[-79.96734,-2.143436,0.0]],[[-79.967337,-2.143368,0.0],[-79.967369,-2.143385,0.0]],[[-79.967369,-2.143385,0.0],[-79.967399,-2.143402,0.0]],[[-79.967399,-2.143402,0.0],[-79.9675,-2.143465,0.0]],[[-79.9675,-2.143465,0.0],[-79.967579,-2.143522,0.0]],[[-79.967579,-2.143522,0.0],[-79.967664,-2.14359,0.0]],[[-79.96734,-2.143436,0.0],[-79.967311,-2.14342,0.0]],[[-79.967311,-2.14342,0.0],[-79.967213,-2.143374,0.0]],[[-79.967213,-2.143374,0.0],[-79.967186,-2.143362,0.0]],[[-79.967186,-2.143362,0.0],[-79.967155,-2.14335,0.0]],[[-79.967155,-2.14335,0.0],[-79.967058,-2.143315,0.0]],[[-79.967058,-2.143315,0.0],[-79.967025,-2.143307,0.0]],[[-79.967025,-2.143307,0.0],[-79.966992,-2.143299,0.0]],[[-79.966992,-2.143299,0.0],[-79.966891,-2.143273,0.0]],[[-79.966891,-2.143273,0.0],[-79.966729,-2.143231,0.0]],[[-79.966739,-2.143173,0.0],[-79.966905,-2.143217,0.0]],[[-79.966905,-2.143217,0.0],[-79.967006,-2.143242,0.0]],[[-79.967006,-2.143242,0.0],[-79.967039,-2.14325,0.0]],[[-79.967039,-2.14325,0.0],[-79.967074,-2.143259,0.0]],[[-79.967074,-2.143259,0.0],[-79.967175,-2.143295,0.0]],[[-79.967175,-2.143295,0.0],[-79.967209,-2.143308,0.0]],[[-79.967209,-2.143308,0.0],[-79.967238,-2.143321,0.0]],[[-79.967238,-2.143321,0.0],[-79.967337,-2.143368,0.0]],[[-79.967301,-2.143542,0.0],[-79.967272,-2.143525,0.0]],[[-79.967272,-2.143525,0.0],[-79.967243,-2.143509,0.0]],[[-79.967243,-2.143509,0.0],[-79.967146,-2.143464,0.0]],[[-79.967146,-2.143464,0.0],[-79.967117,-2.143451,0.0]],[[-79.967117,-2.143451,0.0],[-79.967085,-2.143438,0.0]],[[-79.967085,-2.143438,0.0],[-79.967052,-2.143426,0.0]],[[-79.967052,-2.143426,0.0],[-79.966989,-2.143404,0.0]],[[-79.966989,-2.143404,0.0],[-79.966956,-2.143396,0.0]],[[-79.966956,-2.143396,0.0],[-79.966923,-2.143387,0.0]],[[-79.966923,-2.143387,0.0],[-79.966823,-2.143363,0.0]],[[-79.966733,-2.143282,0.0],[-79.966836,-2.143298,0.0]],[[-79.966836,-2.143298,0.0],[-79.966939,-2.143323,0.0]],[[-79.966939,-2.143323,0.0],[-79.966971,-2.143331,0.0]],[[-79.966971,-2.143331,0.0],[-79.967007,-2.14334,0.0]],[[-79.967007,-2.14334,0.0],[-79.967075,-2.143363,0.0]],[[-79.967075,-2.143363,0.0],[-79.967109,-2.143376,0.0]],[[-79.967109,-2.143376,0.0],[-79.967142,-2.143389,0.0]],[[-79.967142,-2.143389,0.0],[-79.967173,-2.143403,0.0]],[[-79.967173,-2.143403,0.0],[-79.967273,-2.14345,0.0]],[[-79.967273,-2.14345,0.0],[-79.967304,-2.143467,0.0]],[[-79.967304,-2.143467,0.0],[-79.967335,-2.143484,0.0]],[[-79.96734,-2.143436,0.0],[-79.967311,-2.14342,0.0]],[[-79.967311,-2.14342,0.0],[-79.967213,-2.143374,0.0]],[[-79.967213,-2.143374,0.0],[-79.967186,-2.143362,0.0]],[[-79.967186,-2.143362,0.0],[-79.967155,-2.14335,0.0]],[[-79.967155,-2.14335,0.0],[-79.967058,-2.143315,0.0]],[[-79.967058,-2.143315,0.0],[-79.967025,-2.143307,0.0]],[[-79.967025,-2.143307,0.0],[-79.966992,-2.143299,0.0]],[[-79.966992,-2.143299,0.0],[-79.966891,-2.143273,0.0]],[[-79.966891,-2.143273,0.0],[-79.966729,-2.143231,0.0]],[[-79.966739,-2.143173,0.0],[-79.966905,-2.143217,0.0]],[[-79.966905,-2.143217,0.0],[-79.967006,-2.143242,0.0]],[[-79.967006,-2.143242,0.0],[-79.967039,-2.14325,0.0]],[[-79.967039,-2.14325,0.0],[-79.967074,-2.143259,0.0]],[[-79.967074,-2.143259,0.0],[-79.967175,-2.143295,0.0]],[[-79.967175,-2.143295,0.0],[-79.967209,-2.143308,0.0]],[[-79.967209,-2.143308,0.0],[-79.967238,-2.143321,0.0]],[[-79.967238,-2.143321,0.0],[-79.967337,-2.143368,0.0]],[[-79.966729,-2.143231,0.0],[-79.966714,-2.14323,0.0]],[[-79.966714,-2.14323,0.0],[-79.966714,-2.143171,0.0]],[[-79.966714,-2.143171,0.0],[-79.966739,-2.143173,0.0]],[[-79.966823,-2.143363,0.0],[-79.966724,-2.143347,0.0]],[[-79.966724,-2.143347,0.0],[-79.966713,-2.143346,0.0]],[[-79.966713,-2.143346,0.0],[-79.966713,-2.143279,0.0]],[[-79.966713,-2.143279,0.0],[-79.966733,-2.143282,0.0]],[[-79.966425,-2.143172,0.0],[-79.966558,-2.14316,0.0]],[[-79.966558,-2.14316,0.0],[-79.966714,-2.143171,0.0]],[[-79.966714,-2.143171,0.0],[-79.966714,-2.14323,0.0]],[[-79.966714,-2.14323,0.0],[-79.966559,-2.143218,0.0]],[[-79.966559,-2.143218,0.0],[-79.966434,-2.143229,0.0]],[[-79.96652,-2.143269,0.0],[-79.966558,-2.143268,0.0]],[[-79.966558,-2.143268,0.0],[-79.966594,-2.143268,0.0]],[[-79.966594,-2.143268,0.0],[-79.966664,-2.143273,0.0]],[[-79.966664,-2.143273,0.0],[-79.966713,-2.143279,0.0]],[[-79.966713,-2.143279,0.0],[-79.966713,-2.143346,0.0]],[[-79.966713,-2.143346,0.0],[-79.966657,-2.143339,0.0]],[[-79.966657,-2.143339,0.0],[-79.966591,-2.143334,0.0]],[[-79.966591,-2.143334,0.0],[-79.966559,-2.143334,0.0]],[[-79.966559,-2.143334,0.0],[-79.966525,-2.143335,0.0]],[[-79.966729,-2.143231,0.0],[-79.966559,-2.143218,0.0]],[[-79.966559,-2.143218,0.0],[-79.966434,-2.143229,0.0]],[[-79.966425,-2.143172,0.0],[-79.966558,-2.14316,0.0]],[[-79.966558,-2.14316,0.0],[-79.966739,-2.143173,0.0]],[[-79.966254,-2.14321,0.0],[-79.966425,-2.143172,0.0]],[[-79.966434,-2.143229,0.0],[-79.966271,-2.143266,0.0]],[[-79.966258,-2.143323,0.0],[-79.966331,-2.143299,0.0]],[[-79.966331,-2.143299,0.0],[-79.966405,-2.143281,0.0]],[[-79.966349,-2.143363,0.0],[-79.966281,-2.143385,0.0]],[[-79.966434,-2.143229,0.0],[-79.966271,-2.143266,0.0]],[[-79.966254,-2.14321,0.0],[-79.966425,-2.143172,0.0]],[[-79.966405,-2.143281,0.0],[-79.96647,-2.143275,0.0]],[[-79.96647,-2.143275,0.0],[-79.96652,-2.143269,0.0]],[[-79.966525,-2.143335,0.0],[-79.966477,-2.14334,0.0]],[[-79.966477,-2.14334,0.0],[-79.966416,-2.143347,0.0]],[[-79.966416,-2.143347,0.0],[-79.966349,-2.143363,0.0]],[[-79.966281,-2.143385,0.0],[-79.966221,-2.14341,0.0]],[[-79.966221,-2.14341,0.0],[-79.966164,-2.14344,0.0]],[[-79.966164,-2.14344,0.0],[-79.966164,-2.143365,0.0]],[[-79.966164,-2.143365,0.0],[-79.966193,-2.143349,0.0]],[[-79.966193,-2.143349,0.0],[-79.966258,-2.143323,0.0]],[[-79.966164,-2.143309,0.0],[-79.966014,-2.143405,0.0]],[[-79.966014,-2.143405,0.0],[-79.965988,-2.143424,0.0]],[[-79.965988,-2.143424,0.0],[-79.965972,-2.14344,0.0]],[[-79.96589,-2.14344,0.0],[-79.96595,-2.143379,0.0]],[[-79.96595,-2.143379,0.0],[-79.965982,-2.143356,0.0]],[[-79.965982,-2.143356,0.0],[-79.966142,-2.143254,0.0]],[[-79.96613,-2.143384,0.0],[-79.966164,-2.143365,0.0]],[[-79.966164,-2.143365,0.0],[-79.966164,-2.14344,0.0]],[[-79.966048,-2.14344,0.0],[-79.96613,-2.143384,0.0]],[[-79.966168,-2.143307,0.0],[-79.966014,-2.143405,0.0]],[[-79.966014,-2.143405,0.0],[-79.965988,-2.143424,0.0]],[[-79.965988,-2.143424,0.0],[-79.965911,-2.143502,0.0]],[[-79.965869,-2.143462,0.0],[-79.96595,-2.143379,0.0]],[[-79.96595,-2.143379,0.0],[-79.965982,-2.143356,0.0]],[[-79.965982,-2.143356,0.0],[-79.966142,-2.143254,0.0]],[[-79.966271,-2.143266,0.0],[-79.966168,-2.143307,0.0]],[[-79.966168,-2.143307,0.0],[-79.966164,-2.143309,0.0]],[[-79.966164,-2.143309,0.0],[-79.966164,-2.143245,0.0]],[[-79.966164,-2.143245,0.0],[-79.966254,-2.14321,0.0]],[[-79.966142,-2.143254,0.0],[-79.966164,-2.143245,0.0]],[[-79.966164,-2.143245,0.0],[-79.966164,-2.143309,0.0]],[[-79.966271,-2.143266,0.0],[-79.966168,-2.143307,0.0]],[[-79.966142,-2.143254,0.0],[-79.966254,-2.14321,0.0]],[[-79.965972,-2.14344,0.0],[-79.96589,-2.14344,0.0]],[[-79.966164,-2.14344,0.0],[-79.966048,-2.14344,0.0]],[[-79.965947,-2.143533,0.0],[-79.966032,-2.143451,0.0]],[[-79.966032,-2.143451,0.0],[-79.966048,-2.14344,0.0]],[[-79.966048,-2.14344,0.0],[-79.966164,-2.14344,0.0]],[[-79.966164,-2.14344,0.0],[-79.966074,-2.143503,0.0]],[[-79.965522,-2.143859,0.0],[-79.965869,-2.143462,0.0]],[[-79.965869,-2.143462,0.0],[-79.96589,-2.14344,0.0]],[[-79.96589,-2.14344,0.0],[-79.965972,-2.14344,0.0]],[[-79.965972,-2.14344,0.0],[-79.965911,-2.143502,0.0]],[[-79.965522,-2.143859,0.0],[-79.965869,-2.143462,0.0]],[[-79.966074,-2.143503,0.0],[-79.965994,-2.143579,0.0]],[[-79.965911,-2.143502,0.0],[-79.965566,-2.143897,0.0]],[[-79.965911,-2.143502,0.0],[-79.965566,-2.143897,0.0]],[[-79.965656,-2.14397,0.0],[-79.965384,-2.144294,0.0]],[[-79.965384,-2.144294,0.0],[-79.965384,-2.144191,0.0]],[[-79.965384,-2.144191,0.0],[-79.965606,-2.143927,0.0]],[[-79.965566,-2.143897,0.0],[-79.965384,-2.144115,0.0]],[[-79.965384,-2.144115,0.0],[-79.965384,-2.144024,0.0]],[[-79.965384,-2.144191,0.0],[-79.965384,-2.144294,0.0]],[[-79.965384,-2.144294,0.0],[-79.965334,-2.144354,0.0]],[[-79.965334,-2.144354,0.0],[-79.965248,-2.144354,0.0]],[[-79.965248,-2.144354,0.0],[-79.965384,-2.144191,0.0]],[[-79.965384,-2.144024,0.0],[-79.965384,-2.144115,0.0]],[[-79.965384,-2.144115,0.0],[-79.965185,-2.144354,0.0]],[[-79.965185,-2.144354,0.0],[-79.965113,-2.144354,0.0]],[[-79.965113,-2.144354,0.0],[-79.965134,-2.144324,0.0]],[[-79.965134,-2.144324,0.0],[-79.965384,-2.144024,0.0]],[[-79.965248,-2.144354,0.0],[-79.965334,-2.144354,0.0]],[[-79.965334,-2.144354,0.0],[-79.965218,-2.144491,0.0]],[[-79.965218,-2.144491,0.0],[-79.965168,-2.144449,0.0]],[[-79.965168,-2.144449,0.0],[-79.965248,-2.144354,0.0]],[[-79.965113,-2.144354,0.0],[-79.965185,-2.144354,0.0]],[[-79.965185,-2.144354,0.0],[-79.96518,-2.14436,0.0]],[[-79.96518,-2.14436,0.0],[-79.965137,-2.144422,0.0]],[[-79.965137,-2.144422,0.0],[-79.965092,-2.144384,0.0]],[[-79.965092,-2.144384,0.0],[-79.965113,-2.144354,0.0]],[[-79.965092,-2.144384,0.0],[-79.965137,-2.144422,0.0]],[[-79.965137,-2.144422,0.0],[-79.964987,-2.144663,0.0]],[[-79.964987,-2.144663,0.0],[-79.965168,-2.144449,0.0]],[[-79.965168,-2.144449,0.0],[-79.965218,-2.144491,0.0]],[[-79.964978,-2.144543,0.0],[-79.965092,-2.144384,0.0]],[[-79.965566,-2.143897,0.0],[-79.96518,-2.14436,0.0]],[[-79.96518,-2.14436,0.0],[-79.965137,-2.144422,0.0]],[[-79.965137,-2.144422,0.0],[-79.965092,-2.144384,0.0]],[[-79.965092,-2.144384,0.0],[-79.965134,-2.144324,0.0]],[[-79.965134,-2.144324,0.0],[-79.965522,-2.143859,0.0]],[[-79.965606,-2.143927,0.0],[-79.965947,-2.143533,0.0]],[[-79.965994,-2.143579,0.0],[-79.965656,-2.14397,0.0]],[[-79.968466,-2.145717,0.0],[-79.968448,-2.14563,0.0]],[[-79.968451,-2.14565,0.0],[-79.968519,-2.145966,0.0]],[[-79.968462,-2.145977,0.0],[-79.968394,-2.145662,0.0]],[[-79.968348,-2.145656,0.0],[-79.968416,-2.145969,0.0]],[[-79.968351,-2.145982,0.0],[-79.968283,-2.14567,0.0]],[[-79.968462,-2.145977,0.0],[-79.968394,-2.145662,0.0]],[[-79.968451,-2.14565,0.0],[-79.968519,-2.145966,0.0]],[[-79.968519,-2.145966,0.0],[-79.968556,-2.146182,0.0]],[[-79.968556,-2.146182,0.0],[-79.968574,-2.14636,0.0]],[[-79.968515,-2.146362,0.0],[-79.968498,-2.14619,0.0]],[[-79.968498,-2.14619,0.0],[-79.968462,-2.145977,0.0]],[[-79.968416,-2.145969,0.0],[-79.968452,-2.146185,0.0]],[[-79.968452,-2.146185,0.0],[-79.96847,-2.146363,0.0]],[[-79.968405,-2.146366,0.0],[-79.968387,-2.146194,0.0]],[[-79.968387,-2.146194,0.0],[-79.968351,-2.145982,0.0]],[[-79.968515,-2.146362,0.0],[-79.968498,-2.14619,0.0]],[[-79.968498,-2.14619,0.0],[-79.968462,-2.145977,0.0]],[[-79.968519,-2.145966,0.0],[-79.968556,-2.146182,0.0]],[[-79.968556,-2.146182,0.0],[-79.968574,-2.14636,0.0]],[[-79.968574,-2.14636,0.0],[-79.968562,-2.146598,0.0]],[[-79.968562,-2.146598,0.0],[-79.968549,-2.146767,0.0]],[[-79.968549,-2.146767,0.0],[-79.968522,-2.146946,0.0]],[[-79.968522,-2.146946,0.0],[-79.968487,-2.147089,0.0]],[[-79.968487,-2.147089,0.0],[-79.968442,-2.147228,0.0]],[[-79.968387,-2.147208,0.0],[-79.968432,-2.147073,0.0]],[[-79.968432,-2.147073,0.0],[-79.968465,-2.146935,0.0]],[[-79.968465,-2.146935,0.0],[-79.968492,-2.14676,0.0]],[[-79.968492,-2.14676,0.0],[-79.968504,-2.146595,0.0]],[[-79.968504,-2.146595,0.0],[-79.968515,-2.146362,0.0]],[[-79.96847,-2.146363,0.0],[-79.96847,-2.146546,0.0]],[[-79.96847,-2.146546,0.0],[-79.968458,-2.146716,0.0]],[[-79.968458,-2.146716,0.0],[-79.968431,-2.146896,0.0]],[[-79.968431,-2.146896,0.0],[-79.968396,-2.147038,0.0]],[[-79.968396,-2.147038,0.0],[-79.96835,-2.147178,0.0]],[[-79.968288,-2.147156,0.0],[-79.968332,-2.14702,0.0]],[[-79.968332,-2.14702,0.0],[-79.968366,-2.146883,0.0]],[[-79.968366,-2.146883,0.0],[-79.968392,-2.146709,0.0]],[[-79.968392,-2.146709,0.0],[-79.968404,-2.146544,0.0]],[[-79.968404,-2.146544,0.0],[-79.968405,-2.146366,0.0]],[[-79.968387,-2.147208,0.0],[-79.968432,-2.147073,0.0]],[[-79.968432,-2.147073,0.0],[-79.968465,-2.146935,0.0]],[[-79.968465,-2.146935,0.0],[-79.968492,-2.14676,0.0]],[[-79.968492,-2.14676,0.0],[-79.968504,-2.146595,0.0]],[[-79.968504,-2.146595,0.0],[-79.968515,-2.146362,0.0]],[[-79.968574,-2.14636,0.0],[-79.968562,-2.146598,0.0]],[[-79.968562,-2.146598,0.0],[-79.968549,-2.146767,0.0]],[[-79.968549,-2.146767,0.0],[-79.968522,-2.146946,0.0]],[[-79.968522,-2.146946,0.0],[-79.968487,-2.147089,0.0]],[[-79.968487,-2.147089,0.0],[-79.968442,-2.147228,0.0]],[[-79.968442,-2.147228,0.0],[-79.968414,-2.147302,0.0]],[[-79.968414,-2.147302,0.0],[-79.968352,-2.147302,0.0]],[[-79.968352,-2.147302,0.0],[-79.968387,-2.147208,0.0]],[[-79.96835,-2.147178,0.0],[-79.968304,-2.147302,0.0]],[[-79.968304,-2.147302,0.0],[-79.968233,-2.147302,0.0]],[[-79.968233,-2.147302,0.0],[-79.968288,-2.147156,0.0]],[[-79.968229,-2.147313,0.0],[-79.968233,-2.147302,0.0]],[[-79.968233,-2.147302,0.0],[-79.968304,-2.147302,0.0]],[[-79.968304,-2.147302,0.0],[-79.96829,-2.147339,0.0]],[[-79.96829,-2.147339,0.0],[-79.968198,-2.147536,0.0]],[[-79.96814,-2.147504,0.0],[-79.968229,-2.147313,0.0]],[[-79.968328,-2.147366,0.0],[-79.968352,-2.147302,0.0]],[[-79.968352,-2.147302,0.0],[-79.968414,-2.147302,0.0]],[[-79.968414,-2.147302,0.0],[-79.968382,-2.147389,0.0]],[[-79.968382,-2.147389,0.0],[-79.968291,-2.147584,0.0]],[[-79.968291,-2.147584,0.0],[-79.968258,-2.147646,0.0]],[[-79.968258,-2.147646,0.0],[-79.9682,-2.147726,0.0]],[[-79.968155,-2.14769,0.0],[-79.968209,-2.147615,0.0]],[[-79.968209,-2.147615,0.0],[-79.968239,-2.147558,0.0]],[[-79.968239,-2.147558,0.0],[-79.968328,-2.147366,0.0]],[[-79.968155,-2.14769,0.0],[-79.968209,-2.147615,0.0]],[[-79.968209,-2.147615,0.0],[-79.968239,-2.147558,0.0]],[[-79.968239,-2.147558,0.0],[-79.968328,-2.147366,0.0]],[[-79.968328,-2.147366,0.0],[-79.968387,-2.147208,0.0]],[[-79.968442,-2.147228,0.0],[-79.968382,-2.147389,0.0]],[[-79.968382,-2.147389,0.0],[-79.968291,-2.147584,0.0]],[[-79.968291,-2.147584,0.0],[-79.968258,-2.147646,0.0]],[[-79.968258,-2.147646,0.0],[-79.9682,-2.147726,0.0]],[[-79.968198,-2.147536,0.0],[-79.968123,-2.147658,0.0]],[[-79.968123,-2.147658,0.0],[-79.968055,-2.147744,0.0]],[[-79.968055,-2.147744,0.0],[-79.967979,-2.147815,0.0]],[[-79.968006,-2.147698,0.0],[-79.968069,-2.14762,0.0]],[[-79.968069,-2.14762,0.0],[-79.96814,-2.147504,0.0]],[[-79.9682,-2.147726,0.0],[-79.968082,-2.147865,0.0]],[[-79.968082,-2.147865,0.0],[-79.968003,-2.14793,0.0]],[[-79.967968,-2.147884,0.0],[-79.968041,-2.147823,0.0]],[[-79.968041,-2.147823,0.0],[-79.968155,-2.14769,0.0]],[[-79.967968,-2.147884,0.0],[-79.968041,-2.147823,0.0]],[[-79.968041,-2.147823,0.0],[-79.968155,-2.14769,0.0]],[[-79.9682,-2.147726,0.0],[-79.968082,-2.147865,0.0]],[[-79.968082,-2.147865,0.0],[-79.968003,-2.14793,0.0]],[[-79.967979,-2.147815,0.0],[-79.96792,-2.147861,0.0]],[[-79.96792,-2.147861,0.0],[-79.967794,-2.147931,0.0]],[[-79.967794,-2.147931,0.0],[-79.967705,-2.147964,0.0]],[[-79.967705,-2.147964,0.0],[-79.967588,-2.147993,0.0]],[[-79.967577,-2.147927,0.0],[-79.967685,-2.1479,0.0]],[[-79.967685,-2.1479,0.0],[-79.967767,-2.14787,0.0]],[[-79.967767,-2.14787,0.0],[-79.967884,-2.147805,0.0]],[[-79.967884,-2.147805,0.0],[-79.967936,-2.147764,0.0]],[[-79.968003,-2.14793,0.0],[-79.967931,-2.147979,0.0]],[[-79.967931,-2.147979,0.0],[-79.967806,-2.148038,0.0]],[[-79.967806,-2.148038,0.0],[-79.967718,-2.148071,0.0]],[[-79.967718,-2.148071,0.0],[-79.967602,-2.148099,0.0]],[[-79.967593,-2.148042,0.0],[-79.967701,-2.148015,0.0]],[[-79.967701,-2.148015,0.0],[-79.967784,-2.147984,0.0]],[[-79.967784,-2.147984,0.0],[-79.967902,-2.147928,0.0]],[[-79.967902,-2.147928,0.0],[-79.967968,-2.147884,0.0]],[[-79.967593,-2.148042,0.0],[-79.967701,-2.148015,0.0]],[[-79.967701,-2.148015,0.0],[-79.967784,-2.147984,0.0]],[[-79.967784,-2.147984,0.0],[-79.967902,-2.147928,0.0]],[[-79.967902,-2.147928,0.0],[-79.967968,-2.147884,0.0]],[[-79.968003,-2.14793,0.0],[-79.967931,-2.147979,0.0]],[[-79.967931,-2.147979,0.0],[-79.967806,-2.148038,0.0]],[[-79.967806,-2.148038,0.0],[-79.967718,-2.148071,0.0]],[[-79.967718,-2.148071,0.0],[-79.967602,-2.148099,0.0]],[[-79.967936,-2.147764,0.0],[-79.968006,-2.147698,0.0]],[[-79.967588,-2.147993,0.0],[-79.967479,-2.148001,0.0]],[[-79.967479,-2.148001,0.0],[-79.967376,-2.148001,0.0]],[[-79.967376,-2.148001,0.0],[-79.967302,-2.147998,0.0]],[[-79.967302,-2.147998,0.0],[-79.967115,-2.147978,0.0]],[[-79.967115,-2.147978,0.0],[-79.967084,-2.147972,0.0]],[[-79.967084,-2.147972,0.0],[-79.967084,-2.147905,0.0]],[[-79.967084,-2.147905,0.0],[-79.967124,-2.147912,0.0]],[[-79.967124,-2.147912,0.0],[-79.967308,-2.147932,0.0]],[[-79.967308,-2.147932,0.0],[-79.967377,-2.147935,0.0]],[[-79.967377,-2.147935,0.0],[-79.967477,-2.147935,0.0]],[[-79.967477,-2.147935,0.0],[-79.967577,-2.147927,0.0]],[[-79.967602,-2.148099,0.0],[-79.967494,-2.148108,0.0]],[[-79.967494,-2.148108,0.0],[-79.96739,-2.148108,0.0]],[[-79.96739,-2.148108,0.0],[-79.967317,-2.148105,0.0]],[[-79.967317,-2.148105,0.0],[-79.96713,-2.148085,0.0]],[[-79.96713,-2.148085,0.0],[-79.967084,-2.148076,0.0]],[[-79.967084,-2.148076,0.0],[-79.967084,-2.148017,0.0]],[[-79.967084,-2.148017,0.0],[-79.967139,-2.148027,0.0]],[[-79.967139,-2.148027,0.0],[-79.967322,-2.148046,0.0]],[[-79.967322,-2.148046,0.0],[-79.967392,-2.14805,0.0]],[[-79.967392,-2.14805,0.0],[-79.967492,-2.14805,0.0]],[[-79.967492,-2.14805,0.0],[-79.967593,-2.148042,0.0]],[[-79.966512,-2.147843,0.0],[-79.966699,-2.14785,0.0]],[[-79.966699,-2.14785,0.0],[-79.966914,-2.147875,0.0]],[[-79.966914,-2.147875,0.0],[-79.967084,-2.147905,0.0]],[[-79.967084,-2.147905,0.0],[-79.967084,-2.147972,0.0]],[[-79.967084,-2.147972,0.0],[-79.966905,-2.147941,0.0]],[[-79.966905,-2.147941,0.0],[-79.966694,-2.147916,0.0]],[[-79.966694,-2.147916,0.0],[-79.966512,-2.147909,0.0]],[[-79.966527,-2.147957,0.0],[-79.966713,-2.147965,0.0]],[[-79.966713,-2.147965,0.0],[-79.966928,-2.14799,0.0]],[[-79.966928,-2.14799,0.0],[-79.967084,-2.148017,0.0]],[[-79.967084,-2.148017,0.0],[-79.967084,-2.148076,0.0]],[[-79.967084,-2.148076,0.0],[-79.96692,-2.148047,0.0]],[[-79.96692,-2.148047,0.0],[-79.966709,-2.148023,0.0]],[[-79.966709,-2.148023,0.0],[-79.966527,-2.148016,0.0]],[[-79.966527,-2.147957,0.0],[-79.966713,-2.147965,0.0]],[[-79.966713,-2.147965,0.0],[-79.966928,-2.14799,0.0]],[[-79.966928,-2.14799,0.0],[-79.967139,-2.148027,0.0]],[[-79.967139,-2.148027,0.0],[-79.967322,-2.148046,0.0]],[[-79.967322,-2.148046,0.0],[-79.967392,-2.14805,0.0]],[[-79.967392,-2.14805,0.0],[-79.967492,-2.14805,0.0]],[[-79.967492,-2.14805,0.0],[-79.967593,-2.148042,0.0]],[[-79.967602,-2.148099,0.0],[-79.967494,-2.148108,0.0]],[[-79.967494,-2.148108,0.0],[-79.96739,-2.148108,0.0]],[[-79.96739,-2.148108,0.0],[-79.967317,-2.148105,0.0]],[[-79.967317,-2.148105,0.0],[-79.96713,-2.148085,0.0]],[[-79.96713,-2.148085,0.0],[-79.96692,-2.148047,0.0]],[[-79.96692,-2.148047,0.0],[-79.966709,-2.148023,0.0]],[[-79.966709,-2.148023,0.0],[-79.966527,-2.148016,0.0]],[[-79.96554,-2.148036,0.0],[-79.965783,-2.147949,0.0]],[[-79.965783,-2.147949,0.0],[-79.965999,-2.147898,0.0]],[[-79.965999,-2.147898,0.0],[-79.966108,-2.147875,0.0]],[[-79.966108,-2.147875,0.0],[-79.96629,-2.147851,0.0]],[[-79.96629,-2.147851,0.0],[-79.966512,-2.147843,0.0]],[[-79.966512,-2.147909,0.0],[-79.966296,-2.147918,0.0]],[[-79.966296,-2.147918,0.0],[-79.966119,-2.147941,0.0]],[[-79.966119,-2.147941,0.0],[-79.966013,-2.147963,0.0]],[[-79.966013,-2.147963,0.0],[-79.965802,-2.148013,0.0]],[[-79.965802,-2.148013,0.0],[-79.965565,-2.148097,0.0]],[[-79.965565,-2.148097,0.0],[-79.96542,-2.148164,0.0]],[[-79.965384,-2.148108,0.0],[-79.96554,-2.148036,0.0]],[[-79.965848,-2.148052,0.0],[-79.966063,-2.148,0.0]],[[-79.966063,-2.148,0.0],[-79.966173,-2.147978,0.0]],[[-79.966173,-2.147978,0.0],[-79.966306,-2.147966,0.0]],[[-79.966306,-2.147966,0.0],[-79.966527,-2.147957,0.0]],[[-79.966527,-2.148016,0.0],[-79.96631,-2.148024,0.0]],[[-79.96631,-2.148024,0.0],[-79.966181,-2.148036,0.0]],[[-79.966181,-2.148036,0.0],[-79.966075,-2.148057,0.0]],[[-79.966075,-2.148057,0.0],[-79.965864,-2.148108,0.0]],[[-79.965864,-2.148108,0.0],[-79.96569,-2.148164,0.0]],[[-79.96569,-2.148164,0.0],[-79.965532,-2.148164,0.0]],[[-79.965532,-2.148164,0.0],[-79.965606,-2.14813,0.0]],[[-79.965606,-2.14813,0.0],[-79.965848,-2.148052,0.0]],[[-79.965449,-2.148203,0.0],[-79.965532,-2.148164,0.0]],[[-79.965532,-2.148164,0.0],[-79.96569,-2.148164,0.0]],[[-79.96569,-2.148164,0.0],[-79.965627,-2.148185,0.0]],[[-79.965627,-2.148185,0.0],[-79.965475,-2.148255,0.0]],[[-79.965475,-2.148255,0.0],[-79.965295,-2.148355,0.0]],[[-79.965449,-2.148203,0.0],[-79.965606,-2.14813,0.0]],[[-79.965606,-2.14813,0.0],[-79.965848,-2.148052,0.0]],[[-79.965848,-2.148052,0.0],[-79.966063,-2.148,0.0]],[[-79.966063,-2.148,0.0],[-79.966173,-2.147978,0.0]],[[-79.966173,-2.147978,0.0],[-79.966306,-2.147966,0.0]],[[-79.966306,-2.147966,0.0],[-79.966527,-2.147957,0.0]],[[-79.966527,-2.148016,0.0],[-79.96631,-2.148024,0.0]],[[-79.96631,-2.148024,0.0],[-79.966181,-2.148036,0.0]],[[-79.966181,-2.148036,0.0],[-79.966075,-2.148057,0.0]],[[-79.966075,-2.148057,0.0],[-79.965864,-2.148108,0.0]],[[-79.965864,-2.148108,0.0],[-79.965627,-2.148185,0.0]],[[-79.965627,-2.148185,0.0],[-79.965475,-2.148255,0.0]],[[-79.965475,-2.148255,0.0],[-79.965295,-2.148355,0.0]],[[-79.96542,-2.148164,0.0],[-79.965284,-2.148164,0.0]],[[-79.965284,-2.148164,0.0],[-79.965384,-2.148108,0.0]],[[-79.9652,-2.148211,0.0],[-79.965284,-2.148164,0.0]],[[-79.965284,-2.148164,0.0],[-79.96542,-2.148164,0.0]],[[-79.96542,-2.148164,0.0],[-79.965414,-2.148167,0.0]],[[-79.965414,-2.148167,0.0],[-79.965234,-2.148268,0.0]],[[-79.965234,-2.148268,0.0],[-79.965128,-2.148335,0.0]],[[-79.965128,-2.148335,0.0],[-79.965128,-2.148256,0.0]],[[-79.965128,-2.148256,0.0],[-79.9652,-2.148211,0.0]],[[-79.965265,-2.148305,0.0],[-79.965449,-2.148203,0.0]],[[-79.965295,-2.148355,0.0],[-79.965159,-2.148442,0.0]],[[-79.965159,-2.148442,0.0],[-79.965128,-2.148464,0.0]],[[-79.965128,-2.148464,0.0],[-79.965128,-2.148393,0.0]],[[-79.965128,-2.148393,0.0],[-79.965265,-2.148305,0.0]],[[-79.965062,-2.148299,0.0],[-79.965128,-2.148256,0.0]],[[-79.965128,-2.148256,0.0],[-79.965128,-2.148335,0.0]],[[-79.965128,-2.148335,0.0],[-79.965098,-2.148354,0.0]],[[-79.965098,-2.148354,0.0],[-79.964482,-2.148785,0.0]],[[-79.964444,-2.148731,0.0],[-79.965062,-2.148299,0.0]],[[-79.965127,-2.148393,0.0],[-79.965128,-2.148393,0.0]],[[-79.965128,-2.148393,0.0],[-79.965128,-2.148464,0.0]],[[-79.965128,-2.148464,0.0],[-79.964543,-2.148873,0.0]],[[-79.964509,-2.148825,0.0],[-79.965127,-2.148393,0.0]],[[-79.964509,-2.148825,0.0],[-79.965127,-2.148393,0.0]],[[-79.965127,-2.148393,0.0],[-79.965265,-2.148305,0.0]],[[-79.965265,-2.148305,0.0],[-79.965449,-2.148203,0.0]],[[-79.965295,-2.148355,0.0],[-79.965159,-2.148442,0.0]],[[-79.965159,-2.148442,0.0],[-79.964543,-2.148873,0.0]],[[-79.964482,-2.148785,0.0],[-79.96401,-2.149116,0.0]],[[-79.963895,-2.149116,0.0],[-79.964444,-2.148731,0.0]],[[-79.964543,-2.148873,0.0],[-79.964196,-2.149116,0.0]],[[-79.964095,-2.149116,0.0],[-79.964509,-2.148825,0.0]],[[-79.963604,-2.149461,0.0],[-79.964509,-2.148825,0.0]],[[-79.964543,-2.148873,0.0],[-79.963637,-2.149509,0.0]],[[-79.963359,-2.149495,0.0],[-79.963417,-2.149448,0.0]],[[-79.963417,-2.149448,0.0],[-79.963539,-2.149366,0.0]],[[-79.963539,-2.149366,0.0],[-79.963895,-2.149116,0.0]],[[-79.96401,-2.149116,0.0],[-79.963576,-2.149421,0.0]],[[-79.963576,-2.149421,0.0],[-79.963456,-2.149501,0.0]],[[-79.963456,-2.149501,0.0],[-79.963401,-2.149546,0.0]],[[-79.963401,-2.149546,0.0],[-79.963236,-2.149681,0.0]],[[-79.963236,-2.149681,0.0],[-79.962842,-2.15004,0.0]],[[-79.962842,-2.15004,0.0],[-79.962419,-2.150426,0.0]],[[-79.962419,-2.150426,0.0],[-79.962259,-2.150569,0.0]],[[-79.962259,-2.150569,0.0],[-79.962149,-2.15065,0.0]],[[-79.962149,-2.15065,0.0],[-79.962033,-2.150704,0.0]],[[-79.962033,-2.150704,0.0],[-79.961893,-2.150747,0.0]],[[-79.961893,-2.150747,0.0],[-79.961789,-2.150764,0.0]],[[-79.961789,-2.150764,0.0],[-79.961647,-2.150767,0.0]],[[-79.961647,-2.150767,0.0],[-79.961504,-2.150743,0.0]],[[-79.961504,-2.150743,0.0],[-79.960233,-2.150368,0.0]],[[-79.960251,-2.150304,0.0],[-79.961519,-2.150678,0.0]],[[-79.961519,-2.150678,0.0],[-79.961652,-2.1507,0.0]],[[-79.961652,-2.1507,0.0],[-79.961783,-2.150698,0.0]],[[-79.961783,-2.150698,0.0],[-79.961878,-2.150682,0.0]],[[-79.961878,-2.150682,0.0],[-79.962009,-2.150642,0.0]],[[-79.962009,-2.150642,0.0],[-79.962115,-2.150592,0.0]],[[-79.962115,-2.150592,0.0],[-79.962218,-2.150517,0.0]],[[-79.962218,-2.150517,0.0],[-79.962375,-2.150377,0.0]],[[-79.962375,-2.150377,0.0],[-79.962797,-2.149991,0.0]],[[-79.962797,-2.149991,0.0],[-79.963193,-2.149631,0.0]],[[-79.963193,-2.149631,0.0],[-79.963359,-2.149495,0.0]],[[-79.960217,-2.150417,0.0],[-79.961485,-2.150791,0.0]],[[-79.961485,-2.150791,0.0],[-79.961619,-2.150813,0.0]],[[-79.961619,-2.150813,0.0],[-79.961752,-2.150811,0.0]],[[-79.961752,-2.150811,0.0],[-79.961854,-2.150804,0.0]],[[-79.961854,-2.150804,0.0],[-79.962045,-2.150752,0.0]],[[-79.962045,-2.150752,0.0],[-79.962152,-2.150703,0.0]],[[-79.962152,-2.150703,0.0],[-79.962255,-2.150627,0.0]],[[-79.962255,-2.150627,0.0],[-79.962412,-2.150487,0.0]],[[-79.962412,-2.150487,0.0],[-79.962845,-2.150101,0.0]],[[-79.962845,-2.150101,0.0],[-79.963239,-2.14975,0.0]],[[-79.963239,-2.14975,0.0],[-79.963401,-2.14961,0.0]],[[-79.963401,-2.14961,0.0],[-79.96346,-2.149564,0.0]],[[-79.96346,-2.149564,0.0],[-79.963604,-2.149461,0.0]],[[-79.963637,-2.149509,0.0],[-79.963494,-2.149611,0.0]],[[-79.963494,-2.149611,0.0],[-79.963438,-2.149655,0.0]],[[-79.963438,-2.149655,0.0],[-79.963277,-2.149794,0.0]],[[-79.963277,-2.149794,0.0],[-79.962883,-2.150145,0.0]],[[-79.962883,-2.150145,0.0],[-79.96245,-2.15053,0.0]],[[-79.96245,-2.15053,0.0],[-79.962291,-2.150672,0.0]],[[-79.962291,-2.150672,0.0],[-79.962181,-2.150753,0.0]],[[-79.962181,-2.150753,0.0],[-79.962065,-2.150807,0.0]],[[-79.962065,-2.150807,0.0],[-79.961864,-2.150862,0.0]],[[-79.961864,-2.150862,0.0],[-79.961755,-2.150869,0.0]],[[-79.961755,-2.150869,0.0],[-79.961615,-2.150872,0.0]],[[-79.961615,-2.150872,0.0],[-79.961472,-2.150848,0.0]],[[-79.961472,-2.150848,0.0],[-79.960201,-2.150473,0.0]],[[-79.960217,-2.150417,0.0],[-79.961485,-2.150791,0.0]],[[-79.961485,-2.150791,0.0],[-79.961619,-2.150813,0.0]],[[-79.961619,-2.150813,0.0],[-79.961752,-2.150811,0.0]],[[-79.961752,-2.150811,0.0],[-79.961854,-2.150804,0.0]],[[-79.961854,-2.150804,0.0],[-79.962045,-2.150752,0.0]],[[-79.962045,-2.150752,0.0],[-79.962152,-2.150703,0.0]],[[-79.962152,-2.150703,0.0],[-79.962255,-2.150627,0.0]],[[-79.962255,-2.150627,0.0],[-79.962412,-2.150487,0.0]],[[-79.962412,-2.150487,0.0],[-79.962845,-2.150101,0.0]],[[-79.962845,-2.150101,0.0],[-79.963239,-2.14975,0.0]],[[-79.963239,-2.14975,0.0],[-79.963401,-2.14961,0.0]],[[-79.963401,-2.14961,0.0],[-79.96346,-2.149564,0.0]],[[-79.96346,-2.149564,0.0],[-79.963604,-2.149461,0.0]],[[-79.963637,-2.149509,0.0],[-79.963494,-2.149611,0.0]],[[-79.963494,-2.149611,0.0],[-79.963438,-2.149655,0.0]],[[-79.963438,-2.149655,0.0],[-79.963277,-2.149794,0.0]],[[-79.963277,-2.149794,0.0],[-79.962883,-2.150145,0.0]],[[-79.962883,-2.150145,0.0],[-79.96245,-2.15053,0.0]],[[-79.96245,-2.15053,0.0],[-79.962291,-2.150672,0.0]],[[-79.962291,-2.150672,0.0],[-79.962181,-2.150753,0.0]],[[-79.962181,-2.150753,0.0],[-79.962065,-2.150807,0.0]],[[-79.962065,-2.150807,0.0],[-79.961864,-2.150862,0.0]],[[-79.961864,-2.150862,0.0],[-79.961755,-2.150869,0.0]],[[-79.961755,-2.150869,0.0],[-79.961615,-2.150872,0.0]],[[-79.961615,-2.150872,0.0],[-79.961472,-2.150848,0.0]],[[-79.961472,-2.150848,0.0],[-79.960201,-2.150473,0.0]],[[-79.960233,-2.150368,0.0],[-79.960004,-2.150305,0.0]],[[-79.960017,-2.150241,0.0],[-79.960251,-2.150304,0.0]],[[-79.959984,-2.150353,0.0],[-79.960217,-2.150417,0.0]],[[-79.960201,-2.150473,0.0],[-79.959972,-2.150411,0.0]],[[-79.959984,-2.150353,0.0],[-79.960217,-2.150417,0.0]],[[-79.960201,-2.150473,0.0],[-79.959972,-2.150411,0.0]],[[-79.960004,-2.150305,0.0],[-79.959866,-2.150283,0.0]],[[-79.959866,-2.150283,0.0],[-79.959761,-2.150275,0.0]],[[-79.959729,-2.150322,0.0],[-79.95984,-2.150331,0.0]],[[-79.95984,-2.150331,0.0],[-79.959984,-2.150353,0.0]],[[-79.959951,-2.150407,0.0],[-79.959833,-2.150389,0.0]],[[-79.959833,-2.150389,0.0],[-79.959728,-2.15038,0.0]],[[-79.959729,-2.150322,0.0],[-79.95984,-2.150331,0.0]],[[-79.95984,-2.150331,0.0],[-79.959984,-2.150353,0.0]],[[-79.959972,-2.150411,0.0],[-79.959833,-2.150389,0.0]],[[-79.959833,-2.150389,0.0],[-79.959728,-2.15038,0.0]],[[-79.959761,-2.150275,0.0],[-79.959556,-2.150284,0.0]],[[-79.959556,-2.150284,0.0],[-79.959423,-2.150314,0.0]],[[-79.959423,-2.150314,0.0],[-79.959264,-2.150357,0.0]],[[-79.959264,-2.150357,0.0],[-79.959069,-2.150448,0.0]],[[-79.958922,-2.150407,0.0],[-79.959009,-2.150295,0.0]],[[-79.959009,-2.150295,0.0],[-79.959144,-2.149909,0.0]],[[-79.959144,-2.149909,0.0],[-79.959168,-2.149609,0.0]],[[-79.959252,-2.14958,0.0],[-79.959525,-2.149939,0.0]],[[-79.959525,-2.149939,0.0],[-79.959609,-2.150018,0.0]],[[-79.959609,-2.150018,0.0],[-79.959851,-2.150148,0.0]],[[-79.959851,-2.150148,0.0],[-79.959913,-2.150181,0.0]],[[-79.959913,-2.150181,0.0],[-79.960017,-2.150241,0.0]],[[-79.959762,-2.150209,0.0],[-79.959706,-2.150157,0.0]],[[-79.959706,-2.150157,0.0],[-79.959645,-2.150126,0.0]],[[-79.959645,-2.150126,0.0],[-79.959421,-2.149933,0.0]],[[-79.959421,-2.149933,0.0],[-79.95923,-2.149658,0.0]],[[-79.95923,-2.149658,0.0],[-79.959217,-2.149596,0.0]],[[-79.959217,-2.149596,0.0],[-79.959225,-2.149909,0.0]],[[-79.959225,-2.149909,0.0],[-79.9591,-2.150301,0.0]],[[-79.9591,-2.150301,0.0],[-79.959078,-2.150371,0.0]],[[-79.959078,-2.150371,0.0],[-79.959242,-2.150295,0.0]],[[-79.959242,-2.150295,0.0],[-79.959407,-2.150249,0.0]],[[-79.959407,-2.150249,0.0],[-79.959547,-2.150218,0.0]],[[-79.959547,-2.150218,0.0],[-79.959762,-2.150209,0.0]],[[-79.959237,-2.150408,0.0],[-79.959404,-2.150362,0.0]],[[-79.959404,-2.150362,0.0],[-79.95955,-2.150331,0.0]],[[-79.95955,-2.150331,0.0],[-79.959729,-2.150322,0.0]],[[-79.959728,-2.15038,0.0],[-79.959558,-2.150389,0.0]],[[-79.959237,-2.150408,0.0],[-79.959404,-2.150362,0.0]],[[-79.959404,-2.150362,0.0],[-79.95955,-2.150331,0.0]],[[-79.95955,-2.150331,0.0],[-79.959729,-2.150322,0.0]],[[-79.959728,-2.15038,0.0],[-79.959558,-2.150389,0.0]],[[-79.958803,-2.147804,0.0],[-79.958799,-2.147882,0.0]],[[-79.958799,-2.147882,0.0],[-79.958821,-2.14802,0.0]],[[-79.958821,-2.14802,0.0],[-79.95875,-2.14802,0.0]],[[-79.95875,-2.14802,0.0],[-79.958729,-2.147886,0.0]],[[-79.958729,-2.147886,0.0],[-79.958734,-2.147798,0.0]],[[-79.959168,-2.149609,0.0],[-79.959122,-2.149364,0.0]],[[-79.959122,-2.149364,0.0],[-79.959187,-2.149348,0.0]],[[-79.959187,-2.149348,0.0],[-79.959252,-2.14958,0.0]],[[-79.958763,-2.148101,0.0],[-79.95875,-2.14802,0.0]],[[-79.95875,-2.14802,0.0],[-79.958821,-2.14802,0.0]],[[-79.958821,-2.14802,0.0],[-79.958831,-2.148086,0.0]],[[-79.958831,-2.148086,0.0],[-79.959173,-2.149302,0.0]],[[-79.959173,-2.149302,0.0],[-79.959187,-2.149348,0.0]],[[-79.959187,-2.149348,0.0],[-79.959122,-2.149364,0.0]],[[-79.959122,-2.149364,0.0],[-79.959108,-2.149308,0.0]],[[-79.959108,-2.149308,0.0],[-79.958763,-2.148101,0.0]],[[-79.960082,-2.14641,0.0],[-79.95916,-2.147146,0.0]],[[-79.95916,-2.147146,0.0],[-79.959153,-2.147151,0.0]],[[-79.959153,-2.147151,0.0],[-79.959099,-2.147151,0.0]],[[-79.959099,-2.147151,0.0],[-79.95905,-2.147151,0.0]],[[-79.95905,-2.147151,0.0],[-79.959056,-2.147145,0.0]],[[-79.959056,-2.147145,0.0],[-79.959086,-2.147115,0.0]],[[-79.959086,-2.147115,0.0],[-79.960038,-2.146357,0.0]],[[-79.958922,-2.147285,0.0],[-79.958974,-2.147225,0.0]],[[-79.958974,-2.147225,0.0],[-79.95905,-2.147151,0.0]],[[-79.95905,-2.147151,0.0],[-79.959099,-2.147151,0.0]],[[-79.959099,-2.147151,0.0],[-79.959153,-2.147151,0.0]],[[-79.959153,-2.147151,0.0],[-79.959132,-2.147168,0.0]],[[-79.959132,-2.147168,0.0],[-79.959024,-2.147273,0.0]],[[-79.959024,-2.147273,0.0],[-79.958978,-2.147327,0.0]],[[-79.958978,-2.147327,0.0],[-79.958919,-2.147417,0.0]],[[-79.958919,-2.147417,0.0],[-79.958857,-2.147547,0.0]],[[-79.958857,-2.147547,0.0],[-79.958818,-2.147685,0.0]],[[-79.958818,-2.147685,0.0],[-79.958803,-2.147804,0.0]],[[-79.958734,-2.147798,0.0],[-79.95875,-2.147672,0.0]],[[-79.95875,-2.147672,0.0],[-79.958792,-2.147522,0.0]],[[-79.958792,-2.147522,0.0],[-79.958859,-2.147383,0.0]],[[-79.958859,-2.147383,0.0],[-79.958922,-2.147285,0.0]],[[-79.960076,-2.146321,0.0],[-79.960125,-2.146321,0.0]],[[-79.960125,-2.146321,0.0],[-79.960171,-2.146321,0.0]],[[-79.960171,-2.146321,0.0],[-79.960137,-2.14636,0.0]],[[-79.960137,-2.14636,0.0],[-79.960082,-2.14641,0.0]],[[-79.960427,-2.144872,0.0],[-79.960377,-2.14499,0.0]],[[-79.960377,-2.14499,0.0],[-79.960347,-2.14511,0.0]],[[-79.960347,-2.14511,0.0],[-79.96034,-2.145205,0.0]],[[-79.96034,-2.145205,0.0],[-79.960368,-2.145806,0.0]],[[-79.960368,-2.145806,0.0],[-79.960354,-2.145932,0.0]],[[-79.960354,-2.145932,0.0],[-79.960321,-2.146052,0.0]],[[-79.960321,-2.146052,0.0],[-79.960262,-2.146187,0.0]],[[-79.960262,-2.146187,0.0],[-79.960206,-2.146281,0.0]],[[-79.960206,-2.146281,0.0],[-79.960171,-2.146321,0.0]],[[-79.960171,-2.146321,0.0],[-79.960076,-2.146321,0.0]],[[-79.960088,-2.146311,0.0],[-79.96015,-2.14624,0.0]],[[-79.96015,-2.14624,0.0],[-79.960201,-2.146155,0.0]],[[-79.960201,-2.146155,0.0],[-79.960256,-2.146028,0.0]],[[-79.960256,-2.146028,0.0],[-79.960286,-2.145919,0.0]],[[-79.960286,-2.145919,0.0],[-79.960299,-2.145803,0.0]],[[-79.960299,-2.145803,0.0],[-79.96027,-2.145204,0.0]],[[-79.96027,-2.145204,0.0],[-79.960279,-2.145099,0.0]],[[-79.960279,-2.145099,0.0],[-79.960311,-2.144968,0.0]],[[-79.960311,-2.144968,0.0],[-79.960365,-2.144841,0.0]],[[-79.961658,-2.143742,0.0],[-79.962553,-2.144451,0.0]],[[-79.962553,-2.144451,0.0],[-79.962717,-2.144586,0.0]],[[-79.962717,-2.144586,0.0],[-79.962875,-2.144715,0.0]],[[-79.962875,-2.144715,0.0],[-79.96282,-2.144715,0.0]],[[-79.96282,-2.144715,0.0],[-79.962765,-2.144715,0.0]],[[-79.962765,-2.144715,0.0],[-79.962673,-2.14464,0.0]],[[-79.962673,-2.14464,0.0],[-79.962509,-2.144506,0.0]],[[-79.962509,-2.144506,0.0],[-79.961622,-2.143801,0.0]],[[-79.960949,-2.144168,0.0],[-79.960475,-2.14479,0.0]],[[-79.960475,-2.14479,0.0],[-79.960427,-2.144872,0.0]],[[-79.960365,-2.144841,0.0],[-79.960418,-2.144751,0.0]],[[-79.960418,-2.144751,0.0],[-79.960949,-2.144054,0.0]],[[-79.962765,-2.144715,0.0],[-79.96282,-2.144715,0.0]],[[-79.96282,-2.144715,0.0],[-79.962875,-2.144715,0.0]],[[-79.963019,-2.144924,0.0],[-79.962765,-2.144715,0.0]],[[-79.961236,-2.143812,0.0],[-79.961167,-2.143886,0.0]],[[-79.961167,-2.143886,0.0],[-79.961058,-2.144026,0.0]],[[-79.961058,-2.144026,0.0],[-79.960949,-2.144168,0.0]],[[-79.961003,-2.143983,0.0],[-79.961115,-2.143841,0.0]],[[-79.961622,-2.143801,0.0],[-79.961529,-2.143758,0.0]],[[-79.961529,-2.143758,0.0],[-79.961469,-2.143745,0.0]],[[-79.961469,-2.143745,0.0],[-79.961376,-2.143751,0.0]],[[-79.961376,-2.143751,0.0],[-79.961287,-2.14378,0.0]],[[-79.961287,-2.14378,0.0],[-79.961236,-2.143812,0.0]],[[-79.960949,-2.144168,0.0],[-79.960949,-2.144111,0.0]],[[-79.960949,-2.144111,0.0],[-79.960949,-2.144054,0.0]],[[-79.960949,-2.144054,0.0],[-79.961003,-2.143983,0.0]],[[-79.961115,-2.143841,0.0],[-79.961192,-2.143757,0.0]],[[-79.961192,-2.143757,0.0],[-79.961257,-2.143717,0.0]],[[-79.961257,-2.143717,0.0],[-79.961363,-2.143682,0.0]],[[-79.961363,-2.143682,0.0],[-79.961474,-2.143674,0.0]],[[-79.961474,-2.143674,0.0],[-79.961551,-2.143692,0.0]],[[-79.961551,-2.143692,0.0],[-79.961658,-2.143742,0.0]],[[-79.960949,-2.144054,0.0],[-79.960949,-2.144111,0.0]],[[-79.960949,-2.144111,0.0],[-79.960949,-2.144168,0.0]],[[-79.96383,-2.145464,0.0],[-79.963562,-2.145357,0.0]],[[-79.963562,-2.145357,0.0],[-79.963348,-2.14519,0.0]],[[-79.963348,-2.14519,0.0],[-79.963349,-2.145102,0.0]],[[-79.963349,-2.145102,0.0],[-79.963597,-2.145296,0.0]],[[-79.962875,-2.144715,0.0],[-79.963063,-2.144869,0.0]],[[-79.963063,-2.144869,0.0],[-79.963307,-2.145069,0.0]],[[-79.963307,-2.145069,0.0],[-79.963349,-2.145102,0.0]],[[-79.963349,-2.145102,0.0],[-79.963348,-2.14519,0.0]],[[-79.963348,-2.14519,0.0],[-79.963264,-2.145124,0.0]],[[-79.963264,-2.145124,0.0],[-79.963019,-2.144924,0.0]],[[-79.963597,-2.145296,0.0],[-79.963846,-2.145395,0.0]],[[-79.964187,-2.14546,0.0],[-79.964018,-2.14548,0.0]],[[-79.964018,-2.14548,0.0],[-79.96383,-2.145464,0.0]],[[-79.963846,-2.145395,0.0],[-79.964017,-2.14541,0.0]],[[-79.964017,-2.14541,0.0],[-79.964173,-2.145392,0.0]],[[-79.964425,-2.145378,0.0],[-79.964291,-2.145431,0.0]],[[-79.964291,-2.145431,0.0],[-79.964187,-2.14546,0.0]],[[-79.964173,-2.145392,0.0],[-79.964269,-2.145365,0.0]],[[-79.964269,-2.145365,0.0],[-79.964392,-2.145317,0.0]],[[-79.965218,-2.144491,0.0],[-79.965108,-2.144614,0.0]],[[-79.965108,-2.144614,0.0],[-79.964985,-2.144758,0.0]],[[-79.964985,-2.144758,0.0],[-79.964826,-2.144941,0.0]],[[-79.964768,-2.144904,0.0],[-79.964859,-2.144743,0.0]],[[-79.964859,-2.144743,0.0],[-79.964978,-2.144543,0.0]],[[-79.964826,-2.144941,0.0],[-79.964768,-2.144904,0.0]],[[-79.964768,-2.144904,0.0],[-79.964826,-2.144941,0.0]],[[-79.964826,-2.144941,0.0],[-79.964692,-2.145157,0.0]],[[-79.964636,-2.145115,0.0],[-79.964768,-2.144904,0.0]],[[-79.964392,-2.145317,0.0],[-79.964556,-2.145202,0.0]],[[-79.964556,-2.145287,0.0],[-79.964425,-2.145378,0.0]],[[-79.964556,-2.145202,0.0],[-79.964556,-2.145287,0.0]],[[-79.964692,-2.145157,0.0],[-79.964613,-2.145247,0.0]],[[-79.964613,-2.145247,0.0],[-79.964556,-2.145287,0.0]],[[-79.964556,-2.145287,0.0],[-79.964556,-2.145202,0.0]],[[-79.964556,-2.145202,0.0],[-79.964566,-2.145195,0.0]],[[-79.964566,-2.145195,0.0],[-79.964636,-2.145115,0.0]],[[-79.959069,-2.150448,0.0],[-79.958898,-2.150561,0.0]],[[-79.958898,-2.150561,0.0],[-79.958273,-2.151152,0.0]],[[-79.958273,-2.151061,0.0],[-79.958857,-2.150509,0.0]],[[-79.958857,-2.150509,0.0],[-79.958922,-2.150407,0.0]],[[-79.958871,-2.15065,0.0],[-79.959042,-2.150518,0.0]],[[-79.959042,-2.150518,0.0],[-79.959237,-2.150408,0.0]],[[-79.959558,-2.150389,0.0],[-79.959417,-2.150419,0.0]],[[-79.959417,-2.150419,0.0],[-79.959259,-2.150462,0.0]],[[-79.959259,-2.150462,0.0],[-79.959074,-2.150567,0.0]],[[-79.959074,-2.150567,0.0],[-79.958908,-2.150694,0.0]],[[-79.958908,-2.150694,0.0],[-79.958273,-2.151285,0.0]],[[-79.958273,-2.151205,0.0],[-79.958871,-2.15065,0.0]],[[-79.958153,-2.151317,0.0],[-79.958871,-2.15065,0.0]],[[-79.958871,-2.15065,0.0],[-79.959042,-2.150518,0.0]],[[-79.959042,-2.150518,0.0],[-79.959237,-2.150408,0.0]],[[-79.959558,-2.150389,0.0],[-79.959417,-2.150419,0.0]],[[-79.959417,-2.150419,0.0],[-79.959259,-2.150462,0.0]],[[-79.959259,-2.150462,0.0],[-79.959074,-2.150567,0.0]],[[-79.959074,-2.150567,0.0],[-79.958908,-2.150694,0.0]],[[-79.958908,-2.150694,0.0],[-79.958193,-2.15136,0.0]],[[-79.958273,-2.151152,0.0],[-79.958173,-2.151247,0.0]],[[-79.958173,-2.151247,0.0],[-79.95811,-2.151306,0.0]],[[-79.95811,-2.151306,0.0],[-79.958015,-2.151306,0.0]],[[-79.958015,-2.151306,0.0],[-79.958127,-2.151199,0.0]],[[-79.958127,-2.151199,0.0],[-79.958273,-2.151061,0.0]],[[-79.95825,-2.151306,0.0],[-79.958165,-2.151306,0.0]],[[-79.958165,-2.151306,0.0],[-79.958273,-2.151205,0.0]],[[-79.958015,-2.151306,0.0],[-79.95811,-2.151306,0.0]],[[-79.95811,-2.151306,0.0],[-79.95759,-2.151802,0.0]],[[-79.957545,-2.151753,0.0],[-79.958015,-2.151306,0.0]],[[-79.958153,-2.151317,0.0],[-79.958165,-2.151306,0.0]],[[-79.958165,-2.151306,0.0],[-79.95825,-2.151306,0.0]],[[-79.95825,-2.151306,0.0],[-79.958193,-2.15136,0.0]],[[-79.958193,-2.15136,0.0],[-79.957666,-2.15187,0.0]],[[-79.95762,-2.151834,0.0],[-79.958153,-2.151317,0.0]],[[-79.95762,-2.151834,0.0],[-79.958153,-2.151317,0.0]],[[-79.958193,-2.15136,0.0],[-79.95766,-2.151876,0.0]],[[-79.95759,-2.151802,0.0],[-79.957518,-2.15187,0.0]],[[-79.957518,-2.15187,0.0],[-79.957422,-2.15187,0.0]],[[-79.957422,-2.15187,0.0],[-79.957545,-2.151753,0.0]],[[-79.957666,-2.15187,0.0],[-79.957582,-2.15187,0.0]],[[-79.957582,-2.15187,0.0],[-79.95762,-2.151834,0.0]],[[-79.957259,-2.152025,0.0],[-79.957422,-2.15187,0.0]],[[-79.957422,-2.15187,0.0],[-79.957518,-2.15187,0.0]],[[-79.957518,-2.15187,0.0],[-79.957305,-2.152073,0.0]],[[-79.957305,-2.152073,0.0],[-79.956926,-2.152434,0.0]],[[-79.956838,-2.152426,0.0],[-79.957259,-2.152025,0.0]],[[-79.957335,-2.152105,0.0],[-79.957582,-2.15187,0.0]],[[-79.957582,-2.15187,0.0],[-79.957666,-2.15187,0.0]],[[-79.957666,-2.15187,0.0],[-79.95766,-2.151876,0.0]],[[-79.95766,-2.151876,0.0],[-79.957375,-2.152148,0.0]],[[-79.957375,-2.152148,0.0],[-79.957074,-2.152434,0.0]],[[-79.95699,-2.152434,0.0],[-79.957335,-2.152105,0.0]],[[-79.956914,-2.152506,0.0],[-79.957335,-2.152105,0.0]],[[-79.957335,-2.152105,0.0],[-79.95762,-2.151834,0.0]],[[-79.95766,-2.151876,0.0],[-79.957375,-2.152148,0.0]],[[-79.957375,-2.152148,0.0],[-79.956954,-2.152549,0.0]],[[-79.956926,-2.152434,0.0],[-79.95683,-2.152434,0.0]],[[-79.95683,-2.152434,0.0],[-79.956838,-2.152426,0.0]],[[-79.957074,-2.152434,0.0],[-79.95699,-2.152434,0.0]],[[-79.956507,-2.152741,0.0],[-79.95683,-2.152434,0.0]],[[-79.95683,-2.152434,0.0],[-79.956926,-2.152434,0.0]],[[-79.956926,-2.152434,0.0],[-79.956883,-2.152474,0.0]],[[-79.956883,-2.152474,0.0],[-79.956553,-2.152789,0.0]],[[-79.956914,-2.152506,0.0],[-79.95699,-2.152434,0.0]],[[-79.95699,-2.152434,0.0],[-79.957074,-2.152434,0.0]],[[-79.957074,-2.152434,0.0],[-79.956954,-2.152549,0.0]],[[-79.956954,-2.152549,0.0],[-79.956623,-2.152864,0.0]],[[-79.956583,-2.152821,0.0],[-79.956914,-2.152506,0.0]],[[-79.956583,-2.152821,0.0],[-79.956914,-2.152506,0.0]],[[-79.956954,-2.152549,0.0],[-79.956623,-2.152864,0.0]],[[-79.956553,-2.152789,0.0],[-79.956304,-2.153023,0.0]],[[-79.956261,-2.152973,0.0],[-79.956507,-2.152741,0.0]],[[-79.956623,-2.152864,0.0],[-79.956375,-2.153097,0.0]],[[-79.956375,-2.153097,0.0],[-79.956284,-2.153175,0.0]],[[-79.956336,-2.153053,0.0],[-79.956583,-2.152821,0.0]],[[-79.956336,-2.153053,0.0],[-79.956583,-2.152821,0.0]],[[-79.956623,-2.152864,0.0],[-79.956375,-2.153097,0.0]],[[-79.956375,-2.153097,0.0],[-79.956284,-2.153175,0.0]],[[-79.956213,-2.153101,0.0],[-79.956131,-2.153156,0.0]],[[-79.956131,-2.153156,0.0],[-79.956012,-2.153215,0.0]],[[-79.956012,-2.153215,0.0],[-79.955915,-2.153247,0.0]],[[-79.955987,-2.153154,0.0],[-79.956098,-2.153098,0.0]],[[-79.956098,-2.153098,0.0],[-79.956174,-2.153048,0.0]],[[-79.956202,-2.153229,0.0],[-79.956085,-2.153298,0.0]],[[-79.956085,-2.153298,0.0],[-79.955989,-2.153334,0.0]],[[-79.955971,-2.153278,0.0],[-79.95606,-2.153245,0.0]],[[-79.95606,-2.153245,0.0],[-79.956172,-2.153179,0.0]],[[-79.955971,-2.153278,0.0],[-79.95606,-2.153245,0.0]],[[-79.95606,-2.153245,0.0],[-79.956172,-2.153179,0.0]],[[-79.956202,-2.153229,0.0],[-79.956085,-2.153298,0.0]],[[-79.956085,-2.153298,0.0],[-79.955989,-2.153334,0.0]],[[-79.956304,-2.153023,0.0],[-79.956213,-2.153101,0.0]],[[-79.956174,-2.153048,0.0],[-79.956261,-2.152973,0.0]],[[-79.956172,-2.153179,0.0],[-79.956249,-2.153128,0.0]],[[-79.956249,-2.153128,0.0],[-79.956336,-2.153053,0.0]],[[-79.956172,-2.153179,0.0],[-79.956249,-2.153128,0.0]],[[-79.956249,-2.153128,0.0],[-79.956336,-2.153053,0.0]],[[-79.956284,-2.153175,0.0],[-79.956202,-2.153229,0.0]],[[-79.955915,-2.153247,0.0],[-79.955908,-2.153248,0.0]],[[-79.955908,-2.153248,0.0],[-79.955908,-2.153179,0.0]],[[-79.955908,-2.153179,0.0],[-79.955987,-2.153154,0.0]],[[-79.955989,-2.153334,0.0],[-79.955912,-2.153354,0.0]],[[-79.955912,-2.153354,0.0],[-79.955908,-2.153355,0.0]],[[-79.955908,-2.153355,0.0],[-79.955908,-2.153295,0.0]],[[-79.955908,-2.153295,0.0],[-79.955971,-2.153278,0.0]],[[-79.955071,-2.153091,0.0],[-79.954873,-2.153015,0.0]],[[-79.955096,-2.153029,0.0],[-79.955239,-2.15309,0.0]],[[-79.955239,-2.15309,0.0],[-79.955388,-2.153157,0.0]],[[-79.955388,-2.153157,0.0],[-79.955527,-2.153191,0.0]],[[-79.955527,-2.153191,0.0],[-79.95559,-2.153201,0.0]],[[-79.95559,-2.153201,0.0],[-79.95569,-2.15321,0.0]],[[-79.95569,-2.15321,0.0],[-79.955751,-2.153206,0.0]],[[-79.955751,-2.153206,0.0],[-79.955818,-2.153198,0.0]],[[-79.955818,-2.153198,0.0],[-79.955899,-2.153182,0.0]],[[-79.955899,-2.153182,0.0],[-79.955908,-2.153179,0.0]],[[-79.955908,-2.153179,0.0],[-79.955908,-2.153248,0.0]],[[-79.955908,-2.153248,0.0],[-79.955828,-2.153263,0.0]],[[-79.955828,-2.153263,0.0],[-79.955757,-2.153272,0.0]],[[-79.955757,-2.153272,0.0],[-79.955689,-2.153277,0.0]],[[-79.955689,-2.153277,0.0],[-79.955582,-2.153267,0.0]],[[-79.955582,-2.153267,0.0],[-79.955514,-2.153256,0.0]],[[-79.955514,-2.153256,0.0],[-79.955366,-2.15322,0.0]],[[-79.955366,-2.15322,0.0],[-79.955213,-2.153151,0.0]],[[-79.955213,-2.153151,0.0],[-79.955071,-2.153091,0.0]],[[-79.954887,-2.15307,0.0],[-79.955084,-2.153149,0.0]],[[-79.955084,-2.153149,0.0],[-79.955234,-2.153209,0.0]],[[-79.955234,-2.153209,0.0],[-79.955384,-2.153267,0.0]],[[-79.955384,-2.153267,0.0],[-79.955524,-2.153301,0.0]],[[-79.955524,-2.153301,0.0],[-79.955587,-2.153311,0.0]],[[-79.955587,-2.153311,0.0],[-79.955688,-2.15332,0.0]],[[-79.955688,-2.15332,0.0],[-79.95576,-2.153316,0.0]],[[-79.95576,-2.153316,0.0],[-79.955832,-2.153311,0.0]],[[-79.955832,-2.153311,0.0],[-79.955899,-2.153297,0.0]],[[-79.955899,-2.153297,0.0],[-79.955908,-2.153295,0.0]],[[-79.955908,-2.153295,0.0],[-79.955908,-2.153355,0.0]],[[-79.955908,-2.153355,0.0],[-79.95584,-2.153369,0.0]],[[-79.95584,-2.153369,0.0],[-79.955764,-2.153375,0.0]],[[-79.955764,-2.153375,0.0],[-79.955687,-2.153379,0.0]],[[-79.955687,-2.153379,0.0],[-79.95558,-2.153369,0.0]],[[-79.95558,-2.153369,0.0],[-79.955513,-2.153358,0.0]],[[-79.955513,-2.153358,0.0],[-79.955366,-2.153323,0.0]],[[-79.955366,-2.153323,0.0],[-79.955213,-2.153263,0.0]],[[-79.955213,-2.153263,0.0],[-79.955062,-2.153203,0.0]],[[-79.955062,-2.153203,0.0],[-79.954866,-2.153124,0.0]],[[-79.954887,-2.15307,0.0],[-79.955084,-2.153149,0.0]],[[-79.955084,-2.153149,0.0],[-79.955234,-2.153209,0.0]],[[-79.955234,-2.153209,0.0],[-79.955384,-2.153267,0.0]],[[-79.955384,-2.153267,0.0],[-79.955524,-2.153301,0.0]],[[-79.955524,-2.153301,0.0],[-79.955587,-2.153311,0.0]],[[-79.955587,-2.153311,0.0],[-79.955688,-2.15332,0.0]],[[-79.955688,-2.15332,0.0],[-79.95576,-2.153316,0.0]],[[-79.95576,-2.153316,0.0],[-79.955832,-2.153311,0.0]],[[-79.955832,-2.153311,0.0],[-79.955899,-2.153297,0.0]],[[-79.955899,-2.153297,0.0],[-79.955971,-2.153278,0.0]],[[-79.955989,-2.153334,0.0],[-79.955912,-2.153354,0.0]],[[-79.955912,-2.153354,0.0],[-79.95584,-2.153369,0.0]],[[-79.95584,-2.153369,0.0],[-79.955764,-2.153375,0.0]],[[-79.955764,-2.153375,0.0],[-79.955687,-2.153379,0.0]],[[-79.955687,-2.153379,0.0],[-79.95558,-2.153369,0.0]],[[-79.95558,-2.153369,0.0],[-79.955513,-2.153358,0.0]],[[-79.955513,-2.153358,0.0],[-79.955366,-2.153323,0.0]],[[-79.955366,-2.153323,0.0],[-79.955213,-2.153263,0.0]],[[-79.955213,-2.153263,0.0],[-79.955062,-2.153203,0.0]],[[-79.955062,-2.153203,0.0],[-79.954866,-2.153124,0.0]],[[-79.954873,-2.153015,0.0],[-79.954765,-2.152971,0.0]],[[-79.954765,-2.152971,0.0],[-79.954945,-2.152971,0.0]],[[-79.954945,-2.152971,0.0],[-79.955096,-2.153029,0.0]],[[-79.954866,-2.153124,0.0],[-79.954478,-2.152971,0.0]],[[-79.954637,-2.152971,0.0],[-79.954887,-2.15307,0.0]],[[-79.954497,-2.152792,0.0],[-79.954897,-2.152953,0.0]],[[-79.954897,-2.152953,0.0],[-79.954945,-2.152971,0.0]],[[-79.954945,-2.152971,0.0],[-79.954765,-2.152971,0.0]],[[-79.954765,-2.152971,0.0],[-79.954472,-2.152853,0.0]],[[-79.954484,-2.15291,0.0],[-79.954887,-2.15307,0.0]],[[-79.954866,-2.153124,0.0],[-79.954462,-2.152965,0.0]],[[-79.954478,-2.152971,0.0],[-79.954637,-2.152971,0.0]],[[-79.954484,-2.15291,0.0],[-79.954637,-2.152971,0.0]],[[-79.954637,-2.152971,0.0],[-79.954478,-2.152971,0.0]],[[-79.954478,-2.152971,0.0],[-79.954462,-2.152965,0.0]],[[-79.954462,-2.152965,0.0],[-79.95353,-2.152588,0.0]],[[-79.954462,-2.152965,0.0],[-79.95353,-2.152588,0.0]],[[-79.953564,-2.152415,0.0],[-79.954497,-2.152792,0.0]],[[-79.954472,-2.152853,0.0],[-79.95354,-2.152476,0.0]],[[-79.953551,-2.152533,0.0],[-79.954484,-2.15291,0.0]],[[-79.953551,-2.152533,0.0],[-79.954484,-2.15291,0.0]],[[-79.95354,-2.152476,0.0],[-79.953074,-2.152289,0.0]],[[-79.953098,-2.152228,0.0],[-79.953564,-2.152415,0.0]],[[-79.953085,-2.152346,0.0],[-79.953551,-2.152533,0.0]],[[-79.95353,-2.152588,0.0],[-79.953064,-2.152401,0.0]],[[-79.953085,-2.152346,0.0],[-79.953551,-2.152533,0.0]],[[-79.95353,-2.152588,0.0],[-79.953064,-2.152401,0.0]],[[-79.953074,-2.152289,0.0],[-79.952396,-2.152017,0.0]],[[-79.952422,-2.151956,0.0],[-79.953098,-2.152228,0.0]],[[-79.953064,-2.152401,0.0],[-79.952386,-2.152129,0.0]],[[-79.952409,-2.152075,0.0],[-79.953085,-2.152346,0.0]],[[-79.952409,-2.152075,0.0],[-79.953085,-2.152346,0.0]],[[-79.953064,-2.152401,0.0],[-79.952386,-2.152129,0.0]],[[-79.952396,-2.152017,0.0],[-79.952165,-2.151902,0.0]],[[-79.952165,-2.151902,0.0],[-79.95166,-2.151658,0.0]],[[-79.95166,-2.151584,0.0],[-79.952194,-2.151842,0.0]],[[-79.952194,-2.151842,0.0],[-79.952422,-2.151956,0.0]],[[-79.952386,-2.152129,0.0],[-79.952155,-2.152014,0.0]],[[-79.952155,-2.152014,0.0],[-79.95166,-2.151774,0.0]],[[-79.95166,-2.151709,0.0],[-79.952181,-2.151961,0.0]],[[-79.952181,-2.151961,0.0],[-79.952409,-2.152075,0.0]],[[-79.951397,-2.151581,0.0],[-79.952181,-2.151961,0.0]],[[-79.952181,-2.151961,0.0],[-79.952409,-2.152075,0.0]],[[-79.952386,-2.152129,0.0],[-79.952155,-2.152014,0.0]],[[-79.952155,-2.152014,0.0],[-79.951372,-2.151634,0.0]],[[-79.95166,-2.151658,0.0],[-79.95166,-2.151584,0.0]],[[-79.95166,-2.151774,0.0],[-79.95166,-2.151709,0.0]],[[-79.950701,-2.151198,0.0],[-79.950413,-2.151061,0.0]],[[-79.950413,-2.151061,0.0],[-79.950344,-2.15102,0.0]],[[-79.950344,-2.15102,0.0],[-79.950238,-2.15095,0.0]],[[-79.950238,-2.15095,0.0],[-79.950176,-2.150897,0.0]],[[-79.950176,-2.150897,0.0],[-79.950085,-2.150809,0.0]],[[-79.950085,-2.150809,0.0],[-79.950057,-2.150773,0.0]],[[-79.950057,-2.150773,0.0],[-79.950144,-2.150773,0.0]],[[-79.950144,-2.150773,0.0],[-79.95022,-2.150848,0.0]],[[-79.95022,-2.150848,0.0],[-79.950278,-2.150897,0.0]],[[-79.950278,-2.150897,0.0],[-79.950379,-2.150964,0.0]],[[-79.950379,-2.150964,0.0],[-79.950444,-2.151002,0.0]],[[-79.950444,-2.151002,0.0],[-79.950729,-2.151138,0.0]],[[-79.950729,-2.151138,0.0],[-79.95141,-2.151463,0.0]],[[-79.95141,-2.151463,0.0],[-79.95166,-2.151584,0.0]],[[-79.95166,-2.151584,0.0],[-79.95166,-2.151658,0.0]],[[-79.95166,-2.151658,0.0],[-79.951381,-2.151523,0.0]],[[-79.951381,-2.151523,0.0],[-79.950701,-2.151198,0.0]],[[-79.950691,-2.15131,0.0],[-79.950403,-2.151172,0.0]],[[-79.950403,-2.151172,0.0],[-79.950335,-2.151132,0.0]],[[-79.950335,-2.151132,0.0],[-79.950231,-2.151063,0.0]],[[-79.950231,-2.151063,0.0],[-79.950165,-2.15102,0.0]],[[-79.950165,-2.15102,0.0],[-79.950066,-2.150936,0.0]],[[-79.950066,-2.150936,0.0],[-79.949942,-2.15079,0.0]],[[-79.94993,-2.150773,0.0],[-79.950004,-2.150773,0.0]],[[-79.950004,-2.150773,0.0],[-79.950107,-2.150895,0.0]],[[-79.950107,-2.150895,0.0],[-79.950199,-2.150973,0.0]],[[-79.950199,-2.150973,0.0],[-79.950263,-2.151014,0.0]],[[-79.950263,-2.151014,0.0],[-79.950365,-2.151083,0.0]],[[-79.950365,-2.151083,0.0],[-79.95043,-2.151121,0.0]],[[-79.95043,-2.151121,0.0],[-79.950716,-2.151257,0.0]],[[-79.950716,-2.151257,0.0],[-79.951397,-2.151581,0.0]],[[-79.951397,-2.151581,0.0],[-79.95166,-2.151709,0.0]],[[-79.95166,-2.151709,0.0],[-79.95166,-2.151774,0.0]],[[-79.95166,-2.151774,0.0],[-79.951372,-2.151634,0.0]],[[-79.951372,-2.151634,0.0],[-79.950691,-2.15131,0.0]],[[-79.949913,-2.150645,0.0],[-79.949988,-2.150754,0.0]],[[-79.949988,-2.150754,0.0],[-79.950004,-2.150773,0.0]],[[-79.950004,-2.150773,0.0],[-79.94993,-2.150773,0.0]],[[-79.950035,-2.150638,0.0],[-79.950134,-2.150764,0.0]],[[-79.950134,-2.150764,0.0],[-79.950144,-2.150773,0.0]],[[-79.950144,-2.150773,0.0],[-79.950057,-2.150773,0.0]],[[-79.950057,-2.150773,0.0],[-79.94998,-2.150676,0.0]],[[-79.94998,-2.150676,0.0],[-79.949899,-2.150534,0.0]],[[-79.949913,-2.150645,0.0],[-79.949988,-2.150754,0.0]],[[-79.949988,-2.150754,0.0],[-79.950107,-2.150895,0.0]],[[-79.950107,-2.150895,0.0],[-79.950199,-2.150973,0.0]],[[-79.950199,-2.150973,0.0],[-79.950263,-2.151014,0.0]],[[-79.950263,-2.151014,0.0],[-79.950365,-2.151083,0.0]],[[-79.950365,-2.151083,0.0],[-79.95043,-2.151121,0.0]],[[-79.95043,-2.151121,0.0],[-79.950716,-2.151257,0.0]],[[-79.950716,-2.151257,0.0],[-79.951397,-2.151581,0.0]],[[-79.951372,-2.151634,0.0],[-79.950691,-2.15131,0.0]],[[-79.950691,-2.15131,0.0],[-79.950403,-2.151172,0.0]],[[-79.950403,-2.151172,0.0],[-79.950335,-2.151132,0.0]],[[-79.950335,-2.151132,0.0],[-79.950231,-2.151063,0.0]],[[-79.950231,-2.151063,0.0],[-79.950165,-2.15102,0.0]],[[-79.950165,-2.15102,0.0],[-79.950066,-2.150936,0.0]],[[-79.950066,-2.150936,0.0],[-79.949942,-2.15079,0.0]],[[-79.949942,-2.15079,0.0],[-79.94993,-2.150773,0.0]],[[-79.949811,-2.150577,0.0],[-79.949743,-2.150419,0.0]],[[-79.949798,-2.150401,0.0],[-79.949864,-2.150552,0.0]],[[-79.949864,-2.150552,0.0],[-79.949913,-2.150645,0.0]],[[-79.94993,-2.150773,0.0],[-79.949863,-2.150676,0.0]],[[-79.949863,-2.150676,0.0],[-79.949811,-2.150577,0.0]],[[-79.949899,-2.150534,0.0],[-79.949837,-2.150375,0.0]],[[-79.9499,-2.150355,0.0],[-79.949959,-2.150505,0.0]],[[-79.949959,-2.150505,0.0],[-79.950035,-2.150638,0.0]],[[-79.949798,-2.150401,0.0],[-79.949864,-2.150552,0.0]],[[-79.949864,-2.150552,0.0],[-79.949913,-2.150645,0.0]],[[-79.949942,-2.15079,0.0],[-79.949863,-2.150676,0.0]],[[-79.949863,-2.150676,0.0],[-79.949811,-2.150577,0.0]],[[-79.949811,-2.150577,0.0],[-79.949743,-2.150419,0.0]],[[-79.949743,-2.150419,0.0],[-79.949709,-2.150278,0.0]],[[-79.949709,-2.150278,0.0],[-79.949692,-2.150155,0.0]],[[-79.949692,-2.150155,0.0],[-79.949684,-2.150027,0.0]],[[-79.949684,-2.150027,0.0],[-79.949687,-2.149949,0.0]],[[-79.949687,-2.149949,0.0],[-79.949697,-2.149845,0.0]],[[-79.949697,-2.149845,0.0],[-79.949717,-2.149759,0.0]],[[-79.949717,-2.149759,0.0],[-79.949752,-2.149626,0.0]],[[-79.949807,-2.149645,0.0],[-79.949773,-2.149774,0.0]],[[-79.949773,-2.149774,0.0],[-79.949755,-2.149854,0.0]],[[-79.949755,-2.149854,0.0],[-79.949745,-2.149954,0.0]],[[-79.949745,-2.149954,0.0],[-79.949742,-2.150027,0.0]],[[-79.949742,-2.150027,0.0],[-79.94975,-2.150149,0.0]],[[-79.94975,-2.150149,0.0],[-79.949766,-2.150267,0.0]],[[-79.949766,-2.150267,0.0],[-79.949798,-2.150401,0.0]],[[-79.949837,-2.150375,0.0],[-79.949807,-2.150254,0.0]],[[-79.949807,-2.150254,0.0],[-79.949791,-2.15013,0.0]],[[-79.949791,-2.15013,0.0],[-79.949785,-2.150002,0.0]],[[-79.949785,-2.150002,0.0],[-79.94979,-2.149921,0.0]],[[-79.94979,-2.149921,0.0],[-79.949803,-2.149819,0.0]],[[-79.949803,-2.149819,0.0],[-79.949823,-2.149733,0.0]],[[-79.949823,-2.149733,0.0],[-79.949848,-2.149651,0.0]],[[-79.94991,-2.149674,0.0],[-79.949887,-2.149751,0.0]],[[-79.949887,-2.149751,0.0],[-79.949868,-2.149831,0.0]],[[-79.949868,-2.149831,0.0],[-79.949856,-2.149927,0.0]],[[-79.949856,-2.149927,0.0],[-79.949851,-2.150003,0.0]],[[-79.949851,-2.150003,0.0],[-79.949857,-2.150124,0.0]],[[-79.949857,-2.150124,0.0],[-79.949872,-2.150242,0.0]],[[-79.949872,-2.150242,0.0],[-79.9499,-2.150355,0.0]],[[-79.949807,-2.149645,0.0],[-79.949773,-2.149774,0.0]],[[-79.949773,-2.149774,0.0],[-79.949755,-2.149854,0.0]],[[-79.949755,-2.149854,0.0],[-79.949745,-2.149954,0.0]],[[-79.949745,-2.149954,0.0],[-79.949742,-2.150027,0.0]],[[-79.949742,-2.150027,0.0],[-79.94975,-2.150149,0.0]],[[-79.94975,-2.150149,0.0],[-79.949766,-2.150267,0.0]],[[-79.949766,-2.150267,0.0],[-79.949798,-2.150401,0.0]],[[-79.949743,-2.150419,0.0],[-79.949709,-2.150278,0.0]],[[-79.949709,-2.150278,0.0],[-79.949692,-2.150155,0.0]],[[-79.949692,-2.150155,0.0],[-79.949684,-2.150027,0.0]],[[-79.949684,-2.150027,0.0],[-79.949687,-2.149949,0.0]],[[-79.949687,-2.149949,0.0],[-79.949697,-2.149845,0.0]],[[-79.949697,-2.149845,0.0],[-79.949717,-2.149759,0.0]],[[-79.949717,-2.149759,0.0],[-79.949752,-2.149626,0.0]],[[-79.949307,-2.146799,0.0],[-79.94922,-2.146729,0.0]],[[-79.94922,-2.146729,0.0],[-79.94902,-2.146613,0.0]],[[-79.94902,-2.146613,0.0],[-79.94857,-2.146372,0.0]],[[-79.94871,-2.146372,0.0],[-79.949052,-2.146555,0.0]],[[-79.949052,-2.146555,0.0],[-79.949257,-2.146675,0.0]],[[-79.949257,-2.146675,0.0],[-79.949352,-2.14675,0.0]],[[-79.949352,-2.14675,0.0],[-79.949431,-2.146835,0.0]],[[-79.949431,-2.146835,0.0],[-79.949532,-2.146958,0.0]],[[-79.949532,-2.146958,0.0],[-79.949724,-2.147209,0.0]],[[-79.949724,-2.147209,0.0],[-79.949832,-2.147353,0.0]],[[-79.949832,-2.147353,0.0],[-79.9499,-2.147476,0.0]],[[-79.9499,-2.147476,0.0],[-79.94995,-2.147608,0.0]],[[-79.94995,-2.147608,0.0],[-79.950007,-2.147865,0.0]],[[-79.950007,-2.147865,0.0],[-79.950059,-2.148136,0.0]],[[-79.950059,-2.148136,0.0],[-79.950156,-2.148644,0.0]],[[-79.950089,-2.148644,0.0],[-79.949994,-2.148149,0.0]],[[-79.949994,-2.148149,0.0],[-79.949943,-2.147879,0.0]],[[-79.949943,-2.147879,0.0],[-79.949887,-2.147627,0.0]],[[-79.949887,-2.147627,0.0],[-79.94984,-2.147505,0.0]],[[-79.94984,-2.147505,0.0],[-79.949777,-2.14739,0.0]],[[-79.949777,-2.14739,0.0],[-79.949672,-2.147249,0.0]],[[-79.949672,-2.147249,0.0],[-79.949481,-2.147,0.0]],[[-79.949481,-2.147,0.0],[-79.949382,-2.146879,0.0]],[[-79.949382,-2.146879,0.0],[-79.949307,-2.146799,0.0]],[[-79.949217,-2.146849,0.0],[-79.949119,-2.146786,0.0]],[[-79.949119,-2.146786,0.0],[-79.948969,-2.146704,0.0]],[[-79.948969,-2.146704,0.0],[-79.948349,-2.146372,0.0]],[[-79.948472,-2.146372,0.0],[-79.948996,-2.146653,0.0]],[[-79.948996,-2.146653,0.0],[-79.949148,-2.146736,0.0]],[[-79.949148,-2.146736,0.0],[-79.949254,-2.146804,0.0]],[[-79.949254,-2.146804,0.0],[-79.949334,-2.14689,0.0]],[[-79.949334,-2.14689,0.0],[-79.949435,-2.147012,0.0]],[[-79.949435,-2.147012,0.0],[-79.949595,-2.147221,0.0]],[[-79.949595,-2.147221,0.0],[-79.949658,-2.147304,0.0]],[[-79.949658,-2.147304,0.0],[-79.949734,-2.147407,0.0]],[[-79.949734,-2.147407,0.0],[-79.949787,-2.147496,0.0]],[[-79.949787,-2.147496,0.0],[-79.94984,-2.147624,0.0]],[[-79.94984,-2.147624,0.0],[-79.949903,-2.147879,0.0]],[[-79.949903,-2.147879,0.0],[-79.949955,-2.14815,0.0]],[[-79.949955,-2.14815,0.0],[-79.950055,-2.148673,0.0]],[[-79.949997,-2.148683,0.0],[-79.949898,-2.148161,0.0]],[[-79.949898,-2.148161,0.0],[-79.949846,-2.147891,0.0]],[[-79.949846,-2.147891,0.0],[-79.949785,-2.147643,0.0]],[[-79.949785,-2.147643,0.0],[-79.949736,-2.147523,0.0]],[[-79.949736,-2.147523,0.0],[-79.949686,-2.147439,0.0]],[[-79.949686,-2.147439,0.0],[-79.949612,-2.14734,0.0]],[[-79.949612,-2.14734,0.0],[-79.949549,-2.147257,0.0]],[[-79.949549,-2.147257,0.0],[-79.949389,-2.147049,0.0]],[[-79.949389,-2.147049,0.0],[-79.949291,-2.146928,0.0]],[[-79.949291,-2.146928,0.0],[-79.949217,-2.146849,0.0]],[[-79.95002,-2.148827,0.0],[-79.949997,-2.148683,0.0]],[[-79.949997,-2.148683,0.0],[-79.94999,-2.148644,0.0]],[[-79.94999,-2.148644,0.0],[-79.950049,-2.148644,0.0]],[[-79.950049,-2.148644,0.0],[-79.950055,-2.148673,0.0]],[[-79.950055,-2.148673,0.0],[-79.950078,-2.148823,0.0]],[[-79.950119,-2.148831,0.0],[-79.950097,-2.148687,0.0]],[[-79.950097,-2.148687,0.0],[-79.950089,-2.148644,0.0]],[[-79.950089,-2.148644,0.0],[-79.950156,-2.148644,0.0]],[[-79.950156,-2.148644,0.0],[-79.950162,-2.148676,0.0]],[[-79.950162,-2.148676,0.0],[-79.950185,-2.148826,0.0]],[[-79.950156,-2.148644,0.0],[-79.950089,-2.148644,0.0]],[[-79.950055,-2.148673,0.0],[-79.950078,-2.148823,0.0]],[[-79.95002,-2.148827,0.0],[-79.949997,-2.148683,0.0]],[[-79.949931,-2.149263,0.0],[-79.949973,-2.149154,0.0]],[[-79.949973,-2.149154,0.0],[-79.949994,-2.149083,0.0]],[[-79.950051,-2.149097,0.0],[-79.950028,-2.149173,0.0]],[[-79.950028,-2.149173,0.0],[-79.949984,-2.149288,0.0]],[[-79.950031,-2.149288,0.0],[-79.950073,-2.14918,0.0]],[[-79.950073,-2.14918,0.0],[-79.950094,-2.14911,0.0]],[[-79.950185,-2.148951,0.0],[-79.950158,-2.149125,0.0]],[[-79.950158,-2.149125,0.0],[-79.950136,-2.149201,0.0]],[[-79.950136,-2.149201,0.0],[-79.950091,-2.149317,0.0]],[[-79.950051,-2.149097,0.0],[-79.950028,-2.149173,0.0]],[[-79.950028,-2.149173,0.0],[-79.949984,-2.149288,0.0]],[[-79.949931,-2.149263,0.0],[-79.949973,-2.149154,0.0]],[[-79.949973,-2.149154,0.0],[-79.949994,-2.149083,0.0]],[[-79.949994,-2.149083,0.0],[-79.95002,-2.148943,0.0]],[[-79.950078,-2.148948,0.0],[-79.950051,-2.149097,0.0]],[[-79.950094,-2.14911,0.0],[-79.950119,-2.148946,0.0]],[[-79.950078,-2.148948,0.0],[-79.950051,-2.149097,0.0]],[[-79.949994,-2.149083,0.0],[-79.95002,-2.148943,0.0]],[[-79.950185,-2.148826,0.0],[-79.950185,-2.148951,0.0]],[[-79.95002,-2.148943,0.0],[-79.95002,-2.148827,0.0]],[[-79.950078,-2.148823,0.0],[-79.950078,-2.148948,0.0]],[[-79.950119,-2.148946,0.0],[-79.950119,-2.148831,0.0]],[[-79.950078,-2.148823,0.0],[-79.950078,-2.148948,0.0]],[[-79.95002,-2.148943,0.0],[-79.95002,-2.148827,0.0]],[[-79.949813,-2.149474,0.0],[-79.949931,-2.149263,0.0]],[[-79.949984,-2.149288,0.0],[-79.949865,-2.149499,0.0]],[[-79.949913,-2.149499,0.0],[-79.950031,-2.149288,0.0]],[[-79.950091,-2.149317,0.0],[-79.949973,-2.149528,0.0]],[[-79.949984,-2.149288,0.0],[-79.949865,-2.149499,0.0]],[[-79.949813,-2.149474,0.0],[-79.949931,-2.149263,0.0]],[[-79.949752,-2.149626,0.0],[-79.949813,-2.149474,0.0]],[[-79.949865,-2.149499,0.0],[-79.949807,-2.149645,0.0]],[[-79.949848,-2.149651,0.0],[-79.949913,-2.149499,0.0]],[[-79.949865,-2.149499,0.0],[-79.949807,-2.149645,0.0]],[[-79.949752,-2.149626,0.0],[-79.949813,-2.149474,0.0]],[[-79.949973,-2.149528,0.0],[-79.94991,-2.149674,0.0]],[[-79.948211,-2.146175,0.0],[-79.948211,-2.146098,0.0]],[[-79.948211,-2.146098,0.0],[-79.948391,-2.146201,0.0]],[[-79.948359,-2.146259,0.0],[-79.948211,-2.146175,0.0]],[[-79.948211,-2.146295,0.0],[-79.948211,-2.146228,0.0]],[[-79.948211,-2.146228,0.0],[-79.948336,-2.146299,0.0]],[[-79.948336,-2.146299,0.0],[-79.948472,-2.146372,0.0]],[[-79.948349,-2.146372,0.0],[-79.948308,-2.14635,0.0]],[[-79.948308,-2.14635,0.0],[-79.948211,-2.146295,0.0]],[[-79.947161,-2.14528,0.0],[-79.947729,-2.145758,0.0]],[[-79.947729,-2.145758,0.0],[-79.947979,-2.145967,0.0]],[[-79.947979,-2.145967,0.0],[-79.948211,-2.146098,0.0]],[[-79.948211,-2.146098,0.0],[-79.948211,-2.146175,0.0]],[[-79.948211,-2.146175,0.0],[-79.947942,-2.146022,0.0]],[[-79.947942,-2.146022,0.0],[-79.947687,-2.145809,0.0]],[[-79.947687,-2.145809,0.0],[-79.947119,-2.14533,0.0]],[[-79.947105,-2.145377,0.0],[-79.947673,-2.145855,0.0]],[[-79.947673,-2.145855,0.0],[-79.947924,-2.146065,0.0]],[[-79.947924,-2.146065,0.0],[-79.948211,-2.146228,0.0]],[[-79.948211,-2.146228,0.0],[-79.948211,-2.146295,0.0]],[[-79.948211,-2.146295,0.0],[-79.947891,-2.146113,0.0]],[[-79.947891,-2.146113,0.0],[-79.947636,-2.1459,0.0]],[[-79.947636,-2.1459,0.0],[-79.947068,-2.145421,0.0]],[[-79.94857,-2.146372,0.0],[-79.94871,-2.146372,0.0]],[[-79.948391,-2.146201,0.0],[-79.94871,-2.146372,0.0]],[[-79.94871,-2.146372,0.0],[-79.94857,-2.146372,0.0]],[[-79.94857,-2.146372,0.0],[-79.948359,-2.146259,0.0]],[[-79.948472,-2.146372,0.0],[-79.948349,-2.146372,0.0]],[[-79.948349,-2.146372,0.0],[-79.948472,-2.146372,0.0]],[[-79.946862,-2.144994,0.0],[-79.946938,-2.145085,0.0]],[[-79.946938,-2.145085,0.0],[-79.947161,-2.14528,0.0]],[[-79.947119,-2.14533,0.0],[-79.946891,-2.145131,0.0]],[[-79.946891,-2.145131,0.0],[-79.94681,-2.145035,0.0]],[[-79.94681,-2.145035,0.0],[-79.94674,-2.144934,0.0]],[[-79.946699,-2.14495,0.0],[-79.94678,-2.145066,0.0]],[[-79.94678,-2.145066,0.0],[-79.946857,-2.145157,0.0]],[[-79.946857,-2.145157,0.0],[-79.947105,-2.145377,0.0]],[[-79.947068,-2.145421,0.0],[-79.946815,-2.145198,0.0]],[[-79.946815,-2.145198,0.0],[-79.946734,-2.145102,0.0]],[[-79.947065,-2.142739,0.0],[-79.947131,-2.142739,0.0]],[[-79.947131,-2.142739,0.0],[-79.947126,-2.142809,0.0]],[[-79.947126,-2.142809,0.0],[-79.94701,-2.143184,0.0]],[[-79.94701,-2.143184,0.0],[-79.946916,-2.143452,0.0]],[[-79.946854,-2.143431,0.0],[-79.946947,-2.143164,0.0]],[[-79.946947,-2.143164,0.0],[-79.94706,-2.142796,0.0]],[[-79.94706,-2.142796,0.0],[-79.947065,-2.142739,0.0]],[[-79.946752,-2.143423,0.0],[-79.946845,-2.143156,0.0]],[[-79.946845,-2.143156,0.0],[-79.946958,-2.142788,0.0]],[[-79.946958,-2.142788,0.0],[-79.946962,-2.142739,0.0]],[[-79.946962,-2.142739,0.0],[-79.94702,-2.142739,0.0]],[[-79.94702,-2.142739,0.0],[-79.947016,-2.142799,0.0]],[[-79.947016,-2.142799,0.0],[-79.9469,-2.143174,0.0]],[[-79.9469,-2.143174,0.0],[-79.946807,-2.143441,0.0]],[[-79.946958,-2.142343,0.0],[-79.94699,-2.142496,0.0]],[[-79.94699,-2.142496,0.0],[-79.947026,-2.142668,0.0]],[[-79.947026,-2.142668,0.0],[-79.94702,-2.142739,0.0]],[[-79.94702,-2.142739,0.0],[-79.946962,-2.142739,0.0]],[[-79.946962,-2.142739,0.0],[-79.946967,-2.142672,0.0]],[[-79.946967,-2.142672,0.0],[-79.946933,-2.142508,0.0]],[[-79.946933,-2.142508,0.0],[-79.946901,-2.142354,0.0]],[[-79.94707,-2.142334,0.0],[-79.9471,-2.142493,0.0]],[[-79.9471,-2.142493,0.0],[-79.947136,-2.142677,0.0]],[[-79.947136,-2.142677,0.0],[-79.947131,-2.142739,0.0]],[[-79.947131,-2.142739,0.0],[-79.947065,-2.142739,0.0]],[[-79.947065,-2.142739,0.0],[-79.947069,-2.142681,0.0]],[[-79.947069,-2.142681,0.0],[-79.947036,-2.142505,0.0]],[[-79.947036,-2.142505,0.0],[-79.947006,-2.142348,0.0]],[[-79.946901,-2.142354,0.0],[-79.946866,-2.142182,0.0]],[[-79.946866,-2.142182,0.0],[-79.946923,-2.142168,0.0]],[[-79.946923,-2.142168,0.0],[-79.946958,-2.142343,0.0]],[[-79.947006,-2.142348,0.0],[-79.94696,-2.142159,0.0]],[[-79.94696,-2.142159,0.0],[-79.947024,-2.142143,0.0]],[[-79.947024,-2.142143,0.0],[-79.94707,-2.142334,0.0]],[[-79.946916,-2.143452,0.0],[-79.946834,-2.143714,0.0]],[[-79.946834,-2.143714,0.0],[-79.946742,-2.14398,0.0]],[[-79.946742,-2.14398,0.0],[-79.946686,-2.144165,0.0]],[[-79.946686,-2.144165,0.0],[-79.946664,-2.144321,0.0]],[[-79.946664,-2.144321,0.0],[-79.946664,-2.144481,0.0]],[[-79.946598,-2.144485,0.0],[-79.946598,-2.144317,0.0]],[[-79.946598,-2.144317,0.0],[-79.946622,-2.144151,0.0]],[[-79.946622,-2.144151,0.0],[-79.94668,-2.143959,0.0]],[[-79.94668,-2.143959,0.0],[-79.946771,-2.143693,0.0]],[[-79.946771,-2.143693,0.0],[-79.946854,-2.143431,0.0]],[[-79.946502,-2.144499,0.0],[-79.946496,-2.144332,0.0]],[[-79.946496,-2.144332,0.0],[-79.94652,-2.144143,0.0]],[[-79.94652,-2.144143,0.0],[-79.946578,-2.143951,0.0]],[[-79.946578,-2.143951,0.0],[-79.946669,-2.143685,0.0]],[[-79.946669,-2.143685,0.0],[-79.946752,-2.143423,0.0]],[[-79.946807,-2.143441,0.0],[-79.946724,-2.143704,0.0]],[[-79.946724,-2.143704,0.0],[-79.946633,-2.143969,0.0]],[[-79.946633,-2.143969,0.0],[-79.946577,-2.144155,0.0]],[[-79.946577,-2.144155,0.0],[-79.946554,-2.144334,0.0]],[[-79.946554,-2.144334,0.0],[-79.94656,-2.144494,0.0]],[[-79.946664,-2.144481,0.0],[-79.946678,-2.144583,0.0]],[[-79.946678,-2.144583,0.0],[-79.946716,-2.14472,0.0]],[[-79.946716,-2.14472,0.0],[-79.946797,-2.144901,0.0]],[[-79.94674,-2.144934,0.0],[-79.946654,-2.144743,0.0]],[[-79.946654,-2.144743,0.0],[-79.946614,-2.144597,0.0]],[[-79.946614,-2.144597,0.0],[-79.946598,-2.144485,0.0]],[[-79.946523,-2.144643,0.0],[-79.946502,-2.144499,0.0]],[[-79.94656,-2.144494,0.0],[-79.94658,-2.144631,0.0]],[[-79.94658,-2.144631,0.0],[-79.946617,-2.144768,0.0]],[[-79.946617,-2.144768,0.0],[-79.946699,-2.14495,0.0]],[[-79.946563,-2.144788,0.0],[-79.946523,-2.144643,0.0]],[[-79.946797,-2.144901,0.0],[-79.946862,-2.144994,0.0]],[[-79.946734,-2.145102,0.0],[-79.946649,-2.144979,0.0]],[[-79.946649,-2.144979,0.0],[-79.946563,-2.144788,0.0]]]}}
]
}
