{
"type": "FeatureCollection",
"name": "parqueos",
"crs": { "type": "name", "properties": { "name": "urn:ogc:def:crs:EPSG::32717" } },
"xy_coordinate_resolution": 1e-07,
"features": [
{"type":"Feature","properties":{"Layer":"SH parqueos ESPOL"},"geometry":{"type":"MultiPolygon","coordinates":[[[[614777.3936096,9763202.2103846,0.0],[614778.9784142,9763204.1438774,0.0],[614782.8453998,9763200.9742682,0.0],[614781.2605952,9763199.0407754,0.0],[614777.3936096,9763202.2103846,0.0]]]]}},
{"type":"Feature","properties":{"Layer":"SH parqueos ESPOL"},"geometry":{"type":"MultiPolygon","coordinates":[[[[614777.68131,9763198.742465,0.0],[614779.2963825,9763200.6507472,0.0],[614783.1129469,9763197.4206023,0.0],[614781.4978745,9763195.5123201,0.0],[614777.68131,9763198.742465,0.0]]]]}},
{"type":"Feature","properties":{"Layer":"SH parqueos ESPOL"},"geometry":{"type":"MultiPolygon","coordinates":[[[[614778.0434153,9763195.1825326,0.0],[614779.6282199,9763197.1160254,0.0],[614783.4952055,9763193.9464163,0.0],[614781.9104009,9763192.0129235,0.0],[614778.0434153,9763195.1825326,0.0]]]]}},
{"type":"Feature","properties":{"Layer":"SH parqueos ESPOL"},"geometry":{"type":"MultiPolygon","coordinates":[[[[614778.2192037,9763191.8064666,0.0],[614779.8390729,9763193.7106786,0.0],[614783.647497,9763190.47094,0.0],[614782.0276277,9763188.566728,0.0],[614778.2192037,9763191.8064666,0.0]]]]}},
{"type":"Feature","properties":{"Layer":"SH parqueos ESPOL"},"geometry":{"type":"MultiPolygon","coordinates":[[[[614778.5005847,9763188.285184,0.0],[614780.1221956,9763190.187913,0.0],[614783.9276538,9763186.9446911,0.0],[614782.3060428,9763185.0419621,0.0],[614778.5005847,9763188.285184,0.0]]]]}},
{"type":"Feature","properties":{"Layer":"SH parqueos ESPOL"},"geometry":{"type":"MultiPolygon","coordinates":[[[[614778.7116899,9763184.8205167,0.0],[614780.3342446,9763186.7224411,0.0],[614784.1380933,9763183.4773318,0.0],[614782.5155387,9763181.5754074,0.0],[614778.7116899,9763184.8205167,0.0]]]]}},
{"type":"Feature","properties":{"Layer":"SH parqueos ESPOL"},"geometry":{"type":"MultiPolygon","coordinates":[[[[614778.923287,9763181.3538562,0.0],[614780.544966,9763183.2565272,0.0],[614784.3503081,9763180.0131691,0.0],[614782.7286291,9763178.1104981,0.0],[614778.923287,9763181.3538562,0.0]]]]}},
{"type":"Feature","properties":{"Layer":"SH parqueos ESPOL"},"geometry":{"type":"MultiPolygon","coordinates":[[[[614779.1108494,9763177.6692878,0.0],[614780.7591871,9763179.5489108,0.0],[614784.5184332,9763176.2522354,0.0],[614782.8700955,9763174.3726123,0.0],[614779.1108494,9763177.6692878,0.0]]]]}},
{"type":"Feature","properties":{"Layer":"SH parqueos ESPOL"},"geometry":{"type":"MultiPolygon","coordinates":[[[[614775.4601295,9763176.4547773,0.0],[614777.9552256,9763176.6112876,0.0],[614778.2682462,9763171.6210954,0.0],[614775.7731502,9763171.4645851,0.0],[614775.4601295,9763176.4547773,0.0]]]]}},
{"type":"Feature","properties":{"Layer":"SH parqueos ESPOL"},"geometry":{"type":"MultiPolygon","coordinates":[[[[614773.0648373,9763176.3045274,0.0],[614775.5599334,9763176.4610377,0.0],[614775.872954,9763171.4708455,0.0],[614773.3778579,9763171.3143352,0.0],[614773.0648373,9763176.3045274,0.0]]]]}},
{"type":"Feature","properties":{"Layer":"SH parqueos ESPOL"},"geometry":{"type":"MultiPolygon","coordinates":[[[[614770.669545,9763176.1542775,0.0],[614773.1646411,9763176.3107878,0.0],[614773.4776617,9763171.3205956,0.0],[614770.9825657,9763171.1640853,0.0],[614770.669545,9763176.1542775,0.0]]]]}},
{"type":"Feature","properties":{"Layer":"SH parqueos ESPOL"},"geometry":{"type":"MultiPolygon","coordinates":[[[[614768.2742528,9763176.0040276,0.0],[614770.7693489,9763176.1605379,0.0],[614771.0823695,9763171.1703457,0.0],[614768.5872734,9763171.0138354,0.0],[614768.2742528,9763176.0040276,0.0]]]]}},
{"type":"Feature","properties":{"Layer":"SH parqueos ESPOL"},"geometry":{"type":"MultiPolygon","coordinates":[[[[614765.8789605,9763175.8537777,0.0],[614768.3740566,9763176.010288,0.0],[614768.6870772,9763171.0200958,0.0],[614766.1919811,9763170.8635855,0.0],[614765.8789605,9763175.8537777,0.0]]]]}},
{"type":"Feature","properties":{"Layer":"SH parqueos ESPOL"},"geometry":{"type":"MultiPolygon","coordinates":[[[[614859.5736106,9763164.7869921,0.0],[614862.0684694,9763164.9472405,0.0],[614862.3889662,9763159.9575229,0.0],[614859.8941074,9763159.7972745,0.0],[614859.5736106,9763164.7869921,0.0]]]]}},
{"type":"Feature","properties":{"Layer":"SH parqueos ESPOL"},"geometry":{"type":"MultiPolygon","coordinates":[[[[614857.1785461,9763164.6331536,0.0],[614859.6734049,9763164.793402,0.0],[614859.9939018,9763159.8036844,0.0],[614857.499043,9763159.643436,0.0],[614857.1785461,9763164.6331536,0.0]]]]}},
{"type":"Feature","properties":{"Layer":"SH parqueos ESPOL"},"geometry":{"type":"MultiPolygon","coordinates":[[[[614854.7834817,9763164.4793151,0.0],[614857.2783405,9763164.6395636,0.0],[614857.5988373,9763159.649846,0.0],[614855.1039785,9763159.4895975,0.0],[614854.7834817,9763164.4793151,0.0]]]]}},
{"type":"Feature","properties":{"Layer":"SH parqueos ESPOL"},"geometry":{"type":"MultiPolygon","coordinates":[[[[614852.3884172,9763164.3254767,0.0],[614854.883276,9763164.4857251,0.0],[614855.2037728,9763159.4960075,0.0],[614852.708914,9763159.3357591,0.0],[614852.3884172,9763164.3254767,0.0]]]]}},
{"type":"Feature","properties":{"Layer":"SH parqueos ESPOL"},"geometry":{"type":"MultiPolygon","coordinates":[[[[614849.9933528,9763164.1716382,0.0],[614852.4882116,9763164.3318866,0.0],[614852.8087084,9763159.342169,0.0],[614850.3138496,9763159.1819206,0.0],[614849.9933528,9763164.1716382,0.0]]]]}},
{"type":"Feature","properties":{"Layer":"SH parqueos ESPOL"},"geometry":{"type":"MultiPolygon","coordinates":[[[[614847.5982883,9763164.0177997,0.0],[614850.0931471,9763164.1780481,0.0],[614850.4136439,9763159.1883305,0.0],[614847.9187851,9763159.0280821,0.0],[614847.5982883,9763164.0177997,0.0]]]]}},
{"type":"Feature","properties":{"Layer":"SH parqueos ESPOL"},"geometry":{"type":"MultiPolygon","coordinates":[[[[614845.2032238,9763163.8639612,0.0],[614847.6980827,9763164.0242096,0.0],[614848.0185795,9763159.034492,0.0],[614845.5237207,9763158.8742436,0.0],[614845.2032238,9763163.8639612,0.0]]]]}},
{"type":"Feature","properties":{"Layer":"SH parqueos ESPOL"},"geometry":{"type":"MultiPolygon","coordinates":[[[[614842.8081594,9763163.7101227,0.0],[614845.3030182,9763163.8703711,0.0],[614845.623515,9763158.8806535,0.0],[614843.1286562,9763158.7204051,0.0],[614842.8081594,9763163.7101227,0.0]]]]}},
{"type":"Feature","properties":{"Layer":"SH parqueos ESPOL"},"geometry":{"type":"MultiPolygon","coordinates":[[[[614867.712122,9763162.0262716,0.0],[614867.5518735,9763164.5211304,0.0],[614872.5415911,9763164.8416273,0.0],[614872.7018396,9763162.3467685,0.0],[614867.712122,9763162.0262716,0.0]]]]}},
{"type":"Feature","properties":{"Layer":"SH parqueos ESPOL"},"geometry":{"type":"MultiPolygon","coordinates":[[[[614867.8659605,9763159.6312071,0.0],[614867.705712,9763162.1260659,0.0],[614872.6954296,9763162.4465628,0.0],[614872.8556781,9763159.951704,0.0],[614867.8659605,9763159.6312071,0.0]]]]}},
{"type":"Feature","properties":{"Layer":"SH parqueos ESPOL"},"geometry":{"type":"MultiPolygon","coordinates":[[[[614868.019799,9763157.2361427,0.0],[614867.8595505,9763159.7310015,0.0],[614872.8492681,9763160.0514984,0.0],[614873.0095166,9763157.5566396,0.0],[614868.019799,9763157.2361427,0.0]]]]}},
{"type":"Feature","properties":{"Layer":"SH parqueos ESPOL"},"geometry":{"type":"MultiPolygon","coordinates":[[[[614868.1736375,9763154.8410782,0.0],[614868.013389,9763157.335937,0.0],[614873.0031066,9763157.6564339,0.0],[614873.1633551,9763155.1615751,0.0],[614868.1736375,9763154.8410782,0.0]]]]}},
{"type":"Feature","properties":{"Layer":"SH parqueos ESPOL"},"geometry":{"type":"MultiPolygon","coordinates":[[[[614868.327476,9763152.4460138,0.0],[614868.1672276,9763154.9408726,0.0],[614873.1569452,9763155.2613695,0.0],[614873.3171936,9763152.7665107,0.0],[614868.327476,9763152.4460138,0.0]]]]}},
{"type":"Feature","properties":{"Layer":"SH parqueos ESPOL"},"geometry":{"type":"MultiPolygon","coordinates":[[[[614868.4813145,9763150.0509493,0.0],[614868.3210661,9763152.5458081,0.0],[614873.3107837,9763152.866305,0.0],[614873.4710321,9763150.3714462,0.0],[614868.4813145,9763150.0509493,0.0]]]]}},
{"type":"Feature","properties":{"Layer":"SH parqueos ESPOL"},"geometry":{"type":"MultiPolygon","coordinates":[[[[614868.635153,9763147.6558849,0.0],[614868.4749046,9763150.1507437,0.0],[614873.4646222,9763150.4712406,0.0],[614873.6248706,9763147.9763818,0.0],[614868.635153,9763147.6558849,0.0]]]]}},
{"type":"Feature","properties":{"Layer":"SH parqueos ESPOL"},"geometry":{"type":"MultiPolygon","coordinates":[[[[614861.1823824,9763150.9348507,0.0],[614863.6772412,9763151.0950991,0.0],[614863.997738,9763146.1053815,0.0],[614861.5028792,9763145.9451331,0.0],[614861.1823824,9763150.9348507,0.0]]]]}},
{"type":"Feature","properties":{"Layer":"SH parqueos ESPOL"},"geometry":{"type":"MultiPolygon","coordinates":[[[[614858.7873179,9763150.7810122,0.0],[614861.2821767,9763150.9412606,0.0],[614861.6026736,9763145.951543,0.0],[614859.1078148,9763145.7912946,0.0],[614858.7873179,9763150.7810122,0.0]]]]}},
{"type":"Feature","properties":{"Layer":"SH parqueos ESPOL"},"geometry":{"type":"MultiPolygon","coordinates":[[[[614856.3922535,9763150.6271737,0.0],[614858.8871123,9763150.7874222,0.0],[614859.2076091,9763145.7977046,0.0],[614856.7127503,9763145.6374561,0.0],[614856.3922535,9763150.6271737,0.0]]]]}},
{"type":"Feature","properties":{"Layer":"SH parqueos ESPOL"},"geometry":{"type":"MultiPolygon","coordinates":[[[[614853.997189,9763150.4733353,0.0],[614856.4920478,9763150.6335837,0.0],[614856.8125447,9763145.6438661,0.0],[614854.3176859,9763145.4836176,0.0],[614853.997189,9763150.4733353,0.0]]]]}},
{"type":"Feature","properties":{"Layer":"SH parqueos ESPOL"},"geometry":{"type":"MultiPolygon","coordinates":[[[[614851.6021246,9763150.3194968,0.0],[614854.0969834,9763150.4797452,0.0],[614854.4174802,9763145.4900276,0.0],[614851.9226214,9763145.3297792,0.0],[614851.6021246,9763150.3194968,0.0]]]]}},
{"type":"Feature","properties":{"Layer":"SH parqueos ESPOL"},"geometry":{"type":"MultiPolygon","coordinates":[[[[614849.2070601,9763150.1656583,0.0],[614851.7019189,9763150.3259067,0.0],[614852.0224158,9763145.3361891,0.0],[614849.527557,9763145.1759407,0.0],[614849.2070601,9763150.1656583,0.0]]]]}},
{"type":"Feature","properties":{"Layer":"SH parqueos ESPOL"},"geometry":{"type":"MultiPolygon","coordinates":[[[[614846.8119957,9763150.0118198,0.0],[614849.3068545,9763150.1720682,0.0],[614849.6273513,9763145.1823506,0.0],[614847.1324925,9763145.0221022,0.0],[614846.8119957,9763150.0118198,0.0]]]]}},
{"type":"Feature","properties":{"Layer":"SH parqueos ESPOL"},"geometry":{"type":"MultiPolygon","coordinates":[[[[614844.4169312,9763149.8579813,0.0],[614846.91179,9763150.0182297,0.0],[614847.2322869,9763145.0285121,0.0],[614844.7374281,9763144.8682637,0.0],[614844.4169312,9763149.8579813,0.0]]]]}},
{"type":"Feature","properties":{"Layer":"SH parqueos ESPOL"},"geometry":{"type":"MultiPolygon","coordinates":[[[[614842.0218668,9763149.7041428,0.0],[614844.5167256,9763149.8643912,0.0],[614844.8372224,9763144.8746736,0.0],[614842.3423636,9763144.7144252,0.0],[614842.0218668,9763149.7041428,0.0]]]]}},
{"type":"Feature","properties":{"Layer":"SH parqueos ESPOL"},"geometry":{"type":"MultiPolygon","coordinates":[[[[614839.6268023,9763149.5503043,0.0],[614842.1216611,9763149.7105528,0.0],[614842.442158,9763144.7208352,0.0],[614839.9472992,9763144.5605867,0.0],[614839.6268023,9763149.5503043,0.0]]]]}},
{"type":"Feature","properties":{"Layer":"SH parqueos ESPOL"},"geometry":{"type":"MultiPolygon","coordinates":[[[[614853.5346663,9763138.3942818,0.0],[614856.0295252,9763138.5545302,0.0],[614856.350022,9763133.5648126,0.0],[614853.8551632,9763133.4045642,0.0],[614853.5346663,9763138.3942818,0.0]]]]}},
{"type":"Feature","properties":{"Layer":"SH parqueos ESPOL"},"geometry":{"type":"MultiPolygon","coordinates":[[[[614851.1396019,9763138.2404433,0.0],[614853.6344607,9763138.4006917,0.0],[614853.9549575,9763133.4109741,0.0],[614851.4600987,9763133.2507257,0.0],[614851.1396019,9763138.2404433,0.0]]]]}},
{"type":"Feature","properties":{"Layer":"SH parqueos ESPOL"},"geometry":{"type":"MultiPolygon","coordinates":[[[[614848.7445374,9763138.0866048,0.0],[614851.2393962,9763138.2468532,0.0],[614851.5598931,9763133.2571356,0.0],[614849.0650343,9763133.0968872,0.0],[614848.7445374,9763138.0866048,0.0]]]]}},
{"type":"Feature","properties":{"Layer":"SH parqueos ESPOL"},"geometry":{"type":"MultiPolygon","coordinates":[[[[614846.349473,9763137.9327663,0.0],[614848.8443318,9763138.0930147,0.0],[614849.1648286,9763133.1032971,0.0],[614846.6699698,9763132.9430487,0.0],[614846.349473,9763137.9327663,0.0]]]]}},
{"type":"Feature","properties":{"Layer":"SH parqueos ESPOL"},"geometry":{"type":"MultiPolygon","coordinates":[[[[614843.9544085,9763137.7789278,0.0],[614846.4492673,9763137.9391763,0.0],[614846.7697642,9763132.9494586,0.0],[614844.2749054,9763132.7892102,0.0],[614843.9544085,9763137.7789278,0.0]]]]}},
{"type":"Feature","properties":{"Layer":"SH parqueos ESPOL"},"geometry":{"type":"MultiPolygon","coordinates":[[[[614841.5593441,9763137.6250893,0.0],[614844.0542029,9763137.7853378,0.0],[614844.3746997,9763132.7956202,0.0],[614841.8798409,9763132.6353717,0.0],[614841.5593441,9763137.6250893,0.0]]]]}},
{"type":"Feature","properties":{"Layer":"SH parqueos ESPOL"},"geometry":{"type":"MultiPolygon","coordinates":[[[[614839.1642796,9763137.4712509,0.0],[614841.6591384,9763137.6314993,0.0],[614841.9796353,9763132.6417817,0.0],[614839.4847765,9763132.4815333,0.0],[614839.1642796,9763137.4712509,0.0]]]]}},
{"type":"Feature","properties":{"Layer":"SH parqueos ESPOL"},"geometry":{"type":"MultiPolygon","coordinates":[[[[614836.7692152,9763137.3174124,0.0],[614839.264074,9763137.4776608,0.0],[614839.5845708,9763132.4879432,0.0],[614837.089712,9763132.3276948,0.0],[614836.7692152,9763137.3174124,0.0]]]]}},
{"type":"Feature","properties":{"Layer":"SH parqueos ESPOL"},"geometry":{"type":"MultiPolygon","coordinates":[[[[614858.3247952,9763138.7019587,0.0],[614860.8196541,9763138.8622072,0.0],[614861.1401509,9763133.8724896,0.0],[614858.6452921,9763133.7122411,0.0],[614858.3247952,9763138.7019587,0.0]]]]}},
{"type":"Feature","properties":{"Layer":"SH parqueos ESPOL"},"geometry":{"type":"MultiPolygon","coordinates":[[[[614855.9297308,9763138.5481203,0.0],[614858.4245896,9763138.7083687,0.0],[614858.7450864,9763133.7186511,0.0],[614856.2502276,9763133.5584027,0.0],[614855.9297308,9763138.5481203,0.0]]]]}},
{"type":"Feature","properties":{"Layer":"SH parqueos ESPOL"},"geometry":{"type":"MultiPolygon","coordinates":[[[[614863.1149242,9763139.0096357,0.0],[614865.609783,9763139.1698841,0.0],[614865.9302798,9763134.1801665,0.0],[614863.435421,9763134.0199181,0.0],[614863.1149242,9763139.0096357,0.0]]]]}},
{"type":"Feature","properties":{"Layer":"SH parqueos ESPOL"},"geometry":{"type":"MultiPolygon","coordinates":[[[[614860.7198597,9763138.8557972,0.0],[614863.2147185,9763139.0160456,0.0],[614863.5352153,9763134.026328,0.0],[614861.0403565,9763133.8660796,0.0],[614860.7198597,9763138.8557972,0.0]]]]}},
{"type":"Feature","properties":{"Layer":"SH parqueos ESPOL"},"geometry":{"type":"MultiPolygon","coordinates":[[[[614867.9050531,9763139.3173127,0.0],[614870.3999119,9763139.4775611,0.0],[614870.7204087,9763134.4878435,0.0],[614868.2255499,9763134.3275951,0.0],[614867.9050531,9763139.3173127,0.0]]]]}},
{"type":"Feature","properties":{"Layer":"SH parqueos ESPOL"},"geometry":{"type":"MultiPolygon","coordinates":[[[[614865.5099886,9763139.1634742,0.0],[614868.0048474,9763139.3237226,0.0],[614868.3253442,9763134.334005,0.0],[614865.8304854,9763134.1737566,0.0],[614865.5099886,9763139.1634742,0.0]]]]}},
{"type":"Feature","properties":{"Layer":"SH parqueos ESPOL"},"geometry":{"type":"MultiPolygon","coordinates":[[[[614853.9672725,9763131.6591702,0.0],[614856.4621313,9763131.8194186,0.0],[614856.7826281,9763126.829701,0.0],[614854.2877693,9763126.6694526,0.0],[614853.9672725,9763131.6591702,0.0]]]]}},
{"type":"Feature","properties":{"Layer":"SH parqueos ESPOL"},"geometry":{"type":"MultiPolygon","coordinates":[[[[614851.572208,9763131.5053317,0.0],[614854.0670668,9763131.6655802,0.0],[614854.3875637,9763126.6758625,0.0],[614851.8927049,9763126.5156141,0.0],[614851.572208,9763131.5053317,0.0]]]]}},
{"type":"Feature","properties":{"Layer":"SH parqueos ESPOL"},"geometry":{"type":"MultiPolygon","coordinates":[[[[614849.1771436,9763131.3514932,0.0],[614851.6720024,9763131.5117417,0.0],[614851.9924992,9763126.5220241,0.0],[614849.4976404,9763126.3617756,0.0],[614849.1771436,9763131.3514932,0.0]]]]}},
{"type":"Feature","properties":{"Layer":"SH parqueos ESPOL"},"geometry":{"type":"MultiPolygon","coordinates":[[[[614846.7820791,9763131.1976548,0.0],[614849.2769379,9763131.3579032,0.0],[614849.5974348,9763126.3681856,0.0],[614847.102576,9763126.2079372,0.0],[614846.7820791,9763131.1976548,0.0]]]]}},
{"type":"Feature","properties":{"Layer":"SH parqueos ESPOL"},"geometry":{"type":"MultiPolygon","coordinates":[[[[614844.3870147,9763131.0438163,0.0],[614846.8818735,9763131.2040647,0.0],[614847.2023703,9763126.2143471,0.0],[614844.7075115,9763126.0540987,0.0],[614844.3870147,9763131.0438163,0.0]]]]}},
{"type":"Feature","properties":{"Layer":"SH parqueos ESPOL"},"geometry":{"type":"MultiPolygon","coordinates":[[[[614841.9919502,9763130.8899778,0.0],[614844.486809,9763131.0502262,0.0],[614844.8073059,9763126.0605086,0.0],[614842.3124471,9763125.9002602,0.0],[614841.9919502,9763130.8899778,0.0]]]]}},
{"type":"Feature","properties":{"Layer":"SH parqueos ESPOL"},"geometry":{"type":"MultiPolygon","coordinates":[[[[614839.5968858,9763130.7361393,0.0],[614842.0917446,9763130.8963877,0.0],[614842.4122414,9763125.9066701,0.0],[614839.9173826,9763125.7464217,0.0],[614839.5968858,9763130.7361393,0.0]]]]}},
{"type":"Feature","properties":{"Layer":"SH parqueos ESPOL"},"geometry":{"type":"MultiPolygon","coordinates":[[[[614837.2018213,9763130.5823008,0.0],[614839.6966801,9763130.7425492,0.0],[614840.017177,9763125.7528316,0.0],[614837.5223181,9763125.5925832,0.0],[614837.2018213,9763130.5823008,0.0]]]]}},
{"type":"Feature","properties":{"Layer":"SH parqueos ESPOL"},"geometry":{"type":"MultiPolygon","coordinates":[[[[614858.7574014,9763131.9668472,0.0],[614861.2522602,9763132.1270956,0.0],[614861.572757,9763127.137378,0.0],[614859.0778982,9763126.9771296,0.0],[614858.7574014,9763131.9668472,0.0]]]]}},
{"type":"Feature","properties":{"Layer":"SH parqueos ESPOL"},"geometry":{"type":"MultiPolygon","coordinates":[[[[614856.3623369,9763131.8130087,0.0],[614858.8571957,9763131.9732571,0.0],[614859.1776926,9763126.9835395,0.0],[614856.6828338,9763126.8232911,0.0],[614856.3623369,9763131.8130087,0.0]]]]}},
{"type":"Feature","properties":{"Layer":"SH parqueos ESPOL"},"geometry":{"type":"MultiPolygon","coordinates":[[[[614863.5475303,9763132.2745242,0.0],[614866.0423891,9763132.4347726,0.0],[614866.3628859,9763127.445055,0.0],[614863.8680271,9763127.2848065,0.0],[614863.5475303,9763132.2745242,0.0]]]]}},
{"type":"Feature","properties":{"Layer":"SH parqueos ESPOL"},"geometry":{"type":"MultiPolygon","coordinates":[[[[614861.1524658,9763132.1206857,0.0],[614863.6473246,9763132.2809341,0.0],[614863.9678215,9763127.2912165,0.0],[614861.4729627,9763127.1309681,0.0],[614861.1524658,9763132.1206857,0.0]]]]}},
{"type":"Feature","properties":{"Layer":"SH parqueos ESPOL"},"geometry":{"type":"MultiPolygon","coordinates":[[[[614868.3376592,9763132.5822011,0.0],[614870.832518,9763132.7424495,0.0],[614871.1530148,9763127.7527319,0.0],[614868.658156,9763127.5924835,0.0],[614868.3376592,9763132.5822011,0.0]]]]}},
{"type":"Feature","properties":{"Layer":"SH parqueos ESPOL"},"geometry":{"type":"MultiPolygon","coordinates":[[[[614865.9425947,9763132.4283626,0.0],[614868.4374535,9763132.5886111,0.0],[614868.7579504,9763127.5988935,0.0],[614866.2630916,9763127.438645,0.0],[614865.9425947,9763132.4283626,0.0]]]]}},
{"type":"Feature","properties":{"Layer":"SH parqueos ESPOL"},"geometry":{"type":"MultiPolygon","coordinates":[[[[614858.0386267,9763121.904597,0.0],[614860.5334855,9763122.0648454,0.0],[614860.8539824,9763117.0751278,0.0],[614858.3591236,9763116.9148794,0.0],[614858.0386267,9763121.904597,0.0]]]]}},
{"type":"Feature","properties":{"Layer":"SH parqueos ESPOL"},"geometry":{"type":"MultiPolygon","coordinates":[[[[614855.6435623,9763121.7507585,0.0],[614858.1384211,9763121.9110069,0.0],[614858.4589179,9763116.9212893,0.0],[614855.9640591,9763116.7610409,0.0],[614855.6435623,9763121.7507585,0.0]]]]}},
{"type":"Feature","properties":{"Layer":"SH parqueos ESPOL"},"geometry":{"type":"MultiPolygon","coordinates":[[[[614853.2484978,9763121.59692,0.0],[614855.7433566,9763121.7571685,0.0],[614856.0638535,9763116.7674509,0.0],[614853.5689947,9763116.6072024,0.0],[614853.2484978,9763121.59692,0.0]]]]}},
{"type":"Feature","properties":{"Layer":"SH parqueos ESPOL"},"geometry":{"type":"MultiPolygon","coordinates":[[[[614850.8534334,9763121.4430816,0.0],[614853.3482922,9763121.60333,0.0],[614853.668789,9763116.6136124,0.0],[614851.1739302,9763116.4533639,0.0],[614850.8534334,9763121.4430816,0.0]]]]}},
{"type":"Feature","properties":{"Layer":"SH parqueos ESPOL"},"geometry":{"type":"MultiPolygon","coordinates":[[[[614848.4583689,9763121.2892431,0.0],[614850.9532277,9763121.4494915,0.0],[614851.2737246,9763116.4597739,0.0],[614848.7788658,9763116.2995255,0.0],[614848.4583689,9763121.2892431,0.0]]]]}},
{"type":"Feature","properties":{"Layer":"SH parqueos ESPOL"},"geometry":{"type":"MultiPolygon","coordinates":[[[[614846.0633045,9763121.1354046,0.0],[614848.5581633,9763121.295653,0.0],[614848.8786601,9763116.3059354,0.0],[614846.3838013,9763116.145687,0.0],[614846.0633045,9763121.1354046,0.0]]]]}},
{"type":"Feature","properties":{"Layer":"SH parqueos ESPOL"},"geometry":{"type":"MultiPolygon","coordinates":[[[[614843.66824,9763120.9815661,0.0],[614846.1630988,9763121.1418145,0.0],[614846.4835957,9763116.1520969,0.0],[614843.9887369,9763115.9918485,0.0],[614843.66824,9763120.9815661,0.0]]]]}},
{"type":"Feature","properties":{"Layer":"SH parqueos ESPOL"},"geometry":{"type":"MultiPolygon","coordinates":[[[[614865.2238201,9763122.3661125,0.0],[614867.7186789,9763122.5263609,0.0],[614868.0391757,9763117.5366433,0.0],[614865.5443169,9763117.3763949,0.0],[614865.2238201,9763122.3661125,0.0]]]]}},
{"type":"Feature","properties":{"Layer":"SH parqueos ESPOL"},"geometry":{"type":"MultiPolygon","coordinates":[[[[614870.013949,9763122.6737894,0.0],[614872.5088078,9763122.8340378,0.0],[614872.8293046,9763117.8443202,0.0],[614870.3344458,9763117.6840718,0.0],[614870.013949,9763122.6737894,0.0]]]]}},
{"type":"Feature","properties":{"Layer":"SH parqueos ESPOL"},"geometry":{"type":"MultiPolygon","coordinates":[[[[614867.6188845,9763122.5199509,0.0],[614870.1137433,9763122.6801994,0.0],[614870.4342402,9763117.6904818,0.0],[614867.9393814,9763117.5302333,0.0],[614867.6188845,9763122.5199509,0.0]]]]}},
{"type":"Feature","properties":{"Layer":"SH parqueos ESPOL"},"geometry":{"type":"MultiPolygon","coordinates":[[[[614870.9618836,9763080.4448347,0.0],[614873.1903527,9763079.3117304,0.0],[614870.9241441,9763074.8547922,0.0],[614868.695675,9763075.9878965,0.0],[614870.9618836,9763080.4448347,0.0]]]]}},
{"type":"Feature","properties":{"Layer":"SH parqueos ESPOL"},"geometry":{"type":"MultiPolygon","coordinates":[[[[614867.8694973,9763079.6582326,0.0],[614870.0954835,9763078.5202583,0.0],[614867.8195349,9763074.0682859,0.0],[614865.5935487,9763075.2062602,0.0],[614867.8694973,9763079.6582326,0.0]]]]}},
{"type":"Feature","properties":{"Layer":"SH parqueos ESPOL"},"geometry":{"type":"MultiPolygon","coordinates":[[[[614864.574971,9763078.4863521,0.0],[614866.8009572,9763077.3483778,0.0],[614864.5250086,9763072.8964054,0.0],[614862.2990224,9763074.0343797,0.0],[614864.574971,9763078.4863521,0.0]]]]}},
{"type":"Feature","properties":{"Layer":"SH parqueos ESPOL"},"geometry":{"type":"MultiPolygon","coordinates":[[[[614861.2588796,9763077.2722879,0.0],[614863.4848657,9763076.1343136,0.0],[614861.2089171,9763071.6823413,0.0],[614858.9829309,9763072.8203156,0.0],[614861.2588796,9763077.2722879,0.0]]]]}},
{"type":"Feature","properties":{"Layer":"SH parqueos ESPOL"},"geometry":{"type":"MultiPolygon","coordinates":[[[[614857.8868105,9763075.9487262,0.0],[614860.1127966,9763074.8107519,0.0],[614857.836848,9763070.3587796,0.0],[614855.6108619,9763071.4967539,0.0],[614857.8868105,9763075.9487262,0.0]]]]}},
{"type":"Feature","properties":{"Layer":"SH parqueos ESPOL"},"geometry":{"type":"MultiPolygon","coordinates":[[[[614854.5185128,9763074.6378355,0.0],[614856.744499,9763073.4998612,0.0],[614854.4685504,9763069.0478888,0.0],[614852.2425642,9763070.1858631,0.0],[614854.5185128,9763074.6378355,0.0]]]]}},
{"type":"Feature","properties":{"Layer":"SH parqueos ESPOL"},"geometry":{"type":"MultiPolygon","coordinates":[[[[614851.1336474,9763073.2892428,0.0],[614853.3596335,9763072.1512685,0.0],[614851.0836849,9763067.6992962,0.0],[614848.8576987,9763068.8372705,0.0],[614851.1336474,9763073.2892428,0.0]]]]}},
{"type":"Feature","properties":{"Layer":"SH parqueos ESPOL"},"geometry":{"type":"MultiPolygon","coordinates":[[[[614847.7427022,9763071.9287577,0.0],[614849.9686884,9763070.7907834,0.0],[614847.6927397,9763066.3388111,0.0],[614845.4667536,9763067.4767854,0.0],[614847.7427022,9763071.9287577,0.0]]]]}},
{"type":"Feature","properties":{"Layer":"SH parqueos ESPOL"},"geometry":{"type":"MultiPolygon","coordinates":[[[[614844.3789027,9763070.6213721,0.0],[614846.6048888,9763069.4833978,0.0],[614844.3289402,9763065.0314255,0.0],[614842.102954,9763066.1693998,0.0],[614844.3789027,9763070.6213721,0.0]]]]}},
{"type":"Feature","properties":{"Layer":"SH parqueos ESPOL"},"geometry":{"type":"MultiPolygon","coordinates":[[[[614775.4174239,9763057.4012379,0.0],[614777.913604,9763057.539385,0.0],[614778.1898983,9763052.5470247,0.0],[614775.6937181,9763052.4088776,0.0],[614775.4174239,9763057.4012379,0.0]]]]}},
{"type":"Feature","properties":{"Layer":"SH parqueos ESPOL"},"geometry":{"type":"MultiPolygon","coordinates":[[[[614777.8137067,9763057.5347642,0.0],[614780.3098869,9763057.6729113,0.0],[614780.5861811,9763052.680551,0.0],[614778.090001,9763052.5424039,0.0],[614777.8137067,9763057.5347642,0.0]]]]}},
{"type":"Feature","properties":{"Layer":"SH parqueos ESPOL"},"geometry":{"type":"MultiPolygon","coordinates":[[[[614780.2100397,9763057.6673855,0.0],[614782.7062199,9763057.8055326,0.0],[614782.9825141,9763052.8131723,0.0],[614780.4863339,9763052.6750251,0.0],[614780.2100397,9763057.6673855,0.0]]]]}},
{"type":"Feature","properties":{"Layer":"SH parqueos ESPOL"},"geometry":{"type":"MultiPolygon","coordinates":[[[[614782.6063726,9763057.8000067,0.0],[614785.1025528,9763057.9381538,0.0],[614785.378847,9763052.9457935,0.0],[614782.8826669,9763052.8076464,0.0],[614782.6063726,9763057.8000067,0.0]]]]}},
{"type":"Feature","properties":{"Layer":"SH parqueos ESPOL"},"geometry":{"type":"MultiPolygon","coordinates":[[[[614785.0027056,9763057.9326279,0.0],[614787.4988858,9763058.070775,0.0],[614787.77518,9763053.0784147,0.0],[614785.2789998,9763052.9402676,0.0],[614785.0027056,9763057.9326279,0.0]]]]}},
{"type":"Feature","properties":{"Layer":"SH parqueos ESPOL"},"geometry":{"type":"MultiPolygon","coordinates":[[[[614787.3990385,9763058.0652492,0.0],[614789.8952187,9763058.2033963,0.0],[614790.1715129,9763053.211036,0.0],[614787.6753328,9763053.0728888,0.0],[614787.3990385,9763058.0652492,0.0]]]]}},
{"type":"Feature","properties":{"Layer":"SH parqueos ESPOL"},"geometry":{"type":"MultiPolygon","coordinates":[[[[614789.7953715,9763058.1978704,0.0],[614792.2915517,9763058.3360175,0.0],[614792.5678459,9763053.3436572,0.0],[614790.0716657,9763053.2055101,0.0],[614789.7953715,9763058.1978704,0.0]]]]}},
{"type":"Feature","properties":{"Layer":"SH parqueos ESPOL"},"geometry":{"type":"MultiPolygon","coordinates":[[[[614792.1917044,9763058.3304916,0.0],[614794.6878846,9763058.4686387,0.0],[614794.9641788,9763053.4762784,0.0],[614792.4679987,9763053.3381313,0.0],[614792.1917044,9763058.3304916,0.0]]]]}},
{"type":"Feature","properties":{"Layer":"SH parqueos ESPOL"},"geometry":{"type":"MultiPolygon","coordinates":[[[[614794.5880374,9763058.4631129,0.0],[614797.0842176,9763058.60126,0.0],[614797.3605118,9763053.6088997,0.0],[614794.8643316,9763053.4707525,0.0],[614794.5880374,9763058.4631129,0.0]]]]}},
{"type":"Feature","properties":{"Layer":"SH parqueos ESPOL"},"geometry":{"type":"MultiPolygon","coordinates":[[[[614796.9843703,9763058.5957341,0.0],[614799.4805505,9763058.7338812,0.0],[614799.7568447,9763053.7415209,0.0],[614797.2606646,9763053.6033738,0.0],[614796.9843703,9763058.5957341,0.0]]]]}},
{"type":"Feature","properties":{"Layer":"SH parqueos ESPOL"},"geometry":{"type":"MultiPolygon","coordinates":[[[[614791.1965676,9763037.173267,0.0],[614793.1924703,9763038.6787145,0.0],[614796.2033654,9763034.6869091,0.0],[614794.2074626,9763033.1814615,0.0],[614791.1965676,9763037.173267,0.0]]]]}},
{"type":"Feature","properties":{"Layer":"SH parqueos ESPOL"},"geometry":{"type":"MultiPolygon","coordinates":[[[[614793.1126342,9763038.6184966,0.0],[614795.1085369,9763040.1239442,0.0],[614798.119432,9763036.1321387,0.0],[614796.1235293,9763034.6266912,0.0],[614793.1126342,9763038.6184966,0.0]]]]}},
{"type":"Feature","properties":{"Layer":"SH parqueos ESPOL"},"geometry":{"type":"MultiPolygon","coordinates":[[[[614795.0287008,9763040.0637263,0.0],[614797.0246035,9763041.5691738,0.0],[614800.0354986,9763037.5773683,0.0],[614798.0395959,9763036.0719208,0.0],[614795.0287008,9763040.0637263,0.0]]]]}},
{"type":"Feature","properties":{"Layer":"SH parqueos ESPOL"},"geometry":{"type":"MultiPolygon","coordinates":[[[[614796.9447674,9763041.5089559,0.0],[614798.9406702,9763043.0144034,0.0],[614801.9515652,9763039.022598,0.0],[614799.9556625,9763037.5171504,0.0],[614796.9447674,9763041.5089559,0.0]]]]}},
{"type":"Feature","properties":{"Layer":"SH parqueos ESPOL"},"geometry":{"type":"MultiPolygon","coordinates":[[[[614798.8608341,9763042.9541855,0.0],[614800.8567368,9763044.4596331,0.0],[614803.8676319,9763040.4678276,0.0],[614801.8717291,9763038.9623801,0.0],[614798.8608341,9763042.9541855,0.0]]]]}},
{"type":"Feature","properties":{"Layer":"SH parqueos ESPOL"},"geometry":{"type":"MultiPolygon","coordinates":[[[[614800.7769007,9763044.3994152,0.0],[614802.7728034,9763045.9048627,0.0],[614805.7836985,9763041.9130572,0.0],[614803.7877958,9763040.4076097,0.0],[614800.7769007,9763044.3994152,0.0]]]]}},
{"type":"Feature","properties":{"Layer":"SH parqueos ESPOL"},"geometry":{"type":"MultiPolygon","coordinates":[[[[614802.6929673,9763045.8446448,0.0],[614804.68887,9763047.3500923,0.0],[614807.6997651,9763043.3582869,0.0],[614805.7038624,9763041.8528393,0.0],[614802.6929673,9763045.8446448,0.0]]]]}},
{"type":"Feature","properties":{"Layer":"SH parqueos ESPOL"},"geometry":{"type":"MultiPolygon","coordinates":[[[[614804.6090339,9763047.2898744,0.0],[614806.6049367,9763048.795322,0.0],[614809.6158317,9763044.8035165,0.0],[614807.619929,9763043.298069,0.0],[614804.6090339,9763047.2898744,0.0]]]]}},
{"type":"Feature","properties":{"Layer":"SH parqueos ESPOL"},"geometry":{"type":"MultiPolygon","coordinates":[[[[614806.5251006,9763048.7351041,0.0],[614808.5210033,9763050.2405516,0.0],[614811.5318984,9763046.2487461,0.0],[614809.5359956,9763044.7432986,0.0],[614806.5251006,9763048.7351041,0.0]]]]}},
{"type":"Feature","properties":{"Layer":"SH parqueos ESPOL"},"geometry":{"type":"MultiPolygon","coordinates":[[[[614789.6827183,9762983.2063947,0.0],[614792.1651197,9762982.9102809,0.0],[614791.5728921,9762977.9454781,0.0],[614789.0904908,9762978.2415919,0.0],[614789.6827183,9762983.2063947,0.0]]]]}},
{"type":"Feature","properties":{"Layer":"SH parqueos ESPOL"},"geometry":{"type":"MultiPolygon","coordinates":[[[[614792.0678316,9762982.9218859,0.0],[614794.550233,9762982.6257722,0.0],[614793.9580054,9762977.6609694,0.0],[614791.475604,9762977.9570832,0.0],[614792.0678316,9762982.9218859,0.0]]]]}},
{"type":"Feature","properties":{"Layer":"SH parqueos ESPOL"},"geometry":{"type":"MultiPolygon","coordinates":[[[[614794.4509369,9762982.6376167,0.0],[614796.9333383,9762982.3415029,0.0],[614796.3411107,9762977.3767002,0.0],[614793.8587094,9762977.6728139,0.0],[614794.4509369,9762982.6376167,0.0]]]]}},
{"type":"Feature","properties":{"Layer":"SH parqueos ESPOL"},"geometry":{"type":"MultiPolygon","coordinates":[[[[614796.8340423,9762982.3533475,0.0],[614799.3164436,9762982.0572337,0.0],[614798.7242161,9762977.0924309,0.0],[614796.2418147,9762977.3885447,0.0],[614796.8340423,9762982.3533475,0.0]]]]}},
{"type":"Feature","properties":{"Layer":"SH parqueos ESPOL"},"geometry":{"type":"MultiPolygon","coordinates":[[[[614799.2171476,9762982.0690782,0.0],[614801.699549,9762981.7729645,0.0],[614801.1073214,9762976.8081617,0.0],[614798.62492,9762977.1042755,0.0],[614799.2171476,9762982.0690782,0.0]]]]}},
{"type":"Feature","properties":{"Layer":"SH parqueos ESPOL"},"geometry":{"type":"MultiPolygon","coordinates":[[[[614801.6002529,9762981.784809,0.0],[614804.0826543,9762981.4886952,0.0],[614803.4904267,9762976.5238925,0.0],[614801.0080253,9762976.8200063,0.0],[614801.6002529,9762981.784809,0.0]]]]}},
{"type":"Feature","properties":{"Layer":"SH parqueos ESPOL"},"geometry":{"type":"MultiPolygon","coordinates":[[[[614784.755721,9762972.5916384,0.0],[614787.2381223,9762972.2955246,0.0],[614786.6458948,9762967.3307218,0.0],[614784.1634934,9762967.6268356,0.0],[614784.755721,9762972.5916384,0.0]]]]}},
{"type":"Feature","properties":{"Layer":"SH parqueos ESPOL"},"geometry":{"type":"MultiPolygon","coordinates":[[[[614787.1408342,9762972.3071296,0.0],[614789.6232356,9762972.0110158,0.0],[614789.031008,9762967.0462131,0.0],[614786.5486067,9762967.3423268,0.0],[614787.1408342,9762972.3071296,0.0]]]]}},
{"type":"Feature","properties":{"Layer":"SH parqueos ESPOL"},"geometry":{"type":"MultiPolygon","coordinates":[[[[614789.5239396,9762972.0228604,0.0],[614792.0063409,9762971.7267466,0.0],[614791.4141134,9762966.7619438,0.0],[614788.931712,9762967.0580576,0.0],[614789.5239396,9762972.0228604,0.0]]]]}},
{"type":"Feature","properties":{"Layer":"SH parqueos ESPOL"},"geometry":{"type":"MultiPolygon","coordinates":[[[[614791.9070449,9762971.7385911,0.0],[614794.3894463,9762971.4424774,0.0],[614793.7972187,9762966.4776746,0.0],[614791.3148173,9762966.7737884,0.0],[614791.9070449,9762971.7385911,0.0]]]]}},
{"type":"Feature","properties":{"Layer":"SH parqueos ESPOL"},"geometry":{"type":"MultiPolygon","coordinates":[[[[614794.2901502,9762971.4543219,0.0],[614796.7725516,9762971.1582081,0.0],[614796.180324,9762966.1934054,0.0],[614793.6979226,9762966.4895192,0.0],[614794.2901502,9762971.4543219,0.0]]]]}},
{"type":"Feature","properties":{"Layer":"SH parqueos ESPOL"},"geometry":{"type":"MultiPolygon","coordinates":[[[[614814.4997456,9762983.4545414,0.0],[614816.7163047,9762982.2983123,0.0],[614814.4038463,9762977.8651941,0.0],[614812.1872873,9762979.0214233,0.0],[614814.4997456,9762983.4545414,0.0]]]]}},
{"type":"Feature","properties":{"Layer":"SH parqueos ESPOL"},"geometry":{"type":"MultiPolygon","coordinates":[[[[614816.082282,9762981.2990738,0.0],[614818.2988411,9762980.1428446,0.0],[614815.9863827,9762975.7097265,0.0],[614813.7698237,9762976.8659556,0.0],[614816.082282,9762981.2990738,0.0]]]]}},
{"type":"Feature","properties":{"Layer":"SH parqueos ESPOL"},"geometry":{"type":"MultiPolygon","coordinates":[[[[614817.6608167,9762979.1359346,0.0],[614819.8773758,9762977.9797054,0.0],[614817.5649174,9762973.5465873,0.0],[614815.3483583,9762974.7028165,0.0],[614817.6608167,9762979.1359346,0.0]]]]}},
{"type":"Feature","properties":{"Layer":"SH parqueos ESPOL"},"geometry":{"type":"MultiPolygon","coordinates":[[[[614819.2433531,9762976.9804669,0.0],[614821.4599121,9762975.8242377,0.0],[614819.1474538,9762971.3911196,0.0],[614816.9308947,9762972.5473488,0.0],[614819.2433531,9762976.9804669,0.0]]]]}},
{"type":"Feature","properties":{"Layer":"SH parqueos ESPOL"},"geometry":{"type":"MultiPolygon","coordinates":[[[[614820.8292537,9762974.8314487,0.0],[614823.0458128,9762973.6752195,0.0],[614820.7333544,9762969.2421014,0.0],[614818.5167954,9762970.3983306,0.0],[614820.8292537,9762974.8314487,0.0]]]]}},
{"type":"Feature","properties":{"Layer":"SH parqueos ESPOL"},"geometry":{"type":"MultiPolygon","coordinates":[[[[614822.4117901,9762972.675981,0.0],[614824.6283492,9762971.5197519,0.0],[614822.3158908,9762967.0866337,0.0],[614820.0993318,9762968.2428629,0.0],[614822.4117901,9762972.675981,0.0]]]]}},
{"type":"Feature","properties":{"Layer":"SH parqueos ESPOL"},"geometry":{"type":"MultiPolygon","coordinates":[[[[614823.9903248,9762970.5128419,0.0],[614826.2068839,9762969.3566127,0.0],[614823.8944255,9762964.9234946,0.0],[614821.6778664,9762966.0797237,0.0],[614823.9903248,9762970.5128419,0.0]]]]}},
{"type":"Feature","properties":{"Layer":"SH parqueos ESPOL"},"geometry":{"type":"MultiPolygon","coordinates":[[[[614825.5728612,9762968.3573742,0.0],[614827.7894202,9762967.201145,0.0],[614825.4769619,9762962.7680269,0.0],[614823.2604028,9762963.9242561,0.0],[614825.5728612,9762968.3573742,0.0]]]]}},
{"type":"Feature","properties":{"Layer":"SH parqueos ESPOL"},"geometry":{"type":"MultiPolygon","coordinates":[[[[614827.0639017,9762966.0265037,0.0],[614829.2804608,9762964.8702745,0.0],[614826.9680025,9762960.4371563,0.0],[614824.7514434,9762961.5933855,0.0],[614827.0639017,9762966.0265037,0.0]]]]}},
{"type":"Feature","properties":{"Layer":"SH parqueos ESPOL"},"geometry":{"type":"MultiPolygon","coordinates":[[[[614831.1494203,9762957.5314527,0.0],[614833.2380682,9762956.1575713,0.0],[614830.4903054,9762951.9802755,0.0],[614828.4016575,9762953.3541569,0.0],[614831.1494203,9762957.5314527,0.0]]]]}},
{"type":"Feature","properties":{"Layer":"SH parqueos ESPOL"},"geometry":{"type":"MultiPolygon","coordinates":[[[[614832.5065016,9762955.2273709,0.0],[614834.5951495,9762953.8534895,0.0],[614831.8473867,9762949.6761938,0.0],[614829.7587389,9762951.0500752,0.0],[614832.5065016,9762955.2273709,0.0]]]]}},
{"type":"Feature","properties":{"Layer":"SH parqueos ESPOL"},"geometry":{"type":"MultiPolygon","coordinates":[[[[614833.8588279,9762952.9160604,0.0],[614835.9474758,9762951.542179,0.0],[614833.1997131,9762947.3648833,0.0],[614831.1110652,9762948.7387646,0.0],[614833.8588279,9762952.9160604,0.0]]]]}},
{"type":"Feature","properties":{"Layer":"SH parqueos ESPOL"},"geometry":{"type":"MultiPolygon","coordinates":[[[[614835.2159092,9762950.6119787,0.0],[614837.3045571,9762949.2380973,0.0],[614834.5567944,9762945.0608015,0.0],[614832.4681465,9762946.4346829,0.0],[614835.2159092,9762950.6119787,0.0]]]]}},
{"type":"Feature","properties":{"Layer":"SH parqueos ESPOL"},"geometry":{"type":"MultiPolygon","coordinates":[[[[614836.5769881,9762948.3139742,0.0],[614838.665636,9762946.9400929,0.0],[614835.9178733,9762942.7627971,0.0],[614833.8292254,9762944.1366785,0.0],[614836.5769881,9762948.3139742,0.0]]]]}},
{"type":"Feature","properties":{"Layer":"SH parqueos ESPOL"},"geometry":{"type":"MultiPolygon","coordinates":[[[[614837.9340694,9762946.0098925,0.0],[614840.0227173,9762944.6360111,0.0],[614837.2749546,9762940.4587154,0.0],[614835.1863067,9762941.8325967,0.0],[614837.9340694,9762946.0098925,0.0]]]]}},
{"type":"Feature","properties":{"Layer":"SH parqueos ESPOL"},"geometry":{"type":"MultiPolygon","coordinates":[[[[614811.4958379,9762976.1585904,0.0],[614812.9756819,9762974.143631,0.0],[614808.945763,9762971.1839429,0.0],[614807.4659189,9762973.1989024,0.0],[614811.4958379,9762976.1585904,0.0]]]]}},
{"type":"Feature","properties":{"Layer":"SH parqueos ESPOL"},"geometry":{"type":"MultiPolygon","coordinates":[[[[614812.9164881,9762974.2242293,0.0],[614814.3963322,9762972.2092699,0.0],[614810.3664132,9762969.2495818,0.0],[614808.8865692,9762971.2645413,0.0],[614812.9164881,9762974.2242293,0.0]]]]}},
{"type":"Feature","properties":{"Layer":"SH parqueos ESPOL"},"geometry":{"type":"MultiPolygon","coordinates":[[[[614814.3371384,9762972.2898682,0.0],[614815.8169824,9762970.2749088,0.0],[614811.7870635,9762967.3152207,0.0],[614810.3072195,9762969.3301802,0.0],[614814.3371384,9762972.2898682,0.0]]]]}},
{"type":"Feature","properties":{"Layer":"SH parqueos ESPOL"},"geometry":{"type":"MultiPolygon","coordinates":[[[[614815.7577887,9762970.3555072,0.0],[614817.2376327,9762968.3405477,0.0],[614813.2077137,9762965.3808596,0.0],[614811.7278697,9762967.3958191,0.0],[614815.7577887,9762970.3555072,0.0]]]]}},
{"type":"Feature","properties":{"Layer":"SH parqueos ESPOL"},"geometry":{"type":"MultiPolygon","coordinates":[[[[614817.1784389,9762968.4211461,0.0],[614818.6582829,9762966.4061866,0.0],[614814.628364,9762963.4464985,0.0],[614813.14852,9762965.461458,0.0],[614817.1784389,9762968.4211461,0.0]]]]}},
{"type":"Feature","properties":{"Layer":"SH parqueos ESPOL"},"geometry":{"type":"MultiPolygon","coordinates":[[[[614818.5990892,9762966.486785,0.0],[614820.0789332,9762964.4718255,0.0],[614816.0490143,9762961.5121375,0.0],[614814.5691702,9762963.5270969,0.0],[614818.5990892,9762966.486785,0.0]]]]}},
{"type":"Feature","properties":{"Layer":"SH parqueos ESPOL"},"geometry":{"type":"MultiPolygon","coordinates":[[[[614820.0197394,9762964.5524239,0.0],[614821.4995835,9762962.5374644,0.0],[614817.4696645,9762959.5777764,0.0],[614815.9898205,9762961.5927358,0.0],[614820.0197394,9762964.5524239,0.0]]]]}},
{"type":"Feature","properties":{"Layer":"SH parqueos ESPOL"},"geometry":{"type":"MultiPolygon","coordinates":[[[[614821.4403897,9762962.6180628,0.0],[614822.9202337,9762960.6031033,0.0],[614818.8903148,9762957.6434153,0.0],[614817.4104708,9762959.6583747,0.0],[614821.4403897,9762962.6180628,0.0]]]]}},
{"type":"Feature","properties":{"Layer":"SH parqueos ESPOL"},"geometry":{"type":"MultiPolygon","coordinates":[[[[614834.6604962,9762980.0376188,0.0],[614835.4849081,9762982.3977767,0.0],[614840.2052238,9762980.7489529,0.0],[614839.3808118,9762978.388795,0.0],[614834.6604962,9762980.0376188,0.0]]]]}},
{"type":"Feature","properties":{"Layer":"SH parqueos ESPOL"},"geometry":{"type":"MultiPolygon","coordinates":[[[[614835.4519316,9762982.3033704,0.0],[614836.2763435,9762984.6635282,0.0],[614840.9966592,9762983.0147044,0.0],[614840.1722473,9762980.6545465,0.0],[614835.4519316,9762982.3033704,0.0]]]]}},
{"type":"Feature","properties":{"Layer":"SH parqueos ESPOL"},"geometry":{"type":"MultiPolygon","coordinates":[[[[614836.243367,9762984.5691219,0.0],[614837.0677789,9762986.9292797,0.0],[614841.7880946,9762985.2804559,0.0],[614840.9636827,9762982.9202981,0.0],[614836.243367,9762984.5691219,0.0]]]]}},
{"type":"Feature","properties":{"Layer":"SH parqueos ESPOL"},"geometry":{"type":"MultiPolygon","coordinates":[[[[614837.0348025,9762986.8348734,0.0],[614837.8592144,9762989.1950312,0.0],[614842.57953,9762987.5462074,0.0],[614841.7551181,9762985.1860496,0.0],[614837.0348025,9762986.8348734,0.0]]]]}},
{"type":"Feature","properties":{"Layer":"SH parqueos ESPOL"},"geometry":{"type":"MultiPolygon","coordinates":[[[[614846.5414396,9762993.3990657,0.0],[614848.9212466,9762992.6332204,0.0],[614847.3895562,9762987.8736066,0.0],[614845.0097492,9762988.6394518,0.0],[614846.5414396,9762993.3990657,0.0]]]]}},
{"type":"Feature","properties":{"Layer":"SH parqueos ESPOL"},"geometry":{"type":"MultiPolygon","coordinates":[[[[614848.8260543,9762992.6638543,0.0],[614851.2058612,9762991.898009,0.0],[614849.6741708,9762987.1383951,0.0],[614847.2943639,9762987.9042404,0.0],[614848.8260543,9762992.6638543,0.0]]]]}},
{"type":"Feature","properties":{"Layer":"SH parqueos ESPOL"},"geometry":{"type":"MultiPolygon","coordinates":[[[[614851.110669,9762991.9286429,0.0],[614853.4904759,9762991.1627976,0.0],[614851.9587855,9762986.4031837,0.0],[614849.5789785,9762987.169029,0.0],[614851.110669,9762991.9286429,0.0]]]]}},
{"type":"Feature","properties":{"Layer":"SH parqueos ESPOL"},"geometry":{"type":"MultiPolygon","coordinates":[[[[614853.3952836,9762991.1934314,0.0],[614855.7750906,9762990.4275862,0.0],[614854.2434002,9762985.6679723,0.0],[614851.8635932,9762986.4338176,0.0],[614853.3952836,9762991.1934314,0.0]]]]}},
{"type":"Feature","properties":{"Layer":"SH parqueos ESPOL"},"geometry":{"type":"MultiPolygon","coordinates":[[[[614855.6798983,9762990.45822,0.0],[614858.0597053,9762989.6923748,0.0],[614856.5280148,9762984.9327609,0.0],[614854.1482079,9762985.6986061,0.0],[614855.6798983,9762990.45822,0.0]]]]}},
{"type":"Feature","properties":{"Layer":"SH parqueos ESPOL"},"geometry":{"type":"MultiPolygon","coordinates":[[[[614857.964513,9762989.7230086,0.0],[614860.3443199,9762988.9571634,0.0],[614858.8126295,9762984.1975495,0.0],[614856.4328226,9762984.9633947,0.0],[614857.964513,9762989.7230086,0.0]]]]}},
{"type":"Feature","properties":{"Layer":"SH parqueos ESPOL"},"geometry":{"type":"MultiPolygon","coordinates":[[[[614805.6714055,9762966.2205612,0.0],[614807.1512495,9762964.2056017,0.0],[614803.1213306,9762961.2459137,0.0],[614801.6414865,9762963.2608732,0.0],[614805.6714055,9762966.2205612,0.0]]]]}},
{"type":"Feature","properties":{"Layer":"SH parqueos ESPOL"},"geometry":{"type":"MultiPolygon","coordinates":[[[[614807.0920557,9762964.2862001,0.0],[614808.5718998,9762962.2712406,0.0],[614804.5419808,9762959.3115526,0.0],[614803.0621368,9762961.3265121,0.0],[614807.0920557,9762964.2862001,0.0]]]]}},
{"type":"Feature","properties":{"Layer":"SH parqueos ESPOL"},"geometry":{"type":"MultiPolygon","coordinates":[[[[614808.512706,9762962.351839,0.0],[614809.99255,9762960.3368795,0.0],[614805.9626311,9762957.3771915,0.0],[614804.4827871,9762959.392151,0.0],[614808.512706,9762962.351839,0.0]]]]}},
{"type":"Feature","properties":{"Layer":"SH parqueos ESPOL"},"geometry":{"type":"MultiPolygon","coordinates":[[[[614809.9333563,9762960.4174779,0.0],[614811.4132003,9762958.4025184,0.0],[614807.3832813,9762955.4428304,0.0],[614805.9034373,9762957.4577899,0.0],[614809.9333563,9762960.4174779,0.0]]]]}},
{"type":"Feature","properties":{"Layer":"SH parqueos ESPOL"},"geometry":{"type":"MultiPolygon","coordinates":[[[[614811.3540065,9762958.4831168,0.0],[614812.8338505,9762956.4681573,0.0],[614808.8039316,9762953.5084693,0.0],[614807.3240876,9762955.5234288,0.0],[614811.3540065,9762958.4831168,0.0]]]]}},
{"type":"Feature","properties":{"Layer":"SH parqueos ESPOL"},"geometry":{"type":"MultiPolygon","coordinates":[[[[614866.3677439,9762962.701348,0.0],[614865.5655814,9762960.3335357,0.0],[614860.8299567,9762961.9378608,0.0],[614861.6321193,9762964.3056732,0.0],[614866.3677439,9762962.701348,0.0]]]]}},
{"type":"Feature","properties":{"Layer":"SH parqueos ESPOL"},"geometry":{"type":"MultiPolygon","coordinates":[[[[614865.5976679,9762960.4282482,0.0],[614864.7955053,9762958.0604359,0.0],[614860.0598807,9762959.664761,0.0],[614860.8620432,9762962.0325733,0.0],[614865.5976679,9762960.4282482,0.0]]]]}},
{"type":"Feature","properties":{"Layer":"SH parqueos ESPOL"},"geometry":{"type":"MultiPolygon","coordinates":[[[[614864.8275918,9762958.1551483,0.0],[614864.0254292,9762955.787336,0.0],[614859.2898046,9762957.3916612,0.0],[614860.0919672,9762959.7594735,0.0],[614864.8275918,9762958.1551483,0.0]]]]}},
{"type":"Feature","properties":{"Layer":"SH parqueos ESPOL"},"geometry":{"type":"MultiPolygon","coordinates":[[[[614864.0575157,9762955.8820485,0.0],[614863.2553532,9762953.5142362,0.0],[614858.5197285,9762955.1185613,0.0],[614859.3218911,9762957.4863736,0.0],[614864.0575157,9762955.8820485,0.0]]]]}},
{"type":"Feature","properties":{"Layer":"SH parqueos ESPOL"},"geometry":{"type":"MultiPolygon","coordinates":[[[[614863.2874397,9762953.6089487,0.0],[614862.4852771,9762951.2411363,0.0],[614857.7496524,9762952.8454615,0.0],[614858.551815,9762955.2132738,0.0],[614863.2874397,9762953.6089487,0.0]]]]}},
{"type":"Feature","properties":{"Layer":"SH parqueos ESPOL"},"geometry":{"type":"MultiPolygon","coordinates":[[[[614862.5173636,9762951.3358488,0.0],[614861.715201,9762948.9680365,0.0],[614856.9795764,9762950.5723617,0.0],[614857.7817389,9762952.940174,0.0],[614862.5173636,9762951.3358488,0.0]]]]}},
{"type":"Feature","properties":{"Layer":"SH parqueos ESPOL"},"geometry":{"type":"MultiPolygon","coordinates":[[[[614861.7472875,9762949.062749,0.0],[614860.945125,9762946.6949367,0.0],[614856.2095003,9762948.2992618,0.0],[614857.0116629,9762950.6670741,0.0],[614861.7472875,9762949.062749,0.0]]]]}},
{"type":"Feature","properties":{"Layer":"SH parqueos ESPOL"},"geometry":{"type":"MultiPolygon","coordinates":[[[[614860.9772115,9762946.7896492,0.0],[614860.1750489,9762944.4218368,0.0],[614855.4394242,9762946.026162,0.0],[614856.2415868,9762948.3939743,0.0],[614860.9772115,9762946.7896492,0.0]]]]}},
{"type":"Feature","properties":{"Layer":"SH parqueos ESPOL"},"geometry":{"type":"MultiPolygon","coordinates":[[[[614871.0086561,9762961.1291094,0.0],[614870.2064935,9762958.761297,0.0],[614865.4708689,9762960.3656222,0.0],[614866.2730314,9762962.7334345,0.0],[614871.0086561,9762961.1291094,0.0]]]]}},
{"type":"Feature","properties":{"Layer":"SH parqueos ESPOL"},"geometry":{"type":"MultiPolygon","coordinates":[[[[614870.23858,9762958.8560095,0.0],[614869.4364175,9762956.4881972,0.0],[614864.7007928,9762958.0925223,0.0],[614865.5029554,9762960.4603347,0.0],[614870.23858,9762958.8560095,0.0]]]]}},
{"type":"Feature","properties":{"Layer":"SH parqueos ESPOL"},"geometry":{"type":"MultiPolygon","coordinates":[[[[614869.468504,9762956.5829097,0.0],[614868.6663414,9762954.2150974,0.0],[614863.9307167,9762955.8194225,0.0],[614864.7328793,9762958.1872348,0.0],[614869.468504,9762956.5829097,0.0]]]]}},
{"type":"Feature","properties":{"Layer":"SH parqueos ESPOL"},"geometry":{"type":"MultiPolygon","coordinates":[[[[614868.6984279,9762954.3098099,0.0],[614867.8962653,9762951.9419975,0.0],[614863.1606407,9762953.5463227,0.0],[614863.9628032,9762955.914135,0.0],[614868.6984279,9762954.3098099,0.0]]]]}},
{"type":"Feature","properties":{"Layer":"SH parqueos ESPOL"},"geometry":{"type":"MultiPolygon","coordinates":[[[[614867.9283518,9762952.03671,0.0],[614867.1261893,9762949.6688977,0.0],[614862.3905646,9762951.2732229,0.0],[614863.1927272,9762953.6410352,0.0],[614867.9283518,9762952.03671,0.0]]]]}},
{"type":"Feature","properties":{"Layer":"SH parqueos ESPOL"},"geometry":{"type":"MultiPolygon","coordinates":[[[[614867.1582758,9762949.7636102,0.0],[614866.3561132,9762947.3957979,0.0],[614861.6204885,9762949.000123,0.0],[614862.4226511,9762951.3679353,0.0],[614867.1582758,9762949.7636102,0.0]]]]}},
{"type":"Feature","properties":{"Layer":"SH parqueos ESPOL"},"geometry":{"type":"MultiPolygon","coordinates":[[[[614866.3881997,9762947.4905104,0.0],[614865.5860371,9762945.122698,0.0],[614860.8504125,9762946.7270232,0.0],[614861.652575,9762949.0948355,0.0],[614866.3881997,9762947.4905104,0.0]]]]}},
{"type":"Feature","properties":{"Layer":"SH parqueos ESPOL"},"geometry":{"type":"MultiPolygon","coordinates":[[[[614865.6181236,9762945.2174105,0.0],[614864.8159611,9762942.8495982,0.0],[614860.0803364,9762944.4539233,0.0],[614860.882499,9762946.8217357,0.0],[614865.6181236,9762945.2174105,0.0]]]]}},
{"type":"Feature","properties":{"Layer":"SH parqueos ESPOL"},"geometry":{"type":"MultiPolygon","coordinates":[[[[614880.6597315,9762957.859538,0.0],[614879.857569,9762955.4917256,0.0],[614875.1219443,9762957.0960508,0.0],[614875.9241069,9762959.4638631,0.0],[614880.6597315,9762957.859538,0.0]]]]}},
{"type":"Feature","properties":{"Layer":"SH parqueos ESPOL"},"geometry":{"type":"MultiPolygon","coordinates":[[[[614879.8896555,9762955.5864381,0.0],[614879.0874929,9762953.2186258,0.0],[614874.3518682,9762954.8229509,0.0],[614875.1540308,9762957.1907633,0.0],[614879.8896555,9762955.5864381,0.0]]]]}},
{"type":"Feature","properties":{"Layer":"SH parqueos ESPOL"},"geometry":{"type":"MultiPolygon","coordinates":[[[[614879.1195794,9762953.3133383,0.0],[614878.3174168,9762950.945526,0.0],[614873.5817922,9762952.5498511,0.0],[614874.3839547,9762954.9176634,0.0],[614879.1195794,9762953.3133383,0.0]]]]}},
{"type":"Feature","properties":{"Layer":"SH parqueos ESPOL"},"geometry":{"type":"MultiPolygon","coordinates":[[[[614878.3495033,9762951.0402385,0.0],[614877.5473408,9762948.6724261,0.0],[614872.8117161,9762950.2767513,0.0],[614873.6138787,9762952.6445636,0.0],[614878.3495033,9762951.0402385,0.0]]]]}},
{"type":"Feature","properties":{"Layer":"SH parqueos ESPOL"},"geometry":{"type":"MultiPolygon","coordinates":[[[[614877.5794273,9762948.7671386,0.0],[614876.7772647,9762946.3993263,0.0],[614872.04164,9762948.0036515,0.0],[614872.8438026,9762950.3714638,0.0],[614877.5794273,9762948.7671386,0.0]]]]}},
{"type":"Feature","properties":{"Layer":"SH parqueos ESPOL"},"geometry":{"type":"MultiPolygon","coordinates":[[[[614876.8093512,9762946.4940388,0.0],[614876.0071886,9762944.1262265,0.0],[614871.271564,9762945.7305516,0.0],[614872.0737265,9762948.0983639,0.0],[614876.8093512,9762946.4940388,0.0]]]]}},
{"type":"Feature","properties":{"Layer":"SH parqueos ESPOL"},"geometry":{"type":"MultiPolygon","coordinates":[[[[614876.0392751,9762944.220939,0.0],[614875.2371126,9762941.8531266,0.0],[614870.5014879,9762943.4574518,0.0],[614871.3036505,9762945.8252641,0.0],[614876.0392751,9762944.220939,0.0]]]]}},
{"type":"Feature","properties":{"Layer":"SH parqueos ESPOL"},"geometry":{"type":"MultiPolygon","coordinates":[[[[614875.2691991,9762941.9478391,0.0],[614874.4670365,9762939.5800268,0.0],[614869.7314118,9762941.1843519,0.0],[614870.5335744,9762943.5521643,0.0],[614875.2691991,9762941.9478391,0.0]]]]}},
{"type":"Feature","properties":{"Layer":"SH parqueos ESPOL"},"geometry":{"type":"MultiPolygon","coordinates":[[[[614885.3006437,9762956.2872993,0.0],[614884.4984811,9762953.919487,0.0],[614879.7628565,9762955.5238121,0.0],[614880.565019,9762957.8916245,0.0],[614885.3006437,9762956.2872993,0.0]]]]}},
{"type":"Feature","properties":{"Layer":"SH parqueos ESPOL"},"geometry":{"type":"MultiPolygon","coordinates":[[[[614884.5305676,9762954.0141995,0.0],[614883.7284051,9762951.6463872,0.0],[614878.9927804,9762953.2507123,0.0],[614879.794943,9762955.6185246,0.0],[614884.5305676,9762954.0141995,0.0]]]]}},
{"type":"Feature","properties":{"Layer":"SH parqueos ESPOL"},"geometry":{"type":"MultiPolygon","coordinates":[[[[614883.7604916,9762951.7410997,0.0],[614882.958329,9762949.3732873,0.0],[614878.2227043,9762950.9776125,0.0],[614879.0248669,9762953.3454248,0.0],[614883.7604916,9762951.7410997,0.0]]]]}},
{"type":"Feature","properties":{"Layer":"SH parqueos ESPOL"},"geometry":{"type":"MultiPolygon","coordinates":[[[[614882.9904155,9762949.4679998,0.0],[614882.1882529,9762947.1001875,0.0],[614877.4526283,9762948.7045126,0.0],[614878.2547908,9762951.072325,0.0],[614882.9904155,9762949.4679998,0.0]]]]}},
{"type":"Feature","properties":{"Layer":"SH parqueos ESPOL"},"geometry":{"type":"MultiPolygon","coordinates":[[[[614882.2203394,9762947.1949,0.0],[614881.4181768,9762944.8270877,0.0],[614876.6825522,9762946.4314128,0.0],[614877.4847148,9762948.7992251,0.0],[614882.2203394,9762947.1949,0.0]]]]}},
{"type":"Feature","properties":{"Layer":"SH parqueos ESPOL"},"geometry":{"type":"MultiPolygon","coordinates":[[[[614881.4502634,9762944.9218002,0.0],[614880.6481008,9762942.5539878,0.0],[614875.9124761,9762944.158313,0.0],[614876.7146387,9762946.5261253,0.0],[614881.4502634,9762944.9218002,0.0]]]]}},
{"type":"Feature","properties":{"Layer":"SH parqueos ESPOL"},"geometry":{"type":"MultiPolygon","coordinates":[[[[614880.6801873,9762942.6487003,0.0],[614879.8780247,9762940.280888,0.0],[614875.1424001,9762941.8852131,0.0],[614875.9445626,9762944.2530255,0.0],[614880.6801873,9762942.6487003,0.0]]]]}},
{"type":"Feature","properties":{"Layer":"SH parqueos ESPOL"},"geometry":{"type":"MultiPolygon","coordinates":[[[[614879.9101112,9762940.3756005,0.0],[614879.1079486,9762938.0077882,0.0],[614874.372324,9762939.6121133,0.0],[614875.1744866,9762941.9799256,0.0],[614879.9101112,9762940.3756005,0.0]]]]}},
{"type":"Feature","properties":{"Layer":"SH parqueos ESPOL"},"geometry":{"type":"MultiPolygon","coordinates":[[[[614895.4113436,9762952.8620173,0.0],[614894.6091811,9762950.494205,0.0],[614889.8735564,9762952.0985301,0.0],[614890.675719,9762954.4663424,0.0],[614895.4113436,9762952.8620173,0.0]]]]}},
{"type":"Feature","properties":{"Layer":"SH parqueos ESPOL"},"geometry":{"type":"MultiPolygon","coordinates":[[[[614894.6412676,9762950.5889174,0.0],[614893.839105,9762948.2211051,0.0],[614889.1034803,9762949.8254303,0.0],[614889.9056429,9762952.1932426,0.0],[614894.6412676,9762950.5889174,0.0]]]]}},
{"type":"Feature","properties":{"Layer":"SH parqueos ESPOL"},"geometry":{"type":"MultiPolygon","coordinates":[[[[614893.8711915,9762948.3158176,0.0],[614893.0690289,9762945.9480053,0.0],[614888.3334043,9762947.5523304,0.0],[614889.1355668,9762949.9201428,0.0],[614893.8711915,9762948.3158176,0.0]]]]}},
{"type":"Feature","properties":{"Layer":"SH parqueos ESPOL"},"geometry":{"type":"MultiPolygon","coordinates":[[[[614893.1011154,9762946.0427178,0.0],[614892.2989529,9762943.6749055,0.0],[614887.5633282,9762945.2792306,0.0],[614888.3654908,9762947.6470429,0.0],[614893.1011154,9762946.0427178,0.0]]]]}},
{"type":"Feature","properties":{"Layer":"SH parqueos ESPOL"},"geometry":{"type":"MultiPolygon","coordinates":[[[[614892.3310394,9762943.7696179,0.0],[614891.5288768,9762941.4018056,0.0],[614886.7932521,9762943.0061308,0.0],[614887.5954147,9762945.3739431,0.0],[614892.3310394,9762943.7696179,0.0]]]]}},
{"type":"Feature","properties":{"Layer":"SH parqueos ESPOL"},"geometry":{"type":"MultiPolygon","coordinates":[[[[614891.5609633,9762941.4965181,0.0],[614890.7588007,9762939.1287058,0.0],[614886.0231761,9762940.7330309,0.0],[614886.8253386,9762943.1008433,0.0],[614891.5609633,9762941.4965181,0.0]]]]}},
{"type":"Feature","properties":{"Layer":"SH parqueos ESPOL"},"geometry":{"type":"MultiPolygon","coordinates":[[[[614890.7908872,9762939.2234183,0.0],[614889.9887247,9762936.855606,0.0],[614885.2531,9762938.4599311,0.0],[614886.0552626,9762940.8277434,0.0],[614890.7908872,9762939.2234183,0.0]]]]}},
{"type":"Feature","properties":{"Layer":"SH parqueos ESPOL"},"geometry":{"type":"MultiPolygon","coordinates":[[[[614890.0208112,9762936.9503184,0.0],[614889.2186486,9762934.5825061,0.0],[614884.4830239,9762936.1868313,0.0],[614885.2851865,9762938.5546436,0.0],[614890.0208112,9762936.9503184,0.0]]]]}},
{"type":"Feature","properties":{"Layer":"SH parqueos ESPOL"},"geometry":{"type":"MultiPolygon","coordinates":[[[[614899.2821797,9762949.0166788,0.0],[614898.4800172,9762946.6488665,0.0],[614893.7443925,9762948.2531916,0.0],[614894.5465551,9762950.6210039,0.0],[614899.2821797,9762949.0166788,0.0]]]]}},
{"type":"Feature","properties":{"Layer":"SH parqueos ESPOL"},"geometry":{"type":"MultiPolygon","coordinates":[[[[614898.5121037,9762946.743579,0.0],[614897.7099411,9762944.3757666,0.0],[614892.9743164,9762945.9800918,0.0],[614893.776479,9762948.3479041,0.0],[614898.5121037,9762946.743579,0.0]]]]}},
{"type":"Feature","properties":{"Layer":"SH parqueos ESPOL"},"geometry":{"type":"MultiPolygon","coordinates":[[[[614897.7420276,9762944.4704791,0.0],[614896.939865,9762942.1026668,0.0],[614892.2042404,9762943.706992,0.0],[614893.0064029,9762946.0748043,0.0],[614897.7420276,9762944.4704791,0.0]]]]}},
{"type":"Feature","properties":{"Layer":"SH parqueos ESPOL"},"geometry":{"type":"MultiPolygon","coordinates":[[[[614896.9719515,9762942.1973793,0.0],[614896.169789,9762939.829567,0.0],[614891.4341643,9762941.4338921,0.0],[614892.2363269,9762943.8017044,0.0],[614896.9719515,9762942.1973793,0.0]]]]}},
{"type":"Feature","properties":{"Layer":"SH parqueos ESPOL"},"geometry":{"type":"MultiPolygon","coordinates":[[[[614896.2018755,9762939.9242795,0.0],[614895.3997129,9762937.5564671,0.0],[614890.6640882,9762939.1607923,0.0],[614891.4662508,9762941.5286046,0.0],[614896.2018755,9762939.9242795,0.0]]]]}},
{"type":"Feature","properties":{"Layer":"SH parqueos ESPOL"},"geometry":{"type":"MultiPolygon","coordinates":[[[[614895.4317994,9762937.6511796,0.0],[614894.6296368,9762935.2833673,0.0],[614889.8940122,9762936.8876925,0.0],[614890.6961747,9762939.2555048,0.0],[614895.4317994,9762937.6511796,0.0]]]]}},
{"type":"Feature","properties":{"Layer":"SH parqueos ESPOL"},"geometry":{"type":"MultiPolygon","coordinates":[[[[614894.6617233,9762935.3780798,0.0],[614893.8595607,9762933.0102675,0.0],[614889.1239361,9762934.6145926,0.0],[614889.9260987,9762936.9824049,0.0],[614894.6617233,9762935.3780798,0.0]]]]}},
{"type":"Feature","properties":{"Layer":"SH parqueos ESPOL"},"geometry":{"type":"MultiPolygon","coordinates":[[[[614874.499123,9762939.6747393,0.0],[614873.6969604,9762937.306927,0.0],[614868.9613358,9762938.9112521,0.0],[614869.7634983,9762941.2790644,0.0],[614874.499123,9762939.6747393,0.0]]]]}},
{"type":"Feature","properties":{"Layer":"SH parqueos ESPOL"},"geometry":{"type":"MultiPolygon","coordinates":[[[[614873.7290469,9762937.4016395,0.0],[614872.9268844,9762935.0338271,0.0],[614868.1912597,9762936.6381523,0.0],[614868.9934223,9762939.0059646,0.0],[614873.7290469,9762937.4016395,0.0]]]]}},
{"type":"Feature","properties":{"Layer":"SH parqueos ESPOL"},"geometry":{"type":"MultiPolygon","coordinates":[[[[614879.1400352,9762938.1025007,0.0],[614878.3378726,9762935.7346883,0.0],[614873.6022479,9762937.3390135,0.0],[614874.4044105,9762939.7068258,0.0],[614879.1400352,9762938.1025007,0.0]]]]}},
{"type":"Feature","properties":{"Layer":"SH parqueos ESPOL"},"geometry":{"type":"MultiPolygon","coordinates":[[[[614878.3699591,9762935.8294008,0.0],[614877.5677965,9762933.4615885,0.0],[614872.8321719,9762935.0659136,0.0],[614873.6343344,9762937.433726,0.0],[614878.3699591,9762935.8294008,0.0]]]]}},
{"type":"Feature","properties":{"Layer":"SH parqueos ESPOL"},"geometry":{"type":"MultiPolygon","coordinates":[[[[614872.9589709,9762935.1285396,0.0],[614872.1568083,9762932.7607273,0.0],[614867.4211836,9762934.3650525,0.0],[614868.2233462,9762936.7328648,0.0],[614872.9589709,9762935.1285396,0.0]]]]}},
{"type":"Feature","properties":{"Layer":"SH parqueos ESPOL"},"geometry":{"type":"MultiPolygon","coordinates":[[[[614877.599883,9762933.556301,0.0],[614876.7977204,9762931.1884887,0.0],[614872.0620958,9762932.7928138,0.0],[614872.8642584,9762935.1606261,0.0],[614877.599883,9762933.556301,0.0]]]]}},
{"type":"Feature","properties":{"Layer":"SH parqueos ESPOL"},"geometry":{"type":"MultiPolygon","coordinates":[[[[614893.8916473,9762933.10498,0.0],[614893.0894847,9762930.7371677,0.0],[614888.35386,9762932.3414928,0.0],[614889.1560226,9762934.7093051,0.0],[614893.8916473,9762933.10498,0.0]]]]}},
{"type":"Feature","properties":{"Layer":"SH parqueos ESPOL"},"geometry":{"type":"MultiPolygon","coordinates":[[[[614893.1215712,9762930.8318801,0.0],[614892.3194086,9762928.4640678,0.0],[614887.583784,9762930.068393,0.0],[614888.3859465,9762932.4362053,0.0],[614893.1215712,9762930.8318801,0.0]]]]}},
{"type":"Feature","properties":{"Layer":"SH parqueos ESPOL"},"geometry":{"type":"MultiPolygon","coordinates":[[[[614892.3514951,9762928.5587803,0.0],[614891.5493325,9762926.190968,0.0],[614886.8137079,9762927.7952931,0.0],[614887.6158705,9762930.1631055,0.0],[614892.3514951,9762928.5587803,0.0]]]]}},
{"type":"Feature","properties":{"Layer":"SH parqueos ESPOL"},"geometry":{"type":"MultiPolygon","coordinates":[[[[614889.2507351,9762934.6772186,0.0],[614888.4485725,9762932.3094063,0.0],[614883.7129479,9762933.9137314,0.0],[614884.5151104,9762936.2815438,0.0],[614889.2507351,9762934.6772186,0.0]]]]}},
{"type":"Feature","properties":{"Layer":"SH parqueos ESPOL"},"geometry":{"type":"MultiPolygon","coordinates":[[[[614888.480659,9762932.4041188,0.0],[614887.6784965,9762930.0363065,0.0],[614882.9428718,9762931.6406316,0.0],[614883.7450344,9762934.0084439,0.0],[614888.480659,9762932.4041188,0.0]]]]}},
{"type":"Feature","properties":{"Layer":"SH parqueos ESPOL"},"geometry":{"type":"MultiPolygon","coordinates":[[[[614887.710583,9762930.1310189,0.0],[614886.9084204,9762927.7632066,0.0],[614882.1727957,9762929.3675318,0.0],[614882.9749583,9762931.7353441,0.0],[614887.710583,9762930.1310189,0.0]]]]}},
{"type":"Feature","properties":{"Layer":"SH parqueos ESPOL"},"geometry":{"type":"MultiPolygon","coordinates":[[[[614888.3510241,9762964.5483267,0.0],[614885.9802011,9762965.341547,0.0],[614887.5666417,9762970.083193,0.0],[614889.9374647,9762969.2899727,0.0],[614888.3510241,9762964.5483267,0.0]]]]}},
{"type":"Feature","properties":{"Layer":"SH parqueos ESPOL"},"geometry":{"type":"MultiPolygon","coordinates":[[[[614890.6250303,9762963.787499,0.0],[614888.2542074,9762964.5807193,0.0],[614889.840648,9762969.3223652,0.0],[614892.2114709,9762968.5291449,0.0],[614890.6250303,9762963.787499,0.0]]]]}},
{"type":"Feature","properties":{"Layer":"SH parqueos ESPOL"},"geometry":{"type":"MultiPolygon","coordinates":[[[[614892.9010204,9762963.0260075,0.0],[614890.5301974,9762963.8192278,0.0],[614892.116638,9762968.5608737,0.0],[614894.487461,9762967.7676534,0.0],[614892.9010204,9762963.0260075,0.0]]]]}},
{"type":"Feature","properties":{"Layer":"SH parqueos ESPOL"},"geometry":{"type":"MultiPolygon","coordinates":[[[[614895.1750267,9762962.2651797,0.0],[614892.8042037,9762963.0584,0.0],[614894.3906443,9762967.800046,0.0],[614896.7614673,9762967.0068257,0.0],[614895.1750267,9762962.2651797,0.0]]]]}},
{"type":"Feature","properties":{"Layer":"SH parqueos ESPOL"},"geometry":{"type":"MultiPolygon","coordinates":[[[[614897.4510167,9762961.5036882,0.0],[614895.0801937,9762962.2969085,0.0],[614896.6666343,9762967.0385545,0.0],[614899.0374573,9762966.2453342,0.0],[614897.4510167,9762961.5036882,0.0]]]]}},
{"type":"Feature","properties":{"Layer":"SH parqueos ESPOL"},"geometry":{"type":"MultiPolygon","coordinates":[[[[614899.725023,9762960.7428605,0.0],[614897.3542,9762961.5360808,0.0],[614898.9406406,9762966.2777267,0.0],[614901.3114636,9762965.4845064,0.0],[614899.725023,9762960.7428605,0.0]]]]}},
{"type":"Feature","properties":{"Layer":"SH parqueos ESPOL"},"geometry":{"type":"MultiPolygon","coordinates":[[[[614889.9057359,9762969.1951397,0.0],[614887.5349129,9762969.98836,0.0],[614889.1213535,9762974.730006,0.0],[614891.4921765,9762973.9367857,0.0],[614889.9057359,9762969.1951397,0.0]]]]}},
{"type":"Feature","properties":{"Layer":"SH parqueos ESPOL"},"geometry":{"type":"MultiPolygon","coordinates":[[[[614892.1797421,9762968.434312,0.0],[614889.8089192,9762969.2275323,0.0],[614891.3953598,9762973.9691782,0.0],[614893.7661827,9762973.1759579,0.0],[614892.1797421,9762968.434312,0.0]]]]}},
{"type":"Feature","properties":{"Layer":"SH parqueos ESPOL"},"geometry":{"type":"MultiPolygon","coordinates":[[[[614894.4557322,9762967.6728205,0.0],[614892.0849092,9762968.4660408,0.0],[614893.6713498,9762973.2076867,0.0],[614896.0421728,9762972.4144664,0.0],[614894.4557322,9762967.6728205,0.0]]]]}},
{"type":"Feature","properties":{"Layer":"SH parqueos ESPOL"},"geometry":{"type":"MultiPolygon","coordinates":[[[[614896.7297384,9762966.9119927,0.0],[614894.3589155,9762967.705213,0.0],[614895.9453561,9762972.446859,0.0],[614898.316179,9762971.6536387,0.0],[614896.7297384,9762966.9119927,0.0]]]]}},
{"type":"Feature","properties":{"Layer":"SH parqueos ESPOL"},"geometry":{"type":"MultiPolygon","coordinates":[[[[614895.926482,9762978.5750437,0.0],[614893.5556591,9762979.368264,0.0],[614895.1420997,9762984.1099099,0.0],[614897.5129226,9762983.3166896,0.0],[614895.926482,9762978.5750437,0.0]]]]}},
{"type":"Feature","properties":{"Layer":"SH parqueos ESPOL"},"geometry":{"type":"MultiPolygon","coordinates":[[[[614898.2004883,9762977.8142159,0.0],[614895.8296653,9762978.6074362,0.0],[614897.4161059,9762983.3490821,0.0],[614899.7869289,9762982.5558618,0.0],[614898.2004883,9762977.8142159,0.0]]]]}},
{"type":"Feature","properties":{"Layer":"SH parqueos ESPOL"},"geometry":{"type":"MultiPolygon","coordinates":[[[[614900.4764784,9762977.0527244,0.0],[614898.1056554,9762977.8459447,0.0],[614899.692096,9762982.5875906,0.0],[614902.062919,9762981.7943703,0.0],[614900.4764784,9762977.0527244,0.0]]]]}},
{"type":"Feature","properties":{"Layer":"SH parqueos ESPOL"},"geometry":{"type":"MultiPolygon","coordinates":[[[[614902.7504846,9762976.2918966,0.0],[614900.3796617,9762977.0851169,0.0],[614901.9661023,9762981.8267629,0.0],[614904.3369252,9762981.0335426,0.0],[614902.7504846,9762976.2918966,0.0]]]]}},
{"type":"Feature","properties":{"Layer":"SH parqueos ESPOL"},"geometry":{"type":"MultiPolygon","coordinates":[[[[614910.5398113,9762962.8746062,0.0],[614909.3948901,9762965.0970273,0.0],[614913.8397321,9762967.3868698,0.0],[614914.9846534,9762965.1644487,0.0],[614910.5398113,9762962.8746062,0.0]]]]}},
{"type":"Feature","properties":{"Layer":"SH parqueos ESPOL"},"geometry":{"type":"MultiPolygon","coordinates":[[[[614909.4406869,9762965.0081304,0.0],[614908.2957656,9762967.2305515,0.0],[614912.7406077,9762969.520394,0.0],[614913.885529,9762967.2979729,0.0],[614909.4406869,9762965.0081304,0.0]]]]}},
{"type":"Feature","properties":{"Layer":"SH parqueos ESPOL"},"geometry":{"type":"MultiPolygon","coordinates":[[[[614908.3415625,9762967.1416546,0.0],[614907.1966412,9762969.3640757,0.0],[614911.6414833,9762971.6539182,0.0],[614912.7864046,9762969.4314971,0.0],[614908.3415625,9762967.1416546,0.0]]]]}},
{"type":"Feature","properties":{"Layer":"SH parqueos ESPOL"},"geometry":{"type":"MultiPolygon","coordinates":[[[[614907.2424381,9762969.2751788,0.0],[614906.0975168,9762971.4975999,0.0],[614910.5423589,9762973.7874424,0.0],[614911.6872802,9762971.5650213,0.0],[614907.2424381,9762969.2751788,0.0]]]]}},
{"type":"Feature","properties":{"Layer":"SH parqueos ESPOL"},"geometry":{"type":"MultiPolygon","coordinates":[[[[614906.1433137,9762971.408703,0.0],[614904.9983924,9762973.6311241,0.0],[614909.4432345,9762975.9209666,0.0],[614910.5881558,9762973.6985455,0.0],[614906.1433137,9762971.408703,0.0]]]]}},
{"type":"Feature","properties":{"Layer":"SH parqueos ESPOL"},"geometry":{"type":"MultiPolygon","coordinates":[[[[614910.5765083,9762960.3748756,0.0],[614910.5398113,9762962.8746062,0.0],[614915.5392726,9762962.9480002,0.0],[614915.5759696,9762960.4482695,0.0],[614910.5765083,9762960.3748756,0.0]]]]}},
{"type":"Feature","properties":{"Layer":"SH parqueos ESPOL"},"geometry":{"type":"MultiPolygon","coordinates":[[[[614909.901819,9762957.9676377,0.0],[614910.5765083,9762960.3748756,0.0],[614915.3909841,9762959.025497,0.0],[614914.7162948,9762956.6182591,0.0],[614909.901819,9762957.9676377,0.0]]]]}},
{"type":"Feature","properties":{"Layer":"SH parqueos ESPOL"},"geometry":{"type":"MultiPolygon","coordinates":[[[[614909.2541173,9762955.6566893,0.0],[614909.9288066,9762958.0639272,0.0],[614914.7432824,9762956.7145486,0.0],[614914.0685931,9762954.3073107,0.0],[614909.2541173,9762955.6566893,0.0]]]]}},
{"type":"Feature","properties":{"Layer":"SH parqueos ESPOL"},"geometry":{"type":"MultiPolygon","coordinates":[[[[614904.756548,9762943.4373928,0.0],[614904.1490546,9762945.8624602,0.0],[614908.9991893,9762947.077447,0.0],[614909.6066827,9762944.6523797,0.0],[614904.756548,9762943.4373928,0.0]]]]}},
{"type":"Feature","properties":{"Layer":"SH parqueos ESPOL"},"geometry":{"type":"MultiPolygon","coordinates":[[[[614905.7082876,9762946.1499671,0.0],[614905.1007942,9762948.5750345,0.0],[614909.9509289,9762949.7900214,0.0],[614910.5584223,9762947.364954,0.0],[614905.7082876,9762946.1499671,0.0]]]]}},
{"type":"Feature","properties":{"Layer":"SH parqueos ESPOL"},"geometry":{"type":"MultiPolygon","coordinates":[[[[614915.8380459,9762930.5309136,0.0],[614916.5312059,9762928.1289292,0.0],[614911.7272371,9762926.7426092,0.0],[614911.0340771,9762929.1445936,0.0],[614915.8380459,9762930.5309136,0.0]]]]}},
{"type":"Feature","properties":{"Layer":"SH parqueos ESPOL"},"geometry":{"type":"MultiPolygon","coordinates":[[[[614907.5065115,9762921.736918,0.0],[614906.7043489,9762919.3691057,0.0],[614901.9687243,9762920.9734308,0.0],[614902.7708868,9762923.3412432,0.0],[614907.5065115,9762921.736918,0.0]]]]}},
{"type":"Feature","properties":{"Layer":"SH parqueos ESPOL"},"geometry":{"type":"MultiPolygon","coordinates":[[[[614906.7364354,9762919.4638182,0.0],[614905.9342729,9762917.0960059,0.0],[614901.1986482,9762918.700331,0.0],[614902.0008108,9762921.0681433,0.0],[614906.7364354,9762919.4638182,0.0]]]]}},
{"type":"Feature","properties":{"Layer":"SH parqueos ESPOL"},"geometry":{"type":"MultiPolygon","coordinates":[[[[614905.9663594,9762917.1907184,0.0],[614905.1641968,9762914.822906,0.0],[614900.4285721,9762916.4272312,0.0],[614901.2307347,9762918.7950435,0.0],[614905.9663594,9762917.1907184,0.0]]]]}},
{"type":"Feature","properties":{"Layer":"SH parqueos ESPOL"},"geometry":{"type":"MultiPolygon","coordinates":[[[[614885.1183859,9762915.0380933,0.0],[614882.7442161,9762915.8212392,0.0],[614884.3105079,9762920.5695789,0.0],[614886.6846778,9762919.786433,0.0],[614885.1183859,9762915.0380933,0.0]]]]}},
{"type":"Feature","properties":{"Layer":"SH parqueos ESPOL"},"geometry":{"type":"MultiPolygon","coordinates":[[[[614882.8391829,9762915.7899134,0.0],[614880.465013,9762916.5730593,0.0],[614882.0313048,9762921.321399,0.0],[614884.4054747,9762920.5382531,0.0],[614882.8391829,9762915.7899134,0.0]]]]}},
{"type":"Feature","properties":{"Layer":"SH parqueos ESPOL"},"geometry":{"type":"MultiPolygon","coordinates":[[[[614880.5599798,9762916.5417335,0.0],[614878.18581,9762917.3248794,0.0],[614879.7521018,9762922.0732191,0.0],[614882.1262716,9762921.2900732,0.0],[614880.5599798,9762916.5417335,0.0]]]]}},
{"type":"Feature","properties":{"Layer":"SH parqueos ESPOL"},"geometry":{"type":"MultiPolygon","coordinates":[[[[614878.2807768,9762917.2935535,0.0],[614875.9066069,9762918.0766994,0.0],[614877.4728987,9762922.8250392,0.0],[614879.8470686,9762922.0418932,0.0],[614878.2807768,9762917.2935535,0.0]]]]}},
{"type":"Feature","properties":{"Layer":"SH parqueos ESPOL"},"geometry":{"type":"MultiPolygon","coordinates":[[[[614876.0015737,9762918.0453736,0.0],[614873.6274038,9762918.8285195,0.0],[614875.1936957,9762923.5768592,0.0],[614877.5678655,9762922.7937133,0.0],[614876.0015737,9762918.0453736,0.0]]]]}},
{"type":"Feature","properties":{"Layer":"SH parqueos ESPOL"},"geometry":{"type":"MultiPolygon","coordinates":[[[[614873.7223706,9762918.7971937,0.0],[614871.3482008,9762919.5803396,0.0],[614872.9144926,9762924.3286793,0.0],[614875.2886624,9762923.5455334,0.0],[614873.7223706,9762918.7971937,0.0]]]]}},
{"type":"Feature","properties":{"Layer":"SH parqueos ESPOL"},"geometry":{"type":"MultiPolygon","coordinates":[[[[614871.4431676,9762919.5490137,0.0],[614869.0689977,9762920.3321596,0.0],[614870.6352895,9762925.0804994,0.0],[614873.0094594,9762924.2973535,0.0],[614871.4431676,9762919.5490137,0.0]]]]}},
{"type":"Feature","properties":{"Layer":"SH parqueos ESPOL"},"geometry":{"type":"MultiPolygon","coordinates":[[[[614869.1639645,9762920.3008338,0.0],[614866.7897947,9762921.0839797,0.0],[614868.3560865,9762925.8323194,0.0],[614870.7302563,9762925.0491735,0.0],[614869.1639645,9762920.3008338,0.0]]]]}},
{"type":"Feature","properties":{"Layer":"SH parqueos ESPOL"},"geometry":{"type":"MultiPolygon","coordinates":[[[[614892.0046452,9762906.7154466,0.0],[614889.6304753,9762907.4985925,0.0],[614891.1967672,9762912.2469322,0.0],[614893.570937,9762911.4637863,0.0],[614892.0046452,9762906.7154466,0.0]]]]}},
{"type":"Feature","properties":{"Layer":"SH parqueos ESPOL"},"geometry":{"type":"MultiPolygon","coordinates":[[[[614889.7254421,9762907.4672666,0.0],[614887.3512723,9762908.2504125,0.0],[614888.9175641,9762912.9987523,0.0],[614891.2917339,9762912.2156064,0.0],[614889.7254421,9762907.4672666,0.0]]]]}},
{"type":"Feature","properties":{"Layer":"SH parqueos ESPOL"},"geometry":{"type":"MultiPolygon","coordinates":[[[[614887.4462391,9762908.2190867,0.0],[614885.0720692,9762909.0022326,0.0],[614886.638361,9762913.7505723,0.0],[614889.0125309,9762912.9674264,0.0],[614887.4462391,9762908.2190867,0.0]]]]}},
{"type":"Feature","properties":{"Layer":"SH parqueos ESPOL"},"geometry":{"type":"MultiPolygon","coordinates":[[[[614885.167036,9762908.9709068,0.0],[614882.7928662,9762909.7540527,0.0],[614884.359158,9762914.5023924,0.0],[614886.7333278,9762913.7192465,0.0],[614885.167036,9762908.9709068,0.0]]]]}},
{"type":"Feature","properties":{"Layer":"SH parqueos ESPOL"},"geometry":{"type":"MultiPolygon","coordinates":[[[[614882.8878329,9762909.7227268,0.0],[614880.5136631,9762910.5058728,0.0],[614882.0799549,9762915.2542125,0.0],[614884.4541248,9762914.4710666,0.0],[614882.8878329,9762909.7227268,0.0]]]]}},
{"type":"Feature","properties":{"Layer":"SH parqueos ESPOL"},"geometry":{"type":"MultiPolygon","coordinates":[[[[614880.6086299,9762910.4745469,0.0],[614878.23446,9762911.2576928,0.0],[614879.8007518,9762916.0060325,0.0],[614882.1749217,9762915.2228866,0.0],[614880.6086299,9762910.4745469,0.0]]]]}},
{"type":"Feature","properties":{"Layer":"SH parqueos ESPOL"},"geometry":{"type":"MultiPolygon","coordinates":[[[[614878.3294268,9762911.226367,0.0],[614875.955257,9762912.0095129,0.0],[614877.5215488,9762916.7578526,0.0],[614879.8957186,9762915.9747067,0.0],[614878.3294268,9762911.226367,0.0]]]]}},
{"type":"Feature","properties":{"Layer":"SH parqueos ESPOL"},"geometry":{"type":"MultiPolygon","coordinates":[[[[614876.0502238,9762911.9781871,0.0],[614873.6760539,9762912.761333,0.0],[614875.2423457,9762917.5096727,0.0],[614877.6165156,9762916.7265268,0.0],[614876.0502238,9762911.9781871,0.0]]]]}},
{"type":"Feature","properties":{"Layer":"SH parqueos ESPOL"},"geometry":{"type":"MultiPolygon","coordinates":[[[[614873.7710207,9762912.7300071,0.0],[614871.3968509,9762913.513153,0.0],[614872.9631427,9762918.2614927,0.0],[614875.3373125,9762917.4783468,0.0],[614873.7710207,9762912.7300071,0.0]]]]}},
{"type":"Feature","properties":{"Layer":"SH parqueos ESPOL"},"geometry":{"type":"MultiPolygon","coordinates":[[[[614871.4918177,9762913.4818272,0.0],[614869.1176478,9762914.2649731,0.0],[614870.6839396,9762919.0133128,0.0],[614873.0581095,9762918.2301669,0.0],[614871.4918177,9762913.4818272,0.0]]]]}},
{"type":"Feature","properties":{"Layer":"SH parqueos ESPOL"},"geometry":{"type":"MultiPolygon","coordinates":[[[[614894.9099506,9762903.4604238,0.0],[614893.6159914,9762905.5995053,0.0],[614897.8941543,9762908.1874237,0.0],[614899.1881135,9762906.0483423,0.0],[614894.9099506,9762903.4604238,0.0]]]]}},
{"type":"Feature","properties":{"Layer":"SH parqueos ESPOL"},"geometry":{"type":"MultiPolygon","coordinates":[[[[614884.2868028,9762893.4851954,0.0],[614881.9073557,9762894.2521579,0.0],[614883.4412806,9762899.0110521,0.0],[614885.8207278,9762898.2440896,0.0],[614884.2868028,9762893.4851954,0.0]]]]}},
{"type":"Feature","properties":{"Layer":"SH parqueos ESPOL"},"geometry":{"type":"MultiPolygon","coordinates":[[[[614882.0025336,9762894.2214794,0.0],[614879.6230865,9762894.9884418,0.0],[614881.1570114,9762899.7473361,0.0],[614883.5364585,9762898.9803736,0.0],[614882.0025336,9762894.2214794,0.0]]]]}},
{"type":"Feature","properties":{"Layer":"SH parqueos ESPOL"},"geometry":{"type":"MultiPolygon","coordinates":[[[[614879.7182643,9762894.9577633,0.0],[614877.3388172,9762895.7247258,0.0],[614878.8727422,9762900.4836201,0.0],[614881.2521893,9762899.7166576,0.0],[614879.7182643,9762894.9577633,0.0]]]]}},
{"type":"Feature","properties":{"Layer":"SH parqueos ESPOL"},"geometry":{"type":"MultiPolygon","coordinates":[[[[614877.4339951,9762895.6940473,0.0],[614875.054548,9762896.4610098,0.0],[614876.588473,9762901.219904,0.0],[614878.9679201,9762900.4529416,0.0],[614877.4339951,9762895.6940473,0.0]]]]}},
{"type":"Feature","properties":{"Layer":"SH parqueos ESPOL"},"geometry":{"type":"MultiPolygon","coordinates":[[[[614875.1497259,9762896.4303313,0.0],[614872.7702788,9762897.1972938,0.0],[614874.3042037,9762901.956188,0.0],[614876.6836508,9762901.1892255,0.0],[614875.1497259,9762896.4303313,0.0]]]]}},
{"type":"Feature","properties":{"Layer":"SH parqueos ESPOL"},"geometry":{"type":"MultiPolygon","coordinates":[[[[614872.8654567,9762897.1666153,0.0],[614870.4860095,9762897.9335778,0.0],[614872.0199345,9762902.692472,0.0],[614874.3993816,9762901.9255095,0.0],[614872.8654567,9762897.1666153,0.0]]]]}},
{"type":"Feature","properties":{"Layer":"SH parqueos ESPOL"},"geometry":{"type":"MultiPolygon","coordinates":[[[[614870.5811874,9762897.9028993,0.0],[614868.2017403,9762898.6698617,0.0],[614869.7356653,9762903.428756,0.0],[614872.1151124,9762902.6617935,0.0],[614870.5811874,9762897.9028993,0.0]]]]}},
{"type":"Feature","properties":{"Layer":"SH parqueos ESPOL"},"geometry":{"type":"MultiPolygon","coordinates":[[[[614868.2969182,9762898.6391832,0.0],[614865.9174711,9762899.4061457,0.0],[614867.451396,9762904.1650399,0.0],[614869.8308431,9762903.3980775,0.0],[614868.2969182,9762898.6391832,0.0]]]]}},
{"type":"Feature","properties":{"Layer":"SH parqueos ESPOL"},"geometry":{"type":"MultiPolygon","coordinates":[[[[614866.012649,9762899.3754672,0.0],[614863.6332019,9762900.1424297,0.0],[614865.1671268,9762904.9013239,0.0],[614867.5465739,9762904.1343614,0.0],[614866.012649,9762899.3754672,0.0]]]]}},
{"type":"Feature","properties":{"Layer":"SH parqueos ESPOL"},"geometry":{"type":"MultiPolygon","coordinates":[[[[614863.7283797,9762900.1117512,0.0],[614861.3489326,9762900.8787137,0.0],[614862.8828576,9762905.6376079,0.0],[614865.2623047,9762904.8706454,0.0],[614863.7283797,9762900.1117512,0.0]]]]}},
{"type":"Feature","properties":{"Layer":"SH parqueos ESPOL"},"geometry":{"type":"MultiPolygon","coordinates":[[[[614861.4441105,9762900.8480352,0.0],[614859.0646634,9762901.6149976,0.0],[614860.5985884,9762906.3738919,0.0],[614862.9780355,9762905.6069294,0.0],[614861.4441105,9762900.8480352,0.0]]]]}},
{"type":"Feature","properties":{"Layer":"SH parqueos ESPOL"},"geometry":{"type":"MultiPolygon","coordinates":[[[[614859.1598413,9762901.5843191,0.0],[614856.7803942,9762902.3512816,0.0],[614858.3143191,9762907.1101758,0.0],[614860.6937662,9762906.3432134,0.0],[614859.1598413,9762901.5843191,0.0]]]]}},
{"type":"Feature","properties":{"Layer":"SH parqueos ESPOL"},"geometry":{"type":"MultiPolygon","coordinates":[[[[614856.8755721,9762902.3206031,0.0],[614854.4961249,9762903.0875656,0.0],[614856.0300499,9762907.8464598,0.0],[614858.409497,9762907.0794973,0.0],[614856.8755721,9762902.3206031,0.0]]]]}},
{"type":"Feature","properties":{"Layer":"SH parqueos ESPOL"},"geometry":{"type":"MultiPolygon","coordinates":[[[[614882.0437235,9762887.0464732,0.0],[614879.6642764,9762887.8134357,0.0],[614881.1982014,9762892.5723299,0.0],[614883.5776485,9762891.8053675,0.0],[614882.0437235,9762887.0464732,0.0]]]]}},
{"type":"Feature","properties":{"Layer":"SH parqueos ESPOL"},"geometry":{"type":"MultiPolygon","coordinates":[[[[614879.7594543,9762887.7827572,0.0],[614877.3800072,9762888.5497197,0.0],[614878.9139322,9762893.3086139,0.0],[614881.2933793,9762892.5416514,0.0],[614879.7594543,9762887.7827572,0.0]]]]}},
{"type":"Feature","properties":{"Layer":"SH parqueos ESPOL"},"geometry":{"type":"MultiPolygon","coordinates":[[[[614877.4751851,9762888.5190412,0.0],[614875.095738,9762889.2860037,0.0],[614876.6296629,9762894.0448979,0.0],[614879.00911,9762893.2779354,0.0],[614877.4751851,9762888.5190412,0.0]]]]}},
{"type":"Feature","properties":{"Layer":"SH parqueos ESPOL"},"geometry":{"type":"MultiPolygon","coordinates":[[[[614875.1909159,9762889.2553252,0.0],[614872.8114687,9762890.0222876,0.0],[614874.3453937,9762894.7811819,0.0],[614876.7248408,9762894.0142194,0.0],[614875.1909159,9762889.2553252,0.0]]]]}},
{"type":"Feature","properties":{"Layer":"SH parqueos ESPOL"},"geometry":{"type":"MultiPolygon","coordinates":[[[[614872.9066466,9762889.9916091,0.0],[614870.5271995,9762890.7585716,0.0],[614872.0611245,9762895.5174658,0.0],[614874.4405716,9762894.7505034,0.0],[614872.9066466,9762889.9916091,0.0]]]]}},
{"type":"Feature","properties":{"Layer":"SH parqueos ESPOL"},"geometry":{"type":"MultiPolygon","coordinates":[[[[614870.6223774,9762890.7278931,0.0],[614868.2429303,9762891.4948556,0.0],[614869.7768552,9762896.2537498,0.0],[614872.1563023,9762895.4867874,0.0],[614870.6223774,9762890.7278931,0.0]]]]}},
{"type":"Feature","properties":{"Layer":"SH parqueos ESPOL"},"geometry":{"type":"MultiPolygon","coordinates":[[[[614868.3381082,9762891.4641771,0.0],[614865.9586611,9762892.2311396,0.0],[614867.492586,9762896.9900338,0.0],[614869.8720331,9762896.2230713,0.0],[614868.3381082,9762891.4641771,0.0]]]]}},
{"type":"Feature","properties":{"Layer":"SH parqueos ESPOL"},"geometry":{"type":"MultiPolygon","coordinates":[[[[614866.0538389,9762892.2004611,0.0],[614863.6743918,9762892.9674235,0.0],[614865.2083168,9762897.7263178,0.0],[614867.5877639,9762896.9593553,0.0],[614866.0538389,9762892.2004611,0.0]]]]}},
{"type":"Feature","properties":{"Layer":"SH parqueos ESPOL"},"geometry":{"type":"MultiPolygon","coordinates":[[[[614863.7695697,9762892.936745,0.0],[614861.3901226,9762893.7037075,0.0],[614862.9240475,9762898.4626018,0.0],[614865.3034947,9762897.6956393,0.0],[614863.7695697,9762892.936745,0.0]]]]}},
{"type":"Feature","properties":{"Layer":"SH parqueos ESPOL"},"geometry":{"type":"MultiPolygon","coordinates":[[[[614861.4853005,9762893.673029,0.0],[614859.1058534,9762894.4399915,0.0],[614860.6397783,9762899.1988857,0.0],[614863.0192254,9762898.4319233,0.0],[614861.4853005,9762893.673029,0.0]]]]}},
{"type":"Feature","properties":{"Layer":"SH parqueos ESPOL"},"geometry":{"type":"MultiPolygon","coordinates":[[[[614859.2010313,9762894.409313,0.0],[614856.8215841,9762895.1762755,0.0],[614858.3555091,9762899.9351697,0.0],[614860.7349562,9762899.1682072,0.0],[614859.2010313,9762894.409313,0.0]]]]}},
{"type":"Feature","properties":{"Layer":"SH parqueos ESPOL"},"geometry":{"type":"MultiPolygon","coordinates":[[[[614856.916762,9762895.145597,0.0],[614854.5373149,9762895.9125594,0.0],[614856.0712399,9762900.6714537,0.0],[614858.450687,9762899.9044912,0.0],[614856.916762,9762895.145597,0.0]]]]}},
{"type":"Feature","properties":{"Layer":"SH parqueos ESPOL"},"geometry":{"type":"MultiPolygon","coordinates":[[[[614854.6324928,9762895.881881,0.0],[614852.2530457,9762896.6488434,0.0],[614853.7869706,9762901.4077377,0.0],[614856.1664178,9762900.6407752,0.0],[614854.6324928,9762895.881881,0.0]]]]}},
{"type":"Feature","properties":{"Layer":"SH parqueos ESPOL"},"geometry":{"type":"MultiPolygon","coordinates":[[[[614887.1006952,9762874.5156841,0.0],[614887.9573957,9762876.8643144,0.0],[614892.6546563,9762875.1509132,0.0],[614891.7979557,9762872.8022829,0.0],[614887.1006952,9762874.5156841,0.0]]]]}},
{"type":"Feature","properties":{"Layer":"SH parqueos ESPOL"},"geometry":{"type":"MultiPolygon","coordinates":[[[[614887.9231277,9762876.7703691,0.0],[614888.7798283,9762879.1189994,0.0],[614893.4770888,9762877.4055982,0.0],[614892.6203882,9762875.056968,0.0],[614887.9231277,9762876.7703691,0.0]]]]}},
{"type":"Feature","properties":{"Layer":"SH parqueos ESPOL"},"geometry":{"type":"MultiPolygon","coordinates":[[[[614888.7455603,9762879.0250542,0.0],[614889.6022609,9762881.3736844,0.0],[614894.2995214,9762879.6602833,0.0],[614893.4428208,9762877.311653,0.0],[614888.7455603,9762879.0250542,0.0]]]]}},
{"type":"Feature","properties":{"Layer":"SH parqueos ESPOL"},"geometry":{"type":"MultiPolygon","coordinates":[[[[614889.5679928,9762881.2797392,0.0],[614890.4246934,9762883.6283695,0.0],[614895.121954,9762881.9149683,0.0],[614894.2652534,9762879.5663381,0.0],[614889.5679928,9762881.2797392,0.0]]]]}},
{"type":"Feature","properties":{"Layer":"SH parqueos ESPOL"},"geometry":{"type":"MultiPolygon","coordinates":[[[[614890.3904254,9762883.5344243,0.0],[614891.247126,9762885.8830545,0.0],[614895.9443865,9762884.1696534,0.0],[614895.0876859,9762881.8210231,0.0],[614890.3904254,9762883.5344243,0.0]]]]}},
{"type":"Feature","properties":{"Layer":"SH parqueos ESPOL"},"geometry":{"type":"MultiPolygon","coordinates":[[[[614891.212858,9762885.7891093,0.0],[614892.0695586,9762888.1377396,0.0],[614896.7668191,9762886.4243384,0.0],[614895.9101185,9762884.0757081,0.0],[614891.212858,9762885.7891093,0.0]]]]}},
{"type":"Feature","properties":{"Layer":"SH parqueos ESPOL"},"geometry":{"type":"MultiPolygon","coordinates":[[[[614892.0352905,9762888.0437944,0.0],[614892.8919911,9762890.3924246,0.0],[614897.5892517,9762888.6790235,0.0],[614896.7325511,9762886.3303932,0.0],[614892.0352905,9762888.0437944,0.0]]]]}},
{"type":"Feature","properties":{"Layer":"SH parqueos ESPOL"},"geometry":{"type":"MultiPolygon","coordinates":[[[[614875.099787,9762877.1513431,0.0],[614872.7203399,9762877.9183056,0.0],[614874.2542648,9762882.6771998,0.0],[614876.6337119,9762881.9102374,0.0],[614875.099787,9762877.1513431,0.0]]]]}},
{"type":"Feature","properties":{"Layer":"SH parqueos ESPOL"},"geometry":{"type":"MultiPolygon","coordinates":[[[[614872.8155178,9762877.8876271,0.0],[614870.4360706,9762878.6545896,0.0],[614871.9699956,9762883.4134838,0.0],[614874.3494427,9762882.6465214,0.0],[614872.8155178,9762877.8876271,0.0]]]]}},
{"type":"Feature","properties":{"Layer":"SH parqueos ESPOL"},"geometry":{"type":"MultiPolygon","coordinates":[[[[614870.5312485,9762878.6239111,0.0],[614868.1518014,9762879.3908736,0.0],[614869.6857264,9762884.1497678,0.0],[614872.0651735,9762883.3828053,0.0],[614870.5312485,9762878.6239111,0.0]]]]}},
{"type":"Feature","properties":{"Layer":"SH parqueos ESPOL"},"geometry":{"type":"MultiPolygon","coordinates":[[[[614868.2469793,9762879.3601951,0.0],[614865.8675322,9762880.1271576,0.0],[614867.4014571,9762884.8860518,0.0],[614869.7809043,9762884.1190893,0.0],[614868.2469793,9762879.3601951,0.0]]]]}},
{"type":"Feature","properties":{"Layer":"SH parqueos ESPOL"},"geometry":{"type":"MultiPolygon","coordinates":[[[[614865.9627101,9762880.0964791,0.0],[614863.583263,9762880.8634415,0.0],[614865.1171879,9762885.6223358,0.0],[614867.496635,9762884.8553733,0.0],[614865.9627101,9762880.0964791,0.0]]]]}},
{"type":"Feature","properties":{"Layer":"SH parqueos ESPOL"},"geometry":{"type":"MultiPolygon","coordinates":[[[[614863.6784408,9762880.832763,0.0],[614861.2989937,9762881.5997255,0.0],[614862.8329187,9762886.3586197,0.0],[614865.2123658,9762885.5916573,0.0],[614863.6784408,9762880.832763,0.0]]]]}},
{"type":"Feature","properties":{"Layer":"SH parqueos ESPOL"},"geometry":{"type":"MultiPolygon","coordinates":[[[[614861.3941716,9762881.569047,0.0],[614859.0147245,9762882.3360095,0.0],[614860.5486494,9762887.0949037,0.0],[614862.9280966,9762886.3279412,0.0],[614861.3941716,9762881.569047,0.0]]]]}},
{"type":"Feature","properties":{"Layer":"SH parqueos ESPOL"},"geometry":{"type":"MultiPolygon","coordinates":[[[[614859.1099024,9762882.305331,0.0],[614856.7304553,9762883.0722935,0.0],[614858.2643802,9762887.8311877,0.0],[614860.6438273,9762887.0642252,0.0],[614859.1099024,9762882.305331,0.0]]]]}},
{"type":"Feature","properties":{"Layer":"SH parqueos ESPOL"},"geometry":{"type":"MultiPolygon","coordinates":[[[[614856.8256332,9762883.041615,0.0],[614854.446186,9762883.8085774,0.0],[614855.980111,9762888.5674717,0.0],[614858.3595581,9762887.8005092,0.0],[614856.8256332,9762883.041615,0.0]]]]}},
{"type":"Feature","properties":{"Layer":"SH parqueos ESPOL"},"geometry":{"type":"MultiPolygon","coordinates":[[[[614854.5413639,9762883.7778989,0.0],[614852.1619168,9762884.5448614,0.0],[614853.6958418,9762889.3037556,0.0],[614856.0752889,9762888.5367932,0.0],[614854.5413639,9762883.7778989,0.0]]]]}},
{"type":"Feature","properties":{"Layer":"SH parqueos ESPOL"},"geometry":{"type":"MultiPolygon","coordinates":[[[[614852.2570947,9762884.5141829,0.0],[614849.8776476,9762885.2811454,0.0],[614851.4115725,9762890.0400396,0.0],[614853.7910197,9762889.2730771,0.0],[614852.2570947,9762884.5141829,0.0]]]]}},
{"type":"Feature","properties":{"Layer":"SH parqueos ESPOL"},"geometry":{"type":"MultiPolygon","coordinates":[[[[614824.5714055,9762877.2264629,0.0],[614824.1658577,9762874.759576,0.0],[614819.2320839,9762875.5706716,0.0],[614819.6376317,9762878.0375585,0.0],[614824.5714055,9762877.2264629,0.0]]]]}},
{"type":"Feature","properties":{"Layer":"SH parqueos ESPOL"},"geometry":{"type":"MultiPolygon","coordinates":[[[[614824.1820796,9762874.8582515,0.0],[614823.7765318,9762872.3913646,0.0],[614818.842758,9762873.2024602,0.0],[614819.2483058,9762875.6693471,0.0],[614824.1820796,9762874.8582515,0.0]]]]}},
{"type":"Feature","properties":{"Layer":"SH parqueos ESPOL"},"geometry":{"type":"MultiPolygon","coordinates":[[[[614823.7927538,9762872.4900401,0.0],[614823.387206,9762870.0231532,0.0],[614818.4534322,9762870.8342487,0.0],[614818.8589799,9762873.3011356,0.0],[614823.7927538,9762872.4900401,0.0]]]]}},
{"type":"Feature","properties":{"Layer":"SH parqueos ESPOL"},"geometry":{"type":"MultiPolygon","coordinates":[[[[614823.3472517,9762869.8044283,0.0],[614822.7836288,9762867.368791,0.0],[614817.9123541,9762868.4960369,0.0],[614818.4759771,9762870.9316742,0.0],[614823.3472517,9762869.8044283,0.0]]]]}},
{"type":"Feature","properties":{"Layer":"SH parqueos ESPOL"},"geometry":{"type":"MultiPolygon","coordinates":[[[[614822.7542326,9762867.2615375,0.0],[614822.0882702,9762864.8518707,0.0],[614817.2689366,9762866.1837956,0.0],[614817.934899,9762868.5934624,0.0],[614822.7542326,9762867.2615375,0.0]]]]}},
{"type":"Feature","properties":{"Layer":"SH parqueos ESPOL"},"geometry":{"type":"MultiPolygon","coordinates":[[[[614822.113919,9762864.9485309,0.0],[614821.4479566,9762862.5388641,0.0],[614816.628623,9762863.870789,0.0],[614817.2945854,9762866.2804558,0.0],[614822.113919,9762864.9485309,0.0]]]]}},
{"type":"Feature","properties":{"Layer":"SH parqueos ESPOL"},"geometry":{"type":"MultiPolygon","coordinates":[[[[614821.3919216,9762862.3627121,0.0],[614820.5898265,9762859.9948769,0.0],[614815.8541561,9762861.599067,0.0],[614816.6562511,9762863.9669022,0.0],[614821.3919216,9762862.3627121,0.0]]]]}},
{"type":"Feature","properties":{"Layer":"SH parqueos ESPOL"},"geometry":{"type":"MultiPolygon","coordinates":[[[[614820.5644522,9762859.9290341,0.0],[614819.6820791,9762857.5899279,0.0],[614815.0038668,9762859.3546742,0.0],[614815.8862399,9762861.6937804,0.0],[614820.5644522,9762859.9290341,0.0]]]]}},
{"type":"Feature","properties":{"Layer":"SH parqueos ESPOL"},"geometry":{"type":"MultiPolygon","coordinates":[[[[614814.8646764,9762883.8138959,0.0],[614814.4591286,9762881.347009,0.0],[614809.5253548,9762882.1581045,0.0],[614809.9309026,9762884.6249914,0.0],[614814.8646764,9762883.8138959,0.0]]]]}},
{"type":"Feature","properties":{"Layer":"SH parqueos ESPOL"},"geometry":{"type":"MultiPolygon","coordinates":[[[[614814.4753505,9762881.4456845,0.0],[614814.0698027,9762878.9787975,0.0],[614809.1360289,9762879.7898931,0.0],[614809.5415767,9762882.25678,0.0],[614814.4753505,9762881.4456845,0.0]]]]}},
{"type":"Feature","properties":{"Layer":"SH parqueos ESPOL"},"geometry":{"type":"MultiPolygon","coordinates":[[[[614814.0860247,9762879.077473,0.0],[614813.6804769,9762876.6105861,0.0],[614808.7467031,9762877.4216817,0.0],[614809.1522508,9762879.8885686,0.0],[614814.0860247,9762879.077473,0.0]]]]}},
{"type":"Feature","properties":{"Layer":"SH parqueos ESPOL"},"geometry":{"type":"MultiPolygon","coordinates":[[[[614813.6966988,9762876.7092616,0.0],[614813.291151,9762874.2423747,0.0],[614808.3573772,9762875.0534703,0.0],[614808.762925,9762877.5203572,0.0],[614813.6966988,9762876.7092616,0.0]]]]}},
{"type":"Feature","properties":{"Layer":"SH parqueos ESPOL"},"geometry":{"type":"MultiPolygon","coordinates":[[[[614813.3073729,9762874.3410502,0.0],[614812.9018251,9762871.8741633,0.0],[614807.9680513,9762872.6852588,0.0],[614808.3735991,9762875.1521457,0.0],[614813.3073729,9762874.3410502,0.0]]]]}},
{"type":"Feature","properties":{"Layer":"SH parqueos ESPOL"},"geometry":{"type":"MultiPolygon","coordinates":[[[[614812.918047,9762871.9728388,0.0],[614812.5124993,9762869.5059519,0.0],[614807.5787254,9762870.3170474,0.0],[614807.9842732,9762872.7839343,0.0],[614812.918047,9762871.9728388,0.0]]]]}},
{"type":"Feature","properties":{"Layer":"SH parqueos ESPOL"},"geometry":{"type":"MultiPolygon","coordinates":[[[[614812.482082,9762869.3593541,0.0],[614811.9538976,9762866.9157868,0.0],[614807.066763,9762867.9721556,0.0],[614807.5949474,9762870.4157229,0.0],[614812.482082,9762869.3593541,0.0]]]]}},
{"type":"Feature","properties":{"Layer":"SH parqueos ESPOL"},"geometry":{"type":"MultiPolygon","coordinates":[[[[614811.8537169,9762866.5576491,0.0],[614811.0975923,9762864.1747358,0.0],[614806.3317658,9762865.686985,0.0],[614807.0878903,9762868.0698983,0.0],[614811.8537169,9762866.5576491,0.0]]]]}},
{"type":"Feature","properties":{"Layer":"SH parqueos ESPOL"},"geometry":{"type":"MultiPolygon","coordinates":[[[[614811.1278373,9762864.2700524,0.0],[614810.3717127,9762861.8871391,0.0],[614805.6058861,9762863.3993883,0.0],[614806.3620107,9762865.7823016,0.0],[614811.1278373,9762864.2700524,0.0]]]]}},
{"type":"Feature","properties":{"Layer":"SH parqueos ESPOL"},"geometry":{"type":"MultiPolygon","coordinates":[[[[614810.4019577,9762861.9824556,0.0],[614809.6458331,9762859.5995424,0.0],[614804.8800065,9762861.1117916,0.0],[614805.6361311,9762863.4947048,0.0],[614810.4019577,9762861.9824556,0.0]]]]}},
{"type":"Feature","properties":{"Layer":"SH parqueos ESPOL"},"geometry":{"type":"MultiPolygon","coordinates":[[[[614809.6760781,9762859.6948589,0.0],[614808.9199535,9762857.3119457,0.0],[614804.1541269,9762858.8241948,0.0],[614804.9102515,9762861.2071081,0.0],[614809.6760781,9762859.6948589,0.0]]]]}},
{"type":"Feature","properties":{"Layer":"SH parqueos ESPOL"},"geometry":{"type":"MultiPolygon","coordinates":[[[[614808.9501985,9762857.4072622,0.0],[614808.1940739,9762855.0243489,0.0],[614803.4282473,9762856.5365981,0.0],[614804.1843719,9762858.9195114,0.0],[614808.9501985,9762857.4072622,0.0]]]]}},
{"type":"Feature","properties":{"Layer":"SH parqueos ESPOL"},"geometry":{"type":"MultiPolygon","coordinates":[[[[614808.2243188,9762855.1196655,0.0],[614807.4681943,9762852.7367522,0.0],[614802.7023677,9762854.2490014,0.0],[614803.4584923,9762856.6319147,0.0],[614808.2243188,9762855.1196655,0.0]]]]}},
{"type":"Feature","properties":{"Layer":"SH parqueos ESPOL"},"geometry":{"type":"MultiPolygon","coordinates":[[[[614807.4984392,9762852.8320688,0.0],[614806.7423146,9762850.4491555,0.0],[614801.9764881,9762851.9614047,0.0],[614802.7326127,9762854.3443179,0.0],[614807.4984392,9762852.8320688,0.0]]]]}},
{"type":"Feature","properties":{"Layer":"SH parqueos ESPOL"},"geometry":{"type":"MultiPolygon","coordinates":[[[[614819.717374,9762857.6834922,0.0],[614818.8350009,9762855.344386,0.0],[614814.1567886,9762857.1091323,0.0],[614815.0391617,9762859.4482385,0.0],[614819.717374,9762857.6834922,0.0]]]]}},
{"type":"Feature","properties":{"Layer":"SH parqueos ESPOL"},"geometry":{"type":"MultiPolygon","coordinates":[[[[614818.8702958,9762855.4379503,0.0],[614817.9879226,9762853.0988441,0.0],[614813.3097103,9762854.8635904,0.0],[614814.1920835,9762857.2026966,0.0],[614818.8702958,9762855.4379503,0.0]]]]}},
{"type":"Feature","properties":{"Layer":"SH parqueos ESPOL"},"geometry":{"type":"MultiPolygon","coordinates":[[[[614818.0232176,9762853.1924083,0.0],[614817.1408444,9762850.8533022,0.0],[614812.4626321,9762852.6180485,0.0],[614813.3450052,9762854.9571547,0.0],[614818.0232176,9762853.1924083,0.0]]]]}},
{"type":"Feature","properties":{"Layer":"SH parqueos ESPOL"},"geometry":{"type":"MultiPolygon","coordinates":[[[[614801.5416015,9762860.9258764,0.0],[614799.081564,9762861.3710906,0.0],[614799.9719923,9762866.2911655,0.0],[614802.4320298,9762865.8459514,0.0],[614801.5416015,9762860.9258764,0.0]]]]}},
{"type":"Feature","properties":{"Layer":"SH parqueos ESPOL"},"geometry":{"type":"MultiPolygon","coordinates":[[[[614799.1799655,9762861.353282,0.0],[614796.719928,9762861.7984962,0.0],[614797.6103563,9762866.7185711,0.0],[614800.0703938,9762866.273357,0.0],[614799.1799655,9762861.353282,0.0]]]]}},
{"type":"Feature","properties":{"Layer":"SH parqueos ESPOL"},"geometry":{"type":"MultiPolygon","coordinates":[[[[614796.8183295,9762861.7806876,0.0],[614794.3582921,9762862.2259017,0.0],[614795.2487203,9762867.1459767,0.0],[614797.7087578,9762866.7007625,0.0],[614796.8183295,9762861.7806876,0.0]]]]}},
{"type":"Feature","properties":{"Layer":"SH parqueos ESPOL"},"geometry":{"type":"MultiPolygon","coordinates":[[[[614794.4566936,9762862.2080932,0.0],[614791.9966561,9762862.6533073,0.0],[614792.8870844,9762867.5733823,0.0],[614795.3471219,9762867.1281681,0.0],[614794.4566936,9762862.2080932,0.0]]]]}},
{"type":"Feature","properties":{"Layer":"SH parqueos ESPOL"},"geometry":{"type":"MultiPolygon","coordinates":[[[[614792.0950576,9762862.6354987,0.0],[614789.6350201,9762863.0807129,0.0],[614790.5254484,9762868.0007878,0.0],[614792.9854859,9762867.5555737,0.0],[614792.0950576,9762862.6354987,0.0]]]]}},
{"type":"Feature","properties":{"Layer":"SH parqueos ESPOL"},"geometry":{"type":"MultiPolygon","coordinates":[[[[614789.7334216,9762863.0629043,0.0],[614787.2733842,9762863.5081185,0.0],[614788.1638124,9762868.4281934,0.0],[614790.6238499,9762867.9829793,0.0],[614789.7334216,9762863.0629043,0.0]]]]}},
{"type":"Feature","properties":{"Layer":"SH parqueos ESPOL"},"geometry":{"type":"MultiPolygon","coordinates":[[[[615020.6120154,9763049.2864477,0.0],[615018.2498324,9763050.1050389,0.0],[615019.8870146,9763054.8294049,0.0],[615022.2491976,9763054.0108138,0.0],[615020.6120154,9763049.2864477,0.0]]]]}},
{"type":"Feature","properties":{"Layer":"SH parqueos ESPOL"},"geometry":{"type":"MultiPolygon","coordinates":[[[[615022.8782309,9763048.4971671,0.0],[615020.5160479,9763049.3157583,0.0],[615022.1532301,9763054.0401243,0.0],[615024.5154131,9763053.2215332,0.0],[615022.8782309,9763048.4971671,0.0]]]]}},
{"type":"Feature","properties":{"Layer":"SH parqueos ESPOL"},"geometry":{"type":"MultiPolygon","coordinates":[[[[615025.1471474,9763047.7148427,0.0],[615022.7849644,9763048.5334338,0.0],[615024.4221467,9763053.2577998,0.0],[615026.7843297,9763052.4392087,0.0],[615025.1471474,9763047.7148427,0.0]]]]}},
{"type":"Feature","properties":{"Layer":"SH parqueos ESPOL"},"geometry":{"type":"MultiPolygon","coordinates":[[[[615027.4148431,9763046.9289952,0.0],[615025.0526601,9763047.7475863,0.0],[615026.6898424,9763052.4719523,0.0],[615029.0520254,9763051.6533612,0.0],[615027.4148431,9763046.9289952,0.0]]]]}},
{"type":"Feature","properties":{"Layer":"SH parqueos ESPOL"},"geometry":{"type":"MultiPolygon","coordinates":[[[[615029.6825388,9763046.1431477,0.0],[615027.3203558,9763046.9617388,0.0],[615028.9575381,9763051.6861049,0.0],[615031.3197211,9763050.8675137,0.0],[615029.6825388,9763046.1431477,0.0]]]]}},
{"type":"Feature","properties":{"Layer":"SH parqueos ESPOL"},"geometry":{"type":"MultiPolygon","coordinates":[[[[615031.9502345,9763045.3573002,0.0],[615029.5880515,9763046.1758914,0.0],[615031.2252337,9763050.9002574,0.0],[615033.5874168,9763050.0816663,0.0],[615031.9502345,9763045.3573002,0.0]]]]}},
{"type":"Feature","properties":{"Layer":"SH parqueos ESPOL"},"geometry":{"type":"MultiPolygon","coordinates":[[[[615034.2179302,9763044.5714528,0.0],[615031.8557472,9763045.3900439,0.0],[615033.4929294,9763050.1144099,0.0],[615035.8551124,9763049.2958188,0.0],[615034.2179302,9763044.5714528,0.0]]]]}},
{"type":"Feature","properties":{"Layer":"SH parqueos ESPOL"},"geometry":{"type":"MultiPolygon","coordinates":[[[[615002.2133874,9762985.4383652,0.0],[615002.9474757,9762987.828159,0.0],[615007.7270633,9762986.3599824,0.0],[615006.992975,9762983.9701886,0.0],[615002.2133874,9762985.4383652,0.0]]]]}},
{"type":"Feature","properties":{"Layer":"SH parqueos ESPOL"},"geometry":{"type":"MultiPolygon","coordinates":[[[[615001.5086626,9762983.1441632,0.0],[615002.2427509,9762985.533957,0.0],[615007.0223385,9762984.0657803,0.0],[615006.2882502,9762981.6759866,0.0],[615001.5086626,9762983.1441632,0.0]]]]}},
{"type":"Feature","properties":{"Layer":"SH parqueos ESPOL"},"geometry":{"type":"MultiPolygon","coordinates":[[[[615000.8039379,9762980.8499611,0.0],[615001.5380262,9762983.2397549,0.0],[615006.3176137,9762981.7715783,0.0],[615005.5835254,9762979.3817845,0.0],[615000.8039379,9762980.8499611,0.0]]]]}},
{"type":"Feature","properties":{"Layer":"SH parqueos ESPOL"},"geometry":{"type":"MultiPolygon","coordinates":[[[[615000.0992131,9762978.5557591,0.0],[615000.8333014,9762980.9455529,0.0],[615005.612889,9762979.4773763,0.0],[615004.8788007,9762977.0875825,0.0],[615000.0992131,9762978.5557591,0.0]]]]}},
{"type":"Feature","properties":{"Layer":"SH parqueos ESPOL"},"geometry":{"type":"MultiPolygon","coordinates":[[[[614999.3944883,9762976.2615571,0.0],[615000.1285766,9762978.6513509,0.0],[615004.9081642,9762977.1831742,0.0],[615004.1740759,9762974.7933804,0.0],[614999.3944883,9762976.2615571,0.0]]]]}},
{"type":"Feature","properties":{"Layer":"SH parqueos ESPOL"},"geometry":{"type":"MultiPolygon","coordinates":[[[[614998.6897635,9762973.967355,0.0],[614999.4238518,9762976.3571488,0.0],[615004.2034394,9762974.8889722,0.0],[615003.4693511,9762972.4991784,0.0],[614998.6897635,9762973.967355,0.0]]]]}},
{"type":"Feature","properties":{"Layer":"SH parqueos ESPOL"},"geometry":{"type":"MultiPolygon","coordinates":[[[[614997.9850388,9762971.673153,0.0],[614998.7191271,9762974.0629468,0.0],[615003.4987146,9762972.5947702,0.0],[615002.7646263,9762970.2049764,0.0],[614997.9850388,9762971.673153,0.0]]]]}},
{"type":"Feature","properties":{"Layer":"SH parqueos ESPOL"},"geometry":{"type":"MultiPolygon","coordinates":[[[[614997.280314,9762969.378951,0.0],[614998.0144023,9762971.7687447,0.0],[615002.7939899,9762970.3005681,0.0],[615002.0599016,9762967.9107743,0.0],[614997.280314,9762969.378951,0.0]]]]}},
{"type":"Feature","properties":{"Layer":"SH parqueos ESPOL"},"geometry":{"type":"MultiPolygon","coordinates":[[[[614996.5755892,9762967.0847489,0.0],[614997.3096775,9762969.4745427,0.0],[615002.0892651,9762968.0063661,0.0],[615001.3551768,9762965.6165723,0.0],[614996.5755892,9762967.0847489,0.0]]]]}},
{"type":"Feature","properties":{"Layer":"SH parqueos ESPOL"},"geometry":{"type":"MultiPolygon","coordinates":[[[[615019.1705765,9762980.1174664,0.0],[615017.5863085,9762982.0513989,0.0],[615021.4541736,9762985.2199348,0.0],[615023.0384416,9762983.2860023,0.0],[615019.1705765,9762980.1174664,0.0]]]]}},
{"type":"Feature","properties":{"Layer":"SH parqueos ESPOL"},"geometry":{"type":"MultiPolygon","coordinates":[[[[615020.6914737,9762978.2608911,0.0],[615019.1072058,9762980.1948237,0.0],[615022.9750708,9762983.3633596,0.0],[615024.5593388,9762981.429427,0.0],[615020.6914737,9762978.2608911,0.0]]]]}},
{"type":"Feature","properties":{"Layer":"SH parqueos ESPOL"},"geometry":{"type":"MultiPolygon","coordinates":[[[[615022.2123709,9762976.4043159,0.0],[615020.628103,9762978.3382484,0.0],[615024.4959681,9762981.5067843,0.0],[615026.080236,9762979.5728518,0.0],[615022.2123709,9762976.4043159,0.0]]]]}},
{"type":"Feature","properties":{"Layer":"SH parqueos ESPOL"},"geometry":{"type":"MultiPolygon","coordinates":[[[[615023.7332682,9762974.5477406,0.0],[615022.1490002,9762976.4816732,0.0],[615026.0168653,9762979.6502091,0.0],[615027.6011332,9762977.7162765,0.0],[615023.7332682,9762974.5477406,0.0]]]]}},
{"type":"Feature","properties":{"Layer":"SH parqueos ESPOL"},"geometry":{"type":"MultiPolygon","coordinates":[[[[615025.2541654,9762972.6911654,0.0],[615023.6698974,9762974.6250979,0.0],[615027.5377625,9762977.7936338,0.0],[615029.1220305,9762975.8597013,0.0],[615025.2541654,9762972.6911654,0.0]]]]}},
{"type":"Feature","properties":{"Layer":"SH parqueos ESPOL"},"geometry":{"type":"MultiPolygon","coordinates":[[[[615026.7750626,9762970.8345902,0.0],[615025.1907947,9762972.7685227,0.0],[615029.0586598,9762975.9370586,0.0],[615030.6429277,9762974.003126,0.0],[615026.7750626,9762970.8345902,0.0]]]]}},
{"type":"Feature","properties":{"Layer":"SH parqueos ESPOL"},"geometry":{"type":"MultiPolygon","coordinates":[[[[615028.2959598,9762968.9780149,0.0],[615026.7116919,9762970.9119475,0.0],[615030.579557,9762974.0804833,0.0],[615032.1638249,9762972.1465508,0.0],[615028.2959598,9762968.9780149,0.0]]]]}},
{"type":"Feature","properties":{"Layer":"SH parqueos ESPOL"},"geometry":{"type":"MultiPolygon","coordinates":[[[[615029.8168571,9762967.1214397,0.0],[615028.2325891,9762969.0553722,0.0],[615032.1004542,9762972.2239081,0.0],[615033.6847222,9762970.2899756,0.0],[615029.8168571,9762967.1214397,0.0]]]]}},
{"type":"Feature","properties":{"Layer":"SH parqueos ESPOL"},"geometry":{"type":"MultiPolygon","coordinates":[[[[615013.1205018,9762965.1837236,0.0],[615013.9895102,9762967.5278278,0.0],[615018.6777185,9762965.7898111,0.0],[615017.8087102,9762963.4457069,0.0],[615013.1205018,9762965.1837236,0.0]]]]}},
{"type":"Feature","properties":{"Layer":"SH parqueos ESPOL"},"geometry":{"type":"MultiPolygon","coordinates":[[[[615012.2862538,9762962.9333836,0.0],[615013.1552621,9762965.2774878,0.0],[615017.8434705,9762963.539471,0.0],[615016.9744621,9762961.1953668,0.0],[615012.2862538,9762962.9333836,0.0]]]]}},
{"type":"Feature","properties":{"Layer":"SH parqueos ESPOL"},"geometry":{"type":"MultiPolygon","coordinates":[[[[615011.4520057,9762960.6830436,0.0],[615012.3210141,9762963.0271478,0.0],[615017.0092225,9762961.289131,0.0],[615016.1402141,9762958.9450268,0.0],[615011.4520057,9762960.6830436,0.0]]]]}},
{"type":"Feature","properties":{"Layer":"SH parqueos ESPOL"},"geometry":{"type":"MultiPolygon","coordinates":[[[[615010.6177577,9762958.4327035,0.0],[615011.4867661,9762960.7768077,0.0],[615016.1749744,9762959.038791,0.0],[615015.3059661,9762956.6946868,0.0],[615010.6177577,9762958.4327035,0.0]]]]}},
{"type":"Feature","properties":{"Layer":"SH parqueos ESPOL"},"geometry":{"type":"MultiPolygon","coordinates":[[[[615009.7835096,9762956.1823635,0.0],[615010.652518,9762958.5264677,0.0],[615015.3407264,9762956.788451,0.0],[615014.471718,9762954.4443468,0.0],[615009.7835096,9762956.1823635,0.0]]]]}},
{"type":"Feature","properties":{"Layer":"SH parqueos ESPOL"},"geometry":{"type":"MultiPolygon","coordinates":[[[[615019.274578,9762962.7740918,0.0],[615020.1435864,9762965.118196,0.0],[615024.8317948,9762963.3801792,0.0],[615023.9627864,9762961.036075,0.0],[615019.274578,9762962.7740918,0.0]]]]}},
{"type":"Feature","properties":{"Layer":"SH parqueos ESPOL"},"geometry":{"type":"MultiPolygon","coordinates":[[[[615018.44033,9762960.5237518,0.0],[615019.3093384,9762962.8678559,0.0],[615023.9975467,9762961.1298392,0.0],[615023.1285384,9762958.785735,0.0],[615018.44033,9762960.5237518,0.0]]]]}},
{"type":"Feature","properties":{"Layer":"SH parqueos ESPOL"},"geometry":{"type":"MultiPolygon","coordinates":[[[[615017.6060819,9762958.2734117,0.0],[615018.4750903,9762960.6175159,0.0],[615023.1632987,9762958.8794992,0.0],[615022.2942903,9762956.535395,0.0],[615017.6060819,9762958.2734117,0.0]]]]}},
{"type":"Feature","properties":{"Layer":"SH parqueos ESPOL"},"geometry":{"type":"MultiPolygon","coordinates":[[[[615016.7718339,9762956.0230717,0.0],[615017.6408423,9762958.3671759,0.0],[615022.3290507,9762956.6291591,0.0],[615021.4600423,9762954.285055,0.0],[615016.7718339,9762956.0230717,0.0]]]]}},
{"type":"Feature","properties":{"Layer":"SH parqueos ESPOL"},"geometry":{"type":"MultiPolygon","coordinates":[[[[615015.9375859,9762953.7727317,0.0],[615016.8065942,9762956.1168359,0.0],[615021.4948026,9762954.3788191,0.0],[615020.6257943,9762952.0347149,0.0],[615015.9375859,9762953.7727317,0.0]]]]}},
{"type":"Feature","properties":{"Layer":"SH parqueos ESPOL"},"geometry":{"type":"MultiPolygon","coordinates":[[[[615029.9558354,9762960.9411028,0.0],[615030.5870158,9762963.3601132,0.0],[615035.4250366,9762962.0977524,0.0],[615034.7938562,9762959.678742,0.0],[615029.9558354,9762960.9411028,0.0]]]]}},
{"type":"Feature","properties":{"Layer":"SH parqueos ESPOL"},"geometry":{"type":"MultiPolygon","coordinates":[[[[615029.3499023,9762958.6188528,0.0],[615029.9810827,9762961.0378632,0.0],[615034.8191035,9762959.7755024,0.0],[615034.1879231,9762957.356492,0.0],[615029.3499023,9762958.6188528,0.0]]]]}},
{"type":"Feature","properties":{"Layer":"SH parqueos ESPOL"},"geometry":{"type":"MultiPolygon","coordinates":[[[[615028.7439691,9762956.2966029,0.0],[615029.3751495,9762958.7156132,0.0],[615034.2131703,9762957.4532524,0.0],[615033.5819899,9762955.0342421,0.0],[615028.7439691,9762956.2966029,0.0]]]]}},
{"type":"Feature","properties":{"Layer":"SH parqueos ESPOL"},"geometry":{"type":"MultiPolygon","coordinates":[[[[615028.1380359,9762953.9743529,0.0],[615028.7692163,9762956.3933633,0.0],[615033.6072371,9762955.1310025,0.0],[615032.9760567,9762952.7119921,0.0],[615028.1380359,9762953.9743529,0.0]]]]}},
{"type":"Feature","properties":{"Layer":"SH parqueos ESPOL"},"geometry":{"type":"MultiPolygon","coordinates":[[[[615009.7096711,9762946.0528257,0.0],[615012.1017022,9762945.3260608,0.0],[615010.6481725,9762940.5419986,0.0],[615008.2561414,9762941.2687635,0.0],[615009.7096711,9762946.0528257,0.0]]]]}},
{"type":"Feature","properties":{"Layer":"SH parqueos ESPOL"},"geometry":{"type":"MultiPolygon","coordinates":[[[[615007.4133212,9762946.75052,0.0],[615009.8053523,9762946.0237551,0.0],[615008.3518226,9762941.2396929,0.0],[615005.9597915,9762941.9664577,0.0],[615007.4133212,9762946.75052,0.0]]]]}},
{"type":"Feature","properties":{"Layer":"SH parqueos ESPOL"},"geometry":{"type":"MultiPolygon","coordinates":[[[[615005.1169714,9762947.4482142,0.0],[615007.5090025,9762946.7214494,0.0],[615006.0554728,9762941.9373871,0.0],[615003.6634416,9762942.664152,0.0],[615005.1169714,9762947.4482142,0.0]]]]}},
{"type":"Feature","properties":{"Layer":"SH parqueos ESPOL"},"geometry":{"type":"MultiPolygon","coordinates":[[[[615002.8206215,9762948.1459085,0.0],[615005.2126526,9762947.4191436,0.0],[615003.7591229,9762942.6350814,0.0],[615001.3670918,9762943.3618462,0.0],[615002.8206215,9762948.1459085,0.0]]]]}},
{"type":"Feature","properties":{"Layer":"SH parqueos ESPOL"},"geometry":{"type":"MultiPolygon","coordinates":[[[[615033.8875467,9762949.7066821,0.0],[615034.921167,9762951.9830013,0.0],[615039.4738054,9762949.9157608,0.0],[615038.4401851,9762947.6394416,0.0],[615033.8875467,9762949.7066821,0.0]]]]}},
{"type":"Feature","properties":{"Layer":"SH parqueos ESPOL"},"geometry":{"type":"MultiPolygon","coordinates":[[[[615146.3478474,9762877.0827446,0.0],[615148.7017533,9762876.2406478,0.0],[615147.0175597,9762871.532836,0.0],[615144.6636538,9762872.3749329,0.0],[615146.3478474,9762877.0827446,0.0]]]]}},
{"type":"Feature","properties":{"Layer":"SH parqueos ESPOL"},"geometry":{"type":"MultiPolygon","coordinates":[[[[615144.0880978,9762877.8911576,0.0],[615146.4420037,9762877.0490608,0.0],[615144.75781,9762872.341249,0.0],[615142.4039041,9762873.1833458,0.0],[615144.0880978,9762877.8911576,0.0]]]]}},
{"type":"Feature","properties":{"Layer":"SH parqueos ESPOL"},"geometry":{"type":"MultiPolygon","coordinates":[[[[615141.8283481,9762878.6995705,0.0],[615144.182254,9762877.8574737,0.0],[615142.4980604,9762873.1496619,0.0],[615140.1441545,9762873.9917588,0.0],[615141.8283481,9762878.6995705,0.0]]]]}},
{"type":"Feature","properties":{"Layer":"SH parqueos ESPOL"},"geometry":{"type":"MultiPolygon","coordinates":[[[[615149.5497458,9762874.7219646,0.0],[615151.9610688,9762874.0620243,0.0],[615150.6411882,9762869.2393782,0.0],[615148.2298652,9762869.8993185,0.0],[615149.5497458,9762874.7219646,0.0]]]]}},
{"type":"Feature","properties":{"Layer":"SH parqueos ESPOL"},"geometry":{"type":"MultiPolygon","coordinates":[[[[615151.5076493,9762872.7841196,0.0],[615153.9189724,9762872.1241792,0.0],[615152.5990918,9762867.3015332,0.0],[615150.1877687,9762867.9614735,0.0],[615151.5076493,9762872.7841196,0.0]]]]}},
{"type":"Feature","properties":{"Layer":"SH parqueos ESPOL"},"geometry":{"type":"MultiPolygon","coordinates":[[[[615153.6356358,9762871.4677319,0.0],[615156.0469588,9762870.8077916,0.0],[615154.7270782,9762865.9851456,0.0],[615152.3157552,9762866.6450859,0.0],[615153.6356358,9762871.4677319,0.0]]]]}},
{"type":"Feature","properties":{"Layer":"SH parqueos ESPOL"},"geometry":{"type":"MultiPolygon","coordinates":[[[[615155.3313329,9762868.571824,0.0],[615157.742656,9762867.9118837,0.0],[615156.4227754,9762863.0892376,0.0],[615154.0114523,9762863.7491779,0.0],[615155.3313329,9762868.571824,0.0]]]]}},
{"type":"Feature","properties":{"Layer":"SH parqueos ESPOL"},"geometry":{"type":"MultiPolygon","coordinates":[[[[615133.7158284,9762877.2153602,0.0],[615135.0670681,9762875.1119936,0.0],[615130.8603348,9762872.4095141,0.0],[615129.5090951,9762874.5128808,0.0],[615133.7158284,9762877.2153602,0.0]]]]}},
{"type":"Feature","properties":{"Layer":"SH parqueos ESPOL"},"geometry":{"type":"MultiPolygon","coordinates":[[[[615135.0130185,9762875.1961282,0.0],[615136.3642582,9762873.0927616,0.0],[615132.1575249,9762870.3902821,0.0],[615130.8062852,9762872.4936488,0.0],[615135.0130185,9762875.1961282,0.0]]]]}},
{"type":"Feature","properties":{"Layer":"SH parqueos ESPOL"},"geometry":{"type":"MultiPolygon","coordinates":[[[[615136.3102086,9762873.1768962,0.0],[615137.6614484,9762871.0735296,0.0],[615133.4547151,9762868.3710502,0.0],[615132.1034754,9762870.4744168,0.0],[615136.3102086,9762873.1768962,0.0]]]]}},
{"type":"Feature","properties":{"Layer":"SH parqueos ESPOL"},"geometry":{"type":"MultiPolygon","coordinates":[[[[615137.6073988,9762871.1576643,0.0],[615138.9586385,9762869.0542976,0.0],[615134.7519052,9762866.3518182,0.0],[615133.4006655,9762868.4551848,0.0],[615137.6073988,9762871.1576643,0.0]]]]}},
{"type":"Feature","properties":{"Layer":"SH parqueos ESPOL"},"geometry":{"type":"MultiPolygon","coordinates":[[[[615138.9045889,9762869.1384323,0.0],[615140.2558286,9762867.0350657,0.0],[615136.0490953,9762864.3325862,0.0],[615134.6978556,9762866.4359529,0.0],[615138.9045889,9762869.1384323,0.0]]]]}},
{"type":"Feature","properties":{"Layer":"SH parqueos ESPOL"},"geometry":{"type":"MultiPolygon","coordinates":[[[[615140.201779,9762867.1192003,0.0],[615141.5530188,9762865.0158337,0.0],[615137.3462855,9762862.3133542,0.0],[615135.9950458,9762864.4167209,0.0],[615140.201779,9762867.1192003,0.0]]]]}},
{"type":"Feature","properties":{"Layer":"SH parqueos ESPOL"},"geometry":{"type":"MultiPolygon","coordinates":[[[[615141.4989692,9762865.0999683,0.0],[615142.8502089,9762862.9966017,0.0],[615138.6434756,9762860.2941223,0.0],[615137.2922359,9762862.3974889,0.0],[615141.4989692,9762865.0999683,0.0]]]]}},
{"type":"Feature","properties":{"Layer":"SH parqueos ESPOL"},"geometry":{"type":"MultiPolygon","coordinates":[[[[615142.7961593,9762863.0807364,0.0],[615144.147399,9762860.9773697,0.0],[615139.9406657,9762858.2748903,0.0],[615138.589426,9762860.3782569,0.0],[615142.7961593,9762863.0807364,0.0]]]]}},
{"type":"Feature","properties":{"Layer":"SH parqueos ESPOL"},"geometry":{"type":"MultiPolygon","coordinates":[[[[615144.5115468,9762861.330599,0.0],[615145.8627865,9762859.2272323,0.0],[615141.6560532,9762856.5247529,0.0],[615140.3048135,9762858.6281195,0.0],[615144.5115468,9762861.330599,0.0]]]]}},
{"type":"Feature","properties":{"Layer":"SH parqueos ESPOL"},"geometry":{"type":"MultiPolygon","coordinates":[[[[615146.356654,9762859.6637958,0.0],[615147.7078937,9762857.5604291,0.0],[615143.5011604,9762854.8579497,0.0],[615142.1499207,9762856.9613163,0.0],[615146.356654,9762859.6637958,0.0]]]]}},
{"type":"Feature","properties":{"Layer":"SH parqueos ESPOL"},"geometry":{"type":"MultiPolygon","coordinates":[[[[615175.1779244,9762813.4234497,0.0],[615172.9374289,9762812.3143149,0.0],[615170.7191592,9762816.7953058,0.0],[615172.9596546,9762817.9044406,0.0],[615175.1779244,9762813.4234497,0.0]]]]}},
{"type":"Feature","properties":{"Layer":"SH parqueos ESPOL"},"geometry":{"type":"MultiPolygon","coordinates":[[[[615171.9820991,9762814.469519,0.0],[615169.7416037,9762813.3603841,0.0],[615167.5233339,9762817.841375,0.0],[615169.7638294,9762818.9505099,0.0],[615171.9820991,9762814.469519,0.0]]]]}},
{"type":"Feature","properties":{"Layer":"SH parqueos ESPOL"},"geometry":{"type":"MultiPolygon","coordinates":[[[[615168.7884745,9762815.5111429,0.0],[615166.5479791,9762814.402008,0.0],[615164.3297093,9762818.8829989,0.0],[615166.5702048,9762819.9921338,0.0],[615168.7884745,9762815.5111429,0.0]]]]}},
{"type":"Feature","properties":{"Layer":"SH parqueos ESPOL"},"geometry":{"type":"MultiPolygon","coordinates":[[[[615178.3726493,9762812.3796032,0.0],[615176.1321538,9762811.2704683,0.0],[615173.9138841,9762815.7514592,0.0],[615176.1543795,9762816.860594,0.0],[615178.3726493,9762812.3796032,0.0]]]]}},
{"type":"Feature","properties":{"Layer":"SH parqueos ESPOL"},"geometry":{"type":"MultiPolygon","coordinates":[[[[615181.5673742,9762811.3357566,0.0],[615179.3268788,9762810.2266217,0.0],[615177.108609,9762814.7076126,0.0],[615179.3491045,9762815.8167475,0.0],[615181.5673742,9762811.3357566,0.0]]]]}},
{"type":"Feature","properties":{"Layer":"SH parqueos ESPOL"},"geometry":{"type":"MultiPolygon","coordinates":[[[[615184.7620991,9762810.29191,0.0],[615182.5216037,9762809.1827751,0.0],[615180.303334,9762813.663766,0.0],[615182.5438294,9762814.7729009,0.0],[615184.7620991,9762810.29191,0.0]]]]}},
{"type":"Feature","properties":{"Layer":"SH parqueos ESPOL"},"geometry":{"type":"MultiPolygon","coordinates":[[[[615187.9568241,9762809.2480634,0.0],[615185.7163286,9762808.1389285,0.0],[615183.4980589,9762812.6199194,0.0],[615185.7385543,9762813.7290543,0.0],[615187.9568241,9762809.2480634,0.0]]]]}},
{"type":"Feature","properties":{"Layer":"SH parqueos ESPOL"},"geometry":{"type":"MultiPolygon","coordinates":[[[[615191.151549,9762808.2042168,0.0],[615188.9110536,9762807.095082,0.0],[615186.6927838,9762811.5760729,0.0],[615188.9332793,9762812.6852077,0.0],[615191.151549,9762808.2042168,0.0]]]]}},
{"type":"Feature","properties":{"Layer":"SH parqueos ESPOL"},"geometry":{"type":"MultiPolygon","coordinates":[[[[615194.3462739,9762807.1603703,0.0],[615192.1057785,9762806.0512354,0.0],[615189.8875087,9762810.5322263,0.0],[615192.1280042,9762811.6413611,0.0],[615194.3462739,9762807.1603703,0.0]]]]}},
{"type":"Feature","properties":{"Layer":"SH parqueos ESPOL"},"geometry":{"type":"MultiPolygon","coordinates":[[[[615197.5409989,9762806.1165237,0.0],[615195.3005034,9762805.0073888,0.0],[615193.0822337,9762809.4883797,0.0],[615195.3227291,9762810.5975146,0.0],[615197.5409989,9762806.1165237,0.0]]]]}},
{"type":"Feature","properties":{"Layer":"SH parqueos ESPOL"},"geometry":{"type":"MultiPolygon","coordinates":[[[[615200.7357238,9762805.0726771,0.0],[615198.4952283,9762803.9635422,0.0],[615196.2769586,9762808.4445331,0.0],[615198.517454,9762809.553668,0.0],[615200.7357238,9762805.0726771,0.0]]]]}},
{"type":"Feature","properties":{"Layer":"SH parqueos ESPOL"},"geometry":{"type":"MultiPolygon","coordinates":[[[[615203.9304487,9762804.0288305,0.0],[615201.6899533,9762802.9196956,0.0],[615199.4716835,9762807.4006865,0.0],[615201.712179,9762808.5098214,0.0],[615203.9304487,9762804.0288305,0.0]]]]}},
{"type":"Feature","properties":{"Layer":"SH parqueos ESPOL"},"geometry":{"type":"MultiPolygon","coordinates":[[[[615207.1251736,9762802.9849839,0.0],[615204.8846782,9762801.8758491,0.0],[615202.6664085,9762806.3568399,0.0],[615204.9069039,9762807.4659748,0.0],[615207.1251736,9762802.9849839,0.0]]]]}},
{"type":"Feature","properties":{"Layer":"SH parqueos ESPOL"},"geometry":{"type":"MultiPolygon","coordinates":[[[[615210.3198986,9762801.9411373,0.0],[615208.0794031,9762800.8320025,0.0],[615205.8611334,9762805.3129934,0.0],[615208.1016288,9762806.4221282,0.0],[615210.3198986,9762801.9411373,0.0]]]]}},
{"type":"Feature","properties":{"Layer":"SH parqueos ESPOL"},"geometry":{"type":"MultiPolygon","coordinates":[[[[615213.4891833,9762800.9486809,0.0],[615211.2486879,9762799.8395461,0.0],[615209.0304181,9762804.320537,0.0],[615211.2709136,9762805.4296718,0.0],[615213.4891833,9762800.9486809,0.0]]]]}},
{"type":"Feature","properties":{"Layer":"SH parqueos ESPOL"},"geometry":{"type":"MultiPolygon","coordinates":[[[[615216.7093484,9762799.8534442,0.0],[615214.468853,9762798.7443093,0.0],[615212.2505832,9762803.2253002,0.0],[615214.4910787,9762804.3344351,0.0],[615216.7093484,9762799.8534442,0.0]]]]}},
{"type":"Feature","properties":{"Layer":"SH parqueos ESPOL"},"geometry":{"type":"MultiPolygon","coordinates":[[[[615195.3684159,9762793.2057442,0.0],[615192.9913608,9762793.9800885,0.0],[615194.5400494,9762798.7341987,0.0],[615196.9171045,9762797.9598544,0.0],[615195.3684159,9762793.2057442,0.0]]]]}},
{"type":"Feature","properties":{"Layer":"SH parqueos ESPOL"},"geometry":{"type":"MultiPolygon","coordinates":[[[[615197.6503887,9762792.4623737,0.0],[615195.2733336,9762793.236718,0.0],[615196.8220223,9762797.9908282,0.0],[615199.1990773,9762797.2164839,0.0],[615197.6503887,9762792.4623737,0.0]]]]}},
{"type":"Feature","properties":{"Layer":"SH parqueos ESPOL"},"geometry":{"type":"MultiPolygon","coordinates":[[[[615199.9323616,9762791.7190031,0.0],[615197.5553065,9762792.4933474,0.0],[615199.1039951,9762797.2474576,0.0],[615201.4810502,9762796.4731133,0.0],[615199.9323616,9762791.7190031,0.0]]]]}},
{"type":"Feature","properties":{"Layer":"SH parqueos ESPOL"},"geometry":{"type":"MultiPolygon","coordinates":[[[[615202.2143345,9762790.9756326,0.0],[615199.8372794,9762791.7499769,0.0],[615201.385968,9762796.5040871,0.0],[615203.7630231,9762795.7297428,0.0],[615202.2143345,9762790.9756326,0.0]]]]}},
{"type":"Feature","properties":{"Layer":"SH parqueos ESPOL"},"geometry":{"type":"MultiPolygon","coordinates":[[[[615204.4963074,9762790.2322621,0.0],[615202.1192523,9762791.0066064,0.0],[615203.6679409,9762795.7607166,0.0],[615206.044996,9762794.9863723,0.0],[615204.4963074,9762790.2322621,0.0]]]]}},
{"type":"Feature","properties":{"Layer":"SH parqueos ESPOL"},"geometry":{"type":"MultiPolygon","coordinates":[[[[615206.7782803,9762789.4888915,0.0],[615204.4012252,9762790.2632359,0.0],[615205.9499138,9762795.017346,0.0],[615208.3269689,9762794.2430017,0.0],[615206.7782803,9762789.4888915,0.0]]]]}},
{"type":"Feature","properties":{"Layer":"SH parqueos ESPOL"},"geometry":{"type":"MultiPolygon","coordinates":[[[[615193.086443,9762793.9491147,0.0],[615190.7093879,9762794.723459,0.0],[615192.2580765,9762799.4775692,0.0],[615194.6351316,9762798.7032249,0.0],[615193.086443,9762793.9491147,0.0]]]]}},
{"type":"Feature","properties":{"Layer":"SH parqueos ESPOL"},"geometry":{"type":"MultiPolygon","coordinates":[[[[615190.8044701,9762794.6924853,0.0],[615188.427415,9762795.4668296,0.0],[615189.9761036,9762800.2209398,0.0],[615192.3531587,9762799.4465955,0.0],[615190.8044701,9762794.6924853,0.0]]]]}},
{"type":"Feature","properties":{"Layer":"SH parqueos ESPOL"},"geometry":{"type":"MultiPolygon","coordinates":[[[[615188.5224972,9762795.4358558,0.0],[615186.1454421,9762796.2102001,0.0],[615187.6941307,9762800.9643103,0.0],[615190.0711858,9762800.189966,0.0],[615188.5224972,9762795.4358558,0.0]]]]}},
{"type":"Feature","properties":{"Layer":"SH parqueos ESPOL"},"geometry":{"type":"MultiPolygon","coordinates":[[[[615186.2405243,9762796.1792263,0.0],[615183.8634692,9762796.9535707,0.0],[615185.4121578,9762801.7076808,0.0],[615187.7892129,9762800.9333365,0.0],[615186.2405243,9762796.1792263,0.0]]]]}},
{"type":"Feature","properties":{"Layer":"SH parqueos ESPOL"},"geometry":{"type":"MultiPolygon","coordinates":[[[[615183.9585514,9762796.9225969,0.0],[615181.5814963,9762797.6969412,0.0],[615183.1301849,9762802.4510514,0.0],[615185.50724,9762801.676707,0.0],[615183.9585514,9762796.9225969,0.0]]]]}},
{"type":"Feature","properties":{"Layer":"SH parqueos ESPOL"},"geometry":{"type":"MultiPolygon","coordinates":[[[[615181.6765785,9762797.6659674,0.0],[615179.2995234,9762798.4403117,0.0],[615180.848212,9762803.1944219,0.0],[615183.2252671,9762802.4200776,0.0],[615181.6765785,9762797.6659674,0.0]]]]}},
{"type":"Feature","properties":{"Layer":"SH parqueos ESPOL"},"geometry":{"type":"MultiPolygon","coordinates":[[[[615179.3946056,9762798.4093379,0.0],[615177.0175506,9762799.1836822,0.0],[615178.5662392,9762803.9377924,0.0],[615180.9432943,9762803.1634481,0.0],[615179.3946056,9762798.4093379,0.0]]]]}},
{"type":"Feature","properties":{"Layer":"SH parqueos ESPOL"},"geometry":{"type":"MultiPolygon","coordinates":[[[[615177.1126328,9762799.1527085,0.0],[615174.7355777,9762799.9270528,0.0],[615176.2842663,9762804.681163,0.0],[615178.6613214,9762803.9068186,0.0],[615177.1126328,9762799.1527085,0.0]]]]}},
{"type":"Feature","properties":{"Layer":"SH parqueos ESPOL"},"geometry":{"type":"MultiPolygon","coordinates":[[[[615174.8306599,9762799.896079,0.0],[615172.4536048,9762800.6704233,0.0],[615174.0022934,9762805.4245335,0.0],[615176.3793485,9762804.6501892,0.0],[615174.8306599,9762799.896079,0.0]]]]}},
{"type":"Feature","properties":{"Layer":"SH parqueos ESPOL"},"geometry":{"type":"MultiPolygon","coordinates":[[[[615172.548687,9762800.6394495,0.0],[615170.1716319,9762801.4137938,0.0],[615171.7203205,9762806.167904,0.0],[615174.0973756,9762805.3935597,0.0],[615172.548687,9762800.6394495,0.0]]]]}},
{"type":"Feature","properties":{"Layer":"SH parqueos ESPOL"},"geometry":{"type":"MultiPolygon","coordinates":[[[[615170.2667141,9762801.3828201,0.0],[615167.889659,9762802.1571644,0.0],[615169.4383476,9762806.9112746,0.0],[615171.8154027,9762806.1369302,0.0],[615170.2667141,9762801.3828201,0.0]]]]}},
{"type":"Feature","properties":{"Layer":"SH parqueos ESPOL"},"geometry":{"type":"MultiPolygon","coordinates":[[[[615165.3658238,9762796.3080652,0.0],[615164.1788765,9762798.508328,0.0],[615168.5794019,9762800.8822226,0.0],[615169.7663492,9762798.6819598,0.0],[615165.3658238,9762796.3080652,0.0]]]]}},
{"type":"Feature","properties":{"Layer":"SH parqueos ESPOL"},"geometry":{"type":"MultiPolygon","coordinates":[[[[615168.5031532,9762795.2788189,0.0],[615167.3162059,9762797.4790817,0.0],[615171.7167314,9762799.8529762,0.0],[615172.9036787,9762797.6527135,0.0],[615168.5031532,9762795.2788189,0.0]]]]}},
{"type":"Feature","properties":{"Layer":"SH parqueos ESPOL"},"geometry":{"type":"MultiPolygon","coordinates":[[[[615171.649872,9762794.2464923,0.0],[615170.4629247,9762796.446755,0.0],[615174.8634502,9762798.8206496,0.0],[615176.0503975,9762796.6203869,0.0],[615171.649872,9762794.2464923,0.0]]]]}},
{"type":"Feature","properties":{"Layer":"SH parqueos ESPOL"},"geometry":{"type":"MultiPolygon","coordinates":[[[[615174.7951766,9762793.2146296,0.0],[615173.6082293,9762795.4148923,0.0],[615178.0087548,9762797.7887869,0.0],[615179.1957021,9762795.5885242,0.0],[615174.7951766,9762793.2146296,0.0]]]]}},
{"type":"Feature","properties":{"Layer":"SH parqueos ESPOL"},"geometry":{"type":"MultiPolygon","coordinates":[[[[615177.9385534,9762792.1833994,0.0],[615176.7516061,9762794.3836621,0.0],[615181.1521315,9762796.7575567,0.0],[615182.3390788,9762794.557294,0.0],[615177.9385534,9762792.1833994,0.0]]]]}},
{"type":"Feature","properties":{"Layer":"SH parqueos ESPOL"},"geometry":{"type":"MultiPolygon","coordinates":[[[[615181.0819801,9762791.1521528,0.0],[615179.8950328,9762793.3524155,0.0],[615184.2955583,9762795.7263101,0.0],[615185.4825056,9762793.5260474,0.0],[615181.0819801,9762791.1521528,0.0]]]]}},
{"type":"Feature","properties":{"Layer":"SH parqueos ESPOL"},"geometry":{"type":"MultiPolygon","coordinates":[[[[615184.2215017,9762790.1188428,0.0],[615183.0345544,9762792.3191056,0.0],[615187.4350799,9762794.6930002,0.0],[615188.6220272,9762792.4927374,0.0],[615184.2215017,9762790.1188428,0.0]]]]}},
{"type":"Feature","properties":{"Layer":"SH parqueos ESPOL"},"geometry":{"type":"MultiPolygon","coordinates":[[[[615187.3682205,9762789.0865162,0.0],[615186.1812732,9762791.2867789,0.0],[615190.5817986,9762793.6606735,0.0],[615191.7687459,9762791.4604108,0.0],[615187.3682205,9762789.0865162,0.0]]]]}},
{"type":"Feature","properties":{"Layer":"SH parqueos ESPOL"},"geometry":{"type":"MultiPolygon","coordinates":[[[[615190.5135251,9762788.0546535,0.0],[615189.3265778,9762790.2549163,0.0],[615193.7271032,9762792.6288109,0.0],[615194.9140505,9762790.4285481,0.0],[615190.5135251,9762788.0546535,0.0]]]]}},
{"type":"Feature","properties":{"Layer":"SH parqueos ESPOL"},"geometry":{"type":"MultiPolygon","coordinates":[[[[615193.6569018,9762787.0234233,0.0],[615192.4699545,9762789.223686,0.0],[615196.87048,9762791.5975806,0.0],[615198.0574273,9762789.3973179,0.0],[615193.6569018,9762787.0234233,0.0]]]]}},
{"type":"Feature","properties":{"Layer":"SH parqueos ESPOL"},"geometry":{"type":"MultiPolygon","coordinates":[[[[615196.8003286,9762785.9921767,0.0],[615195.6133813,9762788.1924394,0.0],[615200.0139067,9762790.566334,0.0],[615201.200854,9762788.3660713,0.0],[615196.8003286,9762785.9921767,0.0]]]]}},
{"type":"Feature","properties":{"Layer":"SH parqueos ESPOL"},"geometry":{"type":"MultiPolygon","coordinates":[[[[615199.9437053,9762784.9609464,0.0],[615198.756758,9762787.1612092,0.0],[615203.1572835,9762789.5351038,0.0],[615204.3442308,9762787.334841,0.0],[615199.9437053,9762784.9609464,0.0]]]]}},
{"type":"Feature","properties":{"Layer":"SH parqueos ESPOL"},"geometry":{"type":"MultiPolygon","coordinates":[[[[615203.0871321,9762783.9296998,0.0],[615201.9001848,9762786.1299626,0.0],[615206.3007102,9762788.5038572,0.0],[615207.4876575,9762786.3035944,0.0],[615203.0871321,9762783.9296998,0.0]]]]}},
{"type":"Feature","properties":{"Layer":"SH parqueos ESPOL"},"geometry":{"type":"MultiPolygon","coordinates":[[[[615212.5098429,9762770.2685247,0.0],[615210.2354539,9762769.2306639,0.0],[615208.1597323,9762773.7794418,0.0],[615210.4341213,9762774.8173026,0.0],[615212.5098429,9762770.2685247,0.0]]]]}},
{"type":"Feature","properties":{"Layer":"SH parqueos ESPOL"},"geometry":{"type":"MultiPolygon","coordinates":[[[[615209.4354927,9762771.224595,0.0],[615207.1611038,9762770.1867342,0.0],[615205.0853822,9762774.735512,0.0],[615207.3597711,9762775.7733728,0.0],[615209.4354927,9762771.224595,0.0]]]]}},
{"type":"Feature","properties":{"Layer":"SH parqueos ESPOL"},"geometry":{"type":"MultiPolygon","coordinates":[[[[615197.2345265,9762775.0188866,0.0],[615194.9601376,9762773.9810258,0.0],[615192.884416,9762778.5298036,0.0],[615195.1588049,9762779.5676644,0.0],[615197.2345265,9762775.0188866,0.0]]]]}},
{"type":"Feature","properties":{"Layer":"SH parqueos ESPOL"},"geometry":{"type":"MultiPolygon","coordinates":[[[[615194.1601764,9762775.9749568,0.0],[615191.8857875,9762774.937096,0.0],[615189.8100659,9762779.4858739,0.0],[615192.0844548,9762780.5237347,0.0],[615194.1601764,9762775.9749568,0.0]]]]}},
{"type":"Feature","properties":{"Layer":"SH parqueos ESPOL"},"geometry":{"type":"MultiPolygon","coordinates":[[[[615191.0858263,9762776.9310271,0.0],[615188.8114374,9762775.8931663,0.0],[615186.7357157,9762780.4419441,0.0],[615189.0101047,9762781.4798049,0.0],[615191.0858263,9762776.9310271,0.0]]]]}},
{"type":"Feature","properties":{"Layer":"SH parqueos ESPOL"},"geometry":{"type":"MultiPolygon","coordinates":[[[[615184.5202866,9762778.9727975,0.0],[615182.2458977,9762777.9349367,0.0],[615180.1701761,9762782.4837146,0.0],[615182.444565,9762783.5215754,0.0],[615184.5202866,9762778.9727975,0.0]]]]}},
{"type":"Feature","properties":{"Layer":"SH parqueos ESPOL"},"geometry":{"type":"MultiPolygon","coordinates":[[[[615181.4459365,9762779.9288678,0.0],[615179.1715476,9762778.891007,0.0],[615177.0958259,9762783.4397848,0.0],[615179.3702149,9762784.4776456,0.0],[615181.4459365,9762779.9288678,0.0]]]]}},
{"type":"Feature","properties":{"Layer":"SH parqueos ESPOL"},"geometry":{"type":"MultiPolygon","coordinates":[[[[615178.3715864,9762780.884938,0.0],[615176.0971974,9762779.8470772,0.0],[615174.0214758,9762784.3958551,0.0],[615176.2958647,9762785.4337159,0.0],[615178.3715864,9762780.884938,0.0]]]]}},
{"type":"Feature","properties":{"Layer":"SH parqueos ESPOL"},"geometry":{"type":"MultiPolygon","coordinates":[[[[615175.2972362,9762781.8410083,0.0],[615173.0228473,9762780.8031475,0.0],[615170.9471257,9762785.3519253,0.0],[615173.2215146,9762786.3897861,0.0],[615175.2972362,9762781.8410083,0.0]]]]}},
{"type":"Feature","properties":{"Layer":"SH parqueos ESPOL"},"geometry":{"type":"MultiPolygon","coordinates":[[[[615172.2228861,9762782.7970785,0.0],[615169.9484972,9762781.7592177,0.0],[615167.8727756,9762786.3079956,0.0],[615170.1471645,9762787.3458564,0.0],[615172.2228861,9762782.7970785,0.0]]]]}},
{"type":"Feature","properties":{"Layer":"SH parqueos ESPOL"},"geometry":{"type":"MultiPolygon","coordinates":[[[[615169.148536,9762783.7531488,0.0],[615166.8741471,9762782.715288,0.0],[615164.7984255,9762787.2640658,0.0],[615167.0728144,9762788.3019266,0.0],[615169.148536,9762783.7531488,0.0]]]]}},
{"type":"Feature","properties":{"Layer":"SH parqueos ESPOL"},"geometry":{"type":"MultiPolygon","coordinates":[[[[615148.5967491,9762771.3086378,0.0],[615146.2234322,9762772.0943649,0.0],[615147.7948864,9762776.8409986,0.0],[615150.1682033,9762776.0552715,0.0],[615148.5967491,9762771.3086378,0.0]]]]}},
{"type":"Feature","properties":{"Layer":"SH parqueos ESPOL"},"geometry":{"type":"MultiPolygon","coordinates":[[[[615146.3183649,9762772.0629358,0.0],[615143.945048,9762772.8486629,0.0],[615145.5165022,9762777.5952966,0.0],[615147.8898191,9762776.8095695,0.0],[615146.3183649,9762772.0629358,0.0]]]]}},
{"type":"Feature","properties":{"Layer":"SH parqueos ESPOL"},"geometry":{"type":"MultiPolygon","coordinates":[[[[615144.0399807,9762772.8172338,0.0],[615141.6666638,9762773.6029609,0.0],[615143.2381181,9762778.3495947,0.0],[615145.6114349,9762777.5638676,0.0],[615144.0399807,9762772.8172338,0.0]]]]}},
{"type":"Feature","properties":{"Layer":"SH parqueos ESPOL"},"geometry":{"type":"MultiPolygon","coordinates":[[[[615141.7615965,9762773.5715319,0.0],[615139.3882797,9762774.357259,0.0],[615140.9597339,9762779.1038927,0.0],[615143.3330507,9762778.3181656,0.0],[615141.7615965,9762773.5715319,0.0]]]]}},
{"type":"Feature","properties":{"Layer":"SH parqueos ESPOL"},"geometry":{"type":"MultiPolygon","coordinates":[[[[615139.4832123,9762774.3258299,0.0],[615137.1098955,9762775.111557,0.0],[615138.6813497,9762779.8581907,0.0],[615141.0546665,9762779.0724636,0.0],[615139.4832123,9762774.3258299,0.0]]]]}},
{"type":"Feature","properties":{"Layer":"SH parqueos ESPOL"},"geometry":{"type":"MultiPolygon","coordinates":[[[[615137.2048281,9762775.0801279,0.0],[615134.8315113,9762775.865855,0.0],[615136.4029655,9762780.6124887,0.0],[615138.7762824,9762779.8267616,0.0],[615137.2048281,9762775.0801279,0.0]]]]}},
{"type":"Feature","properties":{"Layer":"SH parqueos ESPOL"},"geometry":{"type":"MultiPolygon","coordinates":[[[[615134.926444,9762775.8344259,0.0],[615132.5531271,9762776.620153,0.0],[615134.1245813,9762781.3667867,0.0],[615136.4978982,9762780.5810596,0.0],[615134.926444,9762775.8344259,0.0]]]]}},
{"type":"Feature","properties":{"Layer":"SH parqueos ESPOL"},"geometry":{"type":"MultiPolygon","coordinates":[[[[615141.6955562,9762761.9376649,0.0],[615139.3222394,9762762.723392,0.0],[615140.8936936,9762767.4700257,0.0],[615143.2670104,9762766.6842986,0.0],[615141.6955562,9762761.9376649,0.0]]]]}},
{"type":"Feature","properties":{"Layer":"SH parqueos ESPOL"},"geometry":{"type":"MultiPolygon","coordinates":[[[[615139.417172,9762762.6919629,0.0],[615137.0438552,9762763.47769,0.0],[615138.6153094,9762768.2243237,0.0],[615140.9886262,9762767.4385966,0.0],[615139.417172,9762762.6919629,0.0]]]]}},
{"type":"Feature","properties":{"Layer":"SH parqueos ESPOL"},"geometry":{"type":"MultiPolygon","coordinates":[[[[615137.1387878,9762763.4462609,0.0],[615134.765471,9762764.231988,0.0],[615136.3369252,9762768.9786217,0.0],[615138.7102421,9762768.1928946,0.0],[615137.1387878,9762763.4462609,0.0]]]]}},
{"type":"Feature","properties":{"Layer":"SH parqueos ESPOL"},"geometry":{"type":"MultiPolygon","coordinates":[[[[615134.8604037,9762764.2005589,0.0],[615132.4870868,9762764.986286,0.0],[615134.058541,9762769.7329197,0.0],[615136.4318579,9762768.9471926,0.0],[615134.8604037,9762764.2005589,0.0]]]]}},
{"type":"Feature","properties":{"Layer":"SH parqueos ESPOL"},"geometry":{"type":"MultiPolygon","coordinates":[[[[615120.760684,9762742.9340466,0.0],[615118.478694,9762741.913007,0.0],[615116.4366149,9762746.476987,0.0],[615118.7186049,9762747.4980265,0.0],[615120.760684,9762742.9340466,0.0]]]]}},
{"type":"Feature","properties":{"Layer":"SH parqueos ESPOL"},"geometry":{"type":"MultiPolygon","coordinates":[[[[615119.563737,9762739.7328198,0.0],[615117.2817471,9762738.7117803,0.0],[615115.239668,9762743.2757603,0.0],[615117.521658,9762744.2967998,0.0],[615119.563737,9762739.7328198,0.0]]]]}},
{"type":"Feature","properties":{"Layer":"SH parqueos ESPOL"},"geometry":{"type":"MultiPolygon","coordinates":[[[[615118.5251111,9762736.1777507,0.0],[615116.2431212,9762735.1567112,0.0],[615114.2010421,9762739.7206912,0.0],[615116.4830321,9762740.7417307,0.0],[615118.5251111,9762736.1777507,0.0]]]]}},
{"type":"Feature","properties":{"Layer":"SH parqueos ESPOL"},"geometry":{"type":"MultiPolygon","coordinates":[[[[615117.3281642,9762732.976524,0.0],[615115.0461742,9762731.9554844,0.0],[615113.0040951,9762736.5194644,0.0],[615115.2860851,9762737.5405039,0.0],[615117.3281642,9762732.976524,0.0]]]]}},
{"type":"Feature","properties":{"Layer":"SH parqueos ESPOL"},"geometry":{"type":"MultiPolygon","coordinates":[[[[615120.7226847,9762748.935749,0.0],[615118.4406947,9762747.9147095,0.0],[615116.3986157,9762752.4786894,0.0],[615118.6806057,9762753.499729,0.0],[615120.7226847,9762748.935749,0.0]]]]}},
{"type":"Feature","properties":{"Layer":"SH parqueos ESPOL"},"geometry":{"type":"MultiPolygon","coordinates":[[[[615121.8095353,9762752.3830376,0.0],[615119.5275453,9762751.3619981,0.0],[615117.4854662,9762755.9259781,0.0],[615119.7674562,9762756.9470176,0.0],[615121.8095353,9762752.3830376,0.0]]]]}},
{"type":"Feature","properties":{"Layer":"SH parqueos ESPOL"},"geometry":{"type":"MultiPolygon","coordinates":[[[[615122.9039251,9762755.8134762,0.0],[615120.6219351,9762754.7924367,0.0],[615118.579856,9762759.3564166,0.0],[615120.861846,9762760.3774562,0.0],[615122.9039251,9762755.8134762,0.0]]]]}},
{"type":"Feature","properties":{"Layer":"SH parqueos ESPOL"},"geometry":{"type":"MultiPolygon","coordinates":[[[[615123.9907756,9762759.2607648,0.0],[615121.7087856,9762758.2397253,0.0],[615119.6667066,9762762.8037053,0.0],[615121.9486966,9762763.8247448,0.0],[615123.9907756,9762759.2607648,0.0]]]]}},
{"type":"Feature","properties":{"Layer":"SH parqueos ESPOL"},"geometry":{"type":"MultiPolygon","coordinates":[[[[615125.0656629,9762762.734791,0.0],[615122.7836729,9762761.7137514,0.0],[615120.7415938,9762766.2777314,0.0],[615123.0235838,9762767.2987709,0.0],[615125.0656629,9762762.734791,0.0]]]]}},
{"type":"Feature","properties":{"Layer":"SH parqueos ESPOL"},"geometry":{"type":"MultiPolygon","coordinates":[[[[615126.1600527,9762766.1652295,0.0],[615123.8780627,9762765.14419,0.0],[615121.8359837,9762769.7081699,0.0],[615124.1179737,9762770.7292095,0.0],[615126.1600527,9762766.1652295,0.0]]]]}},
{"type":"Feature","properties":{"Layer":"SH parqueos ESPOL"},"geometry":{"type":"MultiPolygon","coordinates":[[[[615127.2469033,9762769.6125181,0.0],[615124.9649133,9762768.5914786,0.0],[615122.9228342,9762773.1554586,0.0],[615125.2048242,9762774.1764981,0.0],[615127.2469033,9762769.6125181,0.0]]]]}},
{"type":"Feature","properties":{"Layer":"SH parqueos ESPOL"},"geometry":{"type":"MultiPolygon","coordinates":[[[[615106.5580888,9762726.8512685,0.0],[615104.2227018,9762727.7434388,0.0],[615106.0070424,9762732.4142127,0.0],[615108.3424294,9762731.5220424,0.0],[615106.5580888,9762726.8512685,0.0]]]]}},
{"type":"Feature","properties":{"Layer":"SH parqueos ESPOL"},"geometry":{"type":"MultiPolygon","coordinates":[[[[615108.8033427,9762726.0047264,0.0],[615106.4679558,9762726.8968967,0.0],[615108.2522964,9762731.5676706,0.0],[615110.5876833,9762730.6755003,0.0],[615108.8033427,9762726.0047264,0.0]]]]}},
{"type":"Feature","properties":{"Layer":"SH parqueos ESPOL"},"geometry":{"type":"MultiPolygon","coordinates":[[[[615128.2946888,9762773.1471157,0.0],[615126.0126988,9762772.1260762,0.0],[615123.9706198,9762776.6900561,0.0],[615126.2526098,9762777.7110957,0.0],[615128.2946888,9762773.1471157,0.0]]]]}},
{"type":"Feature","properties":{"Layer":"SH parqueos ESPOL"},"geometry":{"type":"MultiPolygon","coordinates":[[[[615108.9684953,9762695.8635042,0.0],[615106.577964,9762696.5951873,0.0],[615108.0413303,9762701.3762499,0.0],[615110.4318615,9762700.6445668,0.0],[615108.9684953,9762695.8635042,0.0]]]]}},
{"type":"Feature","properties":{"Layer":"SH parqueos ESPOL"},"geometry":{"type":"MultiPolygon","coordinates":[[[[615106.6735853,9762696.56592,0.0],[615104.283054,9762697.2976031,0.0],[615105.7464202,9762702.0786657,0.0],[615108.1369515,9762701.3469826,0.0],[615106.6735853,9762696.56592,0.0]]]]}},
{"type":"Feature","properties":{"Layer":"SH parqueos ESPOL"},"geometry":{"type":"MultiPolygon","coordinates":[[[[615104.3786752,9762697.2683358,0.0],[615101.988144,9762698.0000189,0.0],[615103.4515102,9762702.7810815,0.0],[615105.8420415,9762702.0493984,0.0],[615104.3786752,9762697.2683358,0.0]]]]}},
{"type":"Feature","properties":{"Layer":"SH parqueos ESPOL"},"geometry":{"type":"MultiPolygon","coordinates":[[[[615096.1078659,9762688.9873026,0.0],[615094.5396536,9762687.040328,0.0],[615090.6457044,9762690.1767525,0.0],[615092.2139167,9762692.1237272,0.0],[615096.1078659,9762688.9873026,0.0]]]]}},
{"type":"Feature","properties":{"Layer":"SH parqueos ESPOL"},"geometry":{"type":"MultiPolygon","coordinates":[[[[615096.9334518,9762691.393185,0.0],[615095.3652395,9762689.4462103,0.0],[615091.4712902,9762692.5826349,0.0],[615093.0395025,9762694.5296096,0.0],[615096.9334518,9762691.393185,0.0]]]]}},
{"type":"Feature","properties":{"Layer":"SH parqueos ESPOL"},"geometry":{"type":"MultiPolygon","coordinates":[[[[615097.75498,9762693.8175492,0.0],[615096.1867677,9762691.8705745,0.0],[615092.2928185,9762695.0069991,0.0],[615093.8610308,9762696.9539737,0.0],[615097.75498,9762693.8175492,0.0]]]]}},
{"type":"Feature","properties":{"Layer":"SH parqueos ESPOL"},"geometry":{"type":"MultiPolygon","coordinates":[[[[615098.5764413,9762696.2375984,0.0],[615097.008229,9762694.2906237,0.0],[615093.1142797,9762697.4270483,0.0],[615094.682492,9762699.3740229,0.0],[615098.5764413,9762696.2375984,0.0]]]]}},
{"type":"Feature","properties":{"Layer":"SH parqueos ESPOL"},"geometry":{"type":"MultiPolygon","coordinates":[[[[615099.374128,9762698.6807374,0.0],[615097.8059157,9762696.7337627,0.0],[615093.9119665,9762699.8701873,0.0],[615095.4801788,9762701.8171619,0.0],[615099.374128,9762698.6807374,0.0]]]]}},
{"type":"Feature","properties":{"Layer":"SH parqueos ESPOL"},"geometry":{"type":"MultiPolygon","coordinates":[[[[615095.2787865,9762686.5712393,0.0],[615093.7105742,9762684.6242647,0.0],[615089.816625,9762687.7606893,0.0],[615091.3848373,9762689.7076639,0.0],[615095.2787865,9762686.5712393,0.0]]]]}},
{"type":"Feature","properties":{"Layer":"SH parqueos ESPOL"},"geometry":{"type":"MultiPolygon","coordinates":[[[[615094.4485911,9762684.1519239,0.0],[615092.8803788,9762682.2049492,0.0],[615088.9864295,9762685.3413738,0.0],[615090.5546418,9762687.2883485,0.0],[615094.4485911,9762684.1519239,0.0]]]]}},
{"type":"Feature","properties":{"Layer":"SV parqueos ESPOL"},"geometry":{"type":"MultiPolygon","coordinates":[[[[614746.5881657,9762750.1828896,0.0],[614745.2178281,9762748.091915,0.0],[614741.0358789,9762750.8325902,0.0],[614742.4062165,9762752.9235648,0.0],[614746.5881657,9762750.1828896,0.0]]]]}},
{"type":"Feature","properties":{"Layer":"SV parqueos ESPOL"},"geometry":{"type":"MultiPolygon","coordinates":[[[[614745.2726416,9762748.175554,0.0],[614743.902304,9762746.0845794,0.0],[614739.7203548,9762748.8252546,0.0],[614741.0906924,9762750.9162292,0.0],[614745.2726416,9762748.175554,0.0]]]]}},
{"type":"Feature","properties":{"Layer":"SV parqueos ESPOL"},"geometry":{"type":"MultiPolygon","coordinates":[[[[614743.9571175,9762746.1682184,0.0],[614742.5867799,9762744.0772437,0.0],[614738.4048307,9762746.8179189,0.0],[614739.7751683,9762748.9088935,0.0],[614743.9571175,9762746.1682184,0.0]]]]}},
{"type":"Feature","properties":{"Layer":"SV parqueos ESPOL"},"geometry":{"type":"MultiPolygon","coordinates":[[[[614742.6415934,9762744.1608827,0.0],[614741.2712558,9762742.0699081,0.0],[614737.0893066,9762744.8105833,0.0],[614738.4596442,9762746.9015579,0.0],[614742.6415934,9762744.1608827,0.0]]]]}},
{"type":"Feature","properties":{"Layer":"SV parqueos ESPOL"},"geometry":{"type":"MultiPolygon","coordinates":[[[[614741.3260693,9762742.1535471,0.0],[614739.9557318,9762740.0625725,0.0],[614735.7737825,9762742.8032477,0.0],[614737.1441201,9762744.8942223,0.0],[614741.3260693,9762742.1535471,0.0]]]]}},
{"type":"Feature","properties":{"Layer":"SV parqueos ESPOL"},"geometry":{"type":"MultiPolygon","coordinates":[[[[614740.0105453,9762740.1462115,0.0],[614738.6402077,9762738.0552368,0.0],[614734.4582584,9762740.795912,0.0],[614735.828596,9762742.8868867,0.0],[614740.0105453,9762740.1462115,0.0]]]]}},
{"type":"Feature","properties":{"Layer":"SV parqueos ESPOL"},"geometry":{"type":"MultiPolygon","coordinates":[[[[614738.6950212,9762738.1388758,0.0],[614737.3246836,9762736.0479012,0.0],[614733.1427343,9762738.7885764,0.0],[614734.5130719,9762740.879551,0.0],[614738.6950212,9762738.1388758,0.0]]]]}},
{"type":"Feature","properties":{"Layer":"SV parqueos ESPOL"},"geometry":{"type":"MultiPolygon","coordinates":[[[[614737.3794971,9762736.1315402,0.0],[614736.0091595,9762734.0405656,0.0],[614731.8272102,9762736.7812408,0.0],[614733.1975478,9762738.8722154,0.0],[614737.3794971,9762736.1315402,0.0]]]]}},
{"type":"Feature","properties":{"Layer":"SV parqueos ESPOL"},"geometry":{"type":"MultiPolygon","coordinates":[[[[614729.040693,9762708.3841558,0.0],[614729.3979912,9762705.9098199,0.0],[614724.4493194,9762705.1952235,0.0],[614724.0920212,9762707.6695594,0.0],[614729.040693,9762708.3841558,0.0]]]]}},
{"type":"Feature","properties":{"Layer":"SV parqueos ESPOL"},"geometry":{"type":"MultiPolygon","coordinates":[[[[614729.4315198,9762710.865485,0.0],[614729.788818,9762708.3911491,0.0],[614724.8401462,9762707.6765527,0.0],[614724.482848,9762710.1508886,0.0],[614729.4315198,9762710.865485,0.0]]]]}},
{"type":"Feature","properties":{"Layer":"SV parqueos ESPOL"},"geometry":{"type":"MultiPolygon","coordinates":[[[[614729.8223466,9762713.3468141,0.0],[614730.1796448,9762710.8724782,0.0],[614725.230973,9762710.1578818,0.0],[614724.8736748,9762712.6322177,0.0],[614729.8223466,9762713.3468141,0.0]]]]}},
{"type":"Feature","properties":{"Layer":"SV parqueos ESPOL"},"geometry":{"type":"MultiPolygon","coordinates":[[[[614730.2131734,9762715.8281432,0.0],[614730.5704716,9762713.3538074,0.0],[614725.6217998,9762712.639211,0.0],[614725.2645016,9762715.1135469,0.0],[614730.2131734,9762715.8281432,0.0]]]]}},
{"type":"Feature","properties":{"Layer":"SV parqueos ESPOL"},"geometry":{"type":"MultiPolygon","coordinates":[[[[614730.6040002,9762718.3094724,0.0],[614730.9612984,9762715.8351365,0.0],[614726.0126266,9762715.1205401,0.0],[614725.6553284,9762717.594876,0.0],[614730.6040002,9762718.3094724,0.0]]]]}},
{"type":"Feature","properties":{"Layer":"SV parqueos ESPOL"},"geometry":{"type":"MultiPolygon","coordinates":[[[[614730.994827,9762720.7908015,0.0],[614731.3521252,9762718.3164657,0.0],[614726.4034534,9762717.6018693,0.0],[614726.0461552,9762720.0762051,0.0],[614730.994827,9762720.7908015,0.0]]]]}},
{"type":"Feature","properties":{"Layer":"SV parqueos ESPOL"},"geometry":{"type":"MultiPolygon","coordinates":[[[[614731.3856538,9762723.2721307,0.0],[614731.7429519,9762720.7977948,0.0],[614726.7942802,9762720.0831984,0.0],[614726.436982,9762722.5575343,0.0],[614731.3856538,9762723.2721307,0.0]]]]}},
{"type":"Feature","properties":{"Layer":"SV parqueos ESPOL"},"geometry":{"type":"MultiPolygon","coordinates":[[[[614731.7764805,9762725.7534598,0.0],[614732.1337787,9762723.279124,0.0],[614727.185107,9762722.5645276,0.0],[614726.8278088,9762725.0388634,0.0],[614731.7764805,9762725.7534598,0.0]]]]}},
{"type":"Feature","properties":{"Layer":"SV parqueos ESPOL"},"geometry":{"type":"MultiPolygon","coordinates":[[[[614732.1673073,9762728.234789,0.0],[614732.5246055,9762725.7604531,0.0],[614727.5759338,9762725.0458567,0.0],[614727.2186356,9762727.5201926,0.0],[614732.1673073,9762728.234789,0.0]]]]}},
{"type":"Feature","properties":{"Layer":"SV parqueos ESPOL"},"geometry":{"type":"MultiPolygon","coordinates":[[[[614732.5581341,9762730.7161181,0.0],[614732.9154323,9762728.2417823,0.0],[614727.9667606,9762727.5271859,0.0],[614727.6094624,9762730.0015217,0.0],[614732.5581341,9762730.7161181,0.0]]]]}},
{"type":"Feature","properties":{"Layer":"SV parqueos ESPOL"},"geometry":{"type":"MultiPolygon","coordinates":[[[[614732.9489609,9762733.1974473,0.0],[614733.3062591,9762730.7231114,0.0],[614728.3575874,9762730.008515,0.0],[614728.0002892,9762732.4828509,0.0],[614732.9489609,9762733.1974473,0.0]]]]}},
{"type":"Feature","properties":{"Layer":"SH parqueos ESPOL"},"geometry":{"type":"MultiPolygon","coordinates":[[[[614747.5125393,9762724.525439,0.0],[614745.6338354,9762722.8760538,0.0],[614742.3350649,9762726.6334615,0.0],[614744.2137688,9762728.2828468,0.0],[614747.5125393,9762724.525439,0.0]]]]}},
{"type":"Feature","properties":{"Layer":"SH parqueos ESPOL"},"geometry":{"type":"MultiPolygon","coordinates":[[[[614747.5125393,9762720.8877201,0.0],[614745.6338354,9762719.2383348,0.0],[614742.3350649,9762722.9957426,0.0],[614744.2137688,9762724.6451279,0.0],[614747.5125393,9762720.8877201,0.0]]]]}},
{"type":"Feature","properties":{"Layer":"SH parqueos ESPOL"},"geometry":{"type":"MultiPolygon","coordinates":[[[[614746.9868699,9762717.8453995,0.0],[614745.108166,9762716.1960142,0.0],[614741.8093955,9762719.953422,0.0],[614743.6880993,9762721.6028072,0.0],[614746.9868699,9762717.8453995,0.0]]]]}},
{"type":"Feature","properties":{"Layer":"SH parqueos ESPOL"},"geometry":{"type":"MultiPolygon","coordinates":[[[[614746.3430957,9762714.9648262,0.0],[614744.4643918,9762713.315441,0.0],[614741.1656213,9762717.0728487,0.0],[614743.0443252,9762718.722234,0.0],[614746.3430957,9762714.9648262,0.0]]]]}},
{"type":"Feature","properties":{"Layer":"SH parqueos ESPOL"},"geometry":{"type":"MultiPolygon","coordinates":[[[[614745.7202202,9762712.0357203,0.0],[614743.8415163,9762710.386335,0.0],[614740.5427458,9762714.1437428,0.0],[614742.4214497,9762715.793128,0.0],[614745.7202202,9762712.0357203,0.0]]]]}},
{"type":"Feature","properties":{"Layer":"SH parqueos ESPOL"},"geometry":{"type":"MultiPolygon","coordinates":[[[[614745.0437787,9762709.1678473,0.0],[614743.1650749,9762707.518462,0.0],[614739.8663043,9762711.2758698,0.0],[614741.7450082,9762712.925255,0.0],[614745.0437787,9762709.1678473,0.0]]]]}},
{"type":"Feature","properties":{"Layer":"SH parqueos ESPOL"},"geometry":{"type":"MultiPolygon","coordinates":[[[[614744.5181093,9762706.1255267,0.0],[614742.6394054,9762704.4761414,0.0],[614739.3406349,9762708.2335491,0.0],[614741.2193388,9762709.8829344,0.0],[614744.5181093,9762706.1255267,0.0]]]]}},
{"type":"Feature","properties":{"Layer":"SH parqueos ESPOL"},"geometry":{"type":"MultiPolygon","coordinates":[[[[614743.8743351,9762703.2449534,0.0],[614741.9956313,9762701.5955681,0.0],[614738.6968607,9762705.3529759,0.0],[614740.5755646,9762707.0023612,0.0],[614743.8743351,9762703.2449534,0.0]]]]}},
{"type":"Feature","properties":{"Layer":"SH parqueos ESPOL"},"geometry":{"type":"MultiPolygon","coordinates":[[[[614743.2514597,9762700.3158475,0.0],[614741.3727558,9762698.6664622,0.0],[614738.0739852,9762702.4238699,0.0],[614739.9526891,9762704.0732552,0.0],[614743.2514597,9762700.3158475,0.0]]]]}},
{"type":"Feature","properties":{"Layer":"SH parqueos ESPOL"},"geometry":{"type":"MultiPolygon","coordinates":[[[[614752.4667553,9762716.2127998,0.0],[614750.5880515,9762714.5634145,0.0],[614747.2892809,9762718.3208223,0.0],[614749.1679848,9762719.9702075,0.0],[614752.4667553,9762716.2127998,0.0]]]]}},
{"type":"Feature","properties":{"Layer":"SH parqueos ESPOL"},"geometry":{"type":"MultiPolygon","coordinates":[[[[614751.8438798,9762713.2836938,0.0],[614749.965176,9762711.6343085,0.0],[614746.6664054,9762715.3917163,0.0],[614748.5451093,9762717.0411016,0.0],[614751.8438798,9762713.2836938,0.0]]]]}},
{"type":"Feature","properties":{"Layer":"SH parqueos ESPOL"},"geometry":{"type":"MultiPolygon","coordinates":[[[[614751.1674384,9762710.4158208,0.0],[614749.2887345,9762708.7664356,0.0],[614745.989964,9762712.5238433,0.0],[614747.8686678,9762714.1732286,0.0],[614751.1674384,9762710.4158208,0.0]]]]}},
{"type":"Feature","properties":{"Layer":"SH parqueos ESPOL"},"geometry":{"type":"MultiPolygon","coordinates":[[[[614750.6417689,9762707.3735002,0.0],[614748.7630651,9762705.7241149,0.0],[614745.4642945,9762709.4815227,0.0],[614747.3429984,9762711.130908,0.0],[614750.6417689,9762707.3735002,0.0]]]]}},
{"type":"Feature","properties":{"Layer":"SH parqueos ESPOL"},"geometry":{"type":"MultiPolygon","coordinates":[[[[614749.9979948,9762704.4929269,0.0],[614748.1192909,9762702.8435417,0.0],[614744.8205204,9762706.6009494,0.0],[614746.6992242,9762708.2503347,0.0],[614749.9979948,9762704.4929269,0.0]]]]}},
{"type":"Feature","properties":{"Layer":"SH parqueos ESPOL"},"geometry":{"type":"MultiPolygon","coordinates":[[[[614749.3751193,9762701.563821,0.0],[614747.4964154,9762699.9144357,0.0],[614744.1976449,9762703.6718435,0.0],[614746.0763487,9762705.3212288,0.0],[614749.3751193,9762701.563821,0.0]]]]}},
{"type":"Feature","properties":{"Layer":"SH parqueos ESPOL"},"geometry":{"type":"MultiPolygon","coordinates":[[[[614777.7665171,9762729.1542168,0.0],[614775.3439247,9762729.7715063,0.0],[614776.5785039,9762734.616691,0.0],[614779.0010962,9762733.9994014,0.0],[614777.7665171,9762729.1542168,0.0]]]]}},
{"type":"Feature","properties":{"Layer":"SH parqueos ESPOL"},"geometry":{"type":"MultiPolygon","coordinates":[[[[614780.0922057,9762728.5616187,0.0],[614777.6696134,9762729.1789083,0.0],[614778.9041925,9762734.024093,0.0],[614781.3267849,9762733.4068034,0.0],[614780.0922057,9762728.5616187,0.0]]]]}},
{"type":"Feature","properties":{"Layer":"SH parqueos ESPOL"},"geometry":{"type":"MultiPolygon","coordinates":[[[[614782.4178943,9762727.9690207,0.0],[614779.995302,9762728.5863103,0.0],[614781.2298812,9762733.431495,0.0],[614783.6524735,9762732.8142054,0.0],[614782.4178943,9762727.9690207,0.0]]]]}},
{"type":"Feature","properties":{"Layer":"SH parqueos ESPOL"},"geometry":{"type":"MultiPolygon","coordinates":[[[[614784.7435829,9762727.3764227,0.0],[614782.3209906,9762727.9937123,0.0],[614783.5555698,9762732.838897,0.0],[614785.9781621,9762732.2216074,0.0],[614784.7435829,9762727.3764227,0.0]]]]}},
{"type":"Feature","properties":{"Layer":"SH parqueos ESPOL"},"geometry":{"type":"MultiPolygon","coordinates":[[[[614787.0692716,9762726.7838247,0.0],[614784.6466792,9762727.4011143,0.0],[614785.8812584,9762732.246299,0.0],[614788.3038508,9762731.6290094,0.0],[614787.0692716,9762726.7838247,0.0]]]]}},
{"type":"Feature","properties":{"Layer":"SH parqueos ESPOL"},"geometry":{"type":"MultiPolygon","coordinates":[[[[614789.3949602,9762726.1912267,0.0],[614786.9723679,9762726.8085163,0.0],[614788.2069471,9762731.653701,0.0],[614790.6295394,9762731.0364114,0.0],[614789.3949602,9762726.1912267,0.0]]]]}},
{"type":"Feature","properties":{"Layer":"SH parqueos ESPOL"},"geometry":{"type":"MultiPolygon","coordinates":[[[[614791.7206488,9762725.5986287,0.0],[614789.2980565,9762726.2159183,0.0],[614790.5326357,9762731.0611029,0.0],[614792.955228,9762730.4438134,0.0],[614791.7206488,9762725.5986287,0.0]]]]}},
{"type":"Feature","properties":{"Layer":"SH parqueos ESPOL"},"geometry":{"type":"MultiPolygon","coordinates":[[[[614766.2309647,9762725.9804211,0.0],[614766.8773191,9762723.5654209,0.0],[614762.0473186,9762722.2727122,0.0],[614761.4009643,9762724.6877124,0.0],[614766.2309647,9762725.9804211,0.0]]]]}},
{"type":"Feature","properties":{"Layer":"SH parqueos ESPOL"},"geometry":{"type":"MultiPolygon","coordinates":[[[[614765.313845,9762723.2504899,0.0],[614765.9601994,9762720.8354897,0.0],[614761.1301989,9762719.542781,0.0],[614760.4838446,9762721.9577813,0.0],[614765.313845,9762723.2504899,0.0]]]]}},
{"type":"Feature","properties":{"Layer":"SH parqueos ESPOL"},"geometry":{"type":"MultiPolygon","coordinates":[[[[614764.3984566,9762720.5257121,0.0],[614765.0448109,9762718.1107119,0.0],[614760.2148104,9762716.8180032,0.0],[614759.5684561,9762719.2330034,0.0],[614764.3984566,9762720.5257121,0.0]]]]}},
{"type":"Feature","properties":{"Layer":"SH parqueos ESPOL"},"geometry":{"type":"MultiPolygon","coordinates":[[[[614763.4813368,9762717.795781,0.0],[614764.1276912,9762715.3807808,0.0],[614759.2976907,9762714.0880721,0.0],[614758.6513364,9762716.5030723,0.0],[614763.4813368,9762717.795781,0.0]]]]}},
{"type":"Feature","properties":{"Layer":"SH parqueos ESPOL"},"geometry":{"type":"MultiPolygon","coordinates":[[[[614762.5642171,9762715.0658498,0.0],[614763.2105715,9762712.6508496,0.0],[614758.380571,9762711.358141,0.0],[614757.7342167,9762713.7731412,0.0],[614762.5642171,9762715.0658498,0.0]]]]}},
{"type":"Feature","properties":{"Layer":"SH parqueos ESPOL"},"geometry":{"type":"MultiPolygon","coordinates":[[[[614761.6470974,9762712.3359187,0.0],[614762.2934517,9762709.9209185,0.0],[614757.4634513,9762708.6282098,0.0],[614756.817097,9762711.04321,0.0],[614761.6470974,9762712.3359187,0.0]]]]}},
{"type":"Feature","properties":{"Layer":"SH parqueos ESPOL"},"geometry":{"type":"MultiPolygon","coordinates":[[[[614760.7317089,9762709.6111409,0.0],[614761.3780633,9762707.1961407,0.0],[614756.5480628,9762705.903432,0.0],[614755.9017085,9762708.3184322,0.0],[614760.7317089,9762709.6111409,0.0]]]]}},
{"type":"Feature","properties":{"Layer":"SH parqueos ESPOL"},"geometry":{"type":"MultiPolygon","coordinates":[[[[614759.8145892,9762706.8812098,0.0],[614760.4609436,9762704.4662095,0.0],[614755.6309431,9762703.1735009,0.0],[614754.9845888,9762705.5885011,0.0],[614759.8145892,9762706.8812098,0.0]]]]}},
{"type":"Feature","properties":{"Layer":"SH parqueos ESPOL"},"geometry":{"type":"MultiPolygon","coordinates":[[[[614758.8974695,9762704.1512786,0.0],[614759.5438238,9762701.7362784,0.0],[614754.7138234,9762700.4435697,0.0],[614754.0674691,9762702.8585699,0.0],[614758.8974695,9762704.1512786,0.0]]]]}},
{"type":"Feature","properties":{"Layer":"SH parqueos ESPOL"},"geometry":{"type":"MultiPolygon","coordinates":[[[[614757.9803498,9762701.4213475,0.0],[614758.6267041,9762699.0063473,0.0],[614753.7967037,9762697.7136386,0.0],[614753.1503493,9762700.1286388,0.0],[614757.9803498,9762701.4213475,0.0]]]]}},
{"type":"Feature","properties":{"Layer":"SH parqueos ESPOL"},"geometry":{"type":"MultiPolygon","coordinates":[[[[614757.0649613,9762698.6965697,0.0],[614757.7113157,9762696.2815694,0.0],[614752.8813152,9762694.9888608,0.0],[614752.2349609,9762697.403861,0.0],[614757.0649613,9762698.6965697,0.0]]]]}},
{"type":"Feature","properties":{"Layer":"SH parqueos ESPOL"},"geometry":{"type":"MultiPolygon","coordinates":[[[[614756.1478416,9762695.9666385,0.0],[614756.794196,9762693.5516383,0.0],[614751.9641955,9762692.2589296,0.0],[614751.3178412,9762694.6739299,0.0],[614756.1478416,9762695.9666385,0.0]]]]}},
{"type":"Feature","properties":{"Layer":"SH parqueos ESPOL"},"geometry":{"type":"MultiPolygon","coordinates":[[[[614755.2307219,9762693.2367074,0.0],[614755.8770762,9762690.8217072,0.0],[614751.0470758,9762689.5289985,0.0],[614750.4007214,9762691.9439987,0.0],[614755.2307219,9762693.2367074,0.0]]]]}},
{"type":"Feature","properties":{"Layer":"SH parqueos ESPOL"},"geometry":{"type":"MultiPolygon","coordinates":[[[[614754.3136022,9762690.5067763,0.0],[614754.9599565,9762688.091776,0.0],[614750.1299561,9762686.7990674,0.0],[614749.4836017,9762689.2140676,0.0],[614754.3136022,9762690.5067763,0.0]]]]}},
{"type":"Feature","properties":{"Layer":"SH parqueos ESPOL"},"geometry":{"type":"MultiPolygon","coordinates":[[[[614753.3982137,9762687.7819984,0.0],[614754.0445681,9762685.3669982,0.0],[614749.2145676,9762684.0742895,0.0],[614748.5682133,9762686.4892898,0.0],[614753.3982137,9762687.7819984,0.0]]]]}},
{"type":"Feature","properties":{"Layer":"SH parqueos ESPOL"},"geometry":{"type":"MultiPolygon","coordinates":[[[[614752.481094,9762685.0520673,0.0],[614753.1274483,9762682.6370671,0.0],[614748.2974479,9762681.3443584,0.0],[614747.6510935,9762683.7593586,0.0],[614752.481094,9762685.0520673,0.0]]]]}},
{"type":"Feature","properties":{"Layer":"SH parqueos ESPOL"},"geometry":{"type":"MultiPolygon","coordinates":[[[[614767.1480845,9762728.7103522,0.0],[614767.7944388,9762726.295352,0.0],[614762.9644383,9762725.0026433,0.0],[614762.318084,9762727.4176435,0.0],[614767.1480845,9762728.7103522,0.0]]]]}},
{"type":"Feature","properties":{"Layer":"SH parqueos ESPOL"},"geometry":{"type":"MultiPolygon","coordinates":[[[[614751.5639743,9762682.3221362,0.0],[614752.2103286,9762679.9071359,0.0],[614747.3803282,9762678.6144273,0.0],[614746.7339738,9762681.0294275,0.0],[614751.5639743,9762682.3221362,0.0]]]]}},
{"type":"Feature","properties":{"Layer":"SH parqueos ESPOL"},"geometry":{"type":"MultiPolygon","coordinates":[[[[614743.9263777,9762673.7888724,0.0],[614746.3643143,9762674.3424653,0.0],[614747.4715001,9762669.4665921,0.0],[614745.0335635,9762668.9129992,0.0],[614743.9263777,9762673.7888724,0.0]]]]}},
{"type":"Feature","properties":{"Layer":"SH parqueos ESPOL"},"geometry":{"type":"MultiPolygon","coordinates":[[[[614741.2750308,9762674.6267008,0.0],[614743.7129674,9762675.1802936,0.0],[614744.8201532,9762670.3044204,0.0],[614742.3822166,9762669.7508275,0.0],[614741.2750308,9762674.6267008,0.0]]]]}},
{"type":"Feature","properties":{"Layer":"SH parqueos ESPOL"},"geometry":{"type":"MultiPolygon","coordinates":[[[[614738.616954,9762675.4846956,0.0],[614741.0548906,9762676.0382885,0.0],[614742.1620764,9762671.1624152,0.0],[614739.7241398,9762670.6088224,0.0],[614738.616954,9762675.4846956,0.0]]]]}},
{"type":"Feature","properties":{"Layer":"SH parqueos ESPOL"},"geometry":{"type":"MultiPolygon","coordinates":[[[[614735.9656071,9762676.3225239,0.0],[614738.4035437,9762676.8761168,0.0],[614739.5107295,9762672.0002436,0.0],[614737.0727929,9762671.4466507,0.0],[614735.9656071,9762676.3225239,0.0]]]]}},
{"type":"Feature","properties":{"Layer":"SH parqueos ESPOL"},"geometry":{"type":"MultiPolygon","coordinates":[[[[614733.3142601,9762677.1603523,0.0],[614735.7521967,9762677.7139452,0.0],[614736.8593825,9762672.8380719,0.0],[614734.4214459,9762672.284479,0.0],[614733.3142601,9762677.1603523,0.0]]]]}},
{"type":"Feature","properties":{"Layer":"SH parqueos ESPOL"},"geometry":{"type":"MultiPolygon","coordinates":[[[[614762.0919444,9762657.8826923,0.0],[614764.466787,9762657.1015888,0.0],[614762.9045799,9762652.3519036,0.0],[614760.5297373,9762653.1330072,0.0],[614762.0919444,9762657.8826923,0.0]]]]}},
{"type":"Feature","properties":{"Layer":"SH parqueos ESPOL"},"geometry":{"type":"MultiPolygon","coordinates":[[[[614759.8120955,9762658.6325517,0.0],[614762.1869381,9762657.8514482,0.0],[614760.624731,9762653.101763,0.0],[614758.2498884,9762653.8828666,0.0],[614759.8120955,9762658.6325517,0.0]]]]}},
{"type":"Feature","properties":{"Layer":"SH parqueos ESPOL"},"geometry":{"type":"MultiPolygon","coordinates":[[[[614757.5322466,9762659.3824112,0.0],[614759.9070892,9762658.6013076,0.0],[614758.3448821,9762653.8516225,0.0],[614755.9700396,9762654.632726,0.0],[614757.5322466,9762659.3824112,0.0]]]]}},
{"type":"Feature","properties":{"Layer":"SH parqueos ESPOL"},"geometry":{"type":"MultiPolygon","coordinates":[[[[614755.2523978,9762660.1322706,0.0],[614757.6272404,9762659.351167,0.0],[614756.0650333,9762654.6014819,0.0],[614753.6901907,9762655.3825854,0.0],[614755.2523978,9762660.1322706,0.0]]]]}},
{"type":"Feature","properties":{"Layer":"SH parqueos ESPOL"},"geometry":{"type":"MultiPolygon","coordinates":[[[[614752.9725489,9762660.88213,0.0],[614755.3473915,9762660.1010264,0.0],[614753.7851844,9762655.3513413,0.0],[614751.4103418,9762656.1324448,0.0],[614752.9725489,9762660.88213,0.0]]]]}},
{"type":"Feature","properties":{"Layer":"SH parqueos ESPOL"},"geometry":{"type":"MultiPolygon","coordinates":[[[[614750.6927,9762661.6319894,0.0],[614753.0675426,9762660.8508858,0.0],[614751.5053355,9762656.1012007,0.0],[614749.1304929,9762656.8823042,0.0],[614750.6927,9762661.6319894,0.0]]]]}},
{"type":"Feature","properties":{"Layer":"SH parqueos ESPOL"},"geometry":{"type":"MultiPolygon","coordinates":[[[[614748.4128512,9762662.3818488,0.0],[614750.7876937,9762661.6007452,0.0],[614749.2254866,9762656.8510601,0.0],[614746.8506441,9762657.6321636,0.0],[614748.4128512,9762662.3818488,0.0]]]]}},
{"type":"Feature","properties":{"Layer":"SH parqueos ESPOL"},"geometry":{"type":"MultiPolygon","coordinates":[[[[614746.1330023,9762663.1317082,0.0],[614748.5078449,9762662.3506046,0.0],[614746.9456378,9762657.6009195,0.0],[614744.5707952,9762658.382023,0.0],[614746.1330023,9762663.1317082,0.0]]]]}},
{"type":"Feature","properties":{"Layer":"SH parqueos ESPOL"},"geometry":{"type":"MultiPolygon","coordinates":[[[[614758.0593948,9762644.9153744,0.0],[614758.8902156,9762647.2732838,0.0],[614763.6060344,9762645.6116421,0.0],[614762.7752136,9762643.2537327,0.0],[614758.0593948,9762644.9153744,0.0]]]]}},
{"type":"Feature","properties":{"Layer":"SH parqueos ESPOL"},"geometry":{"type":"MultiPolygon","coordinates":[[[[614757.2618068,9762642.6517814,0.0],[614758.0926276,9762645.0096908,0.0],[614762.8084464,9762643.3480491,0.0],[614761.9776256,9762640.9901397,0.0],[614757.2618068,9762642.6517814,0.0]]]]}},
{"type":"Feature","properties":{"Layer":"SH parqueos ESPOL"},"geometry":{"type":"MultiPolygon","coordinates":[[[[614756.4642188,9762640.3881884,0.0],[614757.2950396,9762642.7460978,0.0],[614762.0108584,9762641.0844561,0.0],[614761.1800376,9762638.7265467,0.0],[614756.4642188,9762640.3881884,0.0]]]]}},
{"type":"Feature","properties":{"Layer":"SH parqueos ESPOL"},"geometry":{"type":"MultiPolygon","coordinates":[[[[614755.6666308,9762638.1245953,0.0],[614756.4974516,9762640.4825047,0.0],[614761.2132704,9762638.8208631,0.0],[614760.3824496,9762636.4629537,0.0],[614755.6666308,9762638.1245953,0.0]]]]}},
{"type":"Feature","properties":{"Layer":"SH parqueos ESPOL"},"geometry":{"type":"MultiPolygon","coordinates":[[[[614772.4381855,9762618.9935053,0.0],[614770.0541505,9762619.7460855,0.0],[614771.5593109,9762624.5141556,0.0],[614773.9433459,9762623.7615754,0.0],[614772.4381855,9762618.9935053,0.0]]]]}},
{"type":"Feature","properties":{"Layer":"SH parqueos ESPOL"},"geometry":{"type":"MultiPolygon","coordinates":[[[[614774.7268591,9762618.2710283,0.0],[614772.3428241,9762619.0236085,0.0],[614773.8479845,9762623.7916786,0.0],[614776.2320195,9762623.0390984,0.0],[614774.7268591,9762618.2710283,0.0]]]]}},
{"type":"Feature","properties":{"Layer":"SH parqueos ESPOL"},"geometry":{"type":"MultiPolygon","coordinates":[[[[614777.0155328,9762617.5485514,0.0],[614774.6314978,9762618.3011315,0.0],[614776.1366581,9762623.0692016,0.0],[614778.5206932,9762622.3166214,0.0],[614777.0155328,9762617.5485514,0.0]]]]}},
{"type":"Feature","properties":{"Layer":"SH parqueos ESPOL"},"geometry":{"type":"MultiPolygon","coordinates":[[[[614779.3042064,9762616.8260744,0.0],[614776.9201714,9762617.5786546,0.0],[614778.4253318,9762622.3467246,0.0],[614780.8093668,9762621.5941445,0.0],[614779.3042064,9762616.8260744,0.0]]]]}},
{"type":"Feature","properties":{"Layer":"SH parqueos ESPOL"},"geometry":{"type":"MultiPolygon","coordinates":[[[[614781.5928801,9762616.1035974,0.0],[614779.208845,9762616.8561776,0.0],[614780.7140054,9762621.6242477,0.0],[614783.0980405,9762620.8716675,0.0],[614781.5928801,9762616.1035974,0.0]]]]}},
{"type":"Feature","properties":{"Layer":"SH parqueos ESPOL"},"geometry":{"type":"MultiPolygon","coordinates":[[[[614783.8815537,9762615.3811204,0.0],[614781.4975187,9762616.1337006,0.0],[614783.0026791,9762620.9017707,0.0],[614785.3867141,9762620.1491905,0.0],[614783.8815537,9762615.3811204,0.0]]]]}},
{"type":"Feature","properties":{"Layer":"SH parqueos ESPOL"},"geometry":{"type":"MultiPolygon","coordinates":[[[[614786.1702273,9762614.6586434,0.0],[614783.7861923,9762615.4112236,0.0],[614785.2913527,9762620.1792937,0.0],[614787.6753877,9762619.4267135,0.0],[614786.1702273,9762614.6586434,0.0]]]]}},
{"type":"Feature","properties":{"Layer":"SH parqueos ESPOL"},"geometry":{"type":"MultiPolygon","coordinates":[[[[614788.458901,9762613.9361664,0.0],[614786.0748659,9762614.6887466,0.0],[614787.5800263,9762619.4568167,0.0],[614789.9640614,9762618.7042365,0.0],[614788.458901,9762613.9361664,0.0]]]]}},
{"type":"Feature","properties":{"Layer":"SH parqueos ESPOL"},"geometry":{"type":"MultiPolygon","coordinates":[[[[614790.7475746,9762613.2136894,0.0],[614788.3635396,9762613.9662696,0.0],[614789.8687,9762618.7343397,0.0],[614792.252735,9762617.9817595,0.0],[614790.7475746,9762613.2136894,0.0]]]]}},
{"type":"Feature","properties":{"Layer":"SH parqueos ESPOL"},"geometry":{"type":"MultiPolygon","coordinates":[[[[614793.0362483,9762612.4912125,0.0],[614790.6522132,9762613.2437927,0.0],[614792.1573736,9762618.0118627,0.0],[614794.5414086,9762617.2592825,0.0],[614793.0362483,9762612.4912125,0.0]]]]}},
{"type":"Feature","properties":{"Layer":"SH parqueos ESPOL"},"geometry":{"type":"MultiPolygon","coordinates":[[[[614795.3249219,9762611.7687355,0.0],[614792.9408869,9762612.5213157,0.0],[614794.4460472,9762617.2893857,0.0],[614796.8300823,9762616.5368056,0.0],[614795.3249219,9762611.7687355,0.0]]]]}},
{"type":"Feature","properties":{"Layer":"SH parqueos ESPOL"},"geometry":{"type":"MultiPolygon","coordinates":[[[[614797.6135955,9762611.0462585,0.0],[614795.2295605,9762611.7988387,0.0],[614796.7347209,9762616.5669088,0.0],[614799.1187559,9762615.8143286,0.0],[614797.6135955,9762611.0462585,0.0]]]]}},
{"type":"Feature","properties":{"Layer":"SH parqueos ESPOL"},"geometry":{"type":"MultiPolygon","coordinates":[[[[614799.9022692,9762610.3237815,0.0],[614797.5182341,9762611.0763617,0.0],[614799.0233945,9762615.8444318,0.0],[614801.4074296,9762615.0918516,0.0],[614799.9022692,9762610.3237815,0.0]]]]}},
{"type":"Feature","properties":{"Layer":"SH parqueos ESPOL"},"geometry":{"type":"MultiPolygon","coordinates":[[[[614802.1909428,9762609.6013045,0.0],[614799.8069078,9762610.3538847,0.0],[614801.3120682,9762615.1219548,0.0],[614803.6961032,9762614.3693746,0.0],[614802.1909428,9762609.6013045,0.0]]]]}},
{"type":"Feature","properties":{"Layer":"SH parqueos ESPOL"},"geometry":{"type":"MultiPolygon","coordinates":[[[[614804.4796164,9762608.8788275,0.0],[614802.0955814,9762609.6314077,0.0],[614803.6007418,9762614.3994778,0.0],[614805.9847768,9762613.6468976,0.0],[614804.4796164,9762608.8788275,0.0]]]]}},
{"type":"Feature","properties":{"Layer":"SH parqueos ESPOL"},"geometry":{"type":"MultiPolygon","coordinates":[[[[614806.7682901,9762608.1563505,0.0],[614804.384255,9762608.9089307,0.0],[614805.8894154,9762613.6770008,0.0],[614808.2734505,9762612.9244206,0.0],[614806.7682901,9762608.1563505,0.0]]]]}},
{"type":"Feature","properties":{"Layer":"SH parqueos ESPOL"},"geometry":{"type":"MultiPolygon","coordinates":[[[[614778.5403192,9762572.132183,0.0],[614776.2451136,9762573.123158,0.0],[614778.2270635,9762577.7135691,0.0],[614780.5222691,9762576.7225941,0.0],[614778.5403192,9762572.132183,0.0]]]]}},
{"type":"Feature","properties":{"Layer":"SH parqueos ESPOL"},"geometry":{"type":"MultiPolygon","coordinates":[[[[614804.7533809,9762594.6592205,0.0],[614803.9368389,9762592.2963284,0.0],[614799.2110546,9762593.9294123,0.0],[614800.0275966,9762596.2923044,0.0],[614804.7533809,9762594.6592205,0.0]]]]}},
{"type":"Feature","properties":{"Layer":"SH parqueos ESPOL"},"geometry":{"type":"MultiPolygon","coordinates":[[[[614760.9988358,9762610.4234561,0.0],[614758.6239196,9762611.204336,0.0],[614760.1856793,9762615.9541682,0.0],[614762.5605955,9762615.1732884,0.0],[614760.9988358,9762610.4234561,0.0]]]]}},
{"type":"Feature","properties":{"Layer":"SH parqueos ESPOL"},"geometry":{"type":"MultiPolygon","coordinates":[[[[614763.2787552,9762609.6738114,0.0],[614760.9038391,9762610.4546913,0.0],[614762.4655988,9762615.2045236,0.0],[614764.840515,9762614.4236437,0.0],[614763.2787552,9762609.6738114,0.0]]]]}},
{"type":"Feature","properties":{"Layer":"SH parqueos ESPOL"},"geometry":{"type":"MultiPolygon","coordinates":[[[[614765.5586747,9762608.9241668,0.0],[614763.1837586,9762609.7050466,0.0],[614764.7455183,9762614.4548789,0.0],[614767.1204345,9762613.673999,0.0],[614765.5586747,9762608.9241668,0.0]]]]}},
{"type":"Feature","properties":{"Layer":"SH parqueos ESPOL"},"geometry":{"type":"MultiPolygon","coordinates":[[[[614767.8385942,9762608.1745221,0.0],[614765.4636781,9762608.955402,0.0],[614767.0254378,9762613.7052342,0.0],[614769.4003539,9762612.9243544,0.0],[614767.8385942,9762608.1745221,0.0]]]]}},
{"type":"Feature","properties":{"Layer":"SH parqueos ESPOL"},"geometry":{"type":"MultiPolygon","coordinates":[[[[614770.1185137,9762607.4248774,0.0],[614767.7435976,9762608.2057573,0.0],[614769.3053573,9762612.9555896,0.0],[614771.6802734,9762612.1747097,0.0],[614770.1185137,9762607.4248774,0.0]]]]}},
{"type":"Feature","properties":{"Layer":"SH parqueos ESPOL"},"geometry":{"type":"MultiPolygon","coordinates":[[[[614772.3984332,9762606.6752328,0.0],[614770.0235171,9762607.4561126,0.0],[614771.5852768,9762612.2059449,0.0],[614773.9601929,9762611.4250651,0.0],[614772.3984332,9762606.6752328,0.0]]]]}},
{"type":"Feature","properties":{"Layer":"SH parqueos ESPOL"},"geometry":{"type":"MultiPolygon","coordinates":[[[[614774.6783527,9762605.9255881,0.0],[614772.3034366,9762606.706468,0.0],[614773.8651963,9762611.4563002,0.0],[614776.2401124,9762610.6754204,0.0],[614774.6783527,9762605.9255881,0.0]]]]}},
{"type":"Feature","properties":{"Layer":"SH parqueos ESPOL"},"geometry":{"type":"MultiPolygon","coordinates":[[[[614776.9582722,9762605.1759434,0.0],[614774.5833561,9762605.9568233,0.0],[614776.1451158,9762610.7066556,0.0],[614778.5200319,9762609.9257757,0.0],[614776.9582722,9762605.1759434,0.0]]]]}},
{"type":"Feature","properties":{"Layer":"SH parqueos ESPOL"},"geometry":{"type":"MultiPolygon","coordinates":[[[[614779.2381917,9762604.4262988,0.0],[614776.8632755,9762605.2071786,0.0],[614778.4250353,9762609.9570109,0.0],[614780.7999514,9762609.1761311,0.0],[614779.2381917,9762604.4262988,0.0]]]]}},
{"type":"Feature","properties":{"Layer":"SH parqueos ESPOL"},"geometry":{"type":"MultiPolygon","coordinates":[[[[614781.5181112,9762603.6766541,0.0],[614779.143195,9762604.457534,0.0],[614780.7049548,9762609.2073662,0.0],[614783.0798709,9762608.4264864,0.0],[614781.5181112,9762603.6766541,0.0]]]]}},
{"type":"Feature","properties":{"Layer":"SH parqueos ESPOL"},"geometry":{"type":"MultiPolygon","coordinates":[[[[614783.7980307,9762602.9270094,0.0],[614781.4231145,9762603.7078893,0.0],[614782.9848742,9762608.4577216,0.0],[614785.3597904,9762607.6768417,0.0],[614783.7980307,9762602.9270094,0.0]]]]}},
{"type":"Feature","properties":{"Layer":"SH parqueos ESPOL"},"geometry":{"type":"MultiPolygon","coordinates":[[[[614786.0779501,9762602.1773648,0.0],[614783.703034,9762602.9582446,0.0],[614785.2647937,9762607.7080769,0.0],[614787.6397099,9762606.9271971,0.0],[614786.0779501,9762602.1773648,0.0]]]]}},
{"type":"Feature","properties":{"Layer":"SH parqueos ESPOL"},"geometry":{"type":"MultiPolygon","coordinates":[[[[614788.3578696,9762601.4277201,0.0],[614785.9829535,9762602.2086,0.0],[614787.5447132,9762606.9584322,0.0],[614789.9196294,9762606.1775524,0.0],[614788.3578696,9762601.4277201,0.0]]]]}},
{"type":"Feature","properties":{"Layer":"SH parqueos ESPOL"},"geometry":{"type":"MultiPolygon","coordinates":[[[[614790.6377891,9762600.6780754,0.0],[614788.262873,9762601.4589553,0.0],[614789.8246327,9762606.2087876,0.0],[614792.1995489,9762605.4279077,0.0],[614790.6377891,9762600.6780754,0.0]]]]}},
{"type":"Feature","properties":{"Layer":"SH parqueos ESPOL"},"geometry":{"type":"MultiPolygon","coordinates":[[[[614792.9177086,9762599.9284308,0.0],[614790.5427925,9762600.7093106,0.0],[614792.1045522,9762605.4591429,0.0],[614794.4794683,9762604.6782631,0.0],[614792.9177086,9762599.9284308,0.0]]]]}},
{"type":"Feature","properties":{"Layer":"SH parqueos ESPOL"},"geometry":{"type":"MultiPolygon","coordinates":[[[[614795.1976281,9762599.1787861,0.0],[614792.822712,9762599.959666,0.0],[614794.3844717,9762604.7094983,0.0],[614796.7593878,9762603.9286184,0.0],[614795.1976281,9762599.1787861,0.0]]]]}},
{"type":"Feature","properties":{"Layer":"SH parqueos ESPOL"},"geometry":{"type":"MultiPolygon","coordinates":[[[[614797.4775476,9762598.4291415,0.0],[614795.1026315,9762599.2100213,0.0],[614796.6643912,9762603.9598536,0.0],[614799.0393073,9762603.1789737,0.0],[614797.4775476,9762598.4291415,0.0]]]]}},
{"type":"Feature","properties":{"Layer":"SH parqueos ESPOL"},"geometry":{"type":"MultiPolygon","coordinates":[[[[614809.3444981,9762562.712261,0.0],[614807.0211768,9762561.7891259,0.0],[614805.1749067,9762566.4357684,0.0],[614807.498228,9762567.3589035,0.0],[614809.3444981,9762562.712261,0.0]]]]}},
{"type":"Feature","properties":{"Layer":"SH parqueos ESPOL"},"geometry":{"type":"MultiPolygon","coordinates":[[[[614815.3677248,9762600.1535182,0.0],[614813.8348295,9762602.1284186,0.0],[614817.7846303,9762605.1942094,0.0],[614819.3175257,9762603.219309,0.0],[614815.3677248,9762600.1535182,0.0]]]]}},
{"type":"Feature","properties":{"Layer":"SH parqueos ESPOL"},"geometry":{"type":"MultiPolygon","coordinates":[[[[614816.4411665,9762597.9485836,0.0],[614814.9082711,9762599.923484,0.0],[614818.8580719,9762602.9892748,0.0],[614820.3909673,9762601.0143744,0.0],[614816.4411665,9762597.9485836,0.0]]]]}},
{"type":"Feature","properties":{"Layer":"SH parqueos ESPOL"},"geometry":{"type":"MultiPolygon","coordinates":[[[[614817.5146081,9762595.743649,0.0],[614815.9817127,9762597.7185494,0.0],[614819.9315135,9762600.7843402,0.0],[614821.4644089,9762598.8094398,0.0],[614817.5146081,9762595.743649,0.0]]]]}},
{"type":"Feature","properties":{"Layer":"SH parqueos ESPOL"},"geometry":{"type":"MultiPolygon","coordinates":[[[[614818.5880497,9762593.5387144,0.0],[614817.0551543,9762595.5136148,0.0],[614821.0049551,9762598.5794056,0.0],[614822.5378505,9762596.6045051,0.0],[614818.5880497,9762593.5387144,0.0]]]]}},
{"type":"Feature","properties":{"Layer":"SH parqueos ESPOL"},"geometry":{"type":"MultiPolygon","coordinates":[[[[614819.6616006,9762591.3338646,0.0],[614818.1287052,9762593.3087651,0.0],[614822.0785061,9762596.3745558,0.0],[614823.6114015,9762594.3996554,0.0],[614819.6616006,9762591.3338646,0.0]]]]}},
{"type":"Feature","properties":{"Layer":"SH parqueos ESPOL"},"geometry":{"type":"MultiPolygon","coordinates":[[[[614820.7350422,9762589.12893,0.0],[614819.2021468,9762591.1038304,0.0],[614823.1519477,9762594.1696212,0.0],[614824.6848431,9762592.1947208,0.0],[614820.7350422,9762589.12893,0.0]]]]}},
{"type":"Feature","properties":{"Layer":"SH parqueos ESPOL"},"geometry":{"type":"MultiPolygon","coordinates":[[[[614821.8084838,9762586.9239954,0.0],[614820.2755884,9762588.8988958,0.0],[614824.2253893,9762591.9646866,0.0],[614825.7582847,9762589.9897862,0.0],[614821.8084838,9762586.9239954,0.0]]]]}},
{"type":"Feature","properties":{"Layer":"SH parqueos ESPOL"},"geometry":{"type":"MultiPolygon","coordinates":[[[[614822.8819254,9762584.7190608,0.0],[614821.34903,9762586.6939612,0.0],[614825.2988309,9762589.759752,0.0],[614826.8317263,9762587.7848516,0.0],[614822.8819254,9762584.7190608,0.0]]]]}},
{"type":"Feature","properties":{"Layer":"SH parqueos ESPOL"},"geometry":{"type":"MultiPolygon","coordinates":[[[[614823.955367,9762582.5141262,0.0],[614822.4224716,9762584.4890266,0.0],[614826.3722725,9762587.5548174,0.0],[614827.9051679,9762585.579917,0.0],[614823.955367,9762582.5141262,0.0]]]]}},
{"type":"Feature","properties":{"Layer":"SH parqueos ESPOL"},"geometry":{"type":"MultiPolygon","coordinates":[[[[614803.9695006,9762592.3908441,0.0],[614803.1529586,9762590.0279519,0.0],[614798.4271744,9762591.6610359,0.0],[614799.2437163,9762594.023928,0.0],[614803.9695006,9762592.3908441,0.0]]]]}},
{"type":"Feature","properties":{"Layer":"SH parqueos ESPOL"},"geometry":{"type":"MultiPolygon","coordinates":[[[[614803.1856203,9762590.1224676,0.0],[614802.3690783,9762587.7595755,0.0],[614797.6432941,9762589.3926594,0.0],[614798.459836,9762591.7555515,0.0],[614803.1856203,9762590.1224676,0.0]]]]}},
{"type":"Feature","properties":{"Layer":"SH parqueos ESPOL"},"geometry":{"type":"MultiPolygon","coordinates":[[[[614780.7437165,9762571.180847,0.0],[614778.4485109,9762572.171822,0.0],[614780.4304609,9762576.7622331,0.0],[614782.7256665,9762575.7712581,0.0],[614780.7437165,9762571.180847,0.0]]]]}},
{"type":"Feature","properties":{"Layer":"SH parqueos ESPOL"},"geometry":{"type":"MultiPolygon","coordinates":[[[[614782.9471139,9762570.229511,0.0],[614780.6519083,9762571.220486,0.0],[614782.6338582,9762575.8108971,0.0],[614784.9290638,9762574.8199222,0.0],[614782.9471139,9762570.229511,0.0]]]]}},
{"type":"Feature","properties":{"Layer":"SH parqueos ESPOL"},"geometry":{"type":"MultiPolygon","coordinates":[[[[614785.1505112,9762569.278175,0.0],[614782.8553056,9762570.26915,0.0],[614784.8372556,9762574.8595612,0.0],[614787.1324612,9762573.8685862,0.0],[614785.1505112,9762569.278175,0.0]]]]}},
{"type":"Feature","properties":{"Layer":"SH parqueos ESPOL"},"geometry":{"type":"MultiPolygon","coordinates":[[[[614811.971968,9762562.5991065,0.0],[614809.6486468,9762561.6759715,0.0],[614807.8023767,9762566.322614,0.0],[614810.1256979,9762567.2457491,0.0],[614811.971968,9762562.5991065,0.0]]]]}},
{"type":"Feature","properties":{"Layer":"SH parqueos ESPOL"},"geometry":{"type":"MultiPolygon","coordinates":[[[[614814.599438,9762562.4859521,0.0],[614812.2761168,9762561.562817,0.0],[614810.4298467,9762566.2094595,0.0],[614812.7531679,9762567.1325946,0.0],[614814.599438,9762562.4859521,0.0]]]]}},
{"type":"Feature","properties":{"Layer":"SH parqueos ESPOL"},"geometry":{"type":"MultiPolygon","coordinates":[[[[614817.226908,9762562.3727976,0.0],[614814.9035867,9762561.4496626,0.0],[614813.0573166,9762566.0963051,0.0],[614815.3806379,9762567.0194401,0.0],[614817.226908,9762562.3727976,0.0]]]]}},
{"type":"Feature","properties":{"Layer":"SH parqueos ESPOL"},"geometry":{"type":"MultiPolygon","coordinates":[[[[614819.8569049,9762562.2532835,0.0],[614817.5335836,9762561.3301485,0.0],[614815.6873135,9762565.976791,0.0],[614818.0106348,9762566.8999261,0.0],[614819.8569049,9762562.2532835,0.0]]]]}},
{"type":"Feature","properties":{"Layer":"SH parqueos ESPOL"},"geometry":{"type":"MultiPolygon","coordinates":[[[[614709.8856795,9762605.9786516,0.0],[614711.916158,9762607.4371292,0.0],[614714.8331132,9762603.3761721,0.0],[614712.8026346,9762601.9176945,0.0],[614709.8856795,9762605.9786516,0.0]]]]}},
{"type":"Feature","properties":{"Layer":"SH parqueos ESPOL"},"geometry":{"type":"MultiPolygon","coordinates":[[[[614707.9364201,9762604.5785131,0.0],[614709.9668986,9762606.0369907,0.0],[614712.8838538,9762601.9760336,0.0],[614710.8533752,9762600.517556,0.0],[614707.9364201,9762604.5785131,0.0]]]]}},
{"type":"Feature","properties":{"Layer":"SH parqueos ESPOL"},"geometry":{"type":"MultiPolygon","coordinates":[[[[614705.9871606,9762603.1783746,0.0],[614708.0176392,9762604.6368522,0.0],[614710.9345944,9762600.5758951,0.0],[614708.9041158,9762599.1174175,0.0],[614705.9871606,9762603.1783746,0.0]]]]}},
{"type":"Feature","properties":{"Layer":"SH parqueos ESPOL"},"geometry":{"type":"MultiPolygon","coordinates":[[[[614704.0379012,9762601.7782361,0.0],[614706.0683798,9762603.2367137,0.0],[614708.985335,9762599.1757566,0.0],[614706.9548564,9762597.717279,0.0],[614704.0379012,9762601.7782361,0.0]]]]}},
{"type":"Feature","properties":{"Layer":"SH parqueos ESPOL"},"geometry":{"type":"MultiPolygon","coordinates":[[[[614702.0886418,9762600.3780976,0.0],[614704.1191204,9762601.8365752,0.0],[614707.0360756,9762597.7756181,0.0],[614705.005597,9762596.3171405,0.0],[614702.0886418,9762600.3780976,0.0]]]]}},
{"type":"Feature","properties":{"Layer":"SH parqueos ESPOL"},"geometry":{"type":"MultiPolygon","coordinates":[[[[614717.7856973,9762591.147519,0.0],[614716.5588616,9762593.3257922,0.0],[614720.9154079,9762595.7794638,0.0],[614722.1422437,9762593.6011906,0.0],[614717.7856973,9762591.147519,0.0]]]]}},
{"type":"Feature","properties":{"Layer":"SH parqueos ESPOL"},"geometry":{"type":"MultiPolygon","coordinates":[[[[614718.9634597,9762589.0563768,0.0],[614717.7366239,9762591.23465,0.0],[614722.0931703,9762593.6883215,0.0],[614723.320006,9762591.5100484,0.0],[614718.9634597,9762589.0563768,0.0]]]]}},
{"type":"Feature","properties":{"Layer":"SH parqueos ESPOL"},"geometry":{"type":"MultiPolygon","coordinates":[[[[614720.141222,9762586.9652346,0.0],[614718.9143863,9762589.1435077,0.0],[614723.2709326,9762591.5971793,0.0],[614724.4977684,9762589.4189061,0.0],[614720.141222,9762586.9652346,0.0]]]]}},
{"type":"Feature","properties":{"Layer":"SH parqueos ESPOL"},"geometry":{"type":"MultiPolygon","coordinates":[[[[614721.3189844,9762584.8740923,0.0],[614720.0921486,9762587.0523655,0.0],[614724.4486949,9762589.506037,0.0],[614725.6755307,9762587.3277639,0.0],[614721.3189844,9762584.8740923,0.0]]]]}},
{"type":"Feature","properties":{"Layer":"SH parqueos ESPOL"},"geometry":{"type":"MultiPolygon","coordinates":[[[[614722.4967467,9762582.7829501,0.0],[614721.2699109,9762584.9612232,0.0],[614725.6264573,9762587.4148948,0.0],[614726.8532931,9762585.2366216,0.0],[614722.4967467,9762582.7829501,0.0]]]]}},
{"type":"Feature","properties":{"Layer":"SH parqueos ESPOL"},"geometry":{"type":"MultiPolygon","coordinates":[[[[614723.6745091,9762580.6918078,0.0],[614722.4476733,9762582.870081,0.0],[614726.8042196,9762585.3237525,0.0],[614728.0310554,9762583.1454794,0.0],[614723.6745091,9762580.6918078,0.0]]]]}},
{"type":"Feature","properties":{"Layer":"SH parqueos ESPOL"},"geometry":{"type":"MultiPolygon","coordinates":[[[[614724.8522714,9762578.6006656,0.0],[614723.6254356,9762580.7789388,0.0],[614727.981982,9762583.2326103,0.0],[614729.2088177,9762581.0543371,0.0],[614724.8522714,9762578.6006656,0.0]]]]}},
{"type":"Feature","properties":{"Layer":"SH parqueos ESPOL"},"geometry":{"type":"MultiPolygon","coordinates":[[[[614726.0300337,9762576.5095233,0.0],[614724.803198,9762578.6877965,0.0],[614729.1597443,9762581.1414681,0.0],[614730.3865801,9762578.9631949,0.0],[614726.0300337,9762576.5095233,0.0]]]]}},
{"type":"Feature","properties":{"Layer":"SH parqueos ESPOL"},"geometry":{"type":"MultiPolygon","coordinates":[[[[614727.2077961,9762574.4183811,0.0],[614725.9809603,9762576.5966543,0.0],[614730.3375066,9762579.0503258,0.0],[614731.5643424,9762576.8720527,0.0],[614727.2077961,9762574.4183811,0.0]]]]}},
{"type":"Feature","properties":{"Layer":"SH parqueos ESPOL"},"geometry":{"type":"MultiPolygon","coordinates":[[[[614728.3855584,9762572.3272389,0.0],[614727.1587227,9762574.505512,0.0],[614731.515269,9762576.9591836,0.0],[614732.7421048,9762574.7809104,0.0],[614728.3855584,9762572.3272389,0.0]]]]}},
{"type":"Feature","properties":{"Layer":"SH parqueos ESPOL"},"geometry":{"type":"MultiPolygon","coordinates":[[[[614720.1506045,9762566.6196871,0.0],[614718.8519442,9762568.7559177,0.0],[614723.1244055,9762571.3532384,0.0],[614724.4230658,9762569.2170078,0.0],[614720.1506045,9762566.6196871,0.0]]]]}},
{"type":"Feature","properties":{"Layer":"SH parqueos ESPOL"},"geometry":{"type":"MultiPolygon","coordinates":[[[[614715.9635925,9762564.0743128,0.0],[614714.6649321,9762566.2105435,0.0],[614718.9373934,9762568.8078641,0.0],[614720.2360538,9762566.6716335,0.0],[614715.9635925,9762564.0743128,0.0]]]]}},
{"type":"Feature","properties":{"Layer":"SH parqueos ESPOL"},"geometry":{"type":"MultiPolygon","coordinates":[[[[614718.9038906,9762568.6704685,0.0],[614717.6052303,9762570.8066991,0.0],[614721.8776915,9762573.4040198,0.0],[614723.1763519,9762571.2677892,0.0],[614718.9038906,9762568.6704685,0.0]]]]}},
{"type":"Feature","properties":{"Layer":"SH parqueos ESPOL"},"geometry":{"type":"MultiPolygon","coordinates":[[[[614714.7168786,9762566.1250942,0.0],[614713.4182182,9762568.2613248,0.0],[614717.6906795,9762570.8586455,0.0],[614718.9893398,9762568.7224149,0.0],[614714.7168786,9762566.1250942,0.0]]]]}},
{"type":"Feature","properties":{"Layer":"SH parqueos ESPOL"},"geometry":{"type":"MultiPolygon","coordinates":[[[[614717.6572247,9762570.7211708,0.0],[614716.3585644,9762572.8574015,0.0],[614720.6310257,9762575.4547222,0.0],[614721.929686,9762573.3184915,0.0],[614717.6572247,9762570.7211708,0.0]]]]}},
{"type":"Feature","properties":{"Layer":"SH parqueos ESPOL"},"geometry":{"type":"MultiPolygon","coordinates":[[[[614713.4702127,9762568.1757966,0.0],[614712.1715524,9762570.3120272,0.0],[614716.4440136,9762572.9093479,0.0],[614717.742674,9762570.7731173,0.0],[614713.4702127,9762568.1757966,0.0]]]]}},
{"type":"Feature","properties":{"Layer":"SH parqueos ESPOL"},"geometry":{"type":"MultiPolygon","coordinates":[[[[614716.4105108,9762572.7719522,0.0],[614715.1118505,9762574.9081829,0.0],[614719.3843117,9762577.5055036,0.0],[614720.6829721,9762575.3692729,0.0],[614716.4105108,9762572.7719522,0.0]]]]}},
{"type":"Feature","properties":{"Layer":"SH parqueos ESPOL"},"geometry":{"type":"MultiPolygon","coordinates":[[[[614712.2234988,9762570.226578,0.0],[614710.9248384,9762572.3628086,0.0],[614715.1972997,9762574.9601293,0.0],[614716.4959601,9762572.8238987,0.0],[614712.2234988,9762570.226578,0.0]]]]}},
{"type":"Feature","properties":{"Layer":"SH parqueos ESPOL"},"geometry":{"type":"MultiPolygon","coordinates":[[[[614715.1637969,9762574.8227336,0.0],[614713.8651366,9762576.9589643,0.0],[614718.1375978,9762579.5562849,0.0],[614719.4362582,9762577.4200543,0.0],[614715.1637969,9762574.8227336,0.0]]]]}},
{"type":"Feature","properties":{"Layer":"SH parqueos ESPOL"},"geometry":{"type":"MultiPolygon","coordinates":[[[[614710.9767849,9762572.2773594,0.0],[614709.6781245,9762574.41359,0.0],[614713.9505858,9762577.0109107,0.0],[614715.2492461,9762574.8746801,0.0],[614710.9767849,9762572.2773594,0.0]]]]}},
{"type":"Feature","properties":{"Layer":"SH parqueos ESPOL"},"geometry":{"type":"MultiPolygon","coordinates":[[[[614713.917083,9762576.873515,0.0],[614712.6184226,9762579.0097456,0.0],[614716.8908839,9762581.6070663,0.0],[614718.1895442,9762579.4708357,0.0],[614713.917083,9762576.873515,0.0]]]]}},
{"type":"Feature","properties":{"Layer":"SH parqueos ESPOL"},"geometry":{"type":"MultiPolygon","coordinates":[[[[614709.7300709,9762574.3281407,0.0],[614708.4314106,9762576.4643714,0.0],[614712.7038718,9762579.0616921,0.0],[614714.0025322,9762576.9254614,0.0],[614709.7300709,9762574.3281407,0.0]]]]}},
{"type":"Feature","properties":{"Layer":"SH parqueos ESPOL"},"geometry":{"type":"MultiPolygon","coordinates":[[[[614712.6703691,9762578.9242964,0.0],[614711.3717087,9762581.060527,0.0],[614715.64417,9762583.6578477,0.0],[614716.9428303,9762581.5216171,0.0],[614712.6703691,9762578.9242964,0.0]]]]}},
{"type":"Feature","properties":{"Layer":"SH parqueos ESPOL"},"geometry":{"type":"MultiPolygon","coordinates":[[[[614708.483357,9762576.3789221,0.0],[614707.1846967,9762578.5151527,0.0],[614711.4571579,9762581.1124734,0.0],[614712.7558183,9762578.9762428,0.0],[614708.483357,9762576.3789221,0.0]]]]}},
{"type":"Feature","properties":{"Layer":"SH parqueos ESPOL"},"geometry":{"type":"MultiPolygon","coordinates":[[[[614711.4236551,9762580.9750778,0.0],[614710.1249948,9762583.1113084,0.0],[614714.3974561,9762585.7086291,0.0],[614715.6961164,9762583.5723985,0.0],[614711.4236551,9762580.9750778,0.0]]]]}},
{"type":"Feature","properties":{"Layer":"SH parqueos ESPOL"},"geometry":{"type":"MultiPolygon","coordinates":[[[[614707.2366431,9762578.4297035,0.0],[614705.9379827,9762580.5659341,0.0],[614710.210444,9762583.1632548,0.0],[614711.5091044,9762581.0270242,0.0],[614707.2366431,9762578.4297035,0.0]]]]}},
{"type":"Feature","properties":{"Layer":"SH parqueos ESPOL"},"geometry":{"type":"MultiPolygon","coordinates":[[[[614727.5829825,9762531.6409003,0.0],[614725.8017438,9762533.395092,0.0],[614729.3101272,9762536.9575695,0.0],[614731.0913659,9762535.2033778,0.0],[614727.5829825,9762531.6409003,0.0]]]]}},
{"type":"Feature","properties":{"Layer":"SH parqueos ESPOL"},"geometry":{"type":"MultiPolygon","coordinates":[[[[614725.8729933,9762533.3249244,0.0],[614724.0917546,9762535.0791161,0.0],[614727.600138,9762538.6415935,0.0],[614729.3813767,9762536.8874018,0.0],[614725.8729933,9762533.3249244,0.0]]]]}},
{"type":"Feature","properties":{"Layer":"SH parqueos ESPOL"},"geometry":{"type":"MultiPolygon","coordinates":[[[[614724.1630041,9762535.0089484,0.0],[614722.3817654,9762536.7631401,0.0],[614725.8901488,9762540.3256176,0.0],[614727.6713876,9762538.5714259,0.0],[614724.1630041,9762535.0089484,0.0]]]]}},
{"type":"Feature","properties":{"Layer":"SH parqueos ESPOL"},"geometry":{"type":"MultiPolygon","coordinates":[[[[614722.4530149,9762536.6929725,0.0],[614720.6717762,9762538.4471642,0.0],[614724.1801596,9762542.0096416,0.0],[614725.9613984,9762540.2554499,0.0],[614722.4530149,9762536.6929725,0.0]]]]}},
{"type":"Feature","properties":{"Layer":"SH parqueos ESPOL"},"geometry":{"type":"MultiPolygon","coordinates":[[[[614720.7430258,9762538.3769965,0.0],[614718.961787,9762540.1311882,0.0],[614722.4701705,9762543.6936657,0.0],[614724.2514092,9762541.939474,0.0],[614720.7430258,9762538.3769965,0.0]]]]}},
{"type":"Feature","properties":{"Layer":"SH parqueos ESPOL"},"geometry":{"type":"MultiPolygon","coordinates":[[[[614719.0330366,9762540.0610205,0.0],[614717.2517978,9762541.8152123,0.0],[614720.7601813,9762545.3776897,0.0],[614722.54142,9762543.623498,0.0],[614719.0330366,9762540.0610205,0.0]]]]}},
{"type":"Feature","properties":{"Layer":"SH parqueos ESPOL"},"geometry":{"type":"MultiPolygon","coordinates":[[[[614717.3230474,9762541.7450446,0.0],[614715.5418087,9762543.4992363,0.0],[614719.0501921,9762547.0617138,0.0],[614720.8314308,9762545.3075221,0.0],[614717.3230474,9762541.7450446,0.0]]]]}},
{"type":"Feature","properties":{"Layer":"SH parqueos ESPOL"},"geometry":{"type":"MultiPolygon","coordinates":[[[[614715.6130582,9762543.4290686,0.0],[614713.8318195,9762545.1832604,0.0],[614717.3402029,9762548.7457378,0.0],[614719.1214416,9762546.9915461,0.0],[614715.6130582,9762543.4290686,0.0]]]]}},
{"type":"Feature","properties":{"Layer":"SH parqueos ESPOL"},"geometry":{"type":"MultiPolygon","coordinates":[[[[614713.903069,9762545.1130927,0.0],[614712.1218303,9762546.8672844,0.0],[614715.6302137,9762550.4297619,0.0],[614717.4114525,9762548.6755702,0.0],[614713.903069,9762545.1130927,0.0]]]]}},
{"type":"Feature","properties":{"Layer":"SH parqueos ESPOL"},"geometry":{"type":"MultiPolygon","coordinates":[[[[614712.1930798,9762546.7971167,0.0],[614710.4118411,9762548.5513085,0.0],[614713.9202245,9762552.1137859,0.0],[614715.7014633,9762550.3595942,0.0],[614712.1930798,9762546.7971167,0.0]]]]}},
{"type":"Feature","properties":{"Layer":"SH parqueos ESPOL"},"geometry":{"type":"MultiPolygon","coordinates":[[[[614708.5674252,9762550.5631636,0.0],[614707.1118817,9762552.5957465,0.0],[614711.1770474,9762555.5068335,0.0],[614712.632591,9762553.4742506,0.0],[614708.5674252,9762550.5631636,0.0]]]]}},
{"type":"Feature","properties":{"Layer":"SH parqueos ESPOL"},"geometry":{"type":"MultiPolygon","coordinates":[[[[614706.3553231,9762554.0319252,0.0],[614705.3635067,9762556.3267674,0.0],[614709.953191,9762558.3104001,0.0],[614710.9450073,9762556.0155579,0.0],[614706.3553231,9762554.0319252,0.0]]]]}},
{"type":"Feature","properties":{"Layer":"SH parqueos ESPOL"},"geometry":{"type":"MultiPolygon","coordinates":[[[[614705.4031794,9762556.2349737,0.0],[614704.411363,9762558.5298158,0.0],[614709.0010473,9762560.5134485,0.0],[614709.9928636,9762558.2186064,0.0],[614705.4031794,9762556.2349737,0.0]]]]}},
{"type":"Feature","properties":{"Layer":"SH parqueos ESPOL"},"geometry":{"type":"MultiPolygon","coordinates":[[[[614704.4510357,9762558.4380221,0.0],[614703.4592194,9762560.7328642,0.0],[614708.0489036,9762562.7164969,0.0],[614709.0407199,9762560.4216548,0.0],[614704.4510357,9762558.4380221,0.0]]]]}},
{"type":"Feature","properties":{"Layer":"SH parqueos ESPOL"},"geometry":{"type":"MultiPolygon","coordinates":[[[[614703.498892,9762560.6410705,0.0],[614702.5070757,9762562.9359127,0.0],[614707.0967599,9762564.9195454,0.0],[614708.0885763,9762562.6247033,0.0],[614703.498892,9762560.6410705,0.0]]]]}},
{"type":"Feature","properties":{"Layer":"SH parqueos ESPOL"},"geometry":{"type":"MultiPolygon","coordinates":[[[[614702.5467483,9762562.844119,0.0],[614701.554932,9762565.1389611,0.0],[614706.1446162,9762567.1225938,0.0],[614707.1364326,9762564.8277517,0.0],[614702.5467483,9762562.844119,0.0]]]]}},
{"type":"Feature","properties":{"Layer":"SH parqueos ESPOL"},"geometry":{"type":"MultiPolygon","coordinates":[[[[614701.5946046,9762565.0471674,0.0],[614700.6027883,9762567.3420095,0.0],[614705.1924725,9762569.3256422,0.0],[614706.1842889,9762567.0308001,0.0],[614701.5946046,9762565.0471674,0.0]]]]}},
{"type":"Feature","properties":{"Layer":"SH parqueos ESPOL"},"geometry":{"type":"MultiPolygon","coordinates":[[[[614700.6424609,9762567.2502159,0.0],[614699.6506446,9762569.545058,0.0],[614704.2403288,9762571.5286907,0.0],[614705.2321452,9762569.2338486,0.0],[614700.6424609,9762567.2502159,0.0]]]]}},
{"type":"Feature","properties":{"Layer":"SH parqueos ESPOL"},"geometry":{"type":"MultiPolygon","coordinates":[[[[614699.6903172,9762569.4532643,0.0],[614698.6985009,9762571.7481064,0.0],[614703.2881851,9762573.7317391,0.0],[614704.2800015,9762571.436897,0.0],[614699.6903172,9762569.4532643,0.0]]]]}},
{"type":"Feature","properties":{"Layer":"SH parqueos ESPOL"},"geometry":{"type":"MultiPolygon","coordinates":[[[[614698.7381735,9762571.6563127,0.0],[614697.7463572,9762573.9511548,0.0],[614702.3360414,9762575.9347875,0.0],[614703.3278578,9762573.6399454,0.0],[614698.7381735,9762571.6563127,0.0]]]]}},
{"type":"Feature","properties":{"Layer":"SH parqueos ESPOL"},"geometry":{"type":"MultiPolygon","coordinates":[[[[614697.7860298,9762573.8593612,0.0],[614696.7942135,9762576.1542033,0.0],[614701.3838977,9762578.137836,0.0],[614702.3757141,9762575.8429939,0.0],[614697.7860298,9762573.8593612,0.0]]]]}},
{"type":"Feature","properties":{"Layer":"SH parqueos ESPOL"},"geometry":{"type":"MultiPolygon","coordinates":[[[[614730.5627318,9762555.1040665,0.0],[614728.0627318,9762555.1040665,0.0],[614728.0627318,9762560.1040665,0.0],[614730.5627318,9762560.1040665,0.0],[614730.5627318,9762555.1040665,0.0]]]]}},
{"type":"Feature","properties":{"Layer":"SH parqueos ESPOL"},"geometry":{"type":"MultiPolygon","coordinates":[[[[614733.1033479,9762552.6370826,0.0],[614730.6033479,9762552.6370826,0.0],[614730.603348,9762557.6370826,0.0],[614733.1033479,9762557.6370826,0.0],[614733.1033479,9762552.6370826,0.0]]]]}},
{"type":"Feature","properties":{"Layer":"SH parqueos ESPOL"},"geometry":{"type":"MultiPolygon","coordinates":[[[[614735.5033479,9762550.1370826,0.0],[614733.0033479,9762550.1370826,0.0],[614733.0033479,9762555.1370826,0.0],[614735.5033479,9762555.1370826,0.0],[614735.5033479,9762550.1370826,0.0]]]]}},
{"type":"Feature","properties":{"Layer":"SH parqueos ESPOL"},"geometry":{"type":"MultiPolygon","coordinates":[[[[614737.9033479,9762547.7809253,0.0],[614735.4033479,9762547.7809253,0.0],[614735.4033479,9762552.7809253,0.0],[614737.9033479,9762552.7809253,0.0],[614737.9033479,9762547.7809253,0.0]]]]}},
{"type":"Feature","properties":{"Layer":"SH parqueos ESPOL"},"geometry":{"type":"MultiPolygon","coordinates":[[[[614740.6306583,9762545.0322781,0.0],[614738.1306583,9762545.0322781,0.0],[614738.1306583,9762550.0322781,0.0],[614740.6306583,9762550.0322781,0.0],[614740.6306583,9762545.0322781,0.0]]]]}},
{"type":"Feature","properties":{"Layer":"SH parqueos ESPOL"},"geometry":{"type":"MultiPolygon","coordinates":[[[[614783.035256,9762528.0588891,0.0],[614780.7780929,9762529.1336981,0.0],[614782.927711,9762533.6480244,0.0],[614785.1848742,9762532.5732154,0.0],[614783.035256,9762528.0588891,0.0]]]]}},
{"type":"Feature","properties":{"Layer":"SH parqueos ESPOL"},"geometry":{"type":"MultiPolygon","coordinates":[[[[614766.3310597,9762535.954383,0.0],[614764.1520631,9762537.1799334,0.0],[614766.6031638,9762541.5379267,0.0],[614768.7821604,9762540.3123763,0.0],[614766.3310597,9762535.954383,0.0]]]]}},
{"type":"Feature","properties":{"Layer":"SH parqueos ESPOL"},"geometry":{"type":"MultiPolygon","coordinates":[[[[614764.2392229,9762537.1309114,0.0],[614762.0602263,9762538.3564617,0.0],[614764.511327,9762542.714455,0.0],[614766.6903236,9762541.4889047,0.0],[614764.2392229,9762537.1309114,0.0]]]]}},
{"type":"Feature","properties":{"Layer":"SH parqueos ESPOL"},"geometry":{"type":"MultiPolygon","coordinates":[[[[614762.1964082,9762538.3945996,0.0],[614760.0174115,9762539.6201499,0.0],[614762.4685122,9762543.9781432,0.0],[614764.6475089,9762542.7525929,0.0],[614762.1964082,9762538.3945996,0.0]]]]}},
{"type":"Feature","properties":{"Layer":"SH parqueos ESPOL"},"geometry":{"type":"MultiPolygon","coordinates":[[[[614760.2033621,9762539.7487366,0.0],[614758.0243654,9762540.9742869,0.0],[614760.4754661,9762545.3322802,0.0],[614762.6544628,9762544.1067299,0.0],[614760.2033621,9762539.7487366,0.0]]]]}},
{"type":"Feature","properties":{"Layer":"SH parqueos ESPOL"},"geometry":{"type":"MultiPolygon","coordinates":[[[[614758.2140729,9762541.1075919,0.0],[614756.0350763,9762542.3331423,0.0],[614758.486177,9762546.6911356,0.0],[614760.6651736,9762545.4655852,0.0],[614758.2140729,9762541.1075919,0.0]]]]}},
{"type":"Feature","properties":{"Layer":"SH parqueos ESPOL"},"geometry":{"type":"MultiPolygon","coordinates":[[[[614768.4228965,9762534.7778547,0.0],[614766.2438998,9762536.0034051,0.0],[614768.6950005,9762540.3613983,0.0],[614770.8739972,9762539.135848,0.0],[614768.4228965,9762534.7778547,0.0]]]]}},
{"type":"Feature","properties":{"Layer":"SH parqueos ESPOL"},"geometry":{"type":"MultiPolygon","coordinates":[[[[614770.577356,9762533.712668,0.0],[614768.3983593,9762534.9382183,0.0],[614770.84946,9762539.2962116,0.0],[614773.0284567,9762538.0706613,0.0],[614770.577356,9762533.712668,0.0]]]]}},
{"type":"Feature","properties":{"Layer":"SH parqueos ESPOL"},"geometry":{"type":"MultiPolygon","coordinates":[[[[614772.6691928,9762532.5361396,0.0],[614770.4901961,9762533.76169,0.0],[614772.9412968,9762538.1196833,0.0],[614775.1202934,9762536.8941329,0.0],[614772.6691928,9762532.5361396,0.0]]]]}},
{"type":"Feature","properties":{"Layer":"SH parqueos ESPOL"},"geometry":{"type":"MultiPolygon","coordinates":[[[[614774.8492427,9762531.5164521,0.0],[614772.6702461,9762532.7420024,0.0],[614775.1213468,9762537.0999957,0.0],[614777.3003434,9762535.8744454,0.0],[614774.8492427,9762531.5164521,0.0]]]]}},
{"type":"Feature","properties":{"Layer":"SH parqueos ESPOL"},"geometry":{"type":"MultiPolygon","coordinates":[[[[614777.0205149,9762530.4811579,0.0],[614774.8415183,9762531.7067082,0.0],[614777.292619,9762536.0647015,0.0],[614779.4716156,9762534.8391512,0.0],[614777.0205149,9762530.4811579,0.0]]]]}},
{"type":"Feature","properties":{"Layer":"SH parqueos ESPOL"},"geometry":{"type":"MultiPolygon","coordinates":[[[[614785.2021326,9762527.0270723,0.0],[614782.9449695,9762528.1018814,0.0],[614785.0945876,9762532.6162077,0.0],[614787.3517508,9762531.5413986,0.0],[614785.2021326,9762527.0270723,0.0]]]]}},
{"type":"Feature","properties":{"Layer":"SH parqueos ESPOL"},"geometry":{"type":"MultiPolygon","coordinates":[[[[614813.0164816,9762520.8475416,0.0],[614810.7593184,9762521.9223506,0.0],[614812.9089366,9762526.4366769,0.0],[614815.1660997,9762525.3618679,0.0],[614813.0164816,9762520.8475416,0.0]]]]}},
{"type":"Feature","properties":{"Layer":"SH parqueos ESPOL"},"geometry":{"type":"MultiPolygon","coordinates":[[[[614810.4535076,9762521.0475303,0.0],[614808.1963445,9762522.1223393,0.0],[614810.3459626,9762526.6366656,0.0],[614812.6031258,9762525.5618566,0.0],[614810.4535076,9762521.0475303,0.0]]]]}},
{"type":"Feature","properties":{"Layer":"SH parqueos ESPOL"},"geometry":{"type":"MultiPolygon","coordinates":[[[[614807.8850373,9762521.2359761,0.0],[614805.6278741,9762522.3107852,0.0],[614807.7774923,9762526.8251115,0.0],[614810.0346554,9762525.7503024,0.0],[614807.8850373,9762521.2359761,0.0]]]]}},
{"type":"Feature","properties":{"Layer":"SH parqueos ESPOL"},"geometry":{"type":"MultiPolygon","coordinates":[[[[614805.2799069,9762521.3474338,0.0],[614803.0227437,9762522.4222429,0.0],[614805.1723619,9762526.9365692,0.0],[614807.429525,9762525.8617601,0.0],[614805.2799069,9762521.3474338,0.0]]]]}},
{"type":"Feature","properties":{"Layer":"SH parqueos ESPOL"},"geometry":{"type":"MultiPolygon","coordinates":[[[[614802.7915261,9762521.7040726,0.0],[614800.534363,9762522.7788817,0.0],[614802.6839811,9762527.293208,0.0],[614804.9411442,9762526.2183989,0.0],[614802.7915261,9762521.7040726,0.0]]]]}},
{"type":"Feature","properties":{"Layer":"SH parqueos ESPOL"},"geometry":{"type":"MultiPolygon","coordinates":[[[[614800.3696945,9762522.2004687,0.0],[614798.1125314,9762523.2752778,0.0],[614800.2621495,9762527.7896041,0.0],[614802.5193127,9762526.714795,0.0],[614800.3696945,9762522.2004687,0.0]]]]}},
{"type":"Feature","properties":{"Layer":"SH parqueos ESPOL"},"geometry":{"type":"MultiPolygon","coordinates":[[[[614797.9292703,9762522.6578191,0.0],[614795.6721071,9762523.7326281,0.0],[614797.8217253,9762528.2469544,0.0],[614800.0788884,9762527.1721454,0.0],[614797.9292703,9762522.6578191,0.0]]]]}},
{"type":"Feature","properties":{"Layer":"SH parqueos ESPOL"},"geometry":{"type":"MultiPolygon","coordinates":[[[[614795.5660188,9762523.2772368,0.0],[614793.3088556,9762524.3520459,0.0],[614795.4584738,9762528.8663722,0.0],[614797.7156369,9762527.7915631,0.0],[614795.5660188,9762523.2772368,0.0]]]]}},
{"type":"Feature","properties":{"Layer":"SH parqueos ESPOL"},"geometry":{"type":"MultiPolygon","coordinates":[[[[614795.5660188,9762523.2772368,0.0],[614793.3088556,9762524.3520459,0.0],[614795.4584738,9762528.8663722,0.0],[614797.7156369,9762527.7915631,0.0],[614795.5660188,9762523.2772368,0.0]]]]}},
{"type":"Feature","properties":{"Layer":"SH parqueos ESPOL"},"geometry":{"type":"MultiPolygon","coordinates":[[[[614793.2415478,9762523.9780959,0.0],[614790.9843847,9762525.052905,0.0],[614793.1340028,9762529.5672313,0.0],[614795.391166,9762528.4924222,0.0],[614793.2415478,9762523.9780959,0.0]]]]}},
{"type":"Feature","properties":{"Layer":"SH parqueos ESPOL"},"geometry":{"type":"MultiPolygon","coordinates":[[[[614790.9401156,9762524.727338,0.0],[614788.6829525,9762525.802147,0.0],[614790.8325707,9762530.3164733,0.0],[614793.0897338,9762529.2416643,0.0],[614790.9401156,9762524.727338,0.0]]]]}},
{"type":"Feature","properties":{"Layer":"SH parqueos ESPOL"},"geometry":{"type":"MultiPolygon","coordinates":[[[[614752.1478998,9762537.2253068,0.0],[614751.3093548,9762534.8701333,0.0],[614746.5990077,9762536.5472232,0.0],[614747.4375527,9762538.9023968,0.0],[614752.1478998,9762537.2253068,0.0]]]]}},
{"type":"Feature","properties":{"Layer":"SH parqueos ESPOL"},"geometry":{"type":"MultiPolygon","coordinates":[[[[614751.3428966,9762534.9643402,0.0],[614750.5043516,9762532.6091667,0.0],[614745.7940046,9762534.2862567,0.0],[614746.6325495,9762536.6414302,0.0],[614751.3428966,9762534.9643402,0.0]]]]}},
{"type":"Feature","properties":{"Layer":"SH parqueos ESPOL"},"geometry":{"type":"MultiPolygon","coordinates":[[[[614750.5378934,9762532.7033737,0.0],[614749.6993484,9762530.3482001,0.0],[614744.9890014,9762532.0252901,0.0],[614745.8275463,9762534.3804636,0.0],[614750.5378934,9762532.7033737,0.0]]]]}},
{"type":"Feature","properties":{"Layer":"SH parqueos ESPOL"},"geometry":{"type":"MultiPolygon","coordinates":[[[[614749.7328902,9762530.4424071,0.0],[614748.8943452,9762528.0872336,0.0],[614744.1839982,9762529.7643235,0.0],[614745.0225432,9762532.119497,0.0],[614749.7328902,9762530.4424071,0.0]]]]}},
{"type":"Feature","properties":{"Layer":"SH parqueos ESPOL"},"geometry":{"type":"MultiPolygon","coordinates":[[[[614748.9278871,9762528.1814405,0.0],[614748.0893421,9762525.826267,0.0],[614743.378995,9762527.5033569,0.0],[614744.21754,9762529.8585305,0.0],[614748.9278871,9762528.1814405,0.0]]]]}},
{"type":"Feature","properties":{"Layer":"SH parqueos ESPOL"},"geometry":{"type":"MultiPolygon","coordinates":[[[[614748.1228839,9762525.9204739,0.0],[614747.2843389,9762523.5653004,0.0],[614742.5739919,9762525.2423904,0.0],[614743.4125368,9762527.5975639,0.0],[614748.1228839,9762525.9204739,0.0]]]]}},
{"type":"Feature","properties":{"Layer":"SH parqueos ESPOL"},"geometry":{"type":"MultiPolygon","coordinates":[[[[614761.5982938,9762529.7878923,0.0],[614763.9566954,9762528.9584697,0.0],[614762.2978504,9762524.2416665,0.0],[614759.9394487,9762525.071089,0.0],[614761.5982938,9762529.7878923,0.0]]]]}},
{"type":"Feature","properties":{"Layer":"SH parqueos ESPOL"},"geometry":{"type":"MultiPolygon","coordinates":[[[[614763.8623594,9762528.9916466,0.0],[614766.220761,9762528.1622241,0.0],[614764.561916,9762523.4454208,0.0],[614762.2035143,9762524.2748434,0.0],[614763.8623594,9762528.9916466,0.0]]]]}},
{"type":"Feature","properties":{"Layer":"SH parqueos ESPOL"},"geometry":{"type":"MultiPolygon","coordinates":[[[[614766.126425,9762528.195401,0.0],[614768.4848266,9762527.3659785,0.0],[614766.8259815,9762522.6491752,0.0],[614764.4675799,9762523.4785977,0.0],[614766.126425,9762528.195401,0.0]]]]}},
{"type":"Feature","properties":{"Layer":"SH parqueos ESPOL"},"geometry":{"type":"MultiPolygon","coordinates":[[[[614768.3904905,9762527.3991554,0.0],[614770.7488922,9762526.5697329,0.0],[614769.0900471,9762521.8529296,0.0],[614766.7316455,9762522.6823521,0.0],[614768.3904905,9762527.3991554,0.0]]]]}},
{"type":"Feature","properties":{"Layer":"SH parqueos ESPOL"},"geometry":{"type":"MultiPolygon","coordinates":[[[[614770.6545561,9762526.6029098,0.0],[614773.0129577,9762525.7734872,0.0],[614771.3541127,9762521.056684,0.0],[614768.995711,9762521.8861065,0.0],[614770.6545561,9762526.6029098,0.0]]]]}},
{"type":"Feature","properties":{"Layer":"SH parqueos ESPOL"},"geometry":{"type":"MultiPolygon","coordinates":[[[[614772.9186217,9762525.8066641,0.0],[614775.2770233,9762524.9772416,0.0],[614773.6181782,9762520.2604383,0.0],[614771.2597766,9762521.0898608,0.0],[614772.9186217,9762525.8066641,0.0]]]]}},
{"type":"Feature","properties":{"Layer":"SH parqueos ESPOL"},"geometry":{"type":"MultiPolygon","coordinates":[[[[614775.1826872,9762525.0104185,0.0],[614777.5410889,9762524.180996,0.0],[614775.8822438,9762519.4641927,0.0],[614773.5238422,9762520.2936152,0.0],[614775.1826872,9762525.0104185,0.0]]]]}},
{"type":"Feature","properties":{"Layer":"SH parqueos ESPOL"},"geometry":{"type":"MultiPolygon","coordinates":[[[[614777.4467528,9762524.2141729,0.0],[614779.8051544,9762523.3847503,0.0],[614778.1463094,9762518.6679471,0.0],[614775.7879077,9762519.4973696,0.0],[614777.4467528,9762524.2141729,0.0]]]]}},
{"type":"Feature","properties":{"Layer":"SH parqueos ESPOL"},"geometry":{"type":"MultiPolygon","coordinates":[[[[614779.7108184,9762523.4179272,0.0],[614782.06922,9762522.5885047,0.0],[614780.410375,9762517.8717014,0.0],[614778.0519733,9762518.701124,0.0],[614779.7108184,9762523.4179272,0.0]]]]}},
{"type":"Feature","properties":{"Layer":"SH parqueos ESPOL"},"geometry":{"type":"MultiPolygon","coordinates":[[[[614781.9748839,9762522.6216816,0.0],[614784.3332856,9762521.7922591,0.0],[614782.6744405,9762517.0754558,0.0],[614780.3160389,9762517.9048783,0.0],[614781.9748839,9762522.6216816,0.0]]]]}},
{"type":"Feature","properties":{"Layer":"SH parqueos ESPOL"},"geometry":{"type":"MultiPolygon","coordinates":[[[[614784.2389495,9762521.825436,0.0],[614786.5973512,9762520.9960134,0.0],[614784.9385061,9762516.2792102,0.0],[614782.5801045,9762517.1086327,0.0],[614784.2389495,9762521.825436,0.0]]]]}},
{"type":"Feature","properties":{"Layer":"SH parqueos ESPOL"},"geometry":{"type":"MultiPolygon","coordinates":[[[[614786.5030151,9762521.0291904,0.0],[614788.8614167,9762520.1997678,0.0],[614787.2025717,9762515.4829645,0.0],[614784.84417,9762516.3123871,0.0],[614786.5030151,9762521.0291904,0.0]]]]}},
{"type":"Feature","properties":{"Layer":"SH parqueos ESPOL"},"geometry":{"type":"MultiPolygon","coordinates":[[[[614788.7670807,9762520.2329447,0.0],[614791.1254823,9762519.4035222,0.0],[614789.4666372,9762514.6867189,0.0],[614787.1082356,9762515.5161414,0.0],[614788.7670807,9762520.2329447,0.0]]]]}},
{"type":"Feature","properties":{"Layer":"SH parqueos ESPOL"},"geometry":{"type":"MultiPolygon","coordinates":[[[[614791.0311462,9762519.4366991,0.0],[614793.3895479,9762518.6072766,0.0],[614791.7307028,9762513.8904733,0.0],[614789.3723012,9762514.7198958,0.0],[614791.0311462,9762519.4366991,0.0]]]]}},
{"type":"Feature","properties":{"Layer":"SH parqueos ESPOL"},"geometry":{"type":"MultiPolygon","coordinates":[[[[614793.2952118,9762518.6404535,0.0],[614795.6536134,9762517.8110309,0.0],[614793.9947684,9762513.0942277,0.0],[614791.6363667,9762513.9236502,0.0],[614793.2952118,9762518.6404535,0.0]]]]}},
{"type":"Feature","properties":{"Layer":"SH parqueos ESPOL"},"geometry":{"type":"MultiPolygon","coordinates":[[[[614795.5592774,9762517.8442078,0.0],[614797.917679,9762517.0147853,0.0],[614796.258834,9762512.297982,0.0],[614793.9004323,9762513.1274046,0.0],[614795.5592774,9762517.8442078,0.0]]]]}},
{"type":"Feature","properties":{"Layer":"SH parqueos ESPOL"},"geometry":{"type":"MultiPolygon","coordinates":[[[[614797.8233429,9762517.0479622,0.0],[614800.1817446,9762516.2185397,0.0],[614798.5228995,9762511.5017364,0.0],[614796.1644979,9762512.3311589,0.0],[614797.8233429,9762517.0479622,0.0]]]]}},
{"type":"Feature","properties":{"Layer":"SH parqueos ESPOL"},"geometry":{"type":"MultiPolygon","coordinates":[[[[614800.0874085,9762516.2517166,0.0],[614802.4458102,9762515.422294,0.0],[614800.7869651,9762510.7054908,0.0],[614798.4285635,9762511.5349133,0.0],[614800.0874085,9762516.2517166,0.0]]]]}},
{"type":"Feature","properties":{"Layer":"SH parqueos ESPOL"},"geometry":{"type":"MultiPolygon","coordinates":[[[[614806.1208892,9762505.2929446,0.0],[614807.6514332,9762507.2696678,0.0],[614811.6048798,9762504.2085797,0.0],[614810.0743357,9762502.2318565,0.0],[614806.1208892,9762505.2929446,0.0]]]]}},
{"type":"Feature","properties":{"Layer":"SH parqueos ESPOL"},"geometry":{"type":"MultiPolygon","coordinates":[[[[614808.2594794,9762506.6693977,0.0],[614809.7900234,9762508.6461209,0.0],[614813.74347,9762505.5850328,0.0],[614812.2129259,9762503.6083096,0.0],[614808.2594794,9762506.6693977,0.0]]]]}},
{"type":"Feature","properties":{"Layer":"SH parqueos ESPOL"},"geometry":{"type":"MultiPolygon","coordinates":[[[[614810.4001841,9762508.0472117,0.0],[614811.9307282,9762510.023935,0.0],[614815.8841747,9762506.9628469,0.0],[614814.3536307,9762504.9861236,0.0],[614810.4001841,9762508.0472117,0.0]]]]}},
{"type":"Feature","properties":{"Layer":"SH parqueos ESPOL"},"geometry":{"type":"MultiPolygon","coordinates":[[[[614812.5408888,9762509.4250258,0.0],[614814.0714329,9762511.401749,0.0],[614818.0248794,9762508.3406609,0.0],[614816.4943354,9762506.3639377,0.0],[614812.5408888,9762509.4250258,0.0]]]]}},
{"type":"Feature","properties":{"Layer":"SH parqueos ESPOL"},"geometry":{"type":"MultiPolygon","coordinates":[[[[614814.6815936,9762510.8028398,0.0],[614816.2121376,9762512.7795631,0.0],[614820.1655842,9762509.718475,0.0],[614818.6350401,9762507.7417517,0.0],[614814.6815936,9762510.8028398,0.0]]]]}},
{"type":"Feature","properties":{"Layer":"SH parqueos ESPOL"},"geometry":{"type":"MultiPolygon","coordinates":[[[[614816.8195818,9762512.1827572,0.0],[614818.3501258,9762514.1594805,0.0],[614822.3035724,9762511.0983924,0.0],[614820.7730283,9762509.1216691,0.0],[614816.8195818,9762512.1827572,0.0]]]]}},
{"type":"Feature","properties":{"Layer":"SH parqueos ESPOL"},"geometry":{"type":"MultiPolygon","coordinates":[[[[614818.2889041,9762514.0804116,0.0],[614819.8194481,9762516.0571348,0.0],[614823.7728947,9762512.9960467,0.0],[614822.2423506,9762511.0193234,0.0],[614818.2889041,9762514.0804116,0.0]]]]}},
{"type":"Feature","properties":{"Layer":"SH parqueos ESPOL"},"geometry":{"type":"MultiPolygon","coordinates":[[[[614749.7938905,9762514.717675,0.0],[614747.4461826,9762515.5769,0.0],[614749.1646327,9762520.2723158,0.0],[614751.5123406,9762519.4130908,0.0],[614749.7938905,9762514.717675,0.0]]]]}},
{"type":"Feature","properties":{"Layer":"SH parqueos ESPOL"},"geometry":{"type":"MultiPolygon","coordinates":[[[[614752.0476901,9762513.8928189,0.0],[614749.6999822,9762514.752044,0.0],[614751.4184323,9762519.4474598,0.0],[614753.7661402,9762518.5882347,0.0],[614752.0476901,9762513.8928189,0.0]]]]}},
{"type":"Feature","properties":{"Layer":"SH parqueos ESPOL"},"geometry":{"type":"MultiPolygon","coordinates":[[[[614754.3014897,9762513.0679629,0.0],[614751.9537818,9762513.9271879,0.0],[614753.6722319,9762518.6226037,0.0],[614756.0199398,9762517.7633787,0.0],[614754.3014897,9762513.0679629,0.0]]]]}},
{"type":"Feature","properties":{"Layer":"SH parqueos ESPOL"},"geometry":{"type":"MultiPolygon","coordinates":[[[[614756.5552893,9762512.2431069,0.0],[614754.2075814,9762513.1023319,0.0],[614755.9260314,9762517.7977477,0.0],[614758.2737393,9762516.9385227,0.0],[614756.5552893,9762512.2431069,0.0]]]]}},
{"type":"Feature","properties":{"Layer":"SH parqueos ESPOL"},"geometry":{"type":"MultiPolygon","coordinates":[[[[614763.7010334,9762509.5903849,0.0],[614761.3533256,9762510.4496099,0.0],[614763.0717756,9762515.1450257,0.0],[614765.4194835,9762514.2858007,0.0],[614763.7010334,9762509.5903849,0.0]]]]}},
{"type":"Feature","properties":{"Layer":"SH parqueos ESPOL"},"geometry":{"type":"MultiPolygon","coordinates":[[[[614798.9549152,9762496.6414862,0.0],[614796.4931863,9762497.0772508,0.0],[614797.3647155,9762502.0007086,0.0],[614799.8264445,9762501.564944,0.0],[614798.9549152,9762496.6414862,0.0]]]]}},
{"type":"Feature","properties":{"Layer":"SH parqueos ESPOL"},"geometry":{"type":"MultiPolygon","coordinates":[[[[614796.6817466,9762497.53274,0.0],[614794.2200177,9762497.9685046,0.0],[614795.0915469,9762502.8919625,0.0],[614797.5532758,9762502.4561979,0.0],[614796.6817466,9762497.53274,0.0]]]]}},
{"type":"Feature","properties":{"Layer":"SH parqueos ESPOL"},"geometry":{"type":"MultiPolygon","coordinates":[[[[614794.4485185,9762498.6856509,0.0],[614791.9867896,9762499.1214155,0.0],[614792.8583188,9762504.0448734,0.0],[614795.3200477,9762503.6091088,0.0],[614794.4485185,9762498.6856509,0.0]]]]}},
{"type":"Feature","properties":{"Layer":"SH parqueos ESPOL"},"geometry":{"type":"MultiPolygon","coordinates":[[[[614792.1593146,9762499.5223424,0.0],[614789.6975856,9762499.9581071,0.0],[614790.5691149,9762504.8815649,0.0],[614793.0308438,9762504.4458003,0.0],[614792.1593146,9762499.5223424,0.0]]]]}},
{"type":"Feature","properties":{"Layer":"SH parqueos ESPOL"},"geometry":{"type":"MultiPolygon","coordinates":[[[[614789.8514412,9762500.2535662,0.0],[614787.3897123,9762500.6893308,0.0],[614788.2612415,9762505.6127886,0.0],[614790.7229704,9762505.177024,0.0],[614789.8514412,9762500.2535662,0.0]]]]}},
{"type":"Feature","properties":{"Layer":"SH parqueos ESPOL"},"geometry":{"type":"MultiPolygon","coordinates":[[[[614787.5565224,9762501.0898901,0.0],[614785.0947934,9762501.5256547,0.0],[614785.9663227,9762506.4491125,0.0],[614788.4280516,9762506.013348,0.0],[614787.5565224,9762501.0898901,0.0]]]]}},
{"type":"Feature","properties":{"Layer":"SH parqueos ESPOL"},"geometry":{"type":"MultiPolygon","coordinates":[[[[614785.2623554,9762501.8985441,0.0],[614782.8006265,9762502.3343088,0.0],[614783.6721557,9762507.2577666,0.0],[614786.1338846,9762506.822002,0.0],[614785.2623554,9762501.8985441,0.0]]]]}},
{"type":"Feature","properties":{"Layer":"SH parqueos ESPOL"},"geometry":{"type":"MultiPolygon","coordinates":[[[[614782.9395463,9762502.5453929,0.0],[614780.4778174,9762502.9811575,0.0],[614781.3493466,9762507.9046153,0.0],[614783.8110755,9762507.4688507,0.0],[614782.9395463,9762502.5453929,0.0]]]]}},
{"type":"Feature","properties":{"Layer":"SH parqueos ESPOL"},"geometry":{"type":"MultiPolygon","coordinates":[[[[614780.6351251,9762503.2961186,0.0],[614778.1733962,9762503.7318832,0.0],[614779.0449254,9762508.655341,0.0],[614781.5066543,9762508.2195764,0.0],[614780.6351251,9762503.2961186,0.0]]]]}},
{"type":"Feature","properties":{"Layer":"SH parqueos ESPOL"},"geometry":{"type":"MultiPolygon","coordinates":[[[[614778.3534102,9762504.1751174,0.0],[614775.8916813,9762504.6108821,0.0],[614776.7632105,9762509.5343399,0.0],[614779.2249394,9762509.0985753,0.0],[614778.3534102,9762504.1751174,0.0]]]]}},
{"type":"Feature","properties":{"Layer":"SH parqueos ESPOL"},"geometry":{"type":"MultiPolygon","coordinates":[[[[614741.6889232,9762468.193374,0.0],[614741.6889232,9762470.693374,0.0],[614746.6889232,9762470.693374,0.0],[614746.6889232,9762468.193374,0.0],[614741.6889232,9762468.193374,0.0]]]]}},
{"type":"Feature","properties":{"Layer":"SH parqueos ESPOL"},"geometry":{"type":"MultiPolygon","coordinates":[[[[614743.0372047,9762461.7651906,0.0],[614741.8326735,9762463.9558764,0.0],[614746.2140453,9762466.3649389,0.0],[614747.4185765,9762464.174253,0.0],[614743.0372047,9762461.7651906,0.0]]]]}},
{"type":"Feature","properties":{"Layer":"SH parqueos ESPOL"},"geometry":{"type":"MultiPolygon","coordinates":[[[[614743.8877981,9762459.4940143,0.0],[614742.6832669,9762461.6847002,0.0],[614747.0646386,9762464.0937626,0.0],[614748.2691699,9762461.9030768,0.0],[614743.8877981,9762459.4940143,0.0]]]]}},
{"type":"Feature","properties":{"Layer":"SH parqueos ESPOL"},"geometry":{"type":"MultiPolygon","coordinates":[[[[614744.7066306,9762457.2053746,0.0],[614743.5020993,9762459.3960604,0.0],[614747.8834711,9762461.8051229,0.0],[614749.0880023,9762459.614437,0.0],[614744.7066306,9762457.2053746,0.0]]]]}},
{"type":"Feature","properties":{"Layer":"SH parqueos ESPOL"},"geometry":{"type":"MultiPolygon","coordinates":[[[[614745.525463,9762454.9167348,0.0],[614744.3209318,9762457.1074207,0.0],[614748.7023035,9762459.5164831,0.0],[614749.9068347,9762457.3257972,0.0],[614745.525463,9762454.9167348,0.0]]]]}},
{"type":"Feature","properties":{"Layer":"SH parqueos ESPOL"},"geometry":{"type":"MultiPolygon","coordinates":[[[[614746.3442954,9762452.6280951,0.0],[614745.1397642,9762454.8187809,0.0],[614749.521136,9762457.2278433,0.0],[614750.7256672,9762455.0371575,0.0],[614746.3442954,9762452.6280951,0.0]]]]}},
{"type":"Feature","properties":{"Layer":"SH parqueos ESPOL"},"geometry":{"type":"MultiPolygon","coordinates":[[[[614747.1631279,9762450.3394553,0.0],[614745.9585967,9762452.5301412,0.0],[614750.3399684,9762454.9392036,0.0],[614751.5444996,9762452.7485177,0.0],[614747.1631279,9762450.3394553,0.0]]]]}},
{"type":"Feature","properties":{"Layer":"SH parqueos ESPOL"},"geometry":{"type":"MultiPolygon","coordinates":[[[[614747.9819603,9762448.0508155,0.0],[614746.7774291,9762450.2415014,0.0],[614751.1588009,9762452.6505638,0.0],[614752.3633321,9762450.459878,0.0],[614747.9819603,9762448.0508155,0.0]]]]}},
{"type":"Feature","properties":{"Layer":"SH parqueos ESPOL"},"geometry":{"type":"MultiPolygon","coordinates":[[[[614748.8007928,9762445.7621758,0.0],[614747.5962616,9762447.9528617,0.0],[614751.9776333,9762450.3619241,0.0],[614753.1821645,9762448.1712382,0.0],[614748.8007928,9762445.7621758,0.0]]]]}},
{"type":"Feature","properties":{"Layer":"SH parqueos ESPOL"},"geometry":{"type":"MultiPolygon","coordinates":[[[[614749.6196252,9762443.473536,0.0],[614748.415094,9762445.6642219,0.0],[614752.7964657,9762448.0732843,0.0],[614754.000997,9762445.8825985,0.0],[614749.6196252,9762443.473536,0.0]]]]}},
{"type":"Feature","properties":{"Layer":"SH parqueos ESPOL"},"geometry":{"type":"MultiPolygon","coordinates":[[[[614750.4384577,9762441.1848963,0.0],[614749.2339264,9762443.3755822,0.0],[614753.6152982,9762445.7846446,0.0],[614754.8198294,9762443.5939587,0.0],[614750.4384577,9762441.1848963,0.0]]]]}},
{"type":"Feature","properties":{"Layer":"SH parqueos ESPOL"},"geometry":{"type":"MultiPolygon","coordinates":[[[[614765.5957376,9762445.7387643,0.0],[614765.5957376,9762448.2387643,0.0],[614770.5957376,9762448.2387643,0.0],[614770.5957376,9762445.7387643,0.0],[614765.5957376,9762445.7387643,0.0]]]]}},
{"type":"Feature","properties":{"Layer":"SH parqueos ESPOL"},"geometry":{"type":"MultiPolygon","coordinates":[[[[614764.260996,9762448.1387643,0.0],[614764.2609961,9762450.6387643,0.0],[614769.2609961,9762450.6387643,0.0],[614769.2609961,9762448.1387643,0.0],[614764.260996,9762448.1387643,0.0]]]]}},
{"type":"Feature","properties":{"Layer":"SH parqueos ESPOL"},"geometry":{"type":"MultiPolygon","coordinates":[[[[614762.9262545,9762450.5387643,0.0],[614762.9262545,9762453.0387643,0.0],[614767.9262545,9762453.0387643,0.0],[614767.9262545,9762450.5387643,0.0],[614762.9262545,9762450.5387643,0.0]]]]}},
{"type":"Feature","properties":{"Layer":"SH parqueos ESPOL"},"geometry":{"type":"MultiPolygon","coordinates":[[[[614761.5915129,9762452.9387642,0.0],[614761.591513,9762455.4387643,0.0],[614766.591513,9762455.4387642,0.0],[614766.591513,9762452.9387642,0.0],[614761.5915129,9762452.9387642,0.0]]]]}},
{"type":"Feature","properties":{"Layer":"SH parqueos ESPOL"},"geometry":{"type":"MultiPolygon","coordinates":[[[[614760.2567714,9762455.3387642,0.0],[614760.2567714,9762457.8387642,0.0],[614765.2567714,9762457.8387642,0.0],[614765.2567714,9762455.3387642,0.0],[614760.2567714,9762455.3387642,0.0]]]]}},
{"type":"Feature","properties":{"Layer":"SH parqueos ESPOL"},"geometry":{"type":"MultiPolygon","coordinates":[[[[614758.9220299,9762457.7387642,0.0],[614758.9220299,9762460.2387642,0.0],[614763.9220299,9762460.2387642,0.0],[614763.9220299,9762457.7387642,0.0],[614758.9220299,9762457.7387642,0.0]]]]}},
{"type":"Feature","properties":{"Layer":"SH parqueos ESPOL"},"geometry":{"type":"MultiPolygon","coordinates":[[[[614757.5872883,9762460.1387642,0.0],[614757.5872883,9762462.6387642,0.0],[614762.5872883,9762462.6387642,0.0],[614762.5872883,9762460.1387642,0.0],[614757.5872883,9762460.1387642,0.0]]]]}},
{"type":"Feature","properties":{"Layer":"SH parqueos ESPOL"},"geometry":{"type":"MultiPolygon","coordinates":[[[[614788.6680998,9762447.8146044,0.0],[614786.2418414,9762448.4173232,0.0],[614787.4472789,9762453.2698401,0.0],[614789.8735373,9762452.6671214,0.0],[614788.6680998,9762447.8146044,0.0]]]]}},
{"type":"Feature","properties":{"Layer":"SH parqueos ESPOL"},"geometry":{"type":"MultiPolygon","coordinates":[[[[614790.9973079,9762447.2359944,0.0],[614788.5710495,9762447.8387132,0.0],[614789.776487,9762452.6912301,0.0],[614792.2027455,9762452.0885114,0.0],[614790.9973079,9762447.2359944,0.0]]]]}},
{"type":"Feature","properties":{"Layer":"SH parqueos ESPOL"},"geometry":{"type":"MultiPolygon","coordinates":[[[[614793.3265161,9762446.6573844,0.0],[614790.9002576,9762447.2601032,0.0],[614792.1056951,9762452.1126201,0.0],[614794.5319536,9762451.5099013,0.0],[614793.3265161,9762446.6573844,0.0]]]]}},
{"type":"Feature","properties":{"Layer":"SH parqueos ESPOL"},"geometry":{"type":"MultiPolygon","coordinates":[[[[614795.6557242,9762446.0787744,0.0],[614793.2294657,9762446.6814932,0.0],[614794.4349032,9762451.5340101,0.0],[614796.8611617,9762450.9312913,0.0],[614795.6557242,9762446.0787744,0.0]]]]}},
{"type":"Feature","properties":{"Layer":"SH parqueos ESPOL"},"geometry":{"type":"MultiPolygon","coordinates":[[[[614797.9849323,9762445.5001644,0.0],[614795.5586738,9762446.1028832,0.0],[614796.7641114,9762450.9554001,0.0],[614799.1903698,9762450.3526813,0.0],[614797.9849323,9762445.5001644,0.0]]]]}},
{"type":"Feature","properties":{"Layer":"SH parqueos ESPOL"},"geometry":{"type":"MultiPolygon","coordinates":[[[[614800.3141404,9762444.9215544,0.0],[614797.8878819,9762445.5242732,0.0],[614799.0933195,9762450.3767901,0.0],[614801.5195779,9762449.7740713,0.0],[614800.3141404,9762444.9215544,0.0]]]]}},
{"type":"Feature","properties":{"Layer":"SH parqueos ESPOL"},"geometry":{"type":"MultiPolygon","coordinates":[[[[614802.6433485,9762444.3429444,0.0],[614800.2170901,9762444.9456631,0.0],[614801.4225276,9762449.7981801,0.0],[614803.848786,9762449.1954613,0.0],[614802.6433485,9762444.3429444,0.0]]]]}},
{"type":"Feature","properties":{"Layer":"SH parqueos ESPOL"},"geometry":{"type":"MultiPolygon","coordinates":[[[[614804.9725566,9762443.7643344,0.0],[614802.5462982,9762444.3670531,0.0],[614803.7517357,9762449.2195701,0.0],[614806.1779942,9762448.6168513,0.0],[614804.9725566,9762443.7643344,0.0]]]]}},
{"type":"Feature","properties":{"Layer":"SH parqueos ESPOL"},"geometry":{"type":"MultiPolygon","coordinates":[[[[614807.3017647,9762443.1857244,0.0],[614804.8755063,9762443.7884431,0.0],[614806.0809438,9762448.64096,0.0],[614808.5072023,9762448.0382413,0.0],[614807.3017647,9762443.1857244,0.0]]]]}},
{"type":"Feature","properties":{"Layer":"SH parqueos ESPOL"},"geometry":{"type":"MultiPolygon","coordinates":[[[[614809.6309729,9762442.6071144,0.0],[614807.2047144,9762443.2098331,0.0],[614808.4101519,9762448.06235,0.0],[614810.8364104,9762447.4596313,0.0],[614809.6309729,9762442.6071144,0.0]]]]}},
{"type":"Feature","properties":{"Layer":"SH parqueos ESPOL"},"geometry":{"type":"MultiPolygon","coordinates":[[[[614811.960181,9762442.0285043,0.0],[614809.5339225,9762442.6312231,0.0],[614810.73936,9762447.48374,0.0],[614813.1656185,9762446.8810213,0.0],[614811.960181,9762442.0285043,0.0]]]]}},
{"type":"Feature","properties":{"Layer":"SH parqueos ESPOL"},"geometry":{"type":"MultiPolygon","coordinates":[[[[614814.2893891,9762441.4498943,0.0],[614811.8631306,9762442.0526131,0.0],[614813.0685682,9762446.90513,0.0],[614815.4948266,9762446.3024113,0.0],[614814.2893891,9762441.4498943,0.0]]]]}},
{"type":"Feature","properties":{"Layer":"SH parqueos ESPOL"},"geometry":{"type":"MultiPolygon","coordinates":[[[[614816.6185972,9762440.8712843,0.0],[614814.1923387,9762441.4740031,0.0],[614815.3977763,9762446.32652,0.0],[614817.8240347,9762445.7238012,0.0],[614816.6185972,9762440.8712843,0.0]]]]}},
{"type":"Feature","properties":{"Layer":"SH parqueos ESPOL"},"geometry":{"type":"MultiPolygon","coordinates":[[[[614818.9478053,9762440.2926743,0.0],[614816.5215469,9762440.8953931,0.0],[614817.7269844,9762445.74791,0.0],[614820.1532428,9762445.1451912,0.0],[614818.9478053,9762440.2926743,0.0]]]]}},
{"type":"Feature","properties":{"Layer":"SH parqueos ESPOL"},"geometry":{"type":"MultiPolygon","coordinates":[[[[614821.2770134,9762439.7140643,0.0],[614818.850755,9762440.3167831,0.0],[614820.0561925,9762445.1693,0.0],[614822.482451,9762444.5665812,0.0],[614821.2770134,9762439.7140643,0.0]]]]}},
{"type":"Feature","properties":{"Layer":"SH parqueos ESPOL"},"geometry":{"type":"MultiPolygon","coordinates":[[[[614823.6062216,9762439.1354543,0.0],[614821.1799631,9762439.7381731,0.0],[614822.3854006,9762444.59069,0.0],[614824.8116591,9762443.9879712,0.0],[614823.6062216,9762439.1354543,0.0]]]]}},
{"type":"Feature","properties":{"Layer":"SH parqueos ESPOL"},"geometry":{"type":"MultiPolygon","coordinates":[[[[614825.9354297,9762438.5568443,0.0],[614823.5091712,9762439.1595631,0.0],[614824.7146087,9762444.01208,0.0],[614827.1408672,9762443.4093612,0.0],[614825.9354297,9762438.5568443,0.0]]]]}},
{"type":"Feature","properties":{"Layer":"SH parqueos ESPOL"},"geometry":{"type":"MultiPolygon","coordinates":[[[[614800.5145905,9762435.5760994,0.0],[614798.088332,9762436.1788182,0.0],[614799.2937695,9762441.0313351,0.0],[614801.720028,9762440.4286163,0.0],[614800.5145905,9762435.5760994,0.0]]]]}},
{"type":"Feature","properties":{"Layer":"SH parqueos ESPOL"},"geometry":{"type":"MultiPolygon","coordinates":[[[[614802.8437986,9762434.9974894,0.0],[614800.4175401,9762435.6002082,0.0],[614801.6229777,9762440.4527251,0.0],[614804.0492361,9762439.8500063,0.0],[614802.8437986,9762434.9974894,0.0]]]]}},
{"type":"Feature","properties":{"Layer":"SH parqueos ESPOL"},"geometry":{"type":"MultiPolygon","coordinates":[[[[614805.1730067,9762434.4188794,0.0],[614802.7467482,9762435.0215982,0.0],[614803.9521858,9762439.8741151,0.0],[614806.3784442,9762439.2713963,0.0],[614805.1730067,9762434.4188794,0.0]]]]}},
{"type":"Feature","properties":{"Layer":"SH parqueos ESPOL"},"geometry":{"type":"MultiPolygon","coordinates":[[[[614807.5022148,9762433.8402694,0.0],[614805.0759564,9762434.4429882,0.0],[614806.2813939,9762439.2955051,0.0],[614808.7076523,9762438.6927863,0.0],[614807.5022148,9762433.8402694,0.0]]]]}},
{"type":"Feature","properties":{"Layer":"SH parqueos ESPOL"},"geometry":{"type":"MultiPolygon","coordinates":[[[[614809.8314229,9762433.2616594,0.0],[614807.4051645,9762433.8643781,0.0],[614808.610602,9762438.7168951,0.0],[614811.0368605,9762438.1141763,0.0],[614809.8314229,9762433.2616594,0.0]]]]}},
{"type":"Feature","properties":{"Layer":"SH parqueos ESPOL"},"geometry":{"type":"MultiPolygon","coordinates":[[[[614812.1606311,9762432.6830494,0.0],[614809.7343726,9762433.2857681,0.0],[614810.9398101,9762438.1382851,0.0],[614813.3660686,9762437.5355663,0.0],[614812.1606311,9762432.6830494,0.0]]]]}},
{"type":"Feature","properties":{"Layer":"SH parqueos ESPOL"},"geometry":{"type":"MultiPolygon","coordinates":[[[[614814.4898392,9762432.1044394,0.0],[614812.0635807,9762432.7071581,0.0],[614813.2690182,9762437.559675,0.0],[614815.6952767,9762436.9569563,0.0],[614814.4898392,9762432.1044394,0.0]]]]}},
{"type":"Feature","properties":{"Layer":"SH parqueos ESPOL"},"geometry":{"type":"MultiPolygon","coordinates":[[[[614816.8190473,9762431.5258294,0.0],[614814.3927888,9762432.1285481,0.0],[614815.5982264,9762436.981065,0.0],[614818.0244848,9762436.3783463,0.0],[614816.8190473,9762431.5258294,0.0]]]]}},
{"type":"Feature","properties":{"Layer":"SH parqueos ESPOL"},"geometry":{"type":"MultiPolygon","coordinates":[[[[614819.1482554,9762430.9472193,0.0],[614816.7219969,9762431.5499381,0.0],[614817.9274345,9762436.402455,0.0],[614820.3536929,9762435.7997363,0.0],[614819.1482554,9762430.9472193,0.0]]]]}},
{"type":"Feature","properties":{"Layer":"SH parqueos ESPOL"},"geometry":{"type":"MultiPolygon","coordinates":[[[[614821.4774635,9762430.3686093,0.0],[614819.0512051,9762430.9713281,0.0],[614820.2566426,9762435.823845,0.0],[614822.682901,9762435.2211263,0.0],[614821.4774635,9762430.3686093,0.0]]]]}},
{"type":"Feature","properties":{"Layer":"SH parqueos ESPOL"},"geometry":{"type":"MultiPolygon","coordinates":[[[[614823.8066716,9762429.7899993,0.0],[614821.3804132,9762430.3927181,0.0],[614822.5858507,9762435.245235,0.0],[614825.0121092,9762434.6425163,0.0],[614823.8066716,9762429.7899993,0.0]]]]}},
{"type":"Feature","properties":{"Layer":"SH parqueos ESPOL"},"geometry":{"type":"MultiPolygon","coordinates":[[[[614842.9563894,9762431.2594349,0.0],[614840.900742,9762429.8366511,0.0],[614838.0551745,9762433.9479459,0.0],[614840.1108219,9762435.3707297,0.0],[614842.9563894,9762431.2594349,0.0]]]]}},
{"type":"Feature","properties":{"Layer":"SH parqueos ESPOL"},"geometry":{"type":"MultiPolygon","coordinates":[[[[614844.929811,9762432.6253073,0.0],[614842.8741635,9762431.2025235,0.0],[614840.028596,9762435.3138183,0.0],[614842.0842434,9762436.7366021,0.0],[614844.929811,9762432.6253073,0.0]]]]}},
{"type":"Feature","properties":{"Layer":"SH parqueos ESPOL"},"geometry":{"type":"MultiPolygon","coordinates":[[[[614846.9032325,9762433.9911797,0.0],[614844.8475851,9762432.5683959,0.0],[614842.0020175,9762436.6796908,0.0],[614844.0576649,9762438.1024746,0.0],[614846.9032325,9762433.9911797,0.0]]]]}},
{"type":"Feature","properties":{"Layer":"SH parqueos ESPOL"},"geometry":{"type":"MultiPolygon","coordinates":[[[[614848.876654,9762435.3570522,0.0],[614846.8210066,9762433.9342684,0.0],[614843.975439,9762438.0455632,0.0],[614846.0310864,9762439.468347,0.0],[614848.876654,9762435.3570522,0.0]]]]}},
{"type":"Feature","properties":{"Layer":"SH parqueos ESPOL"},"geometry":{"type":"MultiPolygon","coordinates":[[[[614850.8500755,9762436.7229246,0.0],[614848.7944281,9762435.3001408,0.0],[614845.9488605,9762439.4114357,0.0],[614848.0045079,9762440.8342194,0.0],[614850.8500755,9762436.7229246,0.0]]]]}},
{"type":"Feature","properties":{"Layer":"SH parqueos ESPOL"},"geometry":{"type":"MultiPolygon","coordinates":[[[[614856.8614754,9762445.295445,0.0],[614857.1071211,9762442.8075426,0.0],[614852.1313163,9762442.3162512,0.0],[614851.8856706,9762444.8041536,0.0],[614856.8614754,9762445.295445,0.0]]]]}},
{"type":"Feature","properties":{"Layer":"SH parqueos ESPOL"},"geometry":{"type":"MultiPolygon","coordinates":[[[[614856.6256555,9762447.6838312,0.0],[614856.8713012,9762445.1959289,0.0],[614851.8954965,9762444.7046375,0.0],[614851.6498508,9762447.1925398,0.0],[614856.6256555,9762447.6838312,0.0]]]]}},
{"type":"Feature","properties":{"Layer":"SH parqueos ESPOL"},"geometry":{"type":"MultiPolygon","coordinates":[[[[614856.3898357,9762450.0722175,0.0],[614856.6354813,9762447.5843151,0.0],[614851.6596766,9762447.0930238,0.0],[614851.4140309,9762449.5809261,0.0],[614856.3898357,9762450.0722175,0.0]]]]}},
{"type":"Feature","properties":{"Layer":"SH parqueos ESPOL"},"geometry":{"type":"MultiPolygon","coordinates":[[[[614856.1540158,9762452.4606038,0.0],[614856.3996615,9762449.9727014,0.0],[614851.4238567,9762449.48141,0.0],[614851.178211,9762451.9693124,0.0],[614856.1540158,9762452.4606038,0.0]]]]}},
{"type":"Feature","properties":{"Layer":"SH parqueos ESPOL"},"geometry":{"type":"MultiPolygon","coordinates":[[[[614960.4544954,9762686.543827,0.0],[614959.898302,9762684.1064823,0.0],[614955.0236127,9762685.2188691,0.0],[614955.5798061,9762687.6562138,0.0],[614960.4544954,9762686.543827,0.0]]]]}},
{"type":"Feature","properties":{"Layer":"SH parqueos ESPOL"},"geometry":{"type":"MultiPolygon","coordinates":[[[[614959.9205498,9762684.2039761,0.0],[614959.3643564,9762681.7666315,0.0],[614954.4896671,9762682.8790183,0.0],[614955.0458605,9762685.3163629,0.0],[614959.9205498,9762684.2039761,0.0]]]]}},
{"type":"Feature","properties":{"Layer":"SH parqueos ESPOL"},"geometry":{"type":"MultiPolygon","coordinates":[[[[614959.3866041,9762681.8641253,0.0],[614958.8304107,9762679.4267806,0.0],[614953.9557214,9762680.5391674,0.0],[614954.5119148,9762682.9765121,0.0],[614959.3866041,9762681.8641253,0.0]]]]}},
{"type":"Feature","properties":{"Layer":"SH parqueos ESPOL"},"geometry":{"type":"MultiPolygon","coordinates":[[[[614958.8526584,9762679.5242744,0.0],[614958.296465,9762677.0869298,0.0],[614953.4217757,9762678.1993166,0.0],[614953.9779691,9762680.6366612,0.0],[614958.8526584,9762679.5242744,0.0]]]]}},
{"type":"Feature","properties":{"Layer":"SH parqueos ESPOL"},"geometry":{"type":"MultiPolygon","coordinates":[[[[614958.3187127,9762677.1844236,0.0],[614957.7625193,9762674.7470789,0.0],[614952.8878301,9762675.8594657,0.0],[614953.4440235,9762678.2968104,0.0],[614958.3187127,9762677.1844236,0.0]]]]}},
{"type":"Feature","properties":{"Layer":"SH parqueos ESPOL"},"geometry":{"type":"MultiPolygon","coordinates":[[[[614957.7847671,9762674.8445727,0.0],[614957.2285737,9762672.4072281,0.0],[614952.3538844,9762673.5196149,0.0],[614952.9100778,9762675.9569595,0.0],[614957.7847671,9762674.8445727,0.0]]]]}},
{"type":"Feature","properties":{"Layer":"SH parqueos ESPOL"},"geometry":{"type":"MultiPolygon","coordinates":[[[[614957.2508214,9762672.5047218,0.0],[614956.694628,9762670.0673772,0.0],[614951.8199387,9762671.179764,0.0],[614952.3761321,9762673.6171087,0.0],[614957.2508214,9762672.5047218,0.0]]]]}},
{"type":"Feature","properties":{"Layer":"SH parqueos ESPOL"},"geometry":{"type":"MultiPolygon","coordinates":[[[[614956.7168757,9762670.164871,0.0],[614956.1606823,9762667.7275263,0.0],[614951.285993,9762668.8399132,0.0],[614951.8421864,9762671.2772578,0.0],[614956.7168757,9762670.164871,0.0]]]]}},
{"type":"Feature","properties":{"Layer":"SH parqueos ESPOL"},"geometry":{"type":"MultiPolygon","coordinates":[[[[614956.1829301,9762667.8250201,0.0],[614955.6267367,9762665.3876755,0.0],[614950.7520474,9762666.5000623,0.0],[614951.3082408,9762668.9374069,0.0],[614956.1829301,9762667.8250201,0.0]]]]}},
{"type":"Feature","properties":{"Layer":"SH parqueos ESPOL"},"geometry":{"type":"MultiPolygon","coordinates":[[[[614955.6489844,9762665.4851693,0.0],[614955.092791,9762663.0478246,0.0],[614950.2181017,9762664.1602115,0.0],[614950.7742951,9762666.5975561,0.0],[614955.6489844,9762665.4851693,0.0]]]]}},
{"type":"Feature","properties":{"Layer":"SH parqueos ESPOL"},"geometry":{"type":"MultiPolygon","coordinates":[[[[614955.1150387,9762663.1453184,0.0],[614954.5588453,9762660.7079738,0.0],[614949.684156,9762661.8203606,0.0],[614950.2403494,9762664.2577052,0.0],[614955.1150387,9762663.1453184,0.0]]]]}},
{"type":"Feature","properties":{"Layer":"SH parqueos ESPOL"},"geometry":{"type":"MultiPolygon","coordinates":[[[[614954.5810931,9762660.8054676,0.0],[614954.0248996,9762658.3681229,0.0],[614949.1502104,9762659.4805097,0.0],[614949.7064038,9762661.9178544,0.0],[614954.5810931,9762660.8054676,0.0]]]]}},
{"type":"Feature","properties":{"Layer":"SH parqueos ESPOL"},"geometry":{"type":"MultiPolygon","coordinates":[[[[614954.0471474,9762658.4656167,0.0],[614953.490954,9762656.0282721,0.0],[614948.6162647,9762657.1406589,0.0],[614949.1724581,9762659.5780035,0.0],[614954.0471474,9762658.4656167,0.0]]]]}},
{"type":"Feature","properties":{"Layer":"SH parqueos ESPOL"},"geometry":{"type":"MultiPolygon","coordinates":[[[[614960.9884411,9762688.8836778,0.0],[614960.4322477,9762686.4463332,0.0],[614955.5575584,9762687.55872,0.0],[614956.1137518,9762689.9960646,0.0],[614960.9884411,9762688.8836778,0.0]]]]}},
{"type":"Feature","properties":{"Layer":"SH parqueos ESPOL"},"geometry":{"type":"MultiPolygon","coordinates":[[[[614939.0936837,9762646.6884661,0.0],[614938.7587196,9762644.2110079,0.0],[614933.8038032,9762644.8809361,0.0],[614934.1387673,9762647.3583943,0.0],[614939.0936837,9762646.6884661,0.0]]]]}},
{"type":"Feature","properties":{"Layer":"SH parqueos ESPOL"},"geometry":{"type":"MultiPolygon","coordinates":[[[[614939.4152492,9762649.066826,0.0],[614939.0802851,9762646.5893678,0.0],[614934.1253687,9762647.2592959,0.0],[614934.4603328,9762649.7367541,0.0],[614939.4152492,9762649.066826,0.0]]]]}},
{"type":"Feature","properties":{"Layer":"SH parqueos ESPOL"},"geometry":{"type":"MultiPolygon","coordinates":[[[[614939.7368147,9762651.4451859,0.0],[614939.4018506,9762648.9677277,0.0],[614934.4469342,9762649.6376558,0.0],[614934.7818983,9762652.115114,0.0],[614939.7368147,9762651.4451859,0.0]]]]}},
{"type":"Feature","properties":{"Layer":"SH parqueos ESPOL"},"geometry":{"type":"MultiPolygon","coordinates":[[[[614940.0583802,9762653.8235457,0.0],[614939.7234161,9762651.3460875,0.0],[614934.7684997,9762652.0160157,0.0],[614935.1034638,9762654.4934738,0.0],[614940.0583802,9762653.8235457,0.0]]]]}},
{"type":"Feature","properties":{"Layer":"SH parqueos ESPOL"},"geometry":{"type":"MultiPolygon","coordinates":[[[[614940.3799457,9762656.2019056,0.0],[614940.0449816,9762653.7244474,0.0],[614935.0900652,9762654.3943755,0.0],[614935.4250293,9762656.8718337,0.0],[614940.3799457,9762656.2019056,0.0]]]]}},
{"type":"Feature","properties":{"Layer":"SH parqueos ESPOL"},"geometry":{"type":"MultiPolygon","coordinates":[[[[614940.7015112,9762658.5802654,0.0],[614940.3665471,9762656.1028073,0.0],[614935.4116307,9762656.7727354,0.0],[614935.7465948,9762659.2501936,0.0],[614940.7015112,9762658.5802654,0.0]]]]}},
{"type":"Feature","properties":{"Layer":"SH parqueos ESPOL"},"geometry":{"type":"MultiPolygon","coordinates":[[[[614941.0230767,9762660.9586253,0.0],[614940.6881126,9762658.4811671,0.0],[614935.7331962,9762659.1510953,0.0],[614936.0681603,9762661.6285534,0.0],[614941.0230767,9762660.9586253,0.0]]]]}},
{"type":"Feature","properties":{"Layer":"SH parqueos ESPOL"},"geometry":{"type":"MultiPolygon","coordinates":[[[[614941.3980962,9762663.3291689,0.0],[614941.0096781,9762660.859527,0.0],[614936.0703942,9762661.6363632,0.0],[614936.4588123,9762664.1060051,0.0],[614941.3980962,9762663.3291689,0.0]]]]}},
{"type":"Feature","properties":{"Layer":"SH parqueos ESPOL"},"geometry":{"type":"MultiPolygon","coordinates":[[[[614941.8202829,9762665.6917646,0.0],[614941.3825595,9762663.2303833,0.0],[614936.4597967,9762664.10583,0.0],[614936.8975201,9762666.5672114,0.0],[614941.8202829,9762665.6917646,0.0]]]]}},
{"type":"Feature","properties":{"Layer":"SH parqueos ESPOL"},"geometry":{"type":"MultiPolygon","coordinates":[[[[614942.2896276,9762668.0454459,0.0],[614941.8027739,9762665.5933094,0.0],[614936.8985009,9762666.5670167,0.0],[614937.3853545,9762669.0191532,0.0],[614942.2896276,9762668.0454459,0.0]]]]}},
{"type":"Feature","properties":{"Layer":"SH parqueos ESPOL"},"geometry":{"type":"MultiPolygon","coordinates":[[[[614942.8147079,9762670.3873319,0.0],[614942.2701534,9762667.9473605,0.0],[614937.3902106,9762669.0364694,0.0],[614937.9347651,9762671.4764408,0.0],[614942.8147079,9762670.3873319,0.0]]]]}},
{"type":"Feature","properties":{"Layer":"SH parqueos ESPOL"},"geometry":{"type":"MultiPolygon","coordinates":[[[[614943.386161,9762672.7183276,0.0],[614942.7929257,9762670.289733,0.0],[614937.9357364,9762671.4762035,0.0],[614938.5289717,9762673.9047981,0.0],[614943.386161,9762672.7183276,0.0]]]]}},
{"type":"Feature","properties":{"Layer":"SH parqueos ESPOL"},"geometry":{"type":"MultiPolygon","coordinates":[[[[614944.0036237,9762675.0396079,0.0],[614943.3629014,9762672.6231073,0.0],[614938.5299003,9762673.9045519,0.0],[614939.1706226,9762676.3210525,0.0],[614944.0036237,9762675.0396079,0.0]]]]}},
{"type":"Feature","properties":{"Layer":"SH parqueos ESPOL"},"geometry":{"type":"MultiPolygon","coordinates":[[[[614944.6669093,9762677.3461534,0.0],[614943.9779948,9762674.9429478,0.0],[614939.1715838,9762676.3207769,0.0],[614939.8604983,9762678.7239825,0.0],[614944.6669093,9762677.3461534,0.0]]]]}},
{"type":"Feature","properties":{"Layer":"SH parqueos ESPOL"},"geometry":{"type":"MultiPolygon","coordinates":[[[[614945.3761841,9762679.6389746,0.0],[614944.6393528,9762677.2500251,0.0],[614939.8614538,9762678.7236878,0.0],[614940.5982851,9762681.1126372,0.0],[614945.3761841,9762679.6389746,0.0]]]]}},
{"type":"Feature","properties":{"Layer":"SH parqueos ESPOL"},"geometry":{"type":"MultiPolygon","coordinates":[[[[615017.0515557,9762654.4097858,0.0],[615017.1934403,9762651.9138153,0.0],[615012.2014993,9762651.6300461,0.0],[615012.0596147,9762654.1260166,0.0],[615017.0515557,9762654.4097858,0.0]]]]}},
{"type":"Feature","properties":{"Layer":"SH parqueos ESPOL"},"geometry":{"type":"MultiPolygon","coordinates":[[[[615017.1873361,9762652.0211986,0.0],[615017.3292207,9762649.5252281,0.0],[615012.3372797,9762649.2414588,0.0],[615012.1953951,9762651.7374293,0.0],[615017.1873361,9762652.0211986,0.0]]]]}},
{"type":"Feature","properties":{"Layer":"SH parqueos ESPOL"},"geometry":{"type":"MultiPolygon","coordinates":[[[[615009.010364,9762639.2813544,0.0],[615006.5105201,9762639.3092964,0.0],[615006.566404,9762644.3089841,0.0],[615009.0662479,9762644.2810421,0.0],[615009.010364,9762639.2813544,0.0]]]]}},
{"type":"Feature","properties":{"Layer":"SH parqueos ESPOL"},"geometry":{"type":"MultiPolygon","coordinates":[[[[615011.4102141,9762639.2545301,0.0],[615008.9103702,9762639.2824721,0.0],[615008.9662541,9762644.2821598,0.0],[615011.466098,9762644.2542178,0.0],[615011.4102141,9762639.2545301,0.0]]]]}},
{"type":"Feature","properties":{"Layer":"SH parqueos ESPOL"},"geometry":{"type":"MultiPolygon","coordinates":[[[[615013.8100642,9762639.2277059,0.0],[615011.3102203,9762639.2556478,0.0],[615011.3661042,9762644.2553355,0.0],[615013.8659481,9762644.2273936,0.0],[615013.8100642,9762639.2277059,0.0]]]]}},
{"type":"Feature","properties":{"Layer":"SH parqueos ESPOL"},"geometry":{"type":"MultiPolygon","coordinates":[[[[615016.2099143,9762639.2008816,0.0],[615013.7100704,9762639.2288235,0.0],[615013.7659543,9762644.2285112,0.0],[615016.2657982,9762644.2005693,0.0],[615016.2099143,9762639.2008816,0.0]]]]}},
{"type":"Feature","properties":{"Layer":"SH parqueos ESPOL"},"geometry":{"type":"MultiPolygon","coordinates":[[[[615008.9278915,9762631.9029045,0.0],[615006.4280477,9762631.9308464,0.0],[615006.4839316,9762636.9305341,0.0],[615008.9837754,9762636.9025922,0.0],[615008.9278915,9762631.9029045,0.0]]]]}},
{"type":"Feature","properties":{"Layer":"SH parqueos ESPOL"},"geometry":{"type":"MultiPolygon","coordinates":[[[[615011.3277416,9762631.8760802,0.0],[615008.8278978,9762631.9040222,0.0],[615008.8837817,9762636.9037099,0.0],[615011.3836255,9762636.8757679,0.0],[615011.3277416,9762631.8760802,0.0]]]]}},
{"type":"Feature","properties":{"Layer":"SH parqueos ESPOL"},"geometry":{"type":"MultiPolygon","coordinates":[[[[615013.7275917,9762631.8492559,0.0],[615011.2277479,9762631.8771979,0.0],[615011.2836318,9762636.8768856,0.0],[615013.7834756,9762636.8489436,0.0],[615013.7275917,9762631.8492559,0.0]]]]}},
{"type":"Feature","properties":{"Layer":"SH parqueos ESPOL"},"geometry":{"type":"MultiPolygon","coordinates":[[[[615016.1274418,9762631.8224317,0.0],[615013.627598,9762631.8503736,0.0],[615013.6834819,9762636.8500613,0.0],[615016.1833257,9762636.8221194,0.0],[615016.1274418,9762631.8224317,0.0]]]]}},
{"type":"Feature","properties":{"Layer":"SH parqueos ESPOL"},"geometry":{"type":"MultiPolygon","coordinates":[[[[615004.1281913,9762631.956553,0.0],[615001.6283475,9762631.984495,0.0],[615001.6842314,9762636.9841827,0.0],[615004.1840752,9762636.9562407,0.0],[615004.1281913,9762631.956553,0.0]]]]}},
{"type":"Feature","properties":{"Layer":"SH parqueos ESPOL"},"geometry":{"type":"MultiPolygon","coordinates":[[[[615006.5280414,9762631.9297288,0.0],[615004.0281976,9762631.9576707,0.0],[615004.0840815,9762636.9573584,0.0],[615006.5839253,9762636.9294165,0.0],[615006.5280414,9762631.9297288,0.0]]]]}},
{"type":"Feature","properties":{"Layer":"SH parqueos ESPOL"},"geometry":{"type":"MultiPolygon","coordinates":[[[[615013.4310026,9762621.5830577,0.0],[615010.9311587,9762621.6109997,0.0],[615010.9870426,9762626.6106874,0.0],[615013.4868865,9762626.5827454,0.0],[615013.4310026,9762621.5830577,0.0]]]]}},
{"type":"Feature","properties":{"Layer":"SH parqueos ESPOL"},"geometry":{"type":"MultiPolygon","coordinates":[[[[615015.8308527,9762621.5562334,0.0],[615013.3310088,9762621.5841754,0.0],[615013.3868927,9762626.5838631,0.0],[615015.8867366,9762626.5559211,0.0],[615015.8308527,9762621.5562334,0.0]]]]}},
{"type":"Feature","properties":{"Layer":"SH parqueos ESPOL"},"geometry":{"type":"MultiPolygon","coordinates":[[[[615018.2307028,9762621.5294092,0.0],[615015.7308589,9762621.5573511,0.0],[615015.7867428,9762626.5570388,0.0],[615018.2865867,9762626.5290969,0.0],[615018.2307028,9762621.5294092,0.0]]]]}},
{"type":"Feature","properties":{"Layer":"SH parqueos ESPOL"},"geometry":{"type":"MultiPolygon","coordinates":[[[[615020.6305529,9762621.5025849,0.0],[615018.130709,9762621.5305268,0.0],[615018.1865929,9762626.5302145,0.0],[615020.6864368,9762626.5022726,0.0],[615020.6305529,9762621.5025849,0.0]]]]}},
{"type":"Feature","properties":{"Layer":"SH parqueos ESPOL"},"geometry":{"type":"MultiPolygon","coordinates":[[[[615022.8886455,9762610.0617227,0.0],[615020.3888017,9762610.0896647,0.0],[615020.4446856,9762615.0893524,0.0],[615022.9445294,9762615.0614104,0.0],[615022.8886455,9762610.0617227,0.0]]]]}},
{"type":"Feature","properties":{"Layer":"SH parqueos ESPOL"},"geometry":{"type":"MultiPolygon","coordinates":[[[[615025.2884956,9762610.0348984,0.0],[615022.7886518,9762610.0628404,0.0],[615022.8445357,9762615.0625281,0.0],[615025.3443795,9762615.0345862,0.0],[615025.2884956,9762610.0348984,0.0]]]]}},
{"type":"Feature","properties":{"Layer":"SH parqueos ESPOL"},"geometry":{"type":"MultiPolygon","coordinates":[[[[615027.6883457,9762610.0080742,0.0],[615025.1885019,9762610.0360161,0.0],[615025.2443858,9762615.0357038,0.0],[615027.7442296,9762615.0077619,0.0],[615027.6883457,9762610.0080742,0.0]]]]}},
{"type":"Feature","properties":{"Layer":"SH parqueos ESPOL"},"geometry":{"type":"MultiPolygon","coordinates":[[[[615030.0881958,9762609.9812499,0.0],[615027.588352,9762610.0091919,0.0],[615027.6442359,9762615.0088795,0.0],[615030.1440797,9762614.9809376,0.0],[615030.0881958,9762609.9812499,0.0]]]]}},
{"type":"Feature","properties":{"Layer":"SH parqueos ESPOL"},"geometry":{"type":"MultiPolygon","coordinates":[[[[615018.0889454,9762610.1153713,0.0],[615015.5891015,9762610.1433132,0.0],[615015.6449854,9762615.1430009,0.0],[615018.1448293,9762615.115059,0.0],[615018.0889454,9762610.1153713,0.0]]]]}},
{"type":"Feature","properties":{"Layer":"SH parqueos ESPOL"},"geometry":{"type":"MultiPolygon","coordinates":[[[[615020.4887955,9762610.088547,0.0],[615017.9889516,9762610.116489,0.0],[615018.0448355,9762615.1161766,0.0],[615020.5446794,9762615.0882347,0.0],[615020.4887955,9762610.088547,0.0]]]]}},
{"type":"Feature","properties":{"Layer":"SH parqueos ESPOL"},"geometry":{"type":"MultiPolygon","coordinates":[[[[615032.4880459,9762609.9544256,0.0],[615029.9882021,9762609.9823676,0.0],[615030.044086,9762614.9820553,0.0],[615032.5439298,9762614.9541133,0.0],[615032.4880459,9762609.9544256,0.0]]]]}},
{"type":"Feature","properties":{"Layer":"SH parqueos ESPOL"},"geometry":{"type":"MultiPolygon","coordinates":[[[[615035.407132,9762582.2532871,0.0],[615032.9728892,9762581.6836716,0.0],[615031.8336581,9762586.5521573,0.0],[615034.267901,9762587.1217728,0.0],[615035.407132,9762582.2532871,0.0]]]]}},
{"type":"Feature","properties":{"Layer":"SH parqueos ESPOL"},"geometry":{"type":"MultiPolygon","coordinates":[[[[615033.0702589,9762581.7064562,0.0],[615030.636016,9762581.1368407,0.0],[615029.496785,9762586.0053264,0.0],[615031.9310278,9762586.5749419,0.0],[615033.0702589,9762581.7064562,0.0]]]]}},
{"type":"Feature","properties":{"Layer":"SH parqueos ESPOL"},"geometry":{"type":"MultiPolygon","coordinates":[[[[615030.7333858,9762581.1596253,0.0],[615028.2991429,9762580.5900098,0.0],[615027.1599119,9762585.4584955,0.0],[615029.5941547,9762586.028111,0.0],[615030.7333858,9762581.1596253,0.0]]]]}},
{"type":"Feature","properties":{"Layer":"SH parqueos ESPOL"},"geometry":{"type":"MultiPolygon","coordinates":[[[[615028.3965126,9762580.6127944,0.0],[615025.9622698,9762580.0431789,0.0],[615024.8230388,9762584.9116646,0.0],[615027.2572816,9762585.4812801,0.0],[615028.3965126,9762580.6127944,0.0]]]]}},
{"type":"Feature","properties":{"Layer":"SH parqueos ESPOL"},"geometry":{"type":"MultiPolygon","coordinates":[[[[615061.9367421,9762588.1353504,0.0],[615059.4974707,9762587.5876689,0.0],[615058.4021077,9762592.4662117,0.0],[615060.8413791,9762593.0138932,0.0],[615061.9367421,9762588.1353504,0.0]]]]}},
{"type":"Feature","properties":{"Layer":"SH parqueos ESPOL"},"geometry":{"type":"MultiPolygon","coordinates":[[[[615059.5950415,9762587.6095761,0.0],[615057.1557701,9762587.0618946,0.0],[615056.0604071,9762591.9404374,0.0],[615058.4996785,9762592.4881189,0.0],[615059.5950415,9762587.6095761,0.0]]]]}},
{"type":"Feature","properties":{"Layer":"SH parqueos ESPOL"},"geometry":{"type":"MultiPolygon","coordinates":[[[[615057.253341,9762587.0838019,0.0],[615054.8140696,9762586.5361204,0.0],[615053.7187066,9762591.4146632,0.0],[615056.157978,9762591.9623447,0.0],[615057.253341,9762587.0838019,0.0]]]]}},
{"type":"Feature","properties":{"Layer":"SH parqueos ESPOL"},"geometry":{"type":"MultiPolygon","coordinates":[[[[615054.9116404,9762586.5580276,0.0],[615052.472369,9762586.0103461,0.0],[615051.377006,9762590.8888889,0.0],[615053.8162774,9762591.4365705,0.0],[615054.9116404,9762586.5580276,0.0]]]]}},
{"type":"Feature","properties":{"Layer":"SH parqueos ESPOL"},"geometry":{"type":"MultiPolygon","coordinates":[[[[615052.5699399,9762586.0322534,0.0],[615050.1306685,9762585.4845719,0.0],[615049.0353055,9762590.3631147,0.0],[615051.4745769,9762590.9107962,0.0],[615052.5699399,9762586.0322534,0.0]]]]}},
{"type":"Feature","properties":{"Layer":"SH parqueos ESPOL"},"geometry":{"type":"MultiPolygon","coordinates":[[[[615050.2282394,9762585.5064792,0.0],[615047.788968,9762584.9587977,0.0],[615046.693605,9762589.8373405,0.0],[615049.1328764,9762590.385022,0.0],[615050.2282394,9762585.5064792,0.0]]]]}},
{"type":"Feature","properties":{"Layer":"SH parqueos ESPOL"},"geometry":{"type":"MultiPolygon","coordinates":[[[[615047.8865388,9762584.9807049,0.0],[615045.4472674,9762584.4330234,0.0],[615044.3519044,9762589.3115662,0.0],[615046.7911758,9762589.8592477,0.0],[615047.8865388,9762584.9807049,0.0]]]]}},
{"type":"Feature","properties":{"Layer":"SH parqueos ESPOL"},"geometry":{"type":"MultiPolygon","coordinates":[[[[615082.7908672,9762582.877608,0.0],[615080.3912521,9762583.5789264,0.0],[615081.7938888,9762588.3781565,0.0],[615084.1935039,9762587.6768382,0.0],[615082.7908672,9762582.877608,0.0]]]]}},
{"type":"Feature","properties":{"Layer":"SH parqueos ESPOL"},"geometry":{"type":"MultiPolygon","coordinates":[[[[615080.4872367,9762583.5508736,0.0],[615078.0876216,9762584.252192,0.0],[615079.4902584,9762589.0514222,0.0],[615081.8898734,9762588.3501038,0.0],[615080.4872367,9762583.5508736,0.0]]]]}},
{"type":"Feature","properties":{"Layer":"SH parqueos ESPOL"},"geometry":{"type":"MultiPolygon","coordinates":[[[[615078.1836062,9762584.2241393,0.0],[615075.7839911,9762584.9254576,0.0],[615077.1866279,9762589.7246878,0.0],[615079.586243,9762589.0233695,0.0],[615078.1836062,9762584.2241393,0.0]]]]}},
{"type":"Feature","properties":{"Layer":"SH parqueos ESPOL"},"geometry":{"type":"MultiPolygon","coordinates":[[[[615075.8799757,9762584.8974049,0.0],[615073.4803607,9762585.5987233,0.0],[615074.8829974,9762590.3979535,0.0],[615077.2826125,9762589.6966351,0.0],[615075.8799757,9762584.8974049,0.0]]]]}},
{"type":"Feature","properties":{"Layer":"SH parqueos ESPOL"},"geometry":{"type":"MultiPolygon","coordinates":[[[[615073.5763453,9762585.5706705,0.0],[615071.1767302,9762586.2719889,0.0],[615072.5793669,9762591.0712191,0.0],[615074.978982,9762590.3699007,0.0],[615073.5763453,9762585.5706705,0.0]]]]}},
{"type":"Feature","properties":{"Layer":"SH parqueos ESPOL"},"geometry":{"type":"MultiPolygon","coordinates":[[[[615071.2727148,9762586.2439362,0.0],[615068.8730997,9762586.9452545,0.0],[615070.2757364,9762591.7444847,0.0],[615072.6753515,9762591.0431664,0.0],[615071.2727148,9762586.2439362,0.0]]]]}},
{"type":"Feature","properties":{"Layer":"SH parqueos ESPOL"},"geometry":{"type":"MultiPolygon","coordinates":[[[[615068.9690843,9762586.9172018,0.0],[615066.5694692,9762587.6185202,0.0],[615067.972106,9762592.4177504,0.0],[615070.371721,9762591.716432,0.0],[615068.9690843,9762586.9172018,0.0]]]]}},
{"type":"Feature","properties":{"Layer":"SH parqueos ESPOL"},"geometry":{"type":"MultiPolygon","coordinates":[[[[615084.6729582,9762580.7620125,0.0],[615082.2733431,9762581.4633309,0.0],[615083.6759799,9762586.262561,0.0],[615086.0755949,9762585.5612427,0.0],[615084.6729582,9762580.7620125,0.0]]]]}},
{"type":"Feature","properties":{"Layer":"SH parqueos ESPOL"},"geometry":{"type":"MultiPolygon","coordinates":[[[[615086.4819156,9762578.3961848,0.0],[615084.0823006,9762579.0975032,0.0],[615085.4849373,9762583.8967333,0.0],[615087.8845524,9762583.195415,0.0],[615086.4819156,9762578.3961848,0.0]]]]}},
{"type":"Feature","properties":{"Layer":"SH parqueos ESPOL"},"geometry":{"type":"MultiPolygon","coordinates":[[[[615088.2913361,9762576.0319415,0.0],[615085.8917211,9762576.7332599,0.0],[615087.2943578,9762581.53249,0.0],[615089.6939729,9762580.8311717,0.0],[615088.2913361,9762576.0319415,0.0]]]]}},
{"type":"Feature","properties":{"Layer":"SH parqueos ESPOL"},"geometry":{"type":"MultiPolygon","coordinates":[[[[615090.1149317,9762573.7161993,0.0],[615087.7153167,9762574.4175177,0.0],[615089.1179534,9762579.2167479,0.0],[615091.5175685,9762578.5154295,0.0],[615090.1149317,9762573.7161993,0.0]]]]}},
{"type":"Feature","properties":{"Layer":"SH parqueos ESPOL"},"geometry":{"type":"MultiPolygon","coordinates":[[[[615024.5968487,9762567.6526084,0.0],[615022.263577,9762568.5502962,0.0],[615024.0589526,9762573.2168395,0.0],[615026.3922243,9762572.3191517,0.0],[615024.5968487,9762567.6526084,0.0]]]]}},
{"type":"Feature","properties":{"Layer":"SH parqueos ESPOL"},"geometry":{"type":"MultiPolygon","coordinates":[[[[615026.8367895,9762566.7908281,0.0],[615024.5035178,9762567.6885159,0.0],[615026.2988934,9762572.3550592,0.0],[615028.6321651,9762571.4573714,0.0],[615026.8367895,9762566.7908281,0.0]]]]}},
{"type":"Feature","properties":{"Layer":"SH parqueos ESPOL"},"geometry":{"type":"MultiPolygon","coordinates":[[[[615029.0767302,9762565.9290478,0.0],[615026.7434586,9762566.8267356,0.0],[615028.5388342,9762571.4932789,0.0],[615030.8721059,9762570.5955911,0.0],[615029.0767302,9762565.9290478,0.0]]]]}},
{"type":"Feature","properties":{"Layer":"SH parqueos ESPOL"},"geometry":{"type":"MultiPolygon","coordinates":[[[[615031.316671,9762565.0672675,0.0],[615028.9833994,9762565.9649553,0.0],[615030.778775,9762570.6314986,0.0],[615033.1120466,9762569.7338108,0.0],[615031.316671,9762565.0672675,0.0]]]]}},
{"type":"Feature","properties":{"Layer":"SH parqueos ESPOL"},"geometry":{"type":"MultiPolygon","coordinates":[[[[615033.5566118,9762564.2054872,0.0],[615031.2233402,9762565.103175,0.0],[615033.0187158,9762569.7697183,0.0],[615035.3519874,9762568.8720305,0.0],[615033.5566118,9762564.2054872,0.0]]]]}},
{"type":"Feature","properties":{"Layer":"SH parqueos ESPOL"},"geometry":{"type":"MultiPolygon","coordinates":[[[[615035.7965526,9762563.3437069,0.0],[615033.4632809,9762564.2413947,0.0],[615035.2586566,9762568.907938,0.0],[615037.5919282,9762568.0102502,0.0],[615035.7965526,9762563.3437069,0.0]]]]}},
{"type":"Feature","properties":{"Layer":"SH parqueos ESPOL"},"geometry":{"type":"MultiPolygon","coordinates":[[[[615038.0364934,9762562.4819266,0.0],[615035.7032217,9762563.3796144,0.0],[615037.4985974,9762568.0461577,0.0],[615039.831869,9762567.1484699,0.0],[615038.0364934,9762562.4819266,0.0]]]]}},
{"type":"Feature","properties":{"Layer":"SH parqueos ESPOL"},"geometry":{"type":"MultiPolygon","coordinates":[[[[615022.8373805,9762563.0793959,0.0],[615020.5041089,9762563.9770838,0.0],[615022.2994845,9762568.6436271,0.0],[615024.6327562,9762567.7459393,0.0],[615022.8373805,9762563.0793959,0.0]]]]}},
{"type":"Feature","properties":{"Layer":"SH parqueos ESPOL"},"geometry":{"type":"MultiPolygon","coordinates":[[[[615025.0773213,9762562.2176156,0.0],[615022.7440497,9762563.1153035,0.0],[615024.5394253,9762567.7818468,0.0],[615026.872697,9762566.884159,0.0],[615025.0773213,9762562.2176156,0.0]]]]}},
{"type":"Feature","properties":{"Layer":"SH parqueos ESPOL"},"geometry":{"type":"MultiPolygon","coordinates":[[[[615027.3172621,9762561.3558353,0.0],[615024.9839905,9762562.2535232,0.0],[615026.7793661,9762566.9200665,0.0],[615029.1126377,9762566.0223787,0.0],[615027.3172621,9762561.3558353,0.0]]]]}},
{"type":"Feature","properties":{"Layer":"SH parqueos ESPOL"},"geometry":{"type":"MultiPolygon","coordinates":[[[[615029.5572029,9762560.494055,0.0],[615027.2239313,9762561.3917429,0.0],[615029.0193069,9762566.0582862,0.0],[615031.3525785,9762565.1605984,0.0],[615029.5572029,9762560.494055,0.0]]]]}},
{"type":"Feature","properties":{"Layer":"SH parqueos ESPOL"},"geometry":{"type":"MultiPolygon","coordinates":[[[[615031.7971437,9762559.6322747,0.0],[615029.463872,9762560.5299626,0.0],[615031.2592477,9762565.1965059,0.0],[615033.5925193,9762564.2988181,0.0],[615031.7971437,9762559.6322747,0.0]]]]}},
{"type":"Feature","properties":{"Layer":"SH parqueos ESPOL"},"geometry":{"type":"MultiPolygon","coordinates":[[[[615034.0370845,9762558.7704944,0.0],[615031.7038128,9762559.6681823,0.0],[615033.4991884,9762564.3347256,0.0],[615035.8324601,9762563.4370378,0.0],[615034.0370845,9762558.7704944,0.0]]]]}},
{"type":"Feature","properties":{"Layer":"SH parqueos ESPOL"},"geometry":{"type":"MultiPolygon","coordinates":[[[[615036.2770253,9762557.9087141,0.0],[615033.9437536,9762558.806402,0.0],[615035.7391292,9762563.4729453,0.0],[615038.0724009,9762562.5752575,0.0],[615036.2770253,9762557.9087141,0.0]]]]}},
{"type":"Feature","properties":{"Layer":"SH parqueos ESPOL"},"geometry":{"type":"MultiPolygon","coordinates":[[[[615016.7466424,9762552.8273179,0.0],[615014.4133707,9762553.7250058,0.0],[615016.2087464,9762558.3915491,0.0],[615018.542018,9762557.4938613,0.0],[615016.7466424,9762552.8273179,0.0]]]]}},
{"type":"Feature","properties":{"Layer":"SH parqueos ESPOL"},"geometry":{"type":"MultiPolygon","coordinates":[[[[615018.9865832,9762551.9655376,0.0],[615016.6533115,9762552.8632255,0.0],[615018.4486872,9762557.5297688,0.0],[615020.7819588,9762556.632081,0.0],[615018.9865832,9762551.9655376,0.0]]]]}},
{"type":"Feature","properties":{"Layer":"SH parqueos ESPOL"},"geometry":{"type":"MultiPolygon","coordinates":[[[[615021.226524,9762551.1037573,0.0],[615018.8932523,9762552.0014452,0.0],[615020.6886279,9762556.6679885,0.0],[615023.0218996,9762555.7703007,0.0],[615021.226524,9762551.1037573,0.0]]]]}},
{"type":"Feature","properties":{"Layer":"SH parqueos ESPOL"},"geometry":{"type":"MultiPolygon","coordinates":[[[[615023.4664647,9762550.241977,0.0],[615021.1331931,9762551.1396649,0.0],[615022.9285687,9762555.8062082,0.0],[615025.2618404,9762554.9085204,0.0],[615023.4664647,9762550.241977,0.0]]]]}},
{"type":"Feature","properties":{"Layer":"SH parqueos ESPOL"},"geometry":{"type":"MultiPolygon","coordinates":[[[[615025.7064055,9762549.3801967,0.0],[615023.3731339,9762550.2778846,0.0],[615025.1685095,9762554.9444279,0.0],[615027.5017812,9762554.0467401,0.0],[615025.7064055,9762549.3801967,0.0]]]]}},
{"type":"Feature","properties":{"Layer":"SH parqueos ESPOL"},"geometry":{"type":"MultiPolygon","coordinates":[[[[615027.9463463,9762548.5184164,0.0],[615025.6130747,9762549.4161043,0.0],[615027.4084503,9762554.0826476,0.0],[615029.7417219,9762553.1849598,0.0],[615027.9463463,9762548.5184164,0.0]]]]}},
{"type":"Feature","properties":{"Layer":"SH parqueos ESPOL"},"geometry":{"type":"MultiPolygon","coordinates":[[[[615030.1862871,9762547.6566361,0.0],[615027.8530155,9762548.554324,0.0],[615029.6483911,9762553.2208673,0.0],[615031.9816627,9762552.3231795,0.0],[615030.1862871,9762547.6566361,0.0]]]]}},
{"type":"Feature","properties":{"Layer":"SH parqueos ESPOL"},"geometry":{"type":"MultiPolygon","coordinates":[[[[615038.614152,9762547.1482264,0.0],[615036.2704042,9762546.2782572,0.0],[615034.5304658,9762550.9657528,0.0],[615036.8742136,9762551.835722,0.0],[615038.614152,9762547.1482264,0.0]]]]}},
{"type":"Feature","properties":{"Layer":"SH parqueos ESPOL"},"geometry":{"type":"MultiPolygon","coordinates":[[[[615040.8641498,9762547.9833969,0.0],[615038.5204021,9762547.1134277,0.0],[615036.7804637,9762551.8009232,0.0],[615039.1242115,9762552.6708924,0.0],[615040.8641498,9762547.9833969,0.0]]]]}},
{"type":"Feature","properties":{"Layer":"SH parqueos ESPOL"},"geometry":{"type":"MultiPolygon","coordinates":[[[[615043.1141477,9762548.8185673,0.0],[615040.7703999,9762547.9485981,0.0],[615039.0304615,9762552.6360936,0.0],[615041.3742093,9762553.5060628,0.0],[615043.1141477,9762548.8185673,0.0]]]]}},
{"type":"Feature","properties":{"Layer":"SH parqueos ESPOL"},"geometry":{"type":"MultiPolygon","coordinates":[[[[615055.2052186,9762571.2132559,0.0],[615054.1292317,9762568.956654,0.0],[615049.6160279,9762571.1086278,0.0],[615050.6920148,9762573.3652297,0.0],[615055.2052186,9762571.2132559,0.0]]]]}},
{"type":"Feature","properties":{"Layer":"SH parqueos ESPOL"},"geometry":{"type":"MultiPolygon","coordinates":[[[[615054.1722712,9762569.046918,0.0],[615053.0962843,9762566.7903161,0.0],[615048.5830805,9762568.94229,0.0],[615049.6590674,9762571.1988919,0.0],[615054.1722712,9762569.046918,0.0]]]]}},
{"type":"Feature","properties":{"Layer":"SH parqueos ESPOL"},"geometry":{"type":"MultiPolygon","coordinates":[[[[615053.1393237,9762566.8805802,0.0],[615052.0633368,9762564.6239783,0.0],[615047.550133,9762566.7759522,0.0],[615048.6261199,9762569.0325541,0.0],[615053.1393237,9762566.8805802,0.0]]]]}},
{"type":"Feature","properties":{"Layer":"SH parqueos ESPOL"},"geometry":{"type":"MultiPolygon","coordinates":[[[[615052.1063763,9762564.7142424,0.0],[615051.0303894,9762562.4576405,0.0],[615046.5171856,9762564.6096143,0.0],[615047.5931725,9762566.8662162,0.0],[615052.1063763,9762564.7142424,0.0]]]]}},
{"type":"Feature","properties":{"Layer":"SH parqueos ESPOL"},"geometry":{"type":"MultiPolygon","coordinates":[[[[615051.0734289,9762562.5479046,0.0],[615049.9974419,9762560.2913027,0.0],[615045.4842381,9762562.4432765,0.0],[615046.560225,9762564.6998784,0.0],[615051.0734289,9762562.5479046,0.0]]]]}},
{"type":"Feature","properties":{"Layer":"SH parqueos ESPOL"},"geometry":{"type":"MultiPolygon","coordinates":[[[[615050.0404814,9762560.3815667,0.0],[615048.9644945,9762558.1249648,0.0],[615044.4512907,9762560.2769387,0.0],[615045.5272776,9762562.5335406,0.0],[615050.0404814,9762560.3815667,0.0]]]]}},
{"type":"Feature","properties":{"Layer":"SH parqueos ESPOL"},"geometry":{"type":"MultiPolygon","coordinates":[[[[615049.007534,9762558.2152289,0.0],[615047.931547,9762555.958627,0.0],[615043.4183432,9762558.1106009,0.0],[615044.4943302,9762560.3672028,0.0],[615049.007534,9762558.2152289,0.0]]]]}},
{"type":"Feature","properties":{"Layer":"SH parqueos ESPOL"},"geometry":{"type":"MultiPolygon","coordinates":[[[[615047.9745865,9762556.0488911,0.0],[615046.8985996,9762553.7922892,0.0],[615042.3853958,9762555.944263,0.0],[615043.4613827,9762558.2008649,0.0],[615047.9745865,9762556.0488911,0.0]]]]}},
{"type":"Feature","properties":{"Layer":"SH parqueos ESPOL"},"geometry":{"type":"MultiPolygon","coordinates":[[[[615096.2621323,9762472.4956101,0.0],[615093.8053882,9762472.958653,0.0],[615094.731474,9762477.8721411,0.0],[615097.188218,9762477.4090982,0.0],[615096.2621323,9762472.4956101,0.0]]]]}},
{"type":"Feature","properties":{"Layer":"SH parqueos ESPOL"},"geometry":{"type":"MultiPolygon","coordinates":[[[[615094.1038409,9762474.0022319,0.0],[615091.6470968,9762474.4652748,0.0],[615092.5731826,9762479.3787629,0.0],[615095.0299267,9762478.91572,0.0],[615094.1038409,9762474.0022319,0.0]]]]}},
{"type":"Feature","properties":{"Layer":"SH parqueos ESPOL"},"geometry":{"type":"MultiPolygon","coordinates":[[[[615091.9455495,9762475.5088536,0.0],[615089.4888054,9762475.9718965,0.0],[615090.4148912,9762480.8853846,0.0],[615092.8716353,9762480.4223417,0.0],[615091.9455495,9762475.5088536,0.0]]]]}},
{"type":"Feature","properties":{"Layer":"SH parqueos ESPOL"},"geometry":{"type":"MultiPolygon","coordinates":[[[[615089.7872581,9762477.0154754,0.0],[615087.330514,9762477.4785183,0.0],[615088.2565998,9762482.3920064,0.0],[615090.7133439,9762481.9289635,0.0],[615089.7872581,9762477.0154754,0.0]]]]}},
{"type":"Feature","properties":{"Layer":"SH parqueos ESPOL"},"geometry":{"type":"MultiPolygon","coordinates":[[[[615087.6289667,9762478.5220972,0.0],[615085.1722227,9762478.9851401,0.0],[615086.0983084,9762483.8986281,0.0],[615088.5550525,9762483.4355852,0.0],[615087.6289667,9762478.5220972,0.0]]]]}},
{"type":"Feature","properties":{"Layer":"SH parqueos ESPOL"},"geometry":{"type":"MultiPolygon","coordinates":[[[[615085.4706753,9762480.0287189,0.0],[615083.0139313,9762480.4917618,0.0],[615083.9400171,9762485.4052499,0.0],[615086.3967611,9762484.942207,0.0],[615085.4706753,9762480.0287189,0.0]]]]}},
{"type":"Feature","properties":{"Layer":"SH parqueos ESPOL"},"geometry":{"type":"MultiPolygon","coordinates":[[[[615083.3123839,9762481.5353407,0.0],[615080.8556399,9762481.9983836,0.0],[615081.7817257,9762486.9118717,0.0],[615084.2384697,9762486.4488288,0.0],[615083.3123839,9762481.5353407,0.0]]]]}},
{"type":"Feature","properties":{"Layer":"SH parqueos ESPOL"},"geometry":{"type":"MultiPolygon","coordinates":[[[[615081.1540925,9762483.0419624,0.0],[615078.6973485,9762483.5050053,0.0],[615079.6234343,9762488.4184934,0.0],[615082.0801783,9762487.9554505,0.0],[615081.1540925,9762483.0419624,0.0]]]]}},
{"type":"Feature","properties":{"Layer":"SH parqueos ESPOL"},"geometry":{"type":"MultiPolygon","coordinates":[[[[615117.6650149,9762491.9688429,0.0],[615115.1755813,9762491.7392336,0.0],[615114.7163628,9762496.7181008,0.0],[615117.2057964,9762496.94771,0.0],[615117.6650149,9762491.9688429,0.0]]]]}},
{"type":"Feature","properties":{"Layer":"SH parqueos ESPOL"},"geometry":{"type":"MultiPolygon","coordinates":[[[[615115.0005544,9762493.8276191,0.0],[615112.5111208,9762493.5980098,0.0],[615112.0519023,9762498.576877,0.0],[615114.5413358,9762498.8064863,0.0],[615115.0005544,9762493.8276191,0.0]]]]}},
{"type":"Feature","properties":{"Layer":"SH parqueos ESPOL"},"geometry":{"type":"MultiPolygon","coordinates":[[[[615112.3762199,9762495.8989327,0.0],[615109.8867863,9762495.6693234,0.0],[615109.4275678,9762500.6481906,0.0],[615111.9170014,9762500.8777999,0.0],[615112.3762199,9762495.8989327,0.0]]]]}},
{"type":"Feature","properties":{"Layer":"SH parqueos ESPOL"},"geometry":{"type":"MultiPolygon","coordinates":[[[[615107.0194722,9762499.4480829,0.0],[615104.5300386,9762499.2184737,0.0],[615104.0708201,9762504.1973408,0.0],[615106.5602537,9762504.4269501,0.0],[615107.0194722,9762499.4480829,0.0]]]]}},
{"type":"Feature","properties":{"Layer":"SH parqueos ESPOL"},"geometry":{"type":"MultiPolygon","coordinates":[[[[615109.6879249,9762497.5579766,0.0],[615107.1984913,9762497.3283674,0.0],[615106.7392728,9762502.3072345,0.0],[615109.2287064,9762502.5368438,0.0],[615109.6879249,9762497.5579766,0.0]]]]}},
{"type":"Feature","properties":{"Layer":"SH parqueos ESPOL"},"geometry":{"type":"MultiPolygon","coordinates":[[[[615104.1531843,9762501.4484898,0.0],[615101.6637507,9762501.2188805,0.0],[615101.2045322,9762506.1977477,0.0],[615103.6939658,9762506.427357,0.0],[615104.1531843,9762501.4484898,0.0]]]]}},
{"type":"Feature","properties":{"Layer":"SH parqueos ESPOL"},"geometry":{"type":"MultiPolygon","coordinates":[[[[615101.4233149,9762503.323979,0.0],[615098.9338813,9762503.0943698,0.0],[615098.4746628,9762508.0732369,0.0],[615100.9640964,9762508.3028462,0.0],[615101.4233149,9762503.323979,0.0]]]]}},
{"type":"Feature","properties":{"Layer":"SH parqueos ESPOL"},"geometry":{"type":"MultiPolygon","coordinates":[[[[615098.7454953,9762505.2005587,0.0],[615096.2560617,9762504.9709495,0.0],[615095.7968432,9762509.9498166,0.0],[615098.2862768,9762510.1794259,0.0],[615098.7454953,9762505.2005587,0.0]]]]}},
{"type":"Feature","properties":{"Layer":"SH parqueos ESPOL"},"geometry":{"type":"MultiPolygon","coordinates":[[[[615095.9356603,9762507.1741121,0.0],[615093.4462267,9762506.9445029,0.0],[615092.9870082,9762511.92337,0.0],[615095.4764418,9762512.1529793,0.0],[615095.9356603,9762507.1741121,0.0]]]]}},
{"type":"Feature","properties":{"Layer":"SH parqueos ESPOL"},"geometry":{"type":"MultiPolygon","coordinates":[[[[615154.9537351,9762499.1590548,0.0],[615152.8183431,9762500.4590937,0.0],[615155.4184208,9762504.7298777,0.0],[615157.5538128,9762503.4298388,0.0],[615154.9537351,9762499.1590548,0.0]]]]}},
{"type":"Feature","properties":{"Layer":"SH parqueos ESPOL"},"geometry":{"type":"MultiPolygon","coordinates":[[[[615156.4061636,9762496.9295092,0.0],[615154.2707716,9762498.2295481,0.0],[615156.8708493,9762502.5003321,0.0],[615159.0062413,9762501.2002932,0.0],[615156.4061636,9762496.9295092,0.0]]]]}},
{"type":"Feature","properties":{"Layer":"SH parqueos ESPOL"},"geometry":{"type":"MultiPolygon","coordinates":[[[[615157.858592,9762494.6999637,0.0],[615155.7232,9762496.0000025,0.0],[615158.3232778,9762500.2707865,0.0],[615160.4586698,9762498.9707477,0.0],[615157.858592,9762494.6999637,0.0]]]]}},
{"type":"Feature","properties":{"Layer":"SH parqueos ESPOL"},"geometry":{"type":"MultiPolygon","coordinates":[[[[615159.3110205,9762492.4704181,0.0],[615157.1756285,9762493.770457,0.0],[615159.7757062,9762498.0412409,0.0],[615161.9110982,9762496.7412021,0.0],[615159.3110205,9762492.4704181,0.0]]]]}},
{"type":"Feature","properties":{"Layer":"SH parqueos ESPOL"},"geometry":{"type":"MultiPolygon","coordinates":[[[[615160.7634489,9762490.2408725,0.0],[615158.628057,9762491.5409114,0.0],[615161.2281347,9762495.8116954,0.0],[615163.3635267,9762494.5116565,0.0],[615160.7634489,9762490.2408725,0.0]]]]}},
{"type":"Feature","properties":{"Layer":"SH parqueos ESPOL"},"geometry":{"type":"MultiPolygon","coordinates":[[[[615162.2158774,9762488.011327,0.0],[615160.0804854,9762489.3113658,0.0],[615162.6805632,9762493.5821498,0.0],[615164.8159551,9762492.2821109,0.0],[615162.2158774,9762488.011327,0.0]]]]}},
{"type":"Feature","properties":{"Layer":"SH parqueos ESPOL"},"geometry":{"type":"MultiPolygon","coordinates":[[[[615163.6683059,9762485.7817814,0.0],[615161.5329139,9762487.0818202,0.0],[615164.1329916,9762491.3526042,0.0],[615166.2683836,9762490.0525654,0.0],[615163.6683059,9762485.7817814,0.0]]]]}},
{"type":"Feature","properties":{"Layer":"SH parqueos ESPOL"},"geometry":{"type":"MultiPolygon","coordinates":[[[[615165.1207343,9762483.5522358,0.0],[615162.9853423,9762484.8522747,0.0],[615165.5854201,9762489.1230587,0.0],[615167.7208121,9762487.8230198,0.0],[615165.1207343,9762483.5522358,0.0]]]]}},
{"type":"Feature","properties":{"Layer":"SH parqueos ESPOL"},"geometry":{"type":"MultiPolygon","coordinates":[[[[615166.5731628,9762481.3226902,0.0],[615164.4377708,9762482.6227291,0.0],[615167.0378485,9762486.8935131,0.0],[615169.1732405,9762485.5934742,0.0],[615166.5731628,9762481.3226902,0.0]]]]}},
{"type":"Feature","properties":{"Layer":"SH parqueos ESPOL"},"geometry":{"type":"MultiPolygon","coordinates":[[[[615168.0255913,9762479.0931447,0.0],[615165.8901993,9762480.3931835,0.0],[615168.490277,9762484.6639675,0.0],[615170.625669,9762483.3639287,0.0],[615168.0255913,9762479.0931447,0.0]]]]}},
{"type":"Feature","properties":{"Layer":"SH parqueos ESPOL"},"geometry":{"type":"MultiPolygon","coordinates":[[[[615169.4780197,9762476.8635991,0.0],[615167.3426277,9762478.163638,0.0],[615169.9427055,9762482.4344219,0.0],[615172.0780975,9762481.1343831,0.0],[615169.4780197,9762476.8635991,0.0]]]]}},
{"type":"Feature","properties":{"Layer":"SH parqueos ESPOL"},"geometry":{"type":"MultiPolygon","coordinates":[[[[615136.945736,9762493.8642345,0.0],[615134.9070514,9762495.3112194,0.0],[615137.8010212,9762499.3885886,0.0],[615139.8397057,9762497.9416037,0.0],[615136.945736,9762493.8642345,0.0]]]]}},
{"type":"Feature","properties":{"Layer":"SH parqueos ESPOL"},"geometry":{"type":"MultiPolygon","coordinates":[[[[615138.9028731,9762492.4751291,0.0],[615136.8641886,9762493.9221139,0.0],[615139.7581583,9762497.9994831,0.0],[615141.7968429,9762496.5524982,0.0],[615138.9028731,9762492.4751291,0.0]]]]}},
{"type":"Feature","properties":{"Layer":"SH parqueos ESPOL"},"geometry":{"type":"MultiPolygon","coordinates":[[[[615140.8600103,9762491.0860236,0.0],[615138.8213258,9762492.5330085,0.0],[615141.7152955,9762496.6103776,0.0],[615143.7539801,9762495.1633927,0.0],[615140.8600103,9762491.0860236,0.0]]]]}},
{"type":"Feature","properties":{"Layer":"SH parqueos ESPOL"},"geometry":{"type":"MultiPolygon","coordinates":[[[[615142.8171475,9762489.6969181,0.0],[615140.778463,9762491.143903,0.0],[615143.6724327,9762495.2212721,0.0],[615145.7111173,9762493.7742872,0.0],[615142.8171475,9762489.6969181,0.0]]]]}},
{"type":"Feature","properties":{"Layer":"SH parqueos ESPOL"},"geometry":{"type":"MultiPolygon","coordinates":[[[[615144.7742847,9762488.3078126,0.0],[615142.7356001,9762489.7547975,0.0],[615145.6295699,9762493.8321666,0.0],[615147.6682545,9762492.3851817,0.0],[615144.7742847,9762488.3078126,0.0]]]]}},
{"type":"Feature","properties":{"Layer":"SH parqueos ESPOL"},"geometry":{"type":"MultiPolygon","coordinates":[[[[615146.7314219,9762486.9187071,0.0],[615144.6927373,9762488.365692,0.0],[615147.5867071,9762492.4430611,0.0],[615149.6253917,9762490.9960762,0.0],[615146.7314219,9762486.9187071,0.0]]]]}},
{"type":"Feature","properties":{"Layer":"SH parqueos ESPOL"},"geometry":{"type":"MultiPolygon","coordinates":[[[[615148.6885591,9762485.5296016,0.0],[615146.6498745,9762486.9765865,0.0],[615149.5438443,9762491.0539556,0.0],[615151.5825289,9762489.6069707,0.0],[615148.6885591,9762485.5296016,0.0]]]]}},
{"type":"Feature","properties":{"Layer":"SH parqueos ESPOL"},"geometry":{"type":"MultiPolygon","coordinates":[[[[615150.6456963,9762484.1404961,0.0],[615148.6070117,9762485.587481,0.0],[615151.5009815,9762489.6648501,0.0],[615153.539666,9762488.2178653,0.0],[615150.6456963,9762484.1404961,0.0]]]]}},
{"type":"Feature","properties":{"Layer":"SH parqueos ESPOL"},"geometry":{"type":"MultiPolygon","coordinates":[[[[615152.6028335,9762482.7513906,0.0],[615150.5641489,9762484.1983755,0.0],[615153.4581187,9762488.2757446,0.0],[615155.4968032,9762486.8287598,0.0],[615152.6028335,9762482.7513906,0.0]]]]}},
{"type":"Feature","properties":{"Layer":"SH parqueos ESPOL"},"geometry":{"type":"MultiPolygon","coordinates":[[[[615145.0978115,9762513.4666301,0.0],[615143.7665348,9762515.5826883,0.0],[615147.9986512,9762518.2452417,0.0],[615149.3299279,9762516.1291835,0.0],[615145.0978115,9762513.4666301,0.0]]]]}},
{"type":"Feature","properties":{"Layer":"SH parqueos ESPOL"},"geometry":{"type":"MultiPolygon","coordinates":[[[[615143.8197859,9762515.4980459,0.0],[615142.4885091,9762517.6141041,0.0],[615146.7206255,9762520.2766576,0.0],[615148.0519023,9762518.1605994,0.0],[615143.8197859,9762515.4980459,0.0]]]]}},
{"type":"Feature","properties":{"Layer":"SH parqueos ESPOL"},"geometry":{"type":"MultiPolygon","coordinates":[[[[615142.5417602,9762517.5294618,0.0],[615141.2104835,9762519.64552,0.0],[615145.4425999,9762522.3080735,0.0],[615146.7738766,9762520.1920153,0.0],[615142.5417602,9762517.5294618,0.0]]]]}},
{"type":"Feature","properties":{"Layer":"SH parqueos ESPOL"},"geometry":{"type":"MultiPolygon","coordinates":[[[[615141.2637346,9762519.5608777,0.0],[615139.9324578,9762521.6769359,0.0],[615144.1645743,9762524.3394893,0.0],[615145.495851,9762522.2234311,0.0],[615141.2637346,9762519.5608777,0.0]]]]}},
{"type":"Feature","properties":{"Layer":"SH parqueos ESPOL"},"geometry":{"type":"MultiPolygon","coordinates":[[[[615139.9857089,9762521.5922936,0.0],[615138.6544322,9762523.7083518,0.0],[615142.8865486,9762526.3709052,0.0],[615144.2178253,9762524.254847,0.0],[615139.9857089,9762521.5922936,0.0]]]]}},
{"type":"Feature","properties":{"Layer":"SH parqueos ESPOL"},"geometry":{"type":"MultiPolygon","coordinates":[[[[615138.7076833,9762523.6237094,0.0],[615137.3764066,9762525.7397676,0.0],[615141.608523,9762528.4023211,0.0],[615142.9397997,9762526.2862629,0.0],[615138.7076833,9762523.6237094,0.0]]]]}},
{"type":"Feature","properties":{"Layer":"SH parqueos ESPOL"},"geometry":{"type":"MultiPolygon","coordinates":[[[[615137.4296576,9762525.6551253,0.0],[615136.0983809,9762527.7711835,0.0],[615140.3304973,9762530.4337369,0.0],[615141.661774,9762528.3176787,0.0],[615137.4296576,9762525.6551253,0.0]]]]}},
{"type":"Feature","properties":{"Layer":"SH parqueos ESPOL"},"geometry":{"type":"MultiPolygon","coordinates":[[[[615136.151632,9762527.6865412,0.0],[615134.8203553,9762529.8025994,0.0],[615139.0524717,9762532.4651528,0.0],[615140.3837484,9762530.3490946,0.0],[615136.151632,9762527.6865412,0.0]]]]}},
{"type":"Feature","properties":{"Layer":"SH parqueos ESPOL"},"geometry":{"type":"MultiPolygon","coordinates":[[[[615134.8736063,9762529.7179571,0.0],[615133.5423296,9762531.8340153,0.0],[615137.774446,9762534.4965687,0.0],[615139.1057227,9762532.3805105,0.0],[615134.8736063,9762529.7179571,0.0]]]]}},
{"type":"Feature","properties":{"Layer":"SH parqueos ESPOL"},"geometry":{"type":"MultiPolygon","coordinates":[[[[615133.5955807,9762531.7493729,0.0],[615132.264304,9762533.8654311,0.0],[615136.4964204,9762536.5279846,0.0],[615137.8276971,9762534.4119264,0.0],[615133.5955807,9762531.7493729,0.0]]]]}},
{"type":"Feature","properties":{"Layer":"SH parqueos ESPOL"},"geometry":{"type":"MultiPolygon","coordinates":[[[[615132.317555,9762533.7807888,0.0],[615130.9862783,9762535.896847,0.0],[615135.2183947,9762538.5594004,0.0],[615136.5496714,9762536.4433422,0.0],[615132.317555,9762533.7807888,0.0]]]]}},
{"type":"Feature","properties":{"Layer":"SH parqueos ESPOL"},"geometry":{"type":"MultiPolygon","coordinates":[[[[615131.0395294,9762535.8122047,0.0],[615129.7082527,9762537.9282629,0.0],[615133.9403691,9762540.5908163,0.0],[615135.2716458,9762538.4747581,0.0],[615131.0395294,9762535.8122047,0.0]]]]}},
{"type":"Feature","properties":{"Layer":"SH parqueos ESPOL"},"geometry":{"type":"MultiPolygon","coordinates":[[[[615129.7615037,9762537.8436205,0.0],[615128.430227,9762539.9596788,0.0],[615132.6623434,9762542.6222322,0.0],[615133.9936201,9762540.506174,0.0],[615129.7615037,9762537.8436205,0.0]]]]}},
{"type":"Feature","properties":{"Layer":"SH parqueos ESPOL"},"geometry":{"type":"MultiPolygon","coordinates":[[[[615128.4834781,9762539.8750364,0.0],[615127.1522014,9762541.9910946,0.0],[615131.3843178,9762544.6536481,0.0],[615132.7155945,9762542.5375899,0.0],[615128.4834781,9762539.8750364,0.0]]]]}},
{"type":"Feature","properties":{"Layer":"SH parqueos ESPOL"},"geometry":{"type":"MultiPolygon","coordinates":[[[[615127.2054524,9762541.9064523,0.0],[615125.8741757,9762544.0225105,0.0],[615130.1062921,9762546.6850639,0.0],[615131.4375688,9762544.5690057,0.0],[615127.2054524,9762541.9064523,0.0]]]]}},
{"type":"Feature","properties":{"Layer":"SH parqueos ESPOL"},"geometry":{"type":"MultiPolygon","coordinates":[[[[615211.3963188,9762533.0034059,0.0],[615208.9102854,9762533.2672961,0.0],[615209.4380658,9762538.2393628,0.0],[615211.9240992,9762537.9754726,0.0],[615211.3963188,9762533.0034059,0.0]]]]}},
{"type":"Feature","properties":{"Layer":"SH parqueos ESPOL"},"geometry":{"type":"MultiPolygon","coordinates":[[[[615213.7829108,9762532.7500713,0.0],[615211.2968775,9762533.0139615,0.0],[615211.8246578,9762537.9860282,0.0],[615214.3106912,9762537.7221381,0.0],[615213.7829108,9762532.7500713,0.0]]]]}},
{"type":"Feature","properties":{"Layer":"SH parqueos ESPOL"},"geometry":{"type":"MultiPolygon","coordinates":[[[[615216.1695029,9762532.4967367,0.0],[615213.6834695,9762532.7606269,0.0],[615214.2112499,9762537.7326937,0.0],[615216.6972833,9762537.4688035,0.0],[615216.1695029,9762532.4967367,0.0]]]]}},
{"type":"Feature","properties":{"Layer":"SH parqueos ESPOL"},"geometry":{"type":"MultiPolygon","coordinates":[[[[615218.5560949,9762532.2434021,0.0],[615216.0700615,9762532.5072923,0.0],[615216.5978419,9762537.4793591,0.0],[615219.0838753,9762537.2154689,0.0],[615218.5560949,9762532.2434021,0.0]]]]}},
{"type":"Feature","properties":{"Layer":"SH parqueos ESPOL"},"geometry":{"type":"MultiPolygon","coordinates":[[[[615220.942687,9762531.9900675,0.0],[615218.4566536,9762532.2539577,0.0],[615218.984434,9762537.2260245,0.0],[615221.4704673,9762536.9621343,0.0],[615220.942687,9762531.9900675,0.0]]]]}},
{"type":"Feature","properties":{"Layer":"SH parqueos ESPOL"},"geometry":{"type":"MultiPolygon","coordinates":[[[[615223.329279,9762531.736733,0.0],[615220.8432456,9762532.0006231,0.0],[615221.371026,9762536.9726899,0.0],[615223.8570594,9762536.7087997,0.0],[615223.329279,9762531.736733,0.0]]]]}},
{"type":"Feature","properties":{"Layer":"SH parqueos ESPOL"},"geometry":{"type":"MultiPolygon","coordinates":[[[[615225.7158711,9762531.4833984,0.0],[615223.2298377,9762531.7472886,0.0],[615223.757618,9762536.7193553,0.0],[615226.2436514,9762536.4554651,0.0],[615225.7158711,9762531.4833984,0.0]]]]}},
{"type":"Feature","properties":{"Layer":"SH parqueos ESPOL"},"geometry":{"type":"MultiPolygon","coordinates":[[[[615228.1024631,9762531.2300638,0.0],[615225.6164297,9762531.493954,0.0],[615226.1442101,9762536.4660208,0.0],[615228.6302435,9762536.2021306,0.0],[615228.1024631,9762531.2300638,0.0]]]]}},
{"type":"Feature","properties":{"Layer":"SH parqueos ESPOL"},"geometry":{"type":"MultiPolygon","coordinates":[[[[615230.4890551,9762530.9767292,0.0],[615228.0030218,9762531.2406194,0.0],[615228.5308021,9762536.2126862,0.0],[615231.0168355,9762535.948796,0.0],[615230.4890551,9762530.9767292,0.0]]]]}},
{"type":"Feature","properties":{"Layer":"SH parqueos ESPOL"},"geometry":{"type":"MultiPolygon","coordinates":[[[[615232.8756472,9762530.7233946,0.0],[615230.3896138,9762530.9872848,0.0],[615230.9173942,9762535.9593516,0.0],[615233.4034276,9762535.6954614,0.0],[615232.8756472,9762530.7233946,0.0]]]]}},
{"type":"Feature","properties":{"Layer":"SH parqueos ESPOL"},"geometry":{"type":"MultiPolygon","coordinates":[[[[615235.2622392,9762530.4700601,0.0],[615232.7762058,9762530.7339502,0.0],[615233.3039862,9762535.706017,0.0],[615235.7900196,9762535.4421268,0.0],[615235.2622392,9762530.4700601,0.0]]]]}},
{"type":"Feature","properties":{"Layer":"SH parqueos ESPOL"},"geometry":{"type":"MultiPolygon","coordinates":[[[[615237.6488313,9762530.2167255,0.0],[615235.1627979,9762530.4806157,0.0],[615235.6905783,9762535.4526824,0.0],[615238.1766116,9762535.1887922,0.0],[615237.6488313,9762530.2167255,0.0]]]]}},
{"type":"Feature","properties":{"Layer":"SH parqueos ESPOL"},"geometry":{"type":"MultiPolygon","coordinates":[[[[615240.0354233,9762529.9633909,0.0],[615237.5493899,9762530.2272811,0.0],[615238.0771703,9762535.1993478,0.0],[615240.5632037,9762534.9354577,0.0],[615240.0354233,9762529.9633909,0.0]]]]}},
{"type":"Feature","properties":{"Layer":"SH parqueos ESPOL"},"geometry":{"type":"MultiPolygon","coordinates":[[[[615242.4220154,9762529.7100563,0.0],[615239.935982,9762529.9739465,0.0],[615240.4637624,9762534.9460133,0.0],[615242.9497957,9762534.6821231,0.0],[615242.4220154,9762529.7100563,0.0]]]]}},
{"type":"Feature","properties":{"Layer":"SH parqueos ESPOL"},"geometry":{"type":"MultiPolygon","coordinates":[[[[615244.8086074,9762529.4567217,0.0],[615242.322574,9762529.7206119,0.0],[615242.8503544,9762534.6926787,0.0],[615245.3363878,9762534.4287885,0.0],[615244.8086074,9762529.4567217,0.0]]]]}},
{"type":"Feature","properties":{"Layer":"SH parqueos ESPOL"},"geometry":{"type":"MultiPolygon","coordinates":[[[[615247.1951994,9762529.2033871,0.0],[615244.7091661,9762529.4672773,0.0],[615245.2369464,9762534.4393441,0.0],[615247.7229798,9762534.1754539,0.0],[615247.1951994,9762529.2033871,0.0]]]]}},
{"type":"Feature","properties":{"Layer":"SH parqueos ESPOL"},"geometry":{"type":"MultiPolygon","coordinates":[[[[615216.4604913,9762523.5882066,0.0],[615216.6830321,9762526.078282,0.0],[615221.6631829,9762525.6332005,0.0],[615221.4406422,9762523.1431251,0.0],[615216.4604913,9762523.5882066,0.0]]]]}},
{"type":"Feature","properties":{"Layer":"SH parqueos ESPOL"},"geometry":{"type":"MultiPolygon","coordinates":[[[[615221.3410391,9762523.1520267,0.0],[615221.5635799,9762525.6421022,0.0],[615226.5437307,9762525.1970207,0.0],[615226.32119,9762522.7069452,0.0],[615221.3410391,9762523.1520267,0.0]]]]}},
{"type":"Feature","properties":{"Layer":"SH parqueos ESPOL"},"geometry":{"type":"MultiPolygon","coordinates":[[[[615226.221587,9762522.7158469,0.0],[615226.4441277,9762525.2059223,0.0],[615231.4242786,9762524.7608408,0.0],[615231.2017378,9762522.2707654,0.0],[615226.221587,9762522.7158469,0.0]]]]}},
{"type":"Feature","properties":{"Layer":"SH parqueos ESPOL"},"geometry":{"type":"MultiPolygon","coordinates":[[[[615231.1021348,9762522.279667,0.0],[615231.3246756,9762524.7697424,0.0],[615236.3048264,9762524.3246609,0.0],[615236.0822857,9762521.8345855,0.0],[615231.1021348,9762522.279667,0.0]]]]}},
{"type":"Feature","properties":{"Layer":"SH parqueos ESPOL"},"geometry":{"type":"MultiPolygon","coordinates":[[[[615235.9826827,9762521.8434871,0.0],[615236.2052234,9762524.3335625,0.0],[615241.1853743,9762523.888481,0.0],[615240.9628335,9762521.3984056,0.0],[615235.9826827,9762521.8434871,0.0]]]]}},
{"type":"Feature","properties":{"Layer":"SH parqueos ESPOL"},"geometry":{"type":"MultiPolygon","coordinates":[[[[615240.864026,9762521.4162089,0.0],[615241.0865668,9762523.9062843,0.0],[615246.0667176,9762523.4612028,0.0],[615245.8441769,9762520.9711274,0.0],[615240.864026,9762521.4162089,0.0]]]]}},
{"type":"Feature","properties":{"Layer":"SH parqueos ESPOL"},"geometry":{"type":"MultiPolygon","coordinates":[[[[615190.5611116,9762598.079929,0.0],[615189.4455752,9762600.317244,0.0],[615193.9202052,9762602.5483169,0.0],[615195.0357416,9762600.3110018,0.0],[615190.5611116,9762598.079929,0.0]]]]}},
{"type":"Feature","properties":{"Layer":"SH parqueos ESPOL"},"geometry":{"type":"MultiPolygon","coordinates":[[[[615191.5825834,9762601.4437483,0.0],[615190.467047,9762603.6810633,0.0],[615194.9416771,9762605.9121361,0.0],[615196.0572135,9762603.6748211,0.0],[615191.5825834,9762601.4437483,0.0]]]]}},
{"type":"Feature","properties":{"Layer":"SH parqueos ESPOL"},"geometry":{"type":"MultiPolygon","coordinates":[[[[615192.4647142,9762604.7843807,0.0],[615191.3491778,9762607.0216957,0.0],[615195.8238078,9762609.2527686,0.0],[615196.9393443,9762607.0154536,0.0],[615192.4647142,9762604.7843807,0.0]]]]}},
{"type":"Feature","properties":{"Layer":"SH parqueos ESPOL"},"geometry":{"type":"MultiPolygon","coordinates":[[[[615193.8567912,9762608.160398,0.0],[615192.7412547,9762610.397713,0.0],[615197.2158848,9762612.6287858,0.0],[615198.3314212,9762610.3914708,0.0],[615193.8567912,9762608.160398,0.0]]]]}},
{"type":"Feature","properties":{"Layer":"SH parqueos ESPOL"},"geometry":{"type":"MultiPolygon","coordinates":[[[[615194.8549927,9762611.6170169,0.0],[615193.7394563,9762613.854332,0.0],[615198.2140863,9762616.0854048,0.0],[615199.3296227,9762613.8480898,0.0],[615194.8549927,9762611.6170169,0.0]]]]}},
{"type":"Feature","properties":{"Layer":"SH parqueos ESPOL"},"geometry":{"type":"MultiPolygon","coordinates":[[[[615195.9228647,9762614.8953973,0.0],[615194.8073283,9762617.1327123,0.0],[615199.2819584,9762619.3637852,0.0],[615200.3974948,9762617.1264702,0.0],[615195.9228647,9762614.8953973,0.0]]]]}},
{"type":"Feature","properties":{"Layer":"SH parqueos ESPOL"},"geometry":{"type":"MultiPolygon","coordinates":[[[[615196.9443015,9762618.2128255,0.0],[615195.828765,9762620.4501405,0.0],[615200.3033951,9762622.6812133,0.0],[615201.4189315,9762620.4438983,0.0],[615196.9443015,9762618.2128255,0.0]]]]}},
{"type":"Feature","properties":{"Layer":"SH parqueos ESPOL"},"geometry":{"type":"MultiPolygon","coordinates":[[[[615200.9386359,9762598.4377527,0.0],[615198.6995346,9762597.3258062,0.0],[615196.4756415,9762601.8040089,0.0],[615198.7147429,9762602.9159554,0.0],[615200.9386359,9762598.4377527,0.0]]]]}},
{"type":"Feature","properties":{"Layer":"SH parqueos ESPOL"},"geometry":{"type":"MultiPolygon","coordinates":[[[[615201.98545,9762601.7257659,0.0],[615199.7436725,9762600.6192246,0.0],[615197.5305899,9762605.1027796,0.0],[615199.7723675,9762606.2093209,0.0],[615201.98545,9762601.7257659,0.0]]]]}},
{"type":"Feature","properties":{"Layer":"SH parqueos ESPOL"},"geometry":{"type":"MultiPolygon","coordinates":[[[[615203.0149002,9762605.0624708,0.0],[615200.7731227,9762603.9559296,0.0],[615198.5600401,9762608.4394846,0.0],[615200.8018177,9762609.5460259,0.0],[615203.0149002,9762605.0624708,0.0]]]]}},
{"type":"Feature","properties":{"Layer":"SH parqueos ESPOL"},"geometry":{"type":"MultiPolygon","coordinates":[[[[615204.3041937,9762608.4937192,0.0],[615202.0998517,9762607.314365,0.0],[615199.7411432,9762611.723049,0.0],[615201.9454852,9762612.9024032,0.0],[615204.3041937,9762608.4937192,0.0]]]]}},
{"type":"Feature","properties":{"Layer":"SH parqueos ESPOL"},"geometry":{"type":"MultiPolygon","coordinates":[[[[615205.5367475,9762611.7502041,0.0],[615203.3373379,9762610.5616767,0.0],[615200.960283,9762614.9604959,0.0],[615203.1596926,9762616.1490233,0.0],[615205.5367475,9762611.7502041,0.0]]]]}},
{"type":"Feature","properties":{"Layer":"SH parqueos ESPOL"},"geometry":{"type":"MultiPolygon","coordinates":[[[[615206.6352699,9762615.1535562,0.0],[615204.4067466,9762614.0205584,0.0],[615202.140751,9762618.4776049,0.0],[615204.3692743,9762619.6106027,0.0],[615206.6352699,9762615.1535562,0.0]]]]}},
{"type":"Feature","properties":{"Layer":"SH parqueos ESPOL"},"geometry":{"type":"MultiPolygon","coordinates":[[[[615207.8963347,9762618.3855119,0.0],[615205.7289304,9762617.1395751,0.0],[615203.2370568,9762621.4743838,0.0],[615205.4044611,9762622.7203206,0.0],[615207.8963347,9762618.3855119,0.0]]]]}},
{"type":"Feature","properties":{"Layer":"SH parqueos ESPOL"},"geometry":{"type":"MultiPolygon","coordinates":[[[[615182.53404,9762605.3122085,0.0],[615180.2949386,9762604.200262,0.0],[615178.0710456,9762608.6784647,0.0],[615180.310147,9762609.7904113,0.0],[615182.53404,9762605.3122085,0.0]]]]}},
{"type":"Feature","properties":{"Layer":"SH parqueos ESPOL"},"geometry":{"type":"MultiPolygon","coordinates":[[[[615183.7261788,9762608.4237042,0.0],[615181.4870774,9762607.3117577,0.0],[615179.2631844,9762611.7899604,0.0],[615181.5022857,9762612.9019069,0.0],[615183.7261788,9762608.4237042,0.0]]]]}},
{"type":"Feature","properties":{"Layer":"SH parqueos ESPOL"},"geometry":{"type":"MultiPolygon","coordinates":[[[[615184.7741567,9762611.709358,0.0],[615182.5350553,9762610.5974115,0.0],[615180.3111622,9762615.0756142,0.0],[615182.5502636,9762616.1875607,0.0],[615184.7741567,9762611.709358,0.0]]]]}},
{"type":"Feature","properties":{"Layer":"SH parqueos ESPOL"},"geometry":{"type":"MultiPolygon","coordinates":[[[[615185.9135808,9762614.8108685,0.0],[615183.6744794,9762613.698922,0.0],[615181.4505864,9762618.1771247,0.0],[615183.6896878,9762619.2890713,0.0],[615185.9135808,9762614.8108685,0.0]]]]}},
{"type":"Feature","properties":{"Layer":"SH parqueos ESPOL"},"geometry":{"type":"MultiPolygon","coordinates":[[[[615187.0302891,9762618.1829524,0.0],[615184.7911877,9762617.0710059,0.0],[615182.5672947,9762621.5492086,0.0],[615184.806396,9762622.6611551,0.0],[615187.0302891,9762618.1829524,0.0]]]]}},
{"type":"Feature","properties":{"Layer":"SH parqueos ESPOL"},"geometry":{"type":"MultiPolygon","coordinates":[[[[615188.1599445,9762621.304134,0.0],[615185.9208431,9762620.1921875,0.0],[615183.6969501,9762624.6703902,0.0],[615185.9360514,9762625.7823368,0.0],[615188.1599445,9762621.304134,0.0]]]]}},
{"type":"Feature","properties":{"Layer":"SH parqueos ESPOL"},"geometry":{"type":"MultiPolygon","coordinates":[[[[615177.3376145,9762610.4343086,0.0],[615175.0985132,9762609.3223621,0.0],[615172.8746201,9762613.8005649,0.0],[615175.1137215,9762614.9125114,0.0],[615177.3376145,9762610.4343086,0.0]]]]}},
{"type":"Feature","properties":{"Layer":"SH parqueos ESPOL"},"geometry":{"type":"MultiPolygon","coordinates":[[[[615178.5147101,9762613.6814774,0.0],[615176.2756087,9762612.5695309,0.0],[615174.0517157,9762617.0477336,0.0],[615176.2908171,9762618.1596801,0.0],[615178.5147101,9762613.6814774,0.0]]]]}},
{"type":"Feature","properties":{"Layer":"SH parqueos ESPOL"},"geometry":{"type":"MultiPolygon","coordinates":[[[[615179.5034254,9762617.0864669,0.0],[615177.264324,9762615.9745204,0.0],[615175.040431,9762620.4527231,0.0],[615177.2795323,9762621.5646697,0.0],[615179.5034254,9762617.0864669,0.0]]]]}},
{"type":"Feature","properties":{"Layer":"SH parqueos ESPOL"},"geometry":{"type":"MultiPolygon","coordinates":[[[[615180.5067823,9762620.4625669,0.0],[615178.267681,9762619.3506204,0.0],[615176.0437879,9762623.8288231,0.0],[615178.2828893,9762624.9407697,0.0],[615180.5067823,9762620.4625669,0.0]]]]}},
{"type":"Feature","properties":{"Layer":"SH parqueos ESPOL"},"geometry":{"type":"MultiPolygon","coordinates":[[[[615345.5218291,9762600.4707522,0.0],[615343.1539953,9762601.2728513,0.0],[615344.7581936,9762606.0085189,0.0],[615347.1260274,9762605.2064198,0.0],[615345.5218291,9762600.4707522,0.0]]]]}},
{"type":"Feature","properties":{"Layer":"SH parqueos ESPOL"},"geometry":{"type":"MultiPolygon","coordinates":[[[[615343.2487086,9762601.2407674,0.0],[615340.8808748,9762602.0428665,0.0],[615342.4850731,9762606.7785341,0.0],[615344.8529069,9762605.976435,0.0],[615343.2487086,9762601.2407674,0.0]]]]}},
{"type":"Feature","properties":{"Layer":"SH parqueos ESPOL"},"geometry":{"type":"MultiPolygon","coordinates":[[[[615340.9755882,9762602.0107825,0.0],[615338.6077544,9762602.8128817,0.0],[615340.2119527,9762607.5485493,0.0],[615342.5797865,9762606.7464502,0.0],[615340.9755882,9762602.0107825,0.0]]]]}},
{"type":"Feature","properties":{"Layer":"SH parqueos ESPOL"},"geometry":{"type":"MultiPolygon","coordinates":[[[[615338.7024677,9762602.7807977,0.0],[615336.3346339,9762603.5828969,0.0],[615337.9388322,9762608.3185645,0.0],[615340.306666,9762607.5164654,0.0],[615338.7024677,9762602.7807977,0.0]]]]}},
{"type":"Feature","properties":{"Layer":"SH parqueos ESPOL"},"geometry":{"type":"MultiPolygon","coordinates":[[[[615336.4293473,9762603.5508129,0.0],[615334.0615135,9762604.3529121,0.0],[615335.6657118,9762609.0885797,0.0],[615338.0335456,9762608.2864806,0.0],[615336.4293473,9762603.5508129,0.0]]]]}},
{"type":"Feature","properties":{"Layer":"SH parqueos ESPOL"},"geometry":{"type":"MultiPolygon","coordinates":[[[[615334.1562268,9762604.3208281,0.0],[615331.788393,9762605.1229273,0.0],[615333.3925913,9762609.8585949,0.0],[615335.7604251,9762609.0564958,0.0],[615334.1562268,9762604.3208281,0.0]]]]}},
{"type":"Feature","properties":{"Layer":"SH parqueos ESPOL"},"geometry":{"type":"MultiPolygon","coordinates":[[[[615331.8831064,9762605.0908433,0.0],[615329.5152725,9762605.8929425,0.0],[615331.1194709,9762610.6286101,0.0],[615333.4873047,9762609.8265109,0.0],[615331.8831064,9762605.0908433,0.0]]]]}},
{"type":"Feature","properties":{"Layer":"SH parqueos ESPOL"},"geometry":{"type":"MultiPolygon","coordinates":[[[[615329.6099859,9762605.8608585,0.0],[615327.2421521,9762606.6629577,0.0],[615328.8463504,9762611.3986253,0.0],[615331.2141842,9762610.5965261,0.0],[615329.6099859,9762605.8608585,0.0]]]]}},
{"type":"Feature","properties":{"Layer":"SH parqueos ESPOL"},"geometry":{"type":"MultiPolygon","coordinates":[[[[615327.3368654,9762606.6308737,0.0],[615324.9690316,9762607.4329729,0.0],[615326.57323,9762612.1686405,0.0],[615328.9410638,9762611.3665413,0.0],[615327.3368654,9762606.6308737,0.0]]]]}},
{"type":"Feature","properties":{"Layer":"SH parqueos ESPOL"},"geometry":{"type":"MultiPolygon","coordinates":[[[[615325.063745,9762607.4008889,0.0],[615322.6959112,9762608.2029881,0.0],[615324.3001095,9762612.9386557,0.0],[615326.6679433,9762612.1365565,0.0],[615325.063745,9762607.4008889,0.0]]]]}},
{"type":"Feature","properties":{"Layer":"SH parqueos ESPOL"},"geometry":{"type":"MultiPolygon","coordinates":[[[[615322.7906245,9762608.1709041,0.0],[615320.4227907,9762608.9730033,0.0],[615322.026989,9762613.7086709,0.0],[615324.3948228,9762612.9065717,0.0],[615322.7906245,9762608.1709041,0.0]]]]}},
{"type":"Feature","properties":{"Layer":"SH parqueos ESPOL"},"geometry":{"type":"MultiPolygon","coordinates":[[[[615320.5175041,9762608.9409193,0.0],[615318.1496703,9762609.7430184,0.0],[615319.7538686,9762614.4786861,0.0],[615322.1217024,9762613.6765869,0.0],[615320.5175041,9762608.9409193,0.0]]]]}},
{"type":"Feature","properties":{"Layer":"SH parqueos ESPOL"},"geometry":{"type":"MultiPolygon","coordinates":[[[[615318.2443836,9762609.7109345,0.0],[615315.8765498,9762610.5130336,0.0],[615317.4807481,9762615.2487013,0.0],[615319.8485819,9762614.4466021,0.0],[615318.2443836,9762609.7109345,0.0]]]]}},
{"type":"Feature","properties":{"Layer":"SH parqueos ESPOL"},"geometry":{"type":"MultiPolygon","coordinates":[[[[615315.9712632,9762610.4809497,0.0],[615313.6034294,9762611.2830488,0.0],[615315.2076277,9762616.0187165,0.0],[615317.5754615,9762615.2166173,0.0],[615315.9712632,9762610.4809497,0.0]]]]}},
{"type":"Feature","properties":{"Layer":"SH parqueos ESPOL"},"geometry":{"type":"MultiPolygon","coordinates":[[[[615313.6981427,9762611.2509649,0.0],[615311.3303089,9762612.053064,0.0],[615312.9345072,9762616.7887316,0.0],[615315.302341,9762615.9866325,0.0],[615313.6981427,9762611.2509649,0.0]]]]}},
{"type":"Feature","properties":{"Layer":"SH parqueos ESPOL"},"geometry":{"type":"MultiPolygon","coordinates":[[[[615311.4250223,9762612.0209801,0.0],[615309.0571884,9762612.8230792,0.0],[615310.6613868,9762617.5587468,0.0],[615313.0292206,9762616.7566477,0.0],[615311.4250223,9762612.0209801,0.0]]]]}},
{"type":"Feature","properties":{"Layer":"SH parqueos ESPOL"},"geometry":{"type":"MultiPolygon","coordinates":[[[[615309.1519018,9762612.7909953,0.0],[615306.784068,9762613.5930944,0.0],[615308.3882663,9762618.328762,0.0],[615310.7561001,9762617.5266629,0.0],[615309.1519018,9762612.7909953,0.0]]]]}},
{"type":"Feature","properties":{"Layer":"SH parqueos ESPOL"},"geometry":{"type":"MultiPolygon","coordinates":[[[[615306.8787813,9762613.5610104,0.0],[615304.5109475,9762614.3631096,0.0],[615306.1151459,9762619.0987772,0.0],[615308.4829797,9762618.2966781,0.0],[615306.8787813,9762613.5610104,0.0]]]]}},
{"type":"Feature","properties":{"Layer":"SH parqueos ESPOL"},"geometry":{"type":"MultiPolygon","coordinates":[[[[615304.6056609,9762614.3310256,0.0],[615302.2378271,9762615.1331248,0.0],[615303.8420254,9762619.8687924,0.0],[615306.2098592,9762619.0666933,0.0],[615304.6056609,9762614.3310256,0.0]]]]}},
{"type":"Feature","properties":{"Layer":"SH parqueos ESPOL"},"geometry":{"type":"MultiPolygon","coordinates":[[[[615302.3325404,9762615.1010408,0.0],[615299.9647066,9762615.90314,0.0],[615301.5689049,9762620.6388076,0.0],[615303.9367388,9762619.8367085,0.0],[615302.3325404,9762615.1010408,0.0]]]]}},
{"type":"Feature","properties":{"Layer":"SH parqueos ESPOL"},"geometry":{"type":"MultiPolygon","coordinates":[[[[615300.05942,9762615.871056,0.0],[615297.6915862,9762616.6731552,0.0],[615299.2957845,9762621.4088228,0.0],[615301.6636183,9762620.6067236,0.0],[615300.05942,9762615.871056,0.0]]]]}},
{"type":"Feature","properties":{"Layer":"SH parqueos ESPOL"},"geometry":{"type":"MultiPolygon","coordinates":[[[[615297.7862995,9762616.6410712,0.0],[615295.4184657,9762617.4431704,0.0],[615297.022664,9762622.178838,0.0],[615299.3904978,9762621.3767388,0.0],[615297.7862995,9762616.6410712,0.0]]]]}},
{"type":"Feature","properties":{"Layer":"SH parqueos ESPOL"},"geometry":{"type":"MultiPolygon","coordinates":[[[[615295.5131791,9762617.4110864,0.0],[615293.1453453,9762618.2131856,0.0],[615294.7495436,9762622.9488532,0.0],[615297.1173774,9762622.146754,0.0],[615295.5131791,9762617.4110864,0.0]]]]}},
{"type":"Feature","properties":{"Layer":"SH parqueos ESPOL"},"geometry":{"type":"MultiPolygon","coordinates":[[[[615293.2400586,9762618.1811016,0.0],[615290.8722248,9762618.9832008,0.0],[615292.4764231,9762623.7188684,0.0],[615294.8442569,9762622.9167692,0.0],[615293.2400586,9762618.1811016,0.0]]]]}},
{"type":"Feature","properties":{"Layer":"SH parqueos ESPOL"},"geometry":{"type":"MultiPolygon","coordinates":[[[[615290.9669382,9762618.9511168,0.0],[615288.5991044,9762619.753216,0.0],[615290.2033027,9762624.4888836,0.0],[615292.5711365,9762623.6867844,0.0],[615290.9669382,9762618.9511168,0.0]]]]}},
{"type":"Feature","properties":{"Layer":"SH parqueos ESPOL"},"geometry":{"type":"MultiPolygon","coordinates":[[[[615288.6938177,9762619.721132,0.0],[615286.3259839,9762620.5232312,0.0],[615287.9301822,9762625.2588988,0.0],[615290.298016,9762624.4567996,0.0],[615288.6938177,9762619.721132,0.0]]]]}},
{"type":"Feature","properties":{"Layer":"SH parqueos ESPOL"},"geometry":{"type":"MultiPolygon","coordinates":[[[[615286.4206972,9762620.4911472,0.0],[615284.0528634,9762621.2932463,0.0],[615285.6570618,9762626.028914,0.0],[615288.0248956,9762625.2268148,0.0],[615286.4206972,9762620.4911472,0.0]]]]}},
{"type":"Feature","properties":{"Layer":"SH parqueos ESPOL"},"geometry":{"type":"MultiPolygon","coordinates":[[[[615284.1475768,9762621.2611624,0.0],[615281.779743,9762622.0632615,0.0],[615283.3839413,9762626.7989292,0.0],[615285.7517751,9762625.99683,0.0],[615284.1475768,9762621.2611624,0.0]]]]}},
{"type":"Feature","properties":{"Layer":"SH parqueos ESPOL"},"geometry":{"type":"MultiPolygon","coordinates":[[[[615294.9582668,9762630.8346148,0.0],[615292.590433,9762631.6367139,0.0],[615294.1946313,9762636.3723815,0.0],[615296.5624651,9762635.5702824,0.0],[615294.9582668,9762630.8346148,0.0]]]]}},
{"type":"Feature","properties":{"Layer":"SH parqueos ESPOL"},"geometry":{"type":"MultiPolygon","coordinates":[[[[615297.2313873,9762630.0645996,0.0],[615294.8635535,9762630.8666987,0.0],[615296.4677518,9762635.6023663,0.0],[615298.8355856,9762634.8002672,0.0],[615297.2313873,9762630.0645996,0.0]]]]}},
{"type":"Feature","properties":{"Layer":"SH parqueos ESPOL"},"geometry":{"type":"MultiPolygon","coordinates":[[[[615299.5045077,9762629.2945844,0.0],[615297.1366739,9762630.0966835,0.0],[615298.7408722,9762634.8323511,0.0],[615301.1087061,9762634.030252,0.0],[615299.5045077,9762629.2945844,0.0]]]]}},
{"type":"Feature","properties":{"Layer":"SH parqueos ESPOL"},"geometry":{"type":"MultiPolygon","coordinates":[[[[615301.7776282,9762628.5245692,0.0],[615299.4097944,9762629.3266683,0.0],[615301.0139927,9762634.0623359,0.0],[615303.3818265,9762633.2602368,0.0],[615301.7776282,9762628.5245692,0.0]]]]}},
{"type":"Feature","properties":{"Layer":"SH parqueos ESPOL"},"geometry":{"type":"MultiPolygon","coordinates":[[[[615304.0507487,9762627.754554,0.0],[615301.6829149,9762628.5566531,0.0],[615303.2871132,9762633.2923208,0.0],[615305.654947,9762632.4902216,0.0],[615304.0507487,9762627.754554,0.0]]]]}},
{"type":"Feature","properties":{"Layer":"SH parqueos ESPOL"},"geometry":{"type":"MultiPolygon","coordinates":[[[[615306.3238691,9762626.9845388,0.0],[615303.9560353,9762627.7866379,0.0],[615305.5602336,9762632.5223056,0.0],[615307.9280674,9762631.7202064,0.0],[615306.3238691,9762626.9845388,0.0]]]]}},
{"type":"Feature","properties":{"Layer":"SH parqueos ESPOL"},"geometry":{"type":"MultiPolygon","coordinates":[[[[615308.5969896,9762626.2145236,0.0],[615306.2291558,9762627.0166227,0.0],[615307.8333541,9762631.7522904,0.0],[615310.2011879,9762630.9501912,0.0],[615308.5969896,9762626.2145236,0.0]]]]}},
{"type":"Feature","properties":{"Layer":"SH parqueos ESPOL"},"geometry":{"type":"MultiPolygon","coordinates":[[[[615310.87011,9762625.4445084,0.0],[615308.5022762,9762626.2466075,0.0],[615310.1064746,9762630.9822752,0.0],[615312.4743084,9762630.180176,0.0],[615310.87011,9762625.4445084,0.0]]]]}},
{"type":"Feature","properties":{"Layer":"SH parqueos ESPOL"},"geometry":{"type":"MultiPolygon","coordinates":[[[[615297.4885176,9762638.670168,0.0],[615295.1206838,9762639.4722672,0.0],[615296.7248821,9762644.2079348,0.0],[615299.0927159,9762643.4058357,0.0],[615297.4885176,9762638.670168,0.0]]]]}},
{"type":"Feature","properties":{"Layer":"SH parqueos ESPOL"},"geometry":{"type":"MultiPolygon","coordinates":[[[[615299.7616381,9762637.9001529,0.0],[615297.3938043,9762638.702252,0.0],[615298.9980026,9762643.4379196,0.0],[615301.3658364,9762642.6358205,0.0],[615299.7616381,9762637.9001529,0.0]]]]}},
{"type":"Feature","properties":{"Layer":"SH parqueos ESPOL"},"geometry":{"type":"MultiPolygon","coordinates":[[[[615302.0347585,9762637.1301377,0.0],[615299.6669247,9762637.9322368,0.0],[615301.2711231,9762642.6679044,0.0],[615303.6389569,9762641.8658053,0.0],[615302.0347585,9762637.1301377,0.0]]]]}},
{"type":"Feature","properties":{"Layer":"SH parqueos ESPOL"},"geometry":{"type":"MultiPolygon","coordinates":[[[[615304.307879,9762636.3601225,0.0],[615301.9400452,9762637.1622216,0.0],[615303.5442435,9762641.8978892,0.0],[615305.9120773,9762641.0957901,0.0],[615304.307879,9762636.3601225,0.0]]]]}},
{"type":"Feature","properties":{"Layer":"SH parqueos ESPOL"},"geometry":{"type":"MultiPolygon","coordinates":[[[[615306.5809995,9762635.5901073,0.0],[615304.2131657,9762636.3922064,0.0],[615305.817364,9762641.127874,0.0],[615308.1851978,9762640.3257749,0.0],[615306.5809995,9762635.5901073,0.0]]]]}},
{"type":"Feature","properties":{"Layer":"SH parqueos ESPOL"},"geometry":{"type":"MultiPolygon","coordinates":[[[[615308.8541199,9762634.8200921,0.0],[615306.4862861,9762635.6221912,0.0],[615308.0904844,9762640.3578589,0.0],[615310.4583182,9762639.5557597,0.0],[615308.8541199,9762634.8200921,0.0]]]]}},
{"type":"Feature","properties":{"Layer":"SH parqueos ESPOL"},"geometry":{"type":"MultiPolygon","coordinates":[[[[615311.1272404,9762634.0500769,0.0],[615308.7594066,9762634.852176,0.0],[615310.3636049,9762639.5878437,0.0],[615312.7314387,9762638.7857445,0.0],[615311.1272404,9762634.0500769,0.0]]]]}},
{"type":"Feature","properties":{"Layer":"SH parqueos ESPOL"},"geometry":{"type":"MultiPolygon","coordinates":[[[[615313.4003609,9762633.2800617,0.0],[615311.032527,9762634.0821608,0.0],[615312.6367254,9762638.8178285,0.0],[615315.0045592,9762638.0157293,0.0],[615313.4003609,9762633.2800617,0.0]]]]}},
{"type":"Feature","properties":{"Layer":"SH parqueos ESPOL"},"geometry":{"type":"MultiPolygon","coordinates":[[[[615327.8678297,9762628.4136333,0.0],[615325.4999959,9762629.2157325,0.0],[615327.1041943,9762633.9514001,0.0],[615329.4720281,9762633.149301,0.0],[615327.8678297,9762628.4136333,0.0]]]]}},
{"type":"Feature","properties":{"Layer":"SH parqueos ESPOL"},"geometry":{"type":"MultiPolygon","coordinates":[[[[615330.1409502,9762627.6436181,0.0],[615327.7731164,9762628.4457173,0.0],[615329.3773147,9762633.1813849,0.0],[615331.7451485,9762632.3792858,0.0],[615330.1409502,9762627.6436181,0.0]]]]}},
{"type":"Feature","properties":{"Layer":"SH parqueos ESPOL"},"geometry":{"type":"MultiPolygon","coordinates":[[[[615332.4140707,9762626.8736029,0.0],[615330.0462369,9762627.6757021,0.0],[615331.6504352,9762632.4113697,0.0],[615334.018269,9762631.6092706,0.0],[615332.4140707,9762626.8736029,0.0]]]]}},
{"type":"Feature","properties":{"Layer":"SH parqueos ESPOL"},"geometry":{"type":"MultiPolygon","coordinates":[[[[615334.6871911,9762626.1035877,0.0],[615332.3193573,9762626.9056869,0.0],[615333.9235556,9762631.6413545,0.0],[615336.2913894,9762630.8392554,0.0],[615334.6871911,9762626.1035877,0.0]]]]}},
{"type":"Feature","properties":{"Layer":"SH parqueos ESPOL"},"geometry":{"type":"MultiPolygon","coordinates":[[[[615336.9603116,9762625.3335725,0.0],[615334.5924778,9762626.1356717,0.0],[615336.1966761,9762630.8713393,0.0],[615338.5645099,9762630.0692402,0.0],[615336.9603116,9762625.3335725,0.0]]]]}},
{"type":"Feature","properties":{"Layer":"SH parqueos ESPOL"},"geometry":{"type":"MultiPolygon","coordinates":[[[[615339.2334321,9762624.5635574,0.0],[615336.8655982,9762625.3656565,0.0],[615338.4697966,9762630.1013241,0.0],[615340.8376304,9762629.299225,0.0],[615339.2334321,9762624.5635574,0.0]]]]}},
{"type":"Feature","properties":{"Layer":"SH parqueos ESPOL"},"geometry":{"type":"MultiPolygon","coordinates":[[[[615341.5065525,9762623.7935422,0.0],[615339.1387187,9762624.5956413,0.0],[615340.742917,9762629.3313089,0.0],[615343.1107508,9762628.5292098,0.0],[615341.5065525,9762623.7935422,0.0]]]]}},
{"type":"Feature","properties":{"Layer":"SH parqueos ESPOL"},"geometry":{"type":"MultiPolygon","coordinates":[[[[615343.779673,9762623.023527,0.0],[615341.4118392,9762623.8256261,0.0],[615343.0160375,9762628.5612937,0.0],[615345.3838713,9762627.7591946,0.0],[615343.779673,9762623.023527,0.0]]]]}},
{"type":"Feature","properties":{"Layer":"SH parqueos ESPOL"},"geometry":{"type":"MultiPolygon","coordinates":[[[[615325.382975,9762620.7354005,0.0],[615323.0151412,9762621.5374996,0.0],[615324.6193395,9762626.2731672,0.0],[615326.9871733,9762625.4710681,0.0],[615325.382975,9762620.7354005,0.0]]]]}},
{"type":"Feature","properties":{"Layer":"SH parqueos ESPOL"},"geometry":{"type":"MultiPolygon","coordinates":[[[[615327.6560955,9762619.9653853,0.0],[615325.2882617,9762620.7674844,0.0],[615326.89246,9762625.503152,0.0],[615329.2602938,9762624.7010529,0.0],[615327.6560955,9762619.9653853,0.0]]]]}},
{"type":"Feature","properties":{"Layer":"SH parqueos ESPOL"},"geometry":{"type":"MultiPolygon","coordinates":[[[[615329.9292159,9762619.1953701,0.0],[615327.5613821,9762619.9974692,0.0],[615329.1655804,9762624.7331368,0.0],[615331.5334142,9762623.9310377,0.0],[615329.9292159,9762619.1953701,0.0]]]]}},
{"type":"Feature","properties":{"Layer":"SH parqueos ESPOL"},"geometry":{"type":"MultiPolygon","coordinates":[[[[615332.2023364,9762618.4253549,0.0],[615329.8345026,9762619.227454,0.0],[615331.4387009,9762623.9631216,0.0],[615333.8065347,9762623.1610225,0.0],[615332.2023364,9762618.4253549,0.0]]]]}},
{"type":"Feature","properties":{"Layer":"SH parqueos ESPOL"},"geometry":{"type":"MultiPolygon","coordinates":[[[[615334.4754569,9762617.6553397,0.0],[615332.107623,9762618.4574388,0.0],[615333.7118214,9762623.1931065,0.0],[615336.0796552,9762622.3910073,0.0],[615334.4754569,9762617.6553397,0.0]]]]}},
{"type":"Feature","properties":{"Layer":"SH parqueos ESPOL"},"geometry":{"type":"MultiPolygon","coordinates":[[[[615336.7485773,9762616.8853245,0.0],[615334.3807435,9762617.6874236,0.0],[615335.9849418,9762622.4230913,0.0],[615338.3527756,9762621.6209921,0.0],[615336.7485773,9762616.8853245,0.0]]]]}},
{"type":"Feature","properties":{"Layer":"SH parqueos ESPOL"},"geometry":{"type":"MultiPolygon","coordinates":[[[[615339.0216978,9762616.1153093,0.0],[615336.653864,9762616.9174084,0.0],[615338.2580623,9762621.6530761,0.0],[615340.6258961,9762620.8509769,0.0],[615339.0216978,9762616.1153093,0.0]]]]}},
{"type":"Feature","properties":{"Layer":"SH parqueos ESPOL"},"geometry":{"type":"MultiPolygon","coordinates":[[[[615341.2948182,9762615.3452941,0.0],[615338.9269844,9762616.1473932,0.0],[615340.5311828,9762620.8830609,0.0],[615342.8990166,9762620.0809617,0.0],[615341.2948182,9762615.3452941,0.0]]]]}},
{"type":"Feature","properties":{"Layer":"SH parqueos ESPOL"},"geometry":{"type":"MultiPolygon","coordinates":[[[[615346.0527934,9762622.2535118,0.0],[615343.6849596,9762623.0556109,0.0],[615345.289158,9762627.7912786,0.0],[615347.6569918,9762626.9891794,0.0],[615346.0527934,9762622.2535118,0.0]]]]}},
{"type":"Feature","properties":{"Layer":"SH parqueos ESPOL"},"geometry":{"type":"MultiPolygon","coordinates":[[[[615348.3259139,9762621.4834966,0.0],[615345.9580801,9762622.2855957,0.0],[615347.5622784,9762627.0212634,0.0],[615349.9301122,9762626.2191642,0.0],[615348.3259139,9762621.4834966,0.0]]]]}},
{"type":"Feature","properties":{"Layer":"SH parqueos ESPOL"},"geometry":{"type":"MultiPolygon","coordinates":[[[[615350.5990344,9762620.7134814,0.0],[615348.2312006,9762621.5155805,0.0],[615349.8353989,9762626.2512482,0.0],[615352.2032327,9762625.449149,0.0],[615350.5990344,9762620.7134814,0.0]]]]}},
{"type":"Feature","properties":{"Layer":"SH parqueos ESPOL"},"geometry":{"type":"MultiPolygon","coordinates":[[[[615352.8721548,9762619.9434662,0.0],[615350.504321,9762620.7455653,0.0],[615352.1085193,9762625.481233,0.0],[615354.4763532,9762624.6791338,0.0],[615352.8721548,9762619.9434662,0.0]]]]}},
{"type":"Feature","properties":{"Layer":"SH parqueos ESPOL"},"geometry":{"type":"MultiPolygon","coordinates":[[[[615343.5679387,9762614.5752789,0.0],[615341.2001049,9762615.3773781,0.0],[615342.8043032,9762620.1130457,0.0],[615345.172137,9762619.3109465,0.0],[615343.5679387,9762614.5752789,0.0]]]]}},
{"type":"Feature","properties":{"Layer":"SH parqueos ESPOL"},"geometry":{"type":"MultiPolygon","coordinates":[[[[615345.8410592,9762613.8052637,0.0],[615343.4732254,9762614.6073629,0.0],[615345.0774237,9762619.3430305,0.0],[615347.4452575,9762618.5409313,0.0],[615345.8410592,9762613.8052637,0.0]]]]}},
{"type":"Feature","properties":{"Layer":"SH parqueos ESPOL"},"geometry":{"type":"MultiPolygon","coordinates":[[[[615348.1141796,9762613.0352485,0.0],[615345.7463458,9762613.8373477,0.0],[615347.3505441,9762618.5730153,0.0],[615349.7183779,9762617.7709161,0.0],[615348.1141796,9762613.0352485,0.0]]]]}},
{"type":"Feature","properties":{"Layer":"SH parqueos ESPOL"},"geometry":{"type":"MultiPolygon","coordinates":[[[[615350.3873001,9762612.2652333,0.0],[615348.0194663,9762613.0673325,0.0],[615349.6236646,9762617.8030001,0.0],[615351.9914984,9762617.0009009,0.0],[615350.3873001,9762612.2652333,0.0]]]]}},
{"type":"Feature","properties":{"Layer":"SH parqueos ESPOL"},"geometry":{"type":"MultiPolygon","coordinates":[[[[615326.3702291,9762644.0344496,0.0],[615324.1590221,9762642.8680175,0.0],[615321.8261581,9762647.2904315,0.0],[615324.0373651,9762648.4568635,0.0],[615326.3702291,9762644.0344496,0.0]]]]}},
{"type":"Feature","properties":{"Layer":"SH parqueos ESPOL"},"geometry":{"type":"MultiPolygon","coordinates":[[[[615323.1306176,9762645.0318944,0.0],[615320.9194106,9762643.8654624,0.0],[615318.5865465,9762648.2878764,0.0],[615320.7977535,9762649.4543084,0.0],[615323.1306176,9762645.0318944,0.0]]]]}},
{"type":"Feature","properties":{"Layer":"SH parqueos ESPOL"},"geometry":{"type":"MultiPolygon","coordinates":[[[[615319.8438018,9762646.1188246,0.0],[615317.6325948,9762644.9523925,0.0],[615315.2997307,9762649.3748065,0.0],[615317.5109377,9762650.5412385,0.0],[615319.8438018,9762646.1188246,0.0]]]]}},
{"type":"Feature","properties":{"Layer":"SH parqueos ESPOL"},"geometry":{"type":"MultiPolygon","coordinates":[[[[615316.5569859,9762647.2057547,0.0],[615314.345779,9762646.0393226,0.0],[615312.0129149,9762650.4617366,0.0],[615314.2241219,9762651.6281686,0.0],[615316.5569859,9762647.2057547,0.0]]]]}},
{"type":"Feature","properties":{"Layer":"SH parqueos ESPOL"},"geometry":{"type":"MultiPolygon","coordinates":[[[[615313.2701701,9762648.2926848,0.0],[615311.0589631,9762647.1262528,0.0],[615308.7260991,9762651.5486667,0.0],[615310.937306,9762652.7150988,0.0],[615313.2701701,9762648.2926848,0.0]]]]}},
{"type":"Feature","properties":{"Layer":"SH parqueos ESPOL"},"geometry":{"type":"MultiPolygon","coordinates":[[[[615309.9833543,9762649.3796149,0.0],[615307.7721473,9762648.2131829,0.0],[615305.4392832,9762652.6355969,0.0],[615307.6504902,9762653.8020289,0.0],[615309.9833543,9762649.3796149,0.0]]]]}},
{"type":"Feature","properties":{"Layer":"SH parqueos ESPOL"},"geometry":{"type":"MultiPolygon","coordinates":[[[[615306.6965385,9762650.466545,0.0],[615304.4853315,9762649.300113,0.0],[615302.1524674,9762653.722527,0.0],[615304.3636744,9762654.888959,0.0],[615306.6965385,9762650.466545,0.0]]]]}},
{"type":"Feature","properties":{"Layer":"SH parqueos ESPOL"},"geometry":{"type":"MultiPolygon","coordinates":[[[[615303.4008034,9762651.5703834,0.0],[615301.1895964,9762650.4039514,0.0],[615298.8567323,9762654.8263653,0.0],[615301.0679393,9762655.9927974,0.0],[615303.4008034,9762651.5703834,0.0]]]]}},
{"type":"Feature","properties":{"Layer":"SH parqueos ESPOL"},"geometry":{"type":"MultiPolygon","coordinates":[[[[615300.1212882,9762652.6434736,0.0],[615297.9100813,9762651.4770415,0.0],[615295.5772172,9762655.8994555,0.0],[615297.7884242,9762657.0658875,0.0],[615300.1212882,9762652.6434736,0.0]]]]}},
{"type":"Feature","properties":{"Layer":"SH parqueos ESPOL"},"geometry":{"type":"MultiPolygon","coordinates":[[[[615296.8320937,9762653.734913,0.0],[615294.6208868,9762652.5684809,0.0],[615292.2880227,9762656.9908949,0.0],[615294.4992297,9762658.1573269,0.0],[615296.8320937,9762653.734913,0.0]]]]}},
{"type":"Feature","properties":{"Layer":"SH parqueos ESPOL"},"geometry":{"type":"MultiPolygon","coordinates":[[[[615361.8655347,9762632.2168048,0.0],[615359.6114154,9762631.1356267,0.0],[615357.4490592,9762635.6438654,0.0],[615359.7031786,9762636.7250435,0.0],[615361.8655347,9762632.2168048,0.0]]]]}},
{"type":"Feature","properties":{"Layer":"SH parqueos ESPOL"},"geometry":{"type":"MultiPolygon","coordinates":[[[[615358.7392149,9762633.1852835,0.0],[615356.4850956,9762632.1041054,0.0],[615354.3227394,9762636.6123441,0.0],[615356.5768588,9762637.6935222,0.0],[615358.7392149,9762633.1852835,0.0]]]]}},
{"type":"Feature","properties":{"Layer":"SH parqueos ESPOL"},"geometry":{"type":"MultiPolygon","coordinates":[[[[615355.5756262,9762634.2314632,0.0],[615353.3215068,9762633.1502851,0.0],[615351.1591507,9762637.6585238,0.0],[615353.41327,9762638.7397018,0.0],[615355.5756262,9762634.2314632,0.0]]]]}},
{"type":"Feature","properties":{"Layer":"SH parqueos ESPOL"},"geometry":{"type":"MultiPolygon","coordinates":[[[[615352.4120375,9762635.2776428,0.0],[615350.1579181,9762634.1964648,0.0],[615347.995562,9762638.7047034,0.0],[615350.2496813,9762639.7858815,0.0],[615352.4120375,9762635.2776428,0.0]]]]}},
{"type":"Feature","properties":{"Layer":"SH parqueos ESPOL"},"geometry":{"type":"MultiPolygon","coordinates":[[[[615349.2484487,9762636.3238225,0.0],[615346.9943294,9762635.2426444,0.0],[615344.8319733,9762639.7508831,0.0],[615347.0860926,9762640.8320612,0.0],[615349.2484487,9762636.3238225,0.0]]]]}},
{"type":"Feature","properties":{"Layer":"SH parqueos ESPOL"},"geometry":{"type":"MultiPolygon","coordinates":[[[[615346.08486,9762637.3700021,0.0],[615343.8307407,9762636.2888241,0.0],[615341.6683845,9762640.7970628,0.0],[615343.9225039,9762641.8782408,0.0],[615346.08486,9762637.3700021,0.0]]]]}},
{"type":"Feature","properties":{"Layer":"SH parqueos ESPOL"},"geometry":{"type":"MultiPolygon","coordinates":[[[[615342.9212713,9762638.4161818,0.0],[615340.667152,9762637.3350037,0.0],[615338.5047958,9762641.8432424,0.0],[615340.7589152,9762642.9244205,0.0],[615342.9212713,9762638.4161818,0.0]]]]}},
{"type":"Feature","properties":{"Layer":"SH parqueos ESPOL"},"geometry":{"type":"MultiPolygon","coordinates":[[[[615339.7576826,9762639.4623615,0.0],[615337.5035633,9762638.3811834,0.0],[615335.3412071,9762642.8894221,0.0],[615337.5953264,9762643.9706001,0.0],[615339.7576826,9762639.4623615,0.0]]]]}},
{"type":"Feature","properties":{"Layer":"SH parqueos ESPOL"},"geometry":{"type":"MultiPolygon","coordinates":[[[[615336.5940939,9762640.5085411,0.0],[615334.3399745,9762639.4273631,0.0],[615332.1776184,9762643.9356017,0.0],[615334.4317377,9762645.0167798,0.0],[615336.5940939,9762640.5085411,0.0]]]]}},
{"type":"Feature","properties":{"Layer":"SH parqueos ESPOL"},"geometry":{"type":"MultiPolygon","coordinates":[[[[615333.4305052,9762641.5547208,0.0],[615331.1763858,9762640.4735427,0.0],[615329.0140297,9762644.9817814,0.0],[615331.268149,9762646.0629595,0.0],[615333.4305052,9762641.5547208,0.0]]]]}},
{"type":"Feature","properties":{"Layer":"SH parqueos ESPOL"},"geometry":{"type":"MultiPolygon","coordinates":[[[[615390.6864197,9762715.2863899,0.0],[615388.3084934,9762716.0580547,0.0],[615389.8518229,9762720.8139073,0.0],[615392.2297492,9762720.0422426,0.0],[615390.6864197,9762715.2863899,0.0]]]]}},
{"type":"Feature","properties":{"Layer":"SH parqueos ESPOL"},"geometry":{"type":"MultiPolygon","coordinates":[[[[615392.969229,9762714.5455918,0.0],[615390.5913027,9762715.3172565,0.0],[615392.1346321,9762720.0731092,0.0],[615394.5125584,9762719.3014444,0.0],[615392.969229,9762714.5455918,0.0]]]]}},
{"type":"Feature","properties":{"Layer":"SH parqueos ESPOL"},"geometry":{"type":"MultiPolygon","coordinates":[[[[615397.017275,9762713.2481899,0.0],[615394.6393487,9762714.0198546,0.0],[615396.1826781,9762718.7757072,0.0],[615398.5606044,9762718.0040425,0.0],[615397.017275,9762713.2481899,0.0]]]]}},
{"type":"Feature","properties":{"Layer":"SH parqueos ESPOL"},"geometry":{"type":"MultiPolygon","coordinates":[[[[615399.0140016,9762711.6258127,0.0],[615396.6360753,9762712.3974775,0.0],[615398.1794047,9762717.1533301,0.0],[615400.5573311,9762716.3816654,0.0],[615399.0140016,9762711.6258127,0.0]]]]}},
{"type":"Feature","properties":{"Layer":"SH parqueos ESPOL"},"geometry":{"type":"MultiPolygon","coordinates":[[[[615385.5993337,9762711.5406308,0.0],[615384.8243494,9762709.1637843,0.0],[615380.0706564,9762710.713753,0.0],[615380.8456407,9762713.0905995,0.0],[615385.5993337,9762711.5406308,0.0]]]]}},
{"type":"Feature","properties":{"Layer":"SH parqueos ESPOL"},"geometry":{"type":"MultiPolygon","coordinates":[[[[615386.3433187,9762713.8224035,0.0],[615385.5683344,9762711.445557,0.0],[615380.8146414,9762712.9955257,0.0],[615381.5896257,9762715.3723722,0.0],[615386.3433187,9762713.8224035,0.0]]]]}},
{"type":"Feature","properties":{"Layer":"SH parqueos ESPOL"},"geometry":{"type":"MultiPolygon","coordinates":[[[[615437.792864,9763070.8005104,0.0],[615435.8029423,9763069.2871659,0.0],[615432.7762533,9763073.2670094,0.0],[615434.7661751,9763074.7803538,0.0],[615437.792864,9763070.8005104,0.0]]]]}},
{"type":"Feature","properties":{"Layer":"SH parqueos ESPOL"},"geometry":{"type":"MultiPolygon","coordinates":[[[[615439.7031889,9763072.2533211,0.0],[615437.7132672,9763070.7399766,0.0],[615434.6865782,9763074.7198201,0.0],[615436.6764999,9763076.2331646,0.0],[615439.7031889,9763072.2533211,0.0]]]]}},
{"type":"Feature","properties":{"Layer":"SH parqueos ESPOL"},"geometry":{"type":"MultiPolygon","coordinates":[[[[615441.6135137,9763073.7061318,0.0],[615439.623592,9763072.1927873,0.0],[615436.596903,9763076.1726308,0.0],[615438.5868248,9763077.6859753,0.0],[615441.6135137,9763073.7061318,0.0]]]]}},
{"type":"Feature","properties":{"Layer":"SH parqueos ESPOL"},"geometry":{"type":"MultiPolygon","coordinates":[[[[615443.5238386,9763075.1589425,0.0],[615441.5339169,9763073.645598,0.0],[615438.5072279,9763077.6254415,0.0],[615440.4971496,9763079.138786,0.0],[615443.5238386,9763075.1589425,0.0]]]]}},
{"type":"Feature","properties":{"Layer":"SH parqueos ESPOL"},"geometry":{"type":"MultiPolygon","coordinates":[[[[615445.4341635,9763076.6117532,0.0],[615443.4442417,9763075.0984087,0.0],[615440.4175528,9763079.0782522,0.0],[615442.4074745,9763080.5915967,0.0],[615445.4341635,9763076.6117532,0.0]]]]}},
{"type":"Feature","properties":{"Layer":"SH parqueos ESPOL"},"geometry":{"type":"MultiPolygon","coordinates":[[[[615447.3444883,9763078.0645639,0.0],[615445.3545666,9763076.5512194,0.0],[615442.3278776,9763080.5310629,0.0],[615444.3177993,9763082.0444074,0.0],[615447.3444883,9763078.0645639,0.0]]]]}},
{"type":"Feature","properties":{"Layer":"SH parqueos ESPOL"},"geometry":{"type":"MultiPolygon","coordinates":[[[[615449.2548132,9763079.5173746,0.0],[615447.2648914,9763078.0040301,0.0],[615444.2382025,9763081.9838736,0.0],[615446.2281242,9763083.4972181,0.0],[615449.2548132,9763079.5173746,0.0]]]]}},
{"type":"Feature","properties":{"Layer":"SH parqueos ESPOL"},"geometry":{"type":"MultiPolygon","coordinates":[[[[615435.3160234,9763063.6825887,0.0],[615433.2362629,9763065.0698869,0.0],[615436.0108593,9763069.2294079,0.0],[615438.0906198,9763067.8421097,0.0],[615435.3160234,9763063.6825887,0.0]]]]}},
{"type":"Feature","properties":{"Layer":"SH parqueos ESPOL"},"geometry":{"type":"MultiPolygon","coordinates":[[[[615437.3125935,9763062.3507824,0.0],[615435.232833,9763063.7380806,0.0],[615438.0074294,9763067.8976016,0.0],[615440.0871899,9763066.5103034,0.0],[615437.3125935,9763062.3507824,0.0]]]]}},
{"type":"Feature","properties":{"Layer":"SH parqueos ESPOL"},"geometry":{"type":"MultiPolygon","coordinates":[[[[615439.3091636,9763061.0189761,0.0],[615437.2294031,9763062.4062743,0.0],[615440.0039995,9763066.5657953,0.0],[615442.08376,9763065.1784971,0.0],[615439.3091636,9763061.0189761,0.0]]]]}},
{"type":"Feature","properties":{"Layer":"SH parqueos ESPOL"},"geometry":{"type":"MultiPolygon","coordinates":[[[[615441.3057336,9763059.6871698,0.0],[615439.2259732,9763061.0744681,0.0],[615442.0005696,9763065.233989,0.0],[615444.0803301,9763063.8466908,0.0],[615441.3057336,9763059.6871698,0.0]]]]}},
{"type":"Feature","properties":{"Layer":"SH parqueos ESPOL"},"geometry":{"type":"MultiPolygon","coordinates":[[[[615443.3023037,9763058.3553636,0.0],[615441.2225432,9763059.7426618,0.0],[615443.9971396,9763063.9021828,0.0],[615446.0769001,9763062.5148845,0.0],[615443.3023037,9763058.3553636,0.0]]]]}},
{"type":"Feature","properties":{"Layer":"SH parqueos ESPOL"},"geometry":{"type":"MultiPolygon","coordinates":[[[[615445.2988738,9763057.0235573,0.0],[615443.2191133,9763058.4108555,0.0],[615445.9937097,9763062.5703765,0.0],[615448.0734702,9763061.1830783,0.0],[615445.2988738,9763057.0235573,0.0]]]]}},
{"type":"Feature","properties":{"Layer":"SH parqueos ESPOL"},"geometry":{"type":"MultiPolygon","coordinates":[[[[615454.5463828,9763059.9208663,0.0],[615453.1304225,9763057.8605128,0.0],[615449.0097156,9763060.6924334,0.0],[615450.4256759,9763062.7527869,0.0],[615454.5463828,9763059.9208663,0.0]]]]}},
{"type":"Feature","properties":{"Layer":"SH parqueos ESPOL"},"geometry":{"type":"MultiPolygon","coordinates":[[[[615455.9057047,9763061.8988057,0.0],[615454.4897444,9763059.8384522,0.0],[615450.3690374,9763062.6703728,0.0],[615451.7849977,9763064.7307262,0.0],[615455.9057047,9763061.8988057,0.0]]]]}},
{"type":"Feature","properties":{"Layer":"SH parqueos ESPOL"},"geometry":{"type":"MultiPolygon","coordinates":[[[[615457.2650266,9763063.876745,0.0],[615455.8490663,9763061.8163915,0.0],[615451.7283593,9763064.6483121,0.0],[615453.1443196,9763066.7086656,0.0],[615457.2650266,9763063.876745,0.0]]]]}},
{"type":"Feature","properties":{"Layer":"SH parqueos ESPOL"},"geometry":{"type":"MultiPolygon","coordinates":[[[[615458.6243485,9763065.8546843,0.0],[615457.2083882,9763063.7943309,0.0],[615453.0876812,9763066.6262515,0.0],[615454.5036415,9763068.6866049,0.0],[615458.6243485,9763065.8546843,0.0]]]]}},
{"type":"Feature","properties":{"Layer":"SH parqueos ESPOL"},"geometry":{"type":"MultiPolygon","coordinates":[[[[615436.0049892,9762992.6236175,0.0],[615434.0545462,9762991.0597211,0.0],[615430.9267533,9762994.9606072,0.0],[615432.8771964,9762996.5245036,0.0],[615436.0049892,9762992.6236175,0.0]]]]}},
{"type":"Feature","properties":{"Layer":"SH parqueos ESPOL"},"geometry":{"type":"MultiPolygon","coordinates":[[[[615437.8774145,9762994.1249581,0.0],[615435.9269715,9762992.5610617,0.0],[615432.7991786,9762996.4619477,0.0],[615434.7496217,9762998.0258441,0.0],[615437.8774145,9762994.1249581,0.0]]]]}},
{"type":"Feature","properties":{"Layer":"SH parqueos ESPOL"},"geometry":{"type":"MultiPolygon","coordinates":[[[[615439.7498398,9762995.6262987,0.0],[615437.7993968,9762994.0624022,0.0],[615434.6716039,9762997.9632883,0.0],[615436.622047,9762999.5271847,0.0],[615439.7498398,9762995.6262987,0.0]]]]}},
{"type":"Feature","properties":{"Layer":"SH parqueos ESPOL"},"geometry":{"type":"MultiPolygon","coordinates":[[[[615441.6222651,9762997.1276392,0.0],[615439.6718221,9762995.5637428,0.0],[615436.5440292,9762999.4646288,0.0],[615438.4944723,9763001.0285253,0.0],[615441.6222651,9762997.1276392,0.0]]]]}},
{"type":"Feature","properties":{"Layer":"SH parqueos ESPOL"},"geometry":{"type":"MultiPolygon","coordinates":[[[[615443.4946904,9762998.6289798,0.0],[615441.5442474,9762997.0650834,0.0],[615438.4164546,9763000.9659694,0.0],[615440.3668976,9763002.5298658,0.0],[615443.4946904,9762998.6289798,0.0]]]]}},
{"type":"Feature","properties":{"Layer":"SH parqueos ESPOL"},"geometry":{"type":"MultiPolygon","coordinates":[[[[615445.3671157,9763000.1303203,0.0],[615443.4166727,9762998.5664239,0.0],[615440.2888799,9763002.46731,0.0],[615442.2393229,9763004.0312064,0.0],[615445.3671157,9763000.1303203,0.0]]]]}},
{"type":"Feature","properties":{"Layer":"SH parqueos ESPOL"},"geometry":{"type":"MultiPolygon","coordinates":[[[[615447.239541,9763001.6316609,0.0],[615445.289098,9763000.0677645,0.0],[615442.1613052,9763003.9686505,0.0],[615444.1117482,9763005.532547,0.0],[615447.239541,9763001.6316609,0.0]]]]}},
{"type":"Feature","properties":{"Layer":"SH parqueos ESPOL"},"geometry":{"type":"MultiPolygon","coordinates":[[[[615449.1119663,9763003.1330015,0.0],[615447.1615233,9763001.569105,0.0],[615444.0337305,9763005.4699911,0.0],[615445.9841735,9763007.0338875,0.0],[615449.1119663,9763003.1330015,0.0]]]]}},
{"type":"Feature","properties":{"Layer":"SH parqueos ESPOL"},"geometry":{"type":"MultiPolygon","coordinates":[[[[615450.9843916,9763004.634342,0.0],[615449.0339486,9763003.0704456,0.0],[615445.9061558,9763006.9713317,0.0],[615447.8565988,9763008.5352281,0.0],[615450.9843916,9763004.634342,0.0]]]]}},
{"type":"Feature","properties":{"Layer":"SH parqueos ESPOL"},"geometry":{"type":"MultiPolygon","coordinates":[[[[615452.8568169,9763006.1356826,0.0],[615450.9063739,9763004.5717862,0.0],[615447.7785811,9763008.4726722,0.0],[615449.7290241,9763010.0365686,0.0],[615452.8568169,9763006.1356826,0.0]]]]}},
{"type":"Feature","properties":{"Layer":"SH parqueos ESPOL"},"geometry":{"type":"MultiPolygon","coordinates":[[[[615454.7292422,9763007.6370232,0.0],[615452.7787992,9763006.0731267,0.0],[615449.6510064,9763009.9740128,0.0],[615451.6014494,9763011.5379092,0.0],[615454.7292422,9763007.6370232,0.0]]]]}},
{"type":"Feature","properties":{"Layer":"SH parqueos ESPOL"},"geometry":{"type":"MultiPolygon","coordinates":[[[[615456.6016675,9763009.1383637,0.0],[615454.6512245,9763007.5744673,0.0],[615451.5234317,9763011.4753533,0.0],[615453.4738747,9763013.0392498,0.0],[615456.6016675,9763009.1383637,0.0]]]]}},
{"type":"Feature","properties":{"Layer":"SH parqueos ESPOL"},"geometry":{"type":"MultiPolygon","coordinates":[[[[615458.4740928,9763010.6397043,0.0],[615456.5236498,9763009.0758079,0.0],[615453.395857,9763012.9766939,0.0],[615455.3463,9763014.5405903,0.0],[615458.4740928,9763010.6397043,0.0]]]]}},
{"type":"Feature","properties":{"Layer":"SH parqueos ESPOL"},"geometry":{"type":"MultiPolygon","coordinates":[[[[615460.3465181,9763012.1410448,0.0],[615458.3960751,9763010.5771484,0.0],[615455.2682823,9763014.4780345,0.0],[615457.2187253,9763016.0419309,0.0],[615460.3465181,9763012.1410448,0.0]]]]}},
{"type":"Feature","properties":{"Layer":"SH parqueos ESPOL"},"geometry":{"type":"MultiPolygon","coordinates":[[[[615462.2189435,9763013.6423854,0.0],[615460.2685004,9763012.078489,0.0],[615457.1407076,9763015.979375,0.0],[615459.0911506,9763017.5432715,0.0],[615462.2189435,9763013.6423854,0.0]]]]}},
{"type":"Feature","properties":{"Layer":"SH parqueos ESPOL"},"geometry":{"type":"MultiPolygon","coordinates":[[[[615464.0913688,9763015.143726,0.0],[615462.1409257,9763013.5798295,0.0],[615459.0131329,9763017.4807156,0.0],[615460.9635759,9763019.044612,0.0],[615464.0913688,9763015.143726,0.0]]]]}},
{"type":"Feature","properties":{"Layer":"SH parqueos ESPOL"},"geometry":{"type":"MultiPolygon","coordinates":[[[[615426.6700175,9762985.193404,0.0],[615425.1061211,9762987.143847,0.0],[615429.0070072,9762990.2716399,0.0],[615430.5709036,9762988.3211968,0.0],[615426.6700175,9762985.193404,0.0]]]]}},
{"type":"Feature","properties":{"Layer":"SH parqueos ESPOL"},"geometry":{"type":"MultiPolygon","coordinates":[[[[615422.8471492,9762982.128167,0.0],[615421.2832528,9762984.07861,0.0],[615425.1841388,9762987.2064029,0.0],[615426.7480353,9762985.2559599,0.0],[615422.8471492,9762982.128167,0.0]]]]}},
{"type":"Feature","properties":{"Layer":"SH parqueos ESPOL"},"geometry":{"type":"MultiPolygon","coordinates":[[[[615419.0242809,9762979.06293,0.0],[615417.4603845,9762981.013373,0.0],[615421.3612705,9762984.1411659,0.0],[615422.9251669,9762982.1907229,0.0],[615419.0242809,9762979.06293,0.0]]]]}},
{"type":"Feature","properties":{"Layer":"SH parqueos ESPOL"},"geometry":{"type":"MultiPolygon","coordinates":[[[[615386.9014574,9763001.2221253,0.0],[615388.8621672,9763002.7731305,0.0],[615391.9641776,9762998.8517109,0.0],[615390.0034679,9762997.3007057,0.0],[615386.9014574,9763001.2221253,0.0]]]]}},
{"type":"Feature","properties":{"Layer":"SH parqueos ESPOL"},"geometry":{"type":"MultiPolygon","coordinates":[[[[615385.0191761,9762999.7331603,0.0],[615386.9798858,9763001.2841655,0.0],[615390.0818963,9762997.3627459,0.0],[615388.1211865,9762995.8117407,0.0],[615385.0191761,9762999.7331603,0.0]]]]}},
{"type":"Feature","properties":{"Layer":"SH parqueos ESPOL"},"geometry":{"type":"MultiPolygon","coordinates":[[[[615383.1368947,9762998.2441953,0.0],[615385.0976044,9762999.7952005,0.0],[615388.1996149,9762995.8737809,0.0],[615386.2389051,9762994.3227757,0.0],[615383.1368947,9762998.2441953,0.0]]]]}},
{"type":"Feature","properties":{"Layer":"SH parqueos ESPOL"},"geometry":{"type":"MultiPolygon","coordinates":[[[[615381.2546133,9762996.7552303,0.0],[615383.215323,9762998.3062355,0.0],[615386.3173335,9762994.3848159,0.0],[615384.3566237,9762992.8338107,0.0],[615381.2546133,9762996.7552303,0.0]]]]}},
{"type":"Feature","properties":{"Layer":"SH parqueos ESPOL"},"geometry":{"type":"MultiPolygon","coordinates":[[[[615379.3723319,9762995.2662653,0.0],[615381.3330417,9762996.8172705,0.0],[615384.4350521,9762992.8958509,0.0],[615382.4743423,9762991.3448457,0.0],[615379.3723319,9762995.2662653,0.0]]]]}},
{"type":"Feature","properties":{"Layer":"SH parqueos ESPOL"},"geometry":{"type":"MultiPolygon","coordinates":[[[[615377.4900505,9762993.7773003,0.0],[615379.4507603,9762995.3283055,0.0],[615382.5527707,9762991.4068859,0.0],[615380.5920609,9762989.8558807,0.0],[615377.4900505,9762993.7773003,0.0]]]]}},
{"type":"Feature","properties":{"Layer":"SH parqueos ESPOL"},"geometry":{"type":"MultiPolygon","coordinates":[[[[615375.6077691,9762992.2883353,0.0],[615377.5684789,9762993.8393405,0.0],[615380.6704893,9762989.9179209,0.0],[615378.7097795,9762988.3669157,0.0],[615375.6077691,9762992.2883353,0.0]]]]}},
{"type":"Feature","properties":{"Layer":"SH parqueos ESPOL"},"geometry":{"type":"MultiPolygon","coordinates":[[[[615373.7254877,9762990.7993703,0.0],[615375.6861975,9762992.3503755,0.0],[615378.7882079,9762988.4289559,0.0],[615376.8274981,9762986.8779507,0.0],[615373.7254877,9762990.7993703,0.0]]]]}},
{"type":"Feature","properties":{"Layer":"SH parqueos ESPOL"},"geometry":{"type":"MultiPolygon","coordinates":[[[[615371.8432063,9762989.3104053,0.0],[615373.8039161,9762990.8614105,0.0],[615376.9059265,9762986.9399909,0.0],[615374.9452167,9762985.3889857,0.0],[615371.8432063,9762989.3104053,0.0]]]]}},
{"type":"Feature","properties":{"Layer":"SH parqueos ESPOL"},"geometry":{"type":"MultiPolygon","coordinates":[[[[615369.9609249,9762987.8214403,0.0],[615371.9216347,9762989.3724455,0.0],[615375.0236451,9762985.4510259,0.0],[615373.0629353,9762983.9000207,0.0],[615369.9609249,9762987.8214403,0.0]]]]}},
{"type":"Feature","properties":{"Layer":"SH parqueos ESPOL"},"geometry":{"type":"MultiPolygon","coordinates":[[[[615368.0786435,9762986.3324753,0.0],[615370.0393533,9762987.8834805,0.0],[615373.1413637,9762983.9620609,0.0],[615371.1806539,9762982.4110557,0.0],[615368.0786435,9762986.3324753,0.0]]]]}},
{"type":"Feature","properties":{"Layer":"SH parqueos ESPOL"},"geometry":{"type":"MultiPolygon","coordinates":[[[[615366.1963621,9762984.8435103,0.0],[615368.1570719,9762986.3945155,0.0],[615371.2590823,9762982.4730959,0.0],[615369.2983725,9762980.9220907,0.0],[615366.1963621,9762984.8435103,0.0]]]]}},
{"type":"Feature","properties":{"Layer":"SH parqueos ESPOL"},"geometry":{"type":"MultiPolygon","coordinates":[[[[615364.3140807,9762983.3545453,0.0],[615366.2747905,9762984.9055505,0.0],[615369.3768009,9762980.9841309,0.0],[615367.4160912,9762979.4331257,0.0],[615364.3140807,9762983.3545453,0.0]]]]}},
{"type":"Feature","properties":{"Layer":"SH parqueos ESPOL"},"geometry":{"type":"MultiPolygon","coordinates":[[[[615362.4317993,9762981.8655803,0.0],[615364.3925091,9762983.4165855,0.0],[615367.4945195,9762979.4951659,0.0],[615365.5338098,9762977.9441607,0.0],[615362.4317993,9762981.8655803,0.0]]]]}},
{"type":"Feature","properties":{"Layer":"SH parqueos ESPOL"},"geometry":{"type":"MultiPolygon","coordinates":[[[[615360.549518,9762980.3766153,0.0],[615362.5102277,9762981.9276205,0.0],[615365.6122382,9762978.0062009,0.0],[615363.6515284,9762976.4551957,0.0],[615360.549518,9762980.3766153,0.0]]]]}},
{"type":"Feature","properties":{"Layer":"SH parqueos ESPOL"},"geometry":{"type":"MultiPolygon","coordinates":[[[[615358.6672366,9762978.8876503,0.0],[615360.6279463,9762980.4386555,0.0],[615363.7299568,9762976.5172359,0.0],[615361.769247,9762974.9662307,0.0],[615358.6672366,9762978.8876503,0.0]]]]}},
{"type":"Feature","properties":{"Layer":"SH parqueos ESPOL"},"geometry":{"type":"MultiPolygon","coordinates":[[[[615356.7849552,9762977.3986853,0.0],[615358.745665,9762978.9496905,0.0],[615361.8476754,9762975.0282709,0.0],[615359.8869656,9762973.4772657,0.0],[615356.7849552,9762977.3986853,0.0]]]]}},
{"type":"Feature","properties":{"Layer":"SH parqueos ESPOL"},"geometry":{"type":"MultiPolygon","coordinates":[[[[615354.9026738,9762975.9097203,0.0],[615356.8633836,9762977.4607255,0.0],[615359.965394,9762973.539306,0.0],[615358.0046842,9762971.9883007,0.0],[615354.9026738,9762975.9097203,0.0]]]]}},
{"type":"Feature","properties":{"Layer":"SH parqueos ESPOL"},"geometry":{"type":"MultiPolygon","coordinates":[[[[615382.7921878,9762957.0912484,0.0],[615384.7453998,9762958.6516852,0.0],[615387.8662734,9762954.7452613,0.0],[615385.9130615,9762953.1848245,0.0],[615382.7921878,9762957.0912484,0.0]]]]}},
{"type":"Feature","properties":{"Layer":"SH parqueos ESPOL"},"geometry":{"type":"MultiPolygon","coordinates":[[[[615380.9171043,9762955.593229,0.0],[615382.8703163,9762957.1536659,0.0],[615385.99119,9762953.247242,0.0],[615384.037978,9762951.6868051,0.0],[615380.9171043,9762955.593229,0.0]]]]}},
{"type":"Feature","properties":{"Layer":"SH parqueos ESPOL"},"geometry":{"type":"MultiPolygon","coordinates":[[[[615379.0420209,9762954.0952097,0.0],[615380.9952328,9762955.6556465,0.0],[615384.1161065,9762951.7492226,0.0],[615382.1628945,9762950.1887858,0.0],[615379.0420209,9762954.0952097,0.0]]]]}},
{"type":"Feature","properties":{"Layer":"SH parqueos ESPOL"},"geometry":{"type":"MultiPolygon","coordinates":[[[[615377.1669374,9762952.5971903,0.0],[615379.1201493,9762954.1576271,0.0],[615382.241023,9762950.2512032,0.0],[615380.2878111,9762948.6907664,0.0],[615377.1669374,9762952.5971903,0.0]]]]}},
{"type":"Feature","properties":{"Layer":"SH parqueos ESPOL"},"geometry":{"type":"MultiPolygon","coordinates":[[[[615375.2918539,9762951.0991709,0.0],[615377.2450659,9762952.6596078,0.0],[615380.3659395,9762948.7531839,0.0],[615378.4127276,9762947.1927471,0.0],[615375.2918539,9762951.0991709,0.0]]]]}},
{"type":"Feature","properties":{"Layer":"SH parqueos ESPOL"},"geometry":{"type":"MultiPolygon","coordinates":[[[[615373.4167705,9762949.6011516,0.0],[615375.3699824,9762951.1615884,0.0],[615378.4908561,9762947.2551645,0.0],[615376.5376441,9762945.6947277,0.0],[615373.4167705,9762949.6011516,0.0]]]]}},
{"type":"Feature","properties":{"Layer":"SH parqueos ESPOL"},"geometry":{"type":"MultiPolygon","coordinates":[[[[615400.885059,9762934.2415525,0.0],[615403.3739828,9762934.0064818,0.0],[615402.9038415,9762929.0286342,0.0],[615400.4149177,9762929.2637048,0.0],[615400.885059,9762934.2415525,0.0]]]]}},
{"type":"Feature","properties":{"Layer":"SH parqueos ESPOL"},"geometry":{"type":"MultiPolygon","coordinates":[[[[615403.2744258,9762934.0158847,0.0],[615405.7633496,9762933.780814,0.0],[615405.2932084,9762928.8029664,0.0],[615402.8042846,9762929.038037,0.0],[615403.2744258,9762934.0158847,0.0]]]]}},
{"type":"Feature","properties":{"Layer":"SH parqueos ESPOL"},"geometry":{"type":"MultiPolygon","coordinates":[[[[615405.6637927,9762933.7902169,0.0],[615408.1527165,9762933.5551462,0.0],[615407.6825753,9762928.5772986,0.0],[615405.1936514,9762928.8123692,0.0],[615405.6637927,9762933.7902169,0.0]]]]}},
{"type":"Feature","properties":{"Layer":"SH parqueos ESPOL"},"geometry":{"type":"MultiPolygon","coordinates":[[[[615408.0531596,9762933.5645491,0.0],[615410.5420834,9762933.3294784,0.0],[615410.0719421,9762928.3516308,0.0],[615407.5830183,9762928.5867014,0.0],[615408.0531596,9762933.5645491,0.0]]]]}},
{"type":"Feature","properties":{"Layer":"SH parqueos ESPOL"},"geometry":{"type":"MultiPolygon","coordinates":[[[[615410.5420834,9762933.3294784,0.0],[615412.9962382,9762933.806054,0.0],[615413.9493892,9762928.8977444,0.0],[615411.4952344,9762928.4211688,0.0],[615410.5420834,9762933.3294784,0.0]]]]}},
{"type":"Feature","properties":{"Layer":"SH parqueos ESPOL"},"geometry":{"type":"MultiPolygon","coordinates":[[[[615412.9700455,9762933.8045107,0.0],[615415.4054221,9762934.369259,0.0],[615416.5349185,9762929.4985056,0.0],[615414.0995419,9762928.9337574,0.0],[615412.9700455,9762933.8045107,0.0]]]]}},
{"type":"Feature","properties":{"Layer":"SH parqueos ESPOL"},"geometry":{"type":"MultiPolygon","coordinates":[[[[615415.308007,9762934.346669,0.0],[615417.7433837,9762934.9114172,0.0],[615418.8728801,9762930.0406639,0.0],[615416.4375035,9762929.4759157,0.0],[615415.308007,9762934.346669,0.0]]]]}},
{"type":"Feature","properties":{"Layer":"SH parqueos ESPOL"},"geometry":{"type":"MultiPolygon","coordinates":[[[[615417.6459686,9762934.8888273,0.0],[615420.0813453,9762935.4535755,0.0],[615421.2108417,9762930.5828222,0.0],[615418.7754651,9762930.018074,0.0],[615417.6459686,9762934.8888273,0.0]]]]}},
{"type":"Feature","properties":{"Layer":"SH parqueos ESPOL"},"geometry":{"type":"MultiPolygon","coordinates":[[[[615419.9839302,9762935.4309856,0.0],[615422.4193069,9762935.9957338,0.0],[615423.5488033,9762931.1249805,0.0],[615421.1134266,9762930.5602323,0.0],[615419.9839302,9762935.4309856,0.0]]]]}},
{"type":"Feature","properties":{"Layer":"SH parqueos ESPOL"},"geometry":{"type":"MultiPolygon","coordinates":[[[[615422.3218918,9762935.9731439,0.0],[615424.7572685,9762936.5378921,0.0],[615425.8867649,9762931.6671388,0.0],[615423.4513882,9762931.1023906,0.0],[615422.3218918,9762935.9731439,0.0]]]]}},
{"type":"Feature","properties":{"Layer":"SH parqueos ESPOL"},"geometry":{"type":"MultiPolygon","coordinates":[[[[615424.6598534,9762936.5153022,0.0],[615427.09523,9762937.0800504,0.0],[615428.2247265,9762932.2092971,0.0],[615425.7893498,9762931.6445489,0.0],[615424.6598534,9762936.5153022,0.0]]]]}},
{"type":"Feature","properties":{"Layer":"SH parqueos ESPOL"},"geometry":{"type":"MultiPolygon","coordinates":[[[[615426.997815,9762937.0574605,0.0],[615429.4331916,9762937.6222087,0.0],[615430.5626881,9762932.7514554,0.0],[615428.1273114,9762932.1867071,0.0],[615426.997815,9762937.0574605,0.0]]]]}},
{"type":"Feature","properties":{"Layer":"SH parqueos ESPOL"},"geometry":{"type":"MultiPolygon","coordinates":[[[[615429.3357766,9762937.5996187,0.0],[615431.7711532,9762938.164367,0.0],[615432.9006497,9762933.2936136,0.0],[615430.465273,9762932.7288654,0.0],[615429.3357766,9762937.5996187,0.0]]]]}},
{"type":"Feature","properties":{"Layer":"SH parqueos ESPOL"},"geometry":{"type":"MultiPolygon","coordinates":[[[[615431.6737382,9762938.141777,0.0],[615434.1091148,9762938.7065252,0.0],[615435.2386112,9762933.8357719,0.0],[615432.8032346,9762933.2710237,0.0],[615431.6737382,9762938.141777,0.0]]]]}},
{"type":"Feature","properties":{"Layer":"SH parqueos ESPOL"},"geometry":{"type":"MultiPolygon","coordinates":[[[[615434.0116997,9762938.6839353,0.0],[615436.4470764,9762939.2486835,0.0],[615437.5765728,9762934.3779302,0.0],[615435.1411962,9762933.813182,0.0],[615434.0116997,9762938.6839353,0.0]]]]}},
{"type":"Feature","properties":{"Layer":"SH parqueos ESPOL"},"geometry":{"type":"MultiPolygon","coordinates":[[[[615436.3496613,9762939.2260936,0.0],[615438.785038,9762939.7908418,0.0],[615439.9145344,9762934.9200885,0.0],[615437.4791578,9762934.3553403,0.0],[615436.3496613,9762939.2260936,0.0]]]]}},
{"type":"Feature","properties":{"Layer":"SH parqueos ESPOL"},"geometry":{"type":"MultiPolygon","coordinates":[[[[615438.6876229,9762939.7682519,0.0],[615441.1229996,9762940.3330001,0.0],[615442.252496,9762935.4622468,0.0],[615439.8171194,9762934.8974986,0.0],[615438.6876229,9762939.7682519,0.0]]]]}},
{"type":"Feature","properties":{"Layer":"SH parqueos ESPOL"},"geometry":{"type":"MultiPolygon","coordinates":[[[[615441.0255845,9762940.3104102,0.0],[615443.4609612,9762940.8751584,0.0],[615444.5904576,9762936.0044051,0.0],[615442.1550809,9762935.4396569,0.0],[615441.0255845,9762940.3104102,0.0]]]]}},
{"type":"Feature","properties":{"Layer":"SH parqueos ESPOL"},"geometry":{"type":"MultiPolygon","coordinates":[[[[615442.5310141,9762957.8149227,0.0],[615443.4961365,9762955.508727,0.0],[615438.8837451,9762953.5784821,0.0],[615437.9186226,9762955.8846778,0.0],[615442.5310141,9762957.8149227,0.0]]]]}},
{"type":"Feature","properties":{"Layer":"SH parqueos ESPOL"},"geometry":{"type":"MultiPolygon","coordinates":[[[[615443.4575316,9762955.6009748,0.0],[615444.4226541,9762953.2947791,0.0],[615439.8102627,9762951.3645342,0.0],[615438.8451402,9762953.6707299,0.0],[615443.4575316,9762955.6009748,0.0]]]]}},
{"type":"Feature","properties":{"Layer":"SH parqueos ESPOL"},"geometry":{"type":"MultiPolygon","coordinates":[[[[615444.3840492,9762953.3870269,0.0],[615445.3491717,9762951.0808312,0.0],[615440.7367802,9762949.1505863,0.0],[615439.7716578,9762951.456782,0.0],[615444.3840492,9762953.3870269,0.0]]]]}},
{"type":"Feature","properties":{"Layer":"SH parqueos ESPOL"},"geometry":{"type":"MultiPolygon","coordinates":[[[[615445.3105668,9762951.1730791,0.0],[615446.2756892,9762948.8668834,0.0],[615441.6632978,9762946.9366384,0.0],[615440.6981753,9762949.2428341,0.0],[615445.3105668,9762951.1730791,0.0]]]]}},
{"type":"Feature","properties":{"Layer":"SH parqueos ESPOL"},"geometry":{"type":"MultiPolygon","coordinates":[[[[615446.2370843,9762948.9591312,0.0],[615447.2022068,9762946.6529355,0.0],[615442.5898154,9762944.7226906,0.0],[615441.6246929,9762947.0288863,0.0],[615446.2370843,9762948.9591312,0.0]]]]}},
{"type":"Feature","properties":{"Layer":"SH parqueos ESPOL"},"geometry":{"type":"MultiPolygon","coordinates":[[[[615447.1636019,9762946.7451833,0.0],[615448.1287243,9762944.4389876,0.0],[615443.5163329,9762942.5087427,0.0],[615442.5512105,9762944.8149384,0.0],[615447.1636019,9762946.7451833,0.0]]]]}},
{"type":"Feature","properties":{"Layer":"SH parqueos ESPOL"},"geometry":{"type":"MultiPolygon","coordinates":[[[[615430.2217072,9762958.1678856,0.0],[615432.1647265,9762959.7409959,0.0],[615435.310947,9762955.8549573,0.0],[615433.3679277,9762954.281847,0.0],[615430.2217072,9762958.1678856,0.0]]]]}},
{"type":"Feature","properties":{"Layer":"SH parqueos ESPOL"},"geometry":{"type":"MultiPolygon","coordinates":[[[[615428.3564086,9762956.6576998,0.0],[615430.2994279,9762958.2308101,0.0],[615433.4456485,9762954.3447714,0.0],[615431.5026292,9762952.7716611,0.0],[615428.3564086,9762956.6576998,0.0]]]]}},
{"type":"Feature","properties":{"Layer":"SH parqueos ESPOL"},"geometry":{"type":"MultiPolygon","coordinates":[[[[615426.4911101,9762955.1475139,0.0],[615428.4341294,9762956.7206242,0.0],[615431.5803499,9762952.8345856,0.0],[615429.6373306,9762951.2614753,0.0],[615426.4911101,9762955.1475139,0.0]]]]}},
{"type":"Feature","properties":{"Layer":"SH parqueos ESPOL"},"geometry":{"type":"MultiPolygon","coordinates":[[[[615424.6258115,9762953.637328,0.0],[615426.5688308,9762955.2104383,0.0],[615429.7150514,9762951.3243997,0.0],[615427.7720321,9762949.7512894,0.0],[615424.6258115,9762953.637328,0.0]]]]}},
{"type":"Feature","properties":{"Layer":"SH parqueos ESPOL"},"geometry":{"type":"MultiPolygon","coordinates":[[[[615420.9681361,9762953.2512652,0.0],[615423.3918156,9762952.6382584,0.0],[615422.1658021,9762947.7908993,0.0],[615419.7421225,9762948.4039061,0.0],[615420.9681361,9762953.2512652,0.0]]]]}},
{"type":"Feature","properties":{"Layer":"SH parqueos ESPOL"},"geometry":{"type":"MultiPolygon","coordinates":[[[[615418.6414037,9762953.8397517,0.0],[615421.0650832,9762953.2267449,0.0],[615419.8390697,9762948.3793858,0.0],[615417.4153901,9762948.9923926,0.0],[615418.6414037,9762953.8397517,0.0]]]]}},
{"type":"Feature","properties":{"Layer":"SH parqueos ESPOL"},"geometry":{"type":"MultiPolygon","coordinates":[[[[615407.007651,9762948.7129928,0.0],[615408.9841819,9762950.2437853,0.0],[615412.0457669,9762946.2907235,0.0],[615410.069236,9762944.759931,0.0],[615407.007651,9762948.7129928,0.0]]]]}},
{"type":"Feature","properties":{"Layer":"SH parqueos ESPOL"},"geometry":{"type":"MultiPolygon","coordinates":[[[[615408.9051207,9762950.1825536,0.0],[615410.8816516,9762951.7133461,0.0],[615413.9432365,9762947.7602843,0.0],[615411.9667056,9762946.2294918,0.0],[615408.9051207,9762950.1825536,0.0]]]]}},
{"type":"Feature","properties":{"Layer":"SH parqueos ESPOL"},"geometry":{"type":"MultiPolygon","coordinates":[[[[615410.8025903,9762951.6521144,0.0],[615412.7791212,9762953.1829068,0.0],[615415.8407062,9762949.229845,0.0],[615413.8641753,9762947.6990526,0.0],[615410.8025903,9762951.6521144,0.0]]]]}},
{"type":"Feature","properties":{"Layer":"SH parqueos ESPOL"},"geometry":{"type":"MultiPolygon","coordinates":[[[[615420.0946626,9762958.0171126,0.0],[615422.0432423,9762959.5833301,0.0],[615425.1756772,9762955.6861707,0.0],[615423.2270975,9762954.1199532,0.0],[615420.0946626,9762958.0171126,0.0]]]]}},
{"type":"Feature","properties":{"Layer":"SH parqueos ESPOL"},"geometry":{"type":"MultiPolygon","coordinates":[[[[615421.9652991,9762959.5206814,0.0],[615423.9138788,9762961.0868989,0.0],[615427.0463137,9762957.1897395,0.0],[615425.097734,9762955.623522,0.0],[615421.9652991,9762959.5206814,0.0]]]]}},
{"type":"Feature","properties":{"Layer":"SH parqueos ESPOL"},"geometry":{"type":"MultiPolygon","coordinates":[[[[615423.8359356,9762961.0242502,0.0],[615425.7845153,9762962.5904676,0.0],[615428.9169502,9762958.6933082,0.0],[615426.9683705,9762957.1270908,0.0],[615423.8359356,9762961.0242502,0.0]]]]}},
{"type":"Feature","properties":{"Layer":"SH parqueos ESPOL"},"geometry":{"type":"MultiPolygon","coordinates":[[[[615425.7065721,9762962.5278189,0.0],[615427.6551518,9762964.0940364,0.0],[615430.7875868,9762960.196877,0.0],[615428.8390071,9762958.6306595,0.0],[615425.7065721,9762962.5278189,0.0]]]]}},
{"type":"Feature","properties":{"Layer":"SH parqueos ESPOL"},"geometry":{"type":"MultiPolygon","coordinates":[[[[615427.5772086,9762964.0313877,0.0],[615429.5257883,9762965.5976052,0.0],[615432.6582233,9762961.7004457,0.0],[615430.7096436,9762960.1342283,0.0],[615427.5772086,9762964.0313877,0.0]]]]}},
{"type":"Feature","properties":{"Layer":"SH parqueos ESPOL"},"geometry":{"type":"MultiPolygon","coordinates":[[[[615429.4478452,9762965.5349565,0.0],[615431.3964248,9762967.1011739,0.0],[615434.5288598,9762963.2040145,0.0],[615432.5802801,9762961.637797,0.0],[615429.4478452,9762965.5349565,0.0]]]]}},
{"type":"Feature","properties":{"Layer":"SH parqueos ESPOL"},"geometry":{"type":"MultiPolygon","coordinates":[[[[615431.3184817,9762967.0385252,0.0],[615433.2670614,9762968.6047427,0.0],[615436.3994963,9762964.7075833,0.0],[615434.4509166,9762963.1413658,0.0],[615431.3184817,9762967.0385252,0.0]]]]}},
{"type":"Feature","properties":{"Layer":"SH parqueos ESPOL"},"geometry":{"type":"MultiPolygon","coordinates":[[[[615433.1891182,9762968.542094,0.0],[615435.1376979,9762970.1083115,0.0],[615438.2701328,9762966.211152,0.0],[615436.3215531,9762964.6449346,0.0],[615433.1891182,9762968.542094,0.0]]]]}},
{"type":"Feature","properties":{"Layer":"SH parqueos ESPOL"},"geometry":{"type":"MultiPolygon","coordinates":[[[[615830.9018822,9761840.2832491,0.0],[615828.4018822,9761840.2832491,0.0],[615828.4018822,9761845.2832491,0.0],[615830.9018822,9761845.2832491,0.0],[615830.9018822,9761840.2832491,0.0]]]]}},
{"type":"Feature","properties":{"Layer":"SH parqueos ESPOL"},"geometry":{"type":"MultiPolygon","coordinates":[[[[615833.3018822,9761841.2712351,0.0],[615830.8018822,9761841.2712351,0.0],[615830.8018822,9761846.2712351,0.0],[615833.3018822,9761846.2712351,0.0],[615833.3018822,9761841.2712351,0.0]]]]}},
{"type":"Feature","properties":{"Layer":"SH parqueos ESPOL"},"geometry":{"type":"MultiPolygon","coordinates":[[[[615835.7018822,9761842.2592211,0.0],[615833.2018822,9761842.2592211,0.0],[615833.2018822,9761847.2592211,0.0],[615835.7018822,9761847.2592211,0.0],[615835.7018822,9761842.2592211,0.0]]]]}},
{"type":"Feature","properties":{"Layer":"SH parqueos ESPOL"},"geometry":{"type":"MultiPolygon","coordinates":[[[[615838.1018822,9761843.2472071,0.0],[615835.6018822,9761843.2472071,0.0],[615835.6018822,9761848.2472071,0.0],[615838.1018822,9761848.2472071,0.0],[615838.1018822,9761843.2472071,0.0]]]]}},
{"type":"Feature","properties":{"Layer":"SH parqueos ESPOL"},"geometry":{"type":"MultiPolygon","coordinates":[[[[615840.5018822,9761844.2351931,0.0],[615838.0018822,9761844.2351931,0.0],[615838.0018822,9761849.2351931,0.0],[615840.5018822,9761849.2351931,0.0],[615840.5018822,9761844.2351931,0.0]]]]}},
{"type":"Feature","properties":{"Layer":"SH parqueos ESPOL"},"geometry":{"type":"MultiPolygon","coordinates":[[[[615842.9018822,9761845.2231791,0.0],[615840.4018822,9761845.2231791,0.0],[615840.4018822,9761850.2231791,0.0],[615842.9018822,9761850.2231791,0.0],[615842.9018822,9761845.2231791,0.0]]]]}},
{"type":"Feature","properties":{"Layer":"SH parqueos ESPOL"},"geometry":{"type":"MultiPolygon","coordinates":[[[[615845.3018822,9761846.2111651,0.0],[615842.8018822,9761846.2111651,0.0],[615842.8018822,9761851.2111651,0.0],[615845.3018822,9761851.2111651,0.0],[615845.3018822,9761846.2111651,0.0]]]]}},
{"type":"Feature","properties":{"Layer":"SH parqueos ESPOL"},"geometry":{"type":"MultiPolygon","coordinates":[[[[615847.7018823,9761847.1991511,0.0],[615845.2018823,9761847.1991511,0.0],[615845.2018823,9761852.1991511,0.0],[615847.7018823,9761852.1991511,0.0],[615847.7018823,9761847.1991511,0.0]]]]}},
{"type":"Feature","properties":{"Layer":"SH parqueos ESPOL"},"geometry":{"type":"MultiPolygon","coordinates":[[[[615850.1018823,9761848.1871371,0.0],[615847.6018823,9761848.1871371,0.0],[615847.6018823,9761853.1871371,0.0],[615850.1018823,9761853.1871371,0.0],[615850.1018823,9761848.1871371,0.0]]]]}},
{"type":"Feature","properties":{"Layer":"SH parqueos ESPOL"},"geometry":{"type":"MultiPolygon","coordinates":[[[[615852.5018823,9761849.1751231,0.0],[615850.0018823,9761849.1751231,0.0],[615850.0018823,9761854.1751231,0.0],[615852.5018823,9761854.1751231,0.0],[615852.5018823,9761849.1751231,0.0]]]]}},
{"type":"Feature","properties":{"Layer":"SH parqueos ESPOL"},"geometry":{"type":"MultiPolygon","coordinates":[[[[615854.9018823,9761850.1631091,0.0],[615852.4018823,9761850.1631091,0.0],[615852.4018823,9761855.1631091,0.0],[615854.9018823,9761855.1631091,0.0],[615854.9018823,9761850.1631091,0.0]]]]}},
{"type":"Feature","properties":{"Layer":"SH parqueos ESPOL"},"geometry":{"type":"MultiPolygon","coordinates":[[[[615857.3018823,9761851.1510951,0.0],[615854.8018823,9761851.1510951,0.0],[615854.8018823,9761856.1510952,0.0],[615857.3018823,9761856.1510952,0.0],[615857.3018823,9761851.1510951,0.0]]]]}},
{"type":"Feature","properties":{"Layer":"SH parqueos ESPOL"},"geometry":{"type":"MultiPolygon","coordinates":[[[[615859.7018823,9761852.1390812,0.0],[615857.2018823,9761852.1390812,0.0],[615857.2018823,9761857.1390812,0.0],[615859.7018823,9761857.1390812,0.0],[615859.7018823,9761852.1390812,0.0]]]]}},
{"type":"Feature","properties":{"Layer":"SH parqueos ESPOL"},"geometry":{"type":"MultiPolygon","coordinates":[[[[615831.4151109,9761888.0386532,0.0],[615828.9151109,9761888.0386532,0.0],[615828.9151109,9761893.0386532,0.0],[615831.4151109,9761893.0386532,0.0],[615831.4151109,9761888.0386532,0.0]]]]}},
{"type":"Feature","properties":{"Layer":"SH parqueos ESPOL"},"geometry":{"type":"MultiPolygon","coordinates":[[[[615833.8151109,9761885.3397441,0.0],[615831.3151109,9761885.3397441,0.0],[615831.3151109,9761890.3397441,0.0],[615833.8151109,9761890.3397441,0.0],[615833.8151109,9761885.3397441,0.0]]]]}},
{"type":"Feature","properties":{"Layer":"SH parqueos ESPOL"},"geometry":{"type":"MultiPolygon","coordinates":[[[[615836.2151109,9761882.6408351,0.0],[615833.7151109,9761882.6408351,0.0],[615833.7151109,9761887.6408351,0.0],[615836.2151109,9761887.6408351,0.0],[615836.2151109,9761882.6408351,0.0]]]]}},
{"type":"Feature","properties":{"Layer":"SH parqueos ESPOL"},"geometry":{"type":"MultiPolygon","coordinates":[[[[615838.6151109,9761879.9419261,0.0],[615836.1151109,9761879.9419261,0.0],[615836.1151109,9761884.9419261,0.0],[615838.6151109,9761884.9419261,0.0],[615838.6151109,9761879.9419261,0.0]]]]}},
{"type":"Feature","properties":{"Layer":"SH parqueos ESPOL"},"geometry":{"type":"MultiPolygon","coordinates":[[[[615841.0151109,9761877.2430171,0.0],[615838.5151109,9761877.2430171,0.0],[615838.5151109,9761882.2430171,0.0],[615841.0151109,9761882.2430171,0.0],[615841.0151109,9761877.2430171,0.0]]]]}},
{"type":"Feature","properties":{"Layer":"SH parqueos ESPOL"},"geometry":{"type":"MultiPolygon","coordinates":[[[[615843.4151109,9761874.544108,0.0],[615840.9151109,9761874.544108,0.0],[615840.9151109,9761879.5441081,0.0],[615843.4151109,9761879.5441081,0.0],[615843.4151109,9761874.544108,0.0]]]]}},
{"type":"Feature","properties":{"Layer":"SH parqueos ESPOL"},"geometry":{"type":"MultiPolygon","coordinates":[[[[615845.8151109,9761872.4318426,0.0],[615843.3151109,9761872.4318426,0.0],[615843.3151109,9761877.4318426,0.0],[615845.8151109,9761877.4318426,0.0],[615845.8151109,9761872.4318426,0.0]]]]}},
{"type":"Feature","properties":{"Layer":"SH parqueos ESPOL"},"geometry":{"type":"MultiPolygon","coordinates":[[[[615848.2151109,9761871.0754915,0.0],[615845.7151109,9761871.0754915,0.0],[615845.7151109,9761876.0754915,0.0],[615848.2151109,9761876.0754915,0.0],[615848.2151109,9761871.0754915,0.0]]]]}},
{"type":"Feature","properties":{"Layer":"SH parqueos ESPOL"},"geometry":{"type":"MultiPolygon","coordinates":[[[[615850.6151109,9761869.6976588,0.0],[615848.1151109,9761869.6976588,0.0],[615848.1151109,9761874.6976588,0.0],[615850.6151109,9761874.6976588,0.0],[615850.6151109,9761869.6976588,0.0]]]]}},
{"type":"Feature","properties":{"Layer":"SH parqueos ESPOL"},"geometry":{"type":"MultiPolygon","coordinates":[[[[615853.0151109,9761868.3502446,0.0],[615850.5151109,9761868.3502446,0.0],[615850.5151109,9761873.3502446,0.0],[615853.0151109,9761873.3502446,0.0],[615853.0151109,9761868.3502446,0.0]]]]}},
{"type":"Feature","properties":{"Layer":"SH parqueos ESPOL"},"geometry":{"type":"MultiPolygon","coordinates":[[[[615855.4151109,9761867.0064381,0.0],[615852.9151109,9761867.0064381,0.0],[615852.9151109,9761872.0064381,0.0],[615855.4151109,9761872.0064381,0.0],[615855.4151109,9761867.0064381,0.0]]]]}},
{"type":"Feature","properties":{"Layer":"SH parqueos ESPOL"},"geometry":{"type":"MultiPolygon","coordinates":[[[[615857.8151109,9761865.6500869,0.0],[615855.3151109,9761865.6500869,0.0],[615855.3151109,9761870.6500869,0.0],[615857.8151109,9761870.650087,0.0],[615857.8151109,9761865.6500869,0.0]]]]}},
{"type":"Feature","properties":{"Layer":"SH parqueos ESPOL"},"geometry":{"type":"MultiPolygon","coordinates":[[[[615839.8164258,9761944.8277628,0.0],[615837.4254577,9761945.5580171,0.0],[615838.8859663,9761950.3399534,0.0],[615841.2769344,9761949.6096991,0.0],[615839.8164258,9761944.8277628,0.0]]]]}},
{"type":"Feature","properties":{"Layer":"SH parqueos ESPOL"},"geometry":{"type":"MultiPolygon","coordinates":[[[[615837.5210964,9761945.528807,0.0],[615835.1301283,9761946.2590613,0.0],[615836.5906369,9761951.0409976,0.0],[615838.981605,9761950.3107433,0.0],[615837.5210964,9761945.528807,0.0]]]]}},
{"type":"Feature","properties":{"Layer":"SH parqueos ESPOL"},"geometry":{"type":"MultiPolygon","coordinates":[[[[615835.225767,9761946.2298511,0.0],[615832.8347989,9761946.9601054,0.0],[615834.2953075,9761951.7420417,0.0],[615836.6862756,9761951.0117874,0.0],[615835.225767,9761946.2298511,0.0]]]]}},
{"type":"Feature","properties":{"Layer":"SH parqueos ESPOL"},"geometry":{"type":"MultiPolygon","coordinates":[[[[615832.9304376,9761946.9308952,0.0],[615830.5394695,9761947.6611495,0.0],[615831.9999781,9761952.4430858,0.0],[615834.3909462,9761951.7128315,0.0],[615832.9304376,9761946.9308952,0.0]]]]}},
{"type":"Feature","properties":{"Layer":"SH parqueos ESPOL"},"geometry":{"type":"MultiPolygon","coordinates":[[[[615830.6351082,9761947.6319394,0.0],[615828.24414,9761948.3621936,0.0],[615829.7046486,9761953.1441299,0.0],[615832.0956168,9761952.4138756,0.0],[615830.6351082,9761947.6319394,0.0]]]]}},
{"type":"Feature","properties":{"Layer":"SH parqueos ESPOL"},"geometry":{"type":"MultiPolygon","coordinates":[[[[615826.7979428,9761953.7372721,0.0],[615824.4445684,9761954.5808531,0.0],[615826.1317304,9761959.2876019,0.0],[615828.4851048,9761958.4440209,0.0],[615826.7979428,9761953.7372721,0.0]]]]}},
{"type":"Feature","properties":{"Layer":"SH parqueos ESPOL"},"geometry":{"type":"MultiPolygon","coordinates":[[[[615854.8313044,9762095.4612168,0.0],[615853.1049843,9762097.2694808,0.0],[615856.7215123,9762100.7221211,0.0],[615858.4478325,9762098.9138571,0.0],[615854.8313044,9762095.4612168,0.0]]]]}},
{"type":"Feature","properties":{"Layer":"SH parqueos ESPOL"},"geometry":{"type":"MultiPolygon","coordinates":[[[[615856.4885718,9762093.7252833,0.0],[615854.7622516,9762095.5335473,0.0],[615858.3787797,9762098.9861876,0.0],[615860.1050998,9762097.1779236,0.0],[615856.4885718,9762093.7252833,0.0]]]]}},
{"type":"Feature","properties":{"Layer":"SH parqueos ESPOL"},"geometry":{"type":"MultiPolygon","coordinates":[[[[615858.1458392,9762091.9893499,0.0],[615856.419519,9762093.7976139,0.0],[615860.036047,9762097.2502542,0.0],[615861.7623672,9762095.4419902,0.0],[615858.1458392,9762091.9893499,0.0]]]]}},
{"type":"Feature","properties":{"Layer":"SH parqueos ESPOL"},"geometry":{"type":"MultiPolygon","coordinates":[[[[615859.8031065,9762090.2534164,0.0],[615858.0767864,9762092.0616804,0.0],[615861.6933144,9762095.5143207,0.0],[615863.4196345,9762093.7060567,0.0],[615859.8031065,9762090.2534164,0.0]]]]}},
{"type":"Feature","properties":{"Layer":"SH parqueos ESPOL"},"geometry":{"type":"MultiPolygon","coordinates":[[[[615861.4603739,9762088.5174829,0.0],[615859.7340537,9762090.325747,0.0],[615863.3505817,9762093.7783873,0.0],[615865.0769019,9762091.9701233,0.0],[615861.4603739,9762088.5174829,0.0]]]]}},
{"type":"Feature","properties":{"Layer":"SH parqueos ESPOL"},"geometry":{"type":"MultiPolygon","coordinates":[[[[615863.1176412,9762086.7815495,0.0],[615861.3913211,9762088.5898135,0.0],[615865.0078491,9762092.0424538,0.0],[615866.7341692,9762090.2341898,0.0],[615863.1176412,9762086.7815495,0.0]]]]}},
{"type":"Feature","properties":{"Layer":"SH parqueos ESPOL"},"geometry":{"type":"MultiPolygon","coordinates":[[[[615864.7749086,9762085.045616,0.0],[615863.0485884,9762086.8538801,0.0],[615866.6651164,9762090.3065204,0.0],[615868.3914366,9762088.4982564,0.0],[615864.7749086,9762085.045616,0.0]]]]}},
{"type":"Feature","properties":{"Layer":"SH parqueos ESPOL"},"geometry":{"type":"MultiPolygon","coordinates":[[[[615866.4321759,9762083.3096826,0.0],[615864.7058558,9762085.1179466,0.0],[615868.3223838,9762088.5705869,0.0],[615870.0487039,9762086.7623229,0.0],[615866.4321759,9762083.3096826,0.0]]]]}},
{"type":"Feature","properties":{"Layer":"SH parqueos ESPOL"},"geometry":{"type":"MultiPolygon","coordinates":[[[[615877.9335418,9762204.8862681,0.0],[615875.7852453,9762203.6076665,0.0],[615873.2280421,9762207.9042596,0.0],[615875.3763387,9762209.1828612,0.0],[615877.9335418,9762204.8862681,0.0]]]]}},
{"type":"Feature","properties":{"Layer":"SH parqueos ESPOL"},"geometry":{"type":"MultiPolygon","coordinates":[[[[615880.7264523,9762204.8862681,0.0],[615878.5781558,9762203.6076665,0.0],[615876.0209527,9762207.9042596,0.0],[615878.1692492,9762209.1828612,0.0],[615880.7264523,9762204.8862681,0.0]]]]}},
{"type":"Feature","properties":{"Layer":"SH parqueos ESPOL"},"geometry":{"type":"MultiPolygon","coordinates":[[[[615883.5193629,9762204.8862681,0.0],[615881.3710663,9762203.6076665,0.0],[615878.8138632,9762207.9042596,0.0],[615880.9621597,9762209.1828612,0.0],[615883.5193629,9762204.8862681,0.0]]]]}},
{"type":"Feature","properties":{"Layer":"SH parqueos ESPOL"},"geometry":{"type":"MultiPolygon","coordinates":[[[[615886.3122734,9762204.8862681,0.0],[615884.1639768,9762203.6076665,0.0],[615881.6067737,9762207.9042596,0.0],[615883.7550702,9762209.1828612,0.0],[615886.3122734,9762204.8862681,0.0]]]]}},
{"type":"Feature","properties":{"Layer":"SH parqueos ESPOL"},"geometry":{"type":"MultiPolygon","coordinates":[[[[615889.1051839,9762204.8862681,0.0],[615886.9568874,9762203.6076665,0.0],[615884.3996842,9762207.9042596,0.0],[615886.5479807,9762209.1828612,0.0],[615889.1051839,9762204.8862681,0.0]]]]}},
{"type":"Feature","properties":{"Layer":"SH parqueos ESPOL"},"geometry":{"type":"MultiPolygon","coordinates":[[[[615891.8980944,9762204.8862681,0.0],[615889.7497979,9762203.6076665,0.0],[615887.1925947,9762207.9042596,0.0],[615889.3408913,9762209.1828612,0.0],[615891.8980944,9762204.8862681,0.0]]]]}},
{"type":"Feature","properties":{"Layer":"SH parqueos ESPOL"},"geometry":{"type":"MultiPolygon","coordinates":[[[[615894.6910049,9762204.8862681,0.0],[615892.5427084,9762203.6076665,0.0],[615889.9855052,9762207.9042596,0.0],[615892.1338018,9762209.1828612,0.0],[615894.6910049,9762204.8862681,0.0]]]]}},
{"type":"Feature","properties":{"Layer":"SH parqueos ESPOL"},"geometry":{"type":"MultiPolygon","coordinates":[[[[615897.4839155,9762204.8862681,0.0],[615895.3356189,9762203.6076665,0.0],[615892.7784158,9762207.9042596,0.0],[615894.9267123,9762209.1828612,0.0],[615897.4839155,9762204.8862681,0.0]]]]}},
{"type":"Feature","properties":{"Layer":"SH parqueos ESPOL"},"geometry":{"type":"MultiPolygon","coordinates":[[[[615900.276826,9762204.8862681,0.0],[615898.1285294,9762203.6076665,0.0],[615895.5713263,9762207.9042596,0.0],[615897.7196228,9762209.1828612,0.0],[615900.276826,9762204.8862681,0.0]]]]}},
{"type":"Feature","properties":{"Layer":"SH parqueos ESPOL"},"geometry":{"type":"MultiPolygon","coordinates":[[[[615903.0697365,9762204.8862681,0.0],[615900.9214399,9762203.6076665,0.0],[615898.3642368,9762207.9042596,0.0],[615900.5125333,9762209.1828612,0.0],[615903.0697365,9762204.8862681,0.0]]]]}},
{"type":"Feature","properties":{"Layer":"SH parqueos ESPOL"},"geometry":{"type":"MultiPolygon","coordinates":[[[[615907.7245873,9762204.8862681,0.0],[615905.5762908,9762203.6076665,0.0],[615903.0190877,9762207.9042596,0.0],[615905.1673842,9762209.1828612,0.0],[615907.7245873,9762204.8862681,0.0]]]]}},
{"type":"Feature","properties":{"Layer":"SH parqueos ESPOL"},"geometry":{"type":"MultiPolygon","coordinates":[[[[615910.5174979,9762204.8862681,0.0],[615908.3692013,9762203.6076665,0.0],[615905.8119982,9762207.9042596,0.0],[615907.9602947,9762209.1828612,0.0],[615910.5174979,9762204.8862681,0.0]]]]}},
{"type":"Feature","properties":{"Layer":"SH parqueos ESPOL"},"geometry":{"type":"MultiPolygon","coordinates":[[[[615913.3104084,9762204.8862681,0.0],[615911.1621118,9762203.6076665,0.0],[615908.6049087,9762207.9042596,0.0],[615910.7532052,9762209.1828612,0.0],[615913.3104084,9762204.8862681,0.0]]]]}},
{"type":"Feature","properties":{"Layer":"SH parqueos ESPOL"},"geometry":{"type":"MultiPolygon","coordinates":[[[[615916.1033189,9762204.8862681,0.0],[615913.9550224,9762203.6076665,0.0],[615911.3978192,9762207.9042596,0.0],[615913.5461157,9762209.1828612,0.0],[615916.1033189,9762204.8862681,0.0]]]]}},
{"type":"Feature","properties":{"Layer":"SH parqueos ESPOL"},"geometry":{"type":"MultiPolygon","coordinates":[[[[615920.7581698,9762204.8862681,0.0],[615918.6098732,9762203.6076665,0.0],[615916.0526701,9762207.9042596,0.0],[615918.2009666,9762209.1828612,0.0],[615920.7581698,9762204.8862681,0.0]]]]}},
{"type":"Feature","properties":{"Layer":"SH parqueos ESPOL"},"geometry":{"type":"MultiPolygon","coordinates":[[[[615923.5510803,9762204.8862681,0.0],[615921.4027837,9762203.6076665,0.0],[615918.8455806,9762207.9042596,0.0],[615920.9938771,9762209.1828612,0.0],[615923.5510803,9762204.8862681,0.0]]]]}},
{"type":"Feature","properties":{"Layer":"SH parqueos ESPOL"},"geometry":{"type":"MultiPolygon","coordinates":[[[[615926.3352355,9762204.9009786,0.0],[615924.186939,9762203.6223771,0.0],[615921.6297358,9762207.9189701,0.0],[615923.7780324,9762209.1975717,0.0],[615926.3352355,9762204.9009786,0.0]]]]}},
{"type":"Feature","properties":{"Layer":"SH parqueos ESPOL"},"geometry":{"type":"MultiPolygon","coordinates":[[[[615916.5839169,9762190.2576632,0.0],[615914.4210659,9762191.5114875,0.0],[615916.9287147,9762195.8371895,0.0],[615919.0915657,9762194.5833652,0.0],[615916.5839169,9762190.2576632,0.0]]]]}},
{"type":"Feature","properties":{"Layer":"SH parqueos ESPOL"},"geometry":{"type":"MultiPolygon","coordinates":[[[[615913.8098007,9762190.2576632,0.0],[615911.6469497,9762191.5114875,0.0],[615914.1545985,9762195.8371895,0.0],[615916.3174495,9762194.5833652,0.0],[615913.8098007,9762190.2576632,0.0]]]]}},
{"type":"Feature","properties":{"Layer":"SH parqueos ESPOL"},"geometry":{"type":"MultiPolygon","coordinates":[[[[615911.0356845,9762190.2576632,0.0],[615908.8728335,9762191.5114875,0.0],[615911.3804823,9762195.8371895,0.0],[615913.5433333,9762194.5833652,0.0],[615911.0356845,9762190.2576632,0.0]]]]}},
{"type":"Feature","properties":{"Layer":"SH parqueos ESPOL"},"geometry":{"type":"MultiPolygon","coordinates":[[[[615908.2615683,9762190.2576632,0.0],[615906.0987173,9762191.5114875,0.0],[615908.6063661,9762195.8371895,0.0],[615910.7692171,9762194.5833652,0.0],[615908.2615683,9762190.2576632,0.0]]]]}},
{"type":"Feature","properties":{"Layer":"SH parqueos ESPOL"},"geometry":{"type":"MultiPolygon","coordinates":[[[[615905.4874521,9762190.2576632,0.0],[615903.3246011,9762191.5114875,0.0],[615905.8322499,9762195.8371895,0.0],[615907.9951009,9762194.5833652,0.0],[615905.4874521,9762190.2576632,0.0]]]]}},
{"type":"Feature","properties":{"Layer":"SH parqueos ESPOL"},"geometry":{"type":"MultiPolygon","coordinates":[[[[615902.7133359,9762190.2576632,0.0],[615900.5504849,9762191.5114875,0.0],[615903.0581337,9762195.8371895,0.0],[615905.2209847,9762194.5833652,0.0],[615902.7133359,9762190.2576632,0.0]]]]}},
{"type":"Feature","properties":{"Layer":"SH parqueos ESPOL"},"geometry":{"type":"MultiPolygon","coordinates":[[[[615899.9392197,9762190.2576632,0.0],[615897.7763687,9762191.5114875,0.0],[615900.2840175,9762195.8371895,0.0],[615902.4468685,9762194.5833652,0.0],[615899.9392197,9762190.2576632,0.0]]]]}},
{"type":"Feature","properties":{"Layer":"SH parqueos ESPOL"},"geometry":{"type":"MultiPolygon","coordinates":[[[[615897.1651035,9762190.2576632,0.0],[615895.0022525,9762191.5114875,0.0],[615897.5099013,9762195.8371895,0.0],[615899.6727523,9762194.5833652,0.0],[615897.1651035,9762190.2576632,0.0]]]]}},
{"type":"Feature","properties":{"Layer":"SH parqueos ESPOL"},"geometry":{"type":"MultiPolygon","coordinates":[[[[615894.3909873,9762190.2576632,0.0],[615892.2281363,9762191.5114875,0.0],[615894.7357851,9762195.8371895,0.0],[615896.8986361,9762194.5833652,0.0],[615894.3909873,9762190.2576632,0.0]]]]}},
{"type":"Feature","properties":{"Layer":"SH parqueos ESPOL"},"geometry":{"type":"MultiPolygon","coordinates":[[[[615891.6168711,9762190.2576632,0.0],[615889.4540201,9762191.5114875,0.0],[615891.9616688,9762195.8371895,0.0],[615894.1245198,9762194.5833652,0.0],[615891.6168711,9762190.2576632,0.0]]]]}},
{"type":"Feature","properties":{"Layer":"SH parqueos ESPOL"},"geometry":{"type":"MultiPolygon","coordinates":[[[[615888.8427549,9762190.2576632,0.0],[615886.6799039,9762191.5114875,0.0],[615889.1875526,9762195.8371895,0.0],[615891.3504036,9762194.5833652,0.0],[615888.8427549,9762190.2576632,0.0]]]]}},
{"type":"Feature","properties":{"Layer":"SH parqueos ESPOL"},"geometry":{"type":"MultiPolygon","coordinates":[[[[615915.8727352,9762182.8721978,0.0],[615913.7098842,9762184.1260221,0.0],[615916.217533,9762188.4517241,0.0],[615918.3803839,9762187.1978998,0.0],[615915.8727352,9762182.8721978,0.0]]]]}},
{"type":"Feature","properties":{"Layer":"SH parqueos ESPOL"},"geometry":{"type":"MultiPolygon","coordinates":[[[[615913.098619,9762182.8721978,0.0],[615910.935768,9762184.1260221,0.0],[615913.4434167,9762188.4517241,0.0],[615915.6062677,9762187.1978998,0.0],[615913.098619,9762182.8721978,0.0]]]]}},
{"type":"Feature","properties":{"Layer":"SH parqueos ESPOL"},"geometry":{"type":"MultiPolygon","coordinates":[[[[615910.3245028,9762182.8721978,0.0],[615908.1616518,9762184.1260221,0.0],[615910.6693005,9762188.4517241,0.0],[615912.8321515,9762187.1978998,0.0],[615910.3245028,9762182.8721978,0.0]]]]}},
{"type":"Feature","properties":{"Layer":"SH parqueos ESPOL"},"geometry":{"type":"MultiPolygon","coordinates":[[[[615907.5503866,9762182.8721978,0.0],[615905.3875356,9762184.1260221,0.0],[615907.8951843,9762188.4517241,0.0],[615910.0580353,9762187.1978998,0.0],[615907.5503866,9762182.8721978,0.0]]]]}},
{"type":"Feature","properties":{"Layer":"SH parqueos ESPOL"},"geometry":{"type":"MultiPolygon","coordinates":[[[[615904.7762704,9762182.8721978,0.0],[615902.6134194,9762184.1260221,0.0],[615905.1210681,9762188.4517241,0.0],[615907.2839191,9762187.1978998,0.0],[615904.7762704,9762182.8721978,0.0]]]]}},
{"type":"Feature","properties":{"Layer":"SH parqueos ESPOL"},"geometry":{"type":"MultiPolygon","coordinates":[[[[615902.0021542,9762182.8721978,0.0],[615899.8393032,9762184.1260221,0.0],[615902.3469519,9762188.4517241,0.0],[615904.5098029,9762187.1978998,0.0],[615902.0021542,9762182.8721978,0.0]]]]}},
{"type":"Feature","properties":{"Layer":"SH parqueos ESPOL"},"geometry":{"type":"MultiPolygon","coordinates":[[[[615899.228038,9762182.8721978,0.0],[615897.065187,9762184.1260221,0.0],[615899.5728357,9762188.4517241,0.0],[615901.7356867,9762187.1978998,0.0],[615899.228038,9762182.8721978,0.0]]]]}},
{"type":"Feature","properties":{"Layer":"SH parqueos ESPOL"},"geometry":{"type":"MultiPolygon","coordinates":[[[[615896.4539218,9762182.8721978,0.0],[615894.2910708,9762184.1260221,0.0],[615896.7987195,9762188.4517241,0.0],[615898.9615705,9762187.1978998,0.0],[615896.4539218,9762182.8721978,0.0]]]]}},
{"type":"Feature","properties":{"Layer":"SH parqueos ESPOL"},"geometry":{"type":"MultiPolygon","coordinates":[[[[615893.6798056,9762182.8721978,0.0],[615891.5169546,9762184.1260221,0.0],[615894.0246033,9762188.4517241,0.0],[615896.1874543,9762187.1978998,0.0],[615893.6798056,9762182.8721978,0.0]]]]}},
{"type":"Feature","properties":{"Layer":"SH parqueos ESPOL"},"geometry":{"type":"MultiPolygon","coordinates":[[[[615890.9056894,9762182.8721978,0.0],[615888.7428384,9762184.1260221,0.0],[615891.2504871,9762188.4517241,0.0],[615893.4133381,9762187.1978998,0.0],[615890.9056894,9762182.8721978,0.0]]]]}},
{"type":"Feature","properties":{"Layer":"SH parqueos ESPOL"},"geometry":{"type":"MultiPolygon","coordinates":[[[[615888.1315732,9762182.8721978,0.0],[615885.9687222,9762184.1260221,0.0],[615888.4763709,9762188.4517241,0.0],[615890.6392219,9762187.1978998,0.0],[615888.1315732,9762182.8721978,0.0]]]]}},
{"type":"Feature","properties":{"Layer":"SH parqueos ESPOL"},"geometry":{"type":"MultiPolygon","coordinates":[[[[615918.6468514,9762182.8721978,0.0],[615916.4840004,9762184.1260221,0.0],[615918.9916492,9762188.4517241,0.0],[615921.1545002,9762187.1978998,0.0],[615918.6468514,9762182.8721978,0.0]]]]}},
{"type":"Feature","properties":{"Layer":"SH parqueos ESPOL"},"geometry":{"type":"MultiPolygon","coordinates":[[[[615921.4209676,9762182.8721978,0.0],[615919.2581166,9762184.1260221,0.0],[615921.7657654,9762188.4517241,0.0],[615923.9286164,9762187.1978998,0.0],[615921.4209676,9762182.8721978,0.0]]]]}},
{"type":"Feature","properties":{"Layer":"SH parqueos ESPOL"},"geometry":{"type":"MultiPolygon","coordinates":[[[[615930.2074159,9762171.818321,0.0],[615927.9109839,9762170.8301915,0.0],[615925.9347248,9762175.4230555,0.0],[615928.2311568,9762176.4111851,0.0],[615930.2074159,9762171.818321,0.0]]]]}},
{"type":"Feature","properties":{"Layer":"SH parqueos ESPOL"},"geometry":{"type":"MultiPolygon","coordinates":[[[[615927.5936905,9762171.8205907,0.0],[615925.2972585,9762170.8324612,0.0],[615923.3209994,9762175.4253252,0.0],[615925.6174314,9762176.4134548,0.0],[615927.5936905,9762171.8205907,0.0]]]]}},
{"type":"Feature","properties":{"Layer":"SH parqueos ESPOL"},"geometry":{"type":"MultiPolygon","coordinates":[[[[615924.9799651,9762171.8228604,0.0],[615922.6835331,9762170.8347308,0.0],[615920.707274,9762175.4275949,0.0],[615923.003706,9762176.4157244,0.0],[615924.9799651,9762171.8228604,0.0]]]]}},
{"type":"Feature","properties":{"Layer":"SH parqueos ESPOL"},"geometry":{"type":"MultiPolygon","coordinates":[[[[615922.3662397,9762171.8251301,0.0],[615920.0698076,9762170.8370005,0.0],[615918.0935486,9762175.4298646,0.0],[615920.3899806,9762176.4179941,0.0],[615922.3662397,9762171.8251301,0.0]]]]}},
{"type":"Feature","properties":{"Layer":"SH parqueos ESPOL"},"geometry":{"type":"MultiPolygon","coordinates":[[[[615919.7525143,9762171.8273997,0.0],[615917.4560822,9762170.8392702,0.0],[615915.4798232,9762175.4321342,0.0],[615917.7762552,9762176.4202638,0.0],[615919.7525143,9762171.8273997,0.0]]]]}},
{"type":"Feature","properties":{"Layer":"SH parqueos ESPOL"},"geometry":{"type":"MultiPolygon","coordinates":[[[[615917.1387888,9762171.8296694,0.0],[615914.8423568,9762170.8415399,0.0],[615912.8660978,9762175.4344039,0.0],[615915.1625298,9762176.4225335,0.0],[615917.1387888,9762171.8296694,0.0]]]]}},
{"type":"Feature","properties":{"Layer":"SH parqueos ESPOL"},"geometry":{"type":"MultiPolygon","coordinates":[[[[615914.5250634,9762171.8319391,0.0],[615912.2286314,9762170.8438096,0.0],[615910.2523724,9762175.4366736,0.0],[615912.5488044,9762176.4248031,0.0],[615914.5250634,9762171.8319391,0.0]]]]}},
{"type":"Feature","properties":{"Layer":"SH parqueos ESPOL"},"geometry":{"type":"MultiPolygon","coordinates":[[[[615911.911338,9762171.8342088,0.0],[615909.614906,9762170.8460792,0.0],[615907.6386469,9762175.4389433,0.0],[615909.935079,9762176.4270728,0.0],[615911.911338,9762171.8342088,0.0]]]]}},
{"type":"Feature","properties":{"Layer":"SH parqueos ESPOL"},"geometry":{"type":"MultiPolygon","coordinates":[[[[615909.2976126,9762171.8364784,0.0],[615907.0011806,9762170.8483489,0.0],[615905.0249215,9762175.4412129,0.0],[615907.3213535,9762176.4293425,0.0],[615909.2976126,9762171.8364784,0.0]]]]}},
{"type":"Feature","properties":{"Layer":"SH parqueos ESPOL"},"geometry":{"type":"MultiPolygon","coordinates":[[[[615906.6838872,9762171.8387481,0.0],[615904.3874552,9762170.8506186,0.0],[615902.4111961,9762175.4434826,0.0],[615904.7076281,9762176.4316122,0.0],[615906.6838872,9762171.8387481,0.0]]]]}},
{"type":"Feature","properties":{"Layer":"SH parqueos ESPOL"},"geometry":{"type":"MultiPolygon","coordinates":[[[[615986.6533102,9762083.5441744,0.0],[615984.2284151,9762082.9359936,0.0],[615983.0120534,9762087.7857837,0.0],[615985.4369484,9762088.3939646,0.0],[615986.6533102,9762083.5441744,0.0]]]]}},
{"type":"Feature","properties":{"Layer":"SH parqueos ESPOL"},"geometry":{"type":"MultiPolygon","coordinates":[[[[615989.1260285,9762083.550616,0.0],[615986.7011334,9762082.9424351,0.0],[615985.4847717,9762087.7922252,0.0],[615987.9096667,9762088.4004061,0.0],[615989.1260285,9762083.550616,0.0]]]]}},
{"type":"Feature","properties":{"Layer":"SH parqueos ESPOL"},"geometry":{"type":"MultiPolygon","coordinates":[[[[615991.5984221,9762083.5583521,0.0],[615989.1735271,9762082.9501712,0.0],[615987.9571653,9762087.7999613,0.0],[615990.3820603,9762088.4081422,0.0],[615991.5984221,9762083.5583521,0.0]]]]}},
{"type":"Feature","properties":{"Layer":"SH parqueos ESPOL"},"geometry":{"type":"MultiPolygon","coordinates":[[[[615994.0717008,9762083.5625592,0.0],[615991.6468058,9762082.9543783,0.0],[615990.430444,9762087.8041684,0.0],[615992.855339,9762088.4123493,0.0],[615994.0717008,9762083.5625592,0.0]]]]}},
{"type":"Feature","properties":{"Layer":"SH parqueos ESPOL"},"geometry":{"type":"MultiPolygon","coordinates":[[[[615996.5450486,9762083.5664908,0.0],[615994.1201536,9762082.9583099,0.0],[615992.9037918,9762087.8081,0.0],[615995.3286869,9762088.4162809,0.0],[615996.5450486,9762083.5664908,0.0]]]]}},
{"type":"Feature","properties":{"Layer":"SH parqueos ESPOL"},"geometry":{"type":"MultiPolygon","coordinates":[[[[615999.0157441,9762083.5809977,0.0],[615996.5908491,9762082.9728168,0.0],[615995.3744873,9762087.8226069,0.0],[615997.7993823,9762088.4307878,0.0],[615999.0157441,9762083.5809977,0.0]]]]}},
{"type":"Feature","properties":{"Layer":"SH parqueos ESPOL"},"geometry":{"type":"MultiPolygon","coordinates":[[[[616001.490078,9762083.5809977,0.0],[615999.0651829,9762082.9728168,0.0],[615997.8488212,9762087.8226069,0.0],[616000.2737162,9762088.4307878,0.0],[616001.490078,9762083.5809977,0.0]]]]}},
{"type":"Feature","properties":{"Layer":"SH parqueos ESPOL"},"geometry":{"type":"MultiPolygon","coordinates":[[[[616003.9644119,9762083.5809977,0.0],[616001.5395168,9762082.9728168,0.0],[616000.323155,9762087.8226069,0.0],[616002.7480501,9762088.4307878,0.0],[616003.9644119,9762083.5809977,0.0]]]]}},
{"type":"Feature","properties":{"Layer":"SH parqueos ESPOL"},"geometry":{"type":"MultiPolygon","coordinates":[[[[616006.4344428,9762083.5981541,0.0],[616004.0095478,9762082.9899732,0.0],[616002.793186,9762087.8397633,0.0],[616005.218081,9762088.4479442,0.0],[616006.4344428,9762083.5981541,0.0]]]]}},
{"type":"Feature","properties":{"Layer":"SH parqueos ESPOL"},"geometry":{"type":"MultiPolygon","coordinates":[[[[616008.9063132,9762083.6079762,0.0],[616006.4814182,9762082.9997953,0.0],[616005.2650564,9762087.8495854,0.0],[616007.6899515,9762088.4577663,0.0],[616008.9063132,9762083.6079762,0.0]]]]}},
{"type":"Feature","properties":{"Layer":"SH parqueos ESPOL"},"geometry":{"type":"MultiPolygon","coordinates":[[[[616011.3793069,9762083.6133201,0.0],[616008.9544118,9762083.0051392,0.0],[616007.73805,9762087.8549293,0.0],[616010.1629451,9762088.4631102,0.0],[616011.3793069,9762083.6133201,0.0]]]]}},
{"type":"Feature","properties":{"Layer":"SH parqueos ESPOL"},"geometry":{"type":"MultiPolygon","coordinates":[[[[616013.8502696,9762083.6267612,0.0],[616011.4253746,9762083.0185803,0.0],[616010.2090128,9762087.8683704,0.0],[616012.6339078,9762088.4765513,0.0],[616013.8502696,9762083.6267612,0.0]]]]}},
{"type":"Feature","properties":{"Layer":"SH parqueos ESPOL"},"geometry":{"type":"MultiPolygon","coordinates":[[[[616016.3245388,9762083.6270192,0.0],[616013.8996437,9762083.0188383,0.0],[616012.683282,9762087.8686284,0.0],[616015.108177,9762088.4768093,0.0],[616016.3245388,9762083.6270192,0.0]]]]}},
{"type":"Feature","properties":{"Layer":"SH parqueos ESPOL"},"geometry":{"type":"MultiPolygon","coordinates":[[[[616018.7950348,9762083.6423215,0.0],[616016.3701397,9762083.0341406,0.0],[616015.1537779,9762087.8839307,0.0],[616017.578673,9762088.4921116,0.0],[616018.7950348,9762083.6423215,0.0]]]]}},
{"type":"Feature","properties":{"Layer":"SH parqueos ESPOL"},"geometry":{"type":"MultiPolygon","coordinates":[[[[616005.4785372,9762073.4264447,0.0],[616002.9802687,9762073.3334149,0.0],[616002.7942092,9762078.3299519,0.0],[616005.2924777,9762078.4229817,0.0],[616005.4785372,9762073.4264447,0.0]]]]}},
{"type":"Feature","properties":{"Layer":"SH parqueos ESPOL"},"geometry":{"type":"MultiPolygon","coordinates":[[[[616007.8768749,9762073.5157532,0.0],[616005.3786064,9762073.4227235,0.0],[616005.1925469,9762078.4192605,0.0],[616007.6908154,9762078.5122902,0.0],[616007.8768749,9762073.5157532,0.0]]]]}},
{"type":"Feature","properties":{"Layer":"SH parqueos ESPOL"},"geometry":{"type":"MultiPolygon","coordinates":[[[[616010.2752127,9762073.6050618,0.0],[616007.7769442,9762073.512032,0.0],[616007.5908847,9762078.508569,0.0],[616010.0891532,9762078.6015988,0.0],[616010.2752127,9762073.6050618,0.0]]]]}},
{"type":"Feature","properties":{"Layer":"SH parqueos ESPOL"},"geometry":{"type":"MultiPolygon","coordinates":[[[[616012.6735504,9762073.6943703,0.0],[616010.1752819,9762073.6013406,0.0],[616009.9892224,9762078.5978776,0.0],[616012.4874909,9762078.6909073,0.0],[616012.6735504,9762073.6943703,0.0]]]]}},
{"type":"Feature","properties":{"Layer":"SH parqueos ESPOL"},"geometry":{"type":"MultiPolygon","coordinates":[[[[616007.5801933,9762068.4014147,0.0],[616005.0819248,9762068.3083849,0.0],[616004.8958653,9762073.3049219,0.0],[616007.3941338,9762073.3979517,0.0],[616007.5801933,9762068.4014147,0.0]]]]}},
{"type":"Feature","properties":{"Layer":"SH parqueos ESPOL"},"geometry":{"type":"MultiPolygon","coordinates":[[[[616009.9785311,9762068.4907233,0.0],[616007.4802626,9762068.3976935,0.0],[616007.2942031,9762073.3942305,0.0],[616009.7924716,9762073.4872603,0.0],[616009.9785311,9762068.4907233,0.0]]]]}},
{"type":"Feature","properties":{"Layer":"SH parqueos ESPOL"},"geometry":{"type":"MultiPolygon","coordinates":[[[[616012.3768689,9762068.5800318,0.0],[616009.8786004,9762068.4870021,0.0],[616009.6925409,9762073.4835391,0.0],[616012.1908094,9762073.5765688,0.0],[616012.3768689,9762068.5800318,0.0]]]]}},
{"type":"Feature","properties":{"Layer":"SH parqueos ESPOL"},"geometry":{"type":"MultiPolygon","coordinates":[[[[615989.1084368,9762068.822274,0.0],[615987.2872461,9762070.5349517,0.0],[615990.7126014,9762074.1773329,0.0],[615992.533792,9762072.4646553,0.0],[615989.1084368,9762068.822274,0.0]]]]}},
{"type":"Feature","properties":{"Layer":"SH parqueos ESPOL"},"geometry":{"type":"MultiPolygon","coordinates":[[[[615990.8567798,9762067.1781035,0.0],[615989.0355891,9762068.8907811,0.0],[615992.4609444,9762072.5331624,0.0],[615994.282135,9762070.8204848,0.0],[615990.8567798,9762067.1781035,0.0]]]]}},
{"type":"Feature","properties":{"Layer":"SH parqueos ESPOL"},"geometry":{"type":"MultiPolygon","coordinates":[[[[615992.6051228,9762065.533933,0.0],[615990.7839322,9762067.2466106,0.0],[615994.2092874,9762070.8889919,0.0],[615996.0304781,9762069.1763143,0.0],[615992.6051228,9762065.533933,0.0]]]]}},
{"type":"Feature","properties":{"Layer":"SH parqueos ESPOL"},"geometry":{"type":"MultiPolygon","coordinates":[[[[615994.3534658,9762063.8897625,0.0],[615992.5322752,9762065.6024401,0.0],[615995.9576304,9762069.2448214,0.0],[615997.7788211,9762067.5321437,0.0],[615994.3534658,9762063.8897625,0.0]]]]}},
{"type":"Feature","properties":{"Layer":"SH parqueos ESPOL"},"geometry":{"type":"MultiPolygon","coordinates":[[[[615996.1018088,9762062.2455919,0.0],[615994.2806182,9762063.9582696,0.0],[615997.7059735,9762067.6006508,0.0],[615999.5271641,9762065.8879732,0.0],[615996.1018088,9762062.2455919,0.0]]]]}},
{"type":"Feature","properties":{"Layer":"SH parqueos ESPOL"},"geometry":{"type":"MultiPolygon","coordinates":[[[[615997.8501519,9762060.6014214,0.0],[615996.0289612,9762062.314099,0.0],[615999.4543165,9762065.9564803,0.0],[616001.2755071,9762064.2438027,0.0],[615997.8501519,9762060.6014214,0.0]]]]}},
{"type":"Feature","properties":{"Layer":"SH parqueos ESPOL"},"geometry":{"type":"MultiPolygon","coordinates":[[[[615999.5984949,9762058.9572509,0.0],[615997.7773042,9762060.6699285,0.0],[616001.2026595,9762064.3123098,0.0],[616003.0238501,9762062.5996322,0.0],[615999.5984949,9762058.9572509,0.0]]]]}},
{"type":"Feature","properties":{"Layer":"SH parqueos ESPOL"},"geometry":{"type":"MultiPolygon","coordinates":[[[[616001.3468379,9762057.3130804,0.0],[615999.5256473,9762059.025758,0.0],[616002.9510025,9762062.6681393,0.0],[616004.7721932,9762060.9554616,0.0],[616001.3468379,9762057.3130804,0.0]]]]}},
{"type":"Feature","properties":{"Layer":"SH parqueos ESPOL"},"geometry":{"type":"MultiPolygon","coordinates":[[[[616022.2668658,9762066.8509333,0.0],[616021.4122934,9762064.5015278,0.0],[616016.7134825,9762066.2106727,0.0],[616017.5680549,9762068.5600782,0.0],[616022.2668658,9762066.8509333,0.0]]]]}},
{"type":"Feature","properties":{"Layer":"SH parqueos ESPOL"},"geometry":{"type":"MultiPolygon","coordinates":[[[[616023.0872554,9762069.1063625,0.0],[616022.2326829,9762066.7569571,0.0],[616017.533872,9762068.4661019,0.0],[616018.3884445,9762070.8155074,0.0],[616023.0872554,9762069.1063625,0.0]]]]}},
{"type":"Feature","properties":{"Layer":"SH parqueos ESPOL"},"geometry":{"type":"MultiPolygon","coordinates":[[[[616023.9076449,9762071.3617917,0.0],[616023.0530725,9762069.0123863,0.0],[616018.3542616,9762070.7215312,0.0],[616019.208834,9762073.0709366,0.0],[616023.9076449,9762071.3617917,0.0]]]]}},
{"type":"Feature","properties":{"Layer":"SH parqueos ESPOL"},"geometry":{"type":"MultiPolygon","coordinates":[[[[616024.7280344,9762073.617221,0.0],[616023.873462,9762071.2678155,0.0],[616019.1746511,9762072.9769604,0.0],[616020.0292236,9762075.3263659,0.0],[616024.7280344,9762073.617221,0.0]]]]}},
{"type":"Feature","properties":{"Layer":"SH parqueos ESPOL"},"geometry":{"type":"MultiPolygon","coordinates":[[[[616025.548424,9762075.8726502,0.0],[616024.6938515,9762073.5232448,0.0],[616019.9950407,9762075.2323896,0.0],[616020.8496131,9762077.5817951,0.0],[616025.548424,9762075.8726502,0.0]]]]}},
{"type":"Feature","properties":{"Layer":"SH parqueos ESPOL"},"geometry":{"type":"MultiPolygon","coordinates":[[[[616026.3688135,9762078.1280794,0.0],[616025.5142411,9762075.778674,0.0],[616020.8154302,9762077.4878189,0.0],[616021.6700026,9762079.8372243,0.0],[616026.3688135,9762078.1280794,0.0]]]]}},
{"type":"Feature","properties":{"Layer":"SH parqueos ESPOL"},"geometry":{"type":"MultiPolygon","coordinates":[[[[616027.1892031,9762080.3835087,0.0],[616026.3346306,9762078.0341032,0.0],[616021.6358198,9762079.7432481,0.0],[616022.4903922,9762082.0926536,0.0],[616027.1892031,9762080.3835087,0.0]]]]}},
{"type":"Feature","properties":{"Layer":"SH parqueos ESPOL"},"geometry":{"type":"MultiPolygon","coordinates":[[[[615982.0184464,9761960.9091942,-17.2470714],[615982.8114819,9761958.5383094,-17.2470714],[615978.0697123,9761956.9522384,-17.2470714],[615977.2766768,9761959.3231232,-17.2470714],[615982.0184464,9761960.9091942,-17.2470714]]]]}},
{"type":"Feature","properties":{"Layer":"SH parqueos ESPOL"},"geometry":{"type":"MultiPolygon","coordinates":[[[[615981.2842059,9761958.027452,-17.2470714],[615982.0772414,9761955.6565672,-17.2470714],[615977.3354718,9761954.0704962,-17.2470714],[615976.5424363,9761956.441381,-17.2470714],[615981.2842059,9761958.027452,-17.2470714]]]]}},
{"type":"Feature","properties":{"Layer":"SH parqueos ESPOL"},"geometry":{"type":"MultiPolygon","coordinates":[[[[615980.5499654,9761955.1457098,-17.2470714],[615981.3430009,9761952.774825,-17.2470714],[615976.6012314,9761951.188754,-17.2470714],[615975.8081958,9761953.5596387,-17.2470714],[615980.5499654,9761955.1457098,-17.2470714]]]]}},
{"type":"Feature","properties":{"Layer":"SH parqueos ESPOL"},"geometry":{"type":"MultiPolygon","coordinates":[[[[615979.815725,9761952.2639676,-17.2470714],[615980.6087605,9761949.8930828,-17.2470714],[615975.8669909,9761948.3070118,-17.2470714],[615975.0739554,9761950.6778966,-17.2470714],[615979.815725,9761952.2639676,-17.2470714]]]]}},
{"type":"Feature","properties":{"Layer":"SH parqueos ESPOL"},"geometry":{"type":"MultiPolygon","coordinates":[[[[615979.1095083,9761949.492212,-17.2470714],[615979.9025438,9761947.1213272,-17.2470714],[615975.1607742,9761945.5352561,-17.2470714],[615974.3677387,9761947.9061409,-17.2470714],[615979.1095083,9761949.492212,-17.2470714]]]]}},
{"type":"Feature","properties":{"Layer":"SH parqueos ESPOL"},"geometry":{"type":"MultiPolygon","coordinates":[[[[615978.3538079,9761946.5272969,-17.2470714],[615979.1468434,9761944.1564121,-17.2470714],[615974.4050738,9761942.5703411,-17.2470714],[615973.6120383,9761944.9412259,-17.2470714],[615978.3538079,9761946.5272969,-17.2470714]]]]}},
{"type":"Feature","properties":{"Layer":"SH parqueos ESPOL"},"geometry":{"type":"MultiPolygon","coordinates":[[[[615977.5849799,9761943.5087545,-17.2470714],[615978.3780154,9761941.1378697,-17.2470714],[615973.6362459,9761939.5517987,-17.2470714],[615972.8432104,9761941.9226835,-17.2470714],[615977.5849799,9761943.5087545,-17.2470714]]]]}},
{"type":"Feature","properties":{"Layer":"SH parqueos ESPOL"},"geometry":{"type":"MultiPolygon","coordinates":[[[[616002.8119308,9761955.9484529,82.2069286],[616003.6049664,9761953.5775681,82.2069286],[615998.8631968,9761951.9914971,82.2069286],[615998.0701613,9761954.3623819,82.2069286],[616002.8119308,9761955.9484529,82.2069286]]]]}},
{"type":"Feature","properties":{"Layer":"SH parqueos ESPOL"},"geometry":{"type":"MultiPolygon","coordinates":[[[[616002.0506168,9761958.2245023,82.2069286],[616002.8436523,9761955.8536175,82.2069286],[615998.1018827,9761954.2675465,82.2069286],[615997.3088472,9761956.6384313,82.2069286],[616002.0506168,9761958.2245023,82.2069286]]]]}},
{"type":"Feature","properties":{"Layer":"SH parqueos ESPOL"},"geometry":{"type":"MultiPolygon","coordinates":[[[[616001.2893027,9761960.5005517,82.2069286],[616002.0823382,9761958.1296669,82.2069286],[615997.3405686,9761956.5435959,82.2069286],[615996.5475331,9761958.9144806,82.2069286],[616001.2893027,9761960.5005517,82.2069286]]]]}},
{"type":"Feature","properties":{"Layer":"SH parqueos ESPOL"},"geometry":{"type":"MultiPolygon","coordinates":[[[[616000.5279886,9761962.7766011,82.2069286],[616001.3210241,9761960.4057163,82.2069286],[615996.5792545,9761958.8196453,82.2069286],[615995.786219,9761961.19053,82.2069286],[616000.5279886,9761962.7766011,82.2069286]]]]}},
{"type":"Feature","properties":{"Layer":"SH parqueos ESPOL"},"geometry":{"type":"MultiPolygon","coordinates":[[[[615999.7666745,9761965.0526505,82.2069286],[616000.55971,9761962.6817657,82.2069286],[615995.8179404,9761961.0956946,82.2069286],[615995.0249049,9761963.4665794,82.2069286],[615999.7666745,9761965.0526505,82.2069286]]]]}},
{"type":"Feature","properties":{"Layer":"SH parqueos ESPOL"},"geometry":{"type":"MultiPolygon","coordinates":[[[[615999.0053604,9761967.3286999,82.2069286],[615999.7983959,9761964.9578151,82.2069286],[615995.0566263,9761963.371744,82.2069286],[615994.2635908,9761965.7426288,82.2069286],[615999.0053604,9761967.3286999,82.2069286]]]]}},
{"type":"Feature","properties":{"Layer":"SH parqueos ESPOL"},"geometry":{"type":"MultiPolygon","coordinates":[[[[615998.2440463,9761969.6047492,82.2069286],[615999.0370818,9761967.2338645,82.2069286],[615994.2953122,9761965.6477934,82.2069286],[615993.5022767,9761968.0186782,82.2069286],[615998.2440463,9761969.6047492,82.2069286]]]]}},
{"type":"Feature","properties":{"Layer":"SH parqueos ESPOL"},"geometry":{"type":"MultiPolygon","coordinates":[[[[615997.4827322,9761971.8807986,82.2069286],[615998.2757677,9761969.5099138,82.2069286],[615993.5339981,9761967.9238428,82.2069286],[615992.7409626,9761970.2947276,82.2069286],[615997.4827322,9761971.8807986,82.2069286]]]]}},
{"type":"Feature","properties":{"Layer":"SH parqueos ESPOL"},"geometry":{"type":"MultiPolygon","coordinates":[[[[615997.1219206,9761954.0452056,82.2069286],[615997.9149561,9761951.6743208,82.2069286],[615993.1731865,9761950.0882497,82.2069286],[615992.380151,9761952.4591345,82.2069286],[615997.1219206,9761954.0452056,82.2069286]]]]}},
{"type":"Feature","properties":{"Layer":"SH parqueos ESPOL"},"geometry":{"type":"MultiPolygon","coordinates":[[[[615996.3606065,9761956.321255,82.2069286],[615997.153642,9761953.9503702,82.2069286],[615992.4118724,9761952.3642991,82.2069286],[615991.6188369,9761954.7351839,82.2069286],[615996.3606065,9761956.321255,82.2069286]]]]}},
{"type":"Feature","properties":{"Layer":"SH parqueos ESPOL"},"geometry":{"type":"MultiPolygon","coordinates":[[[[615995.5992924,9761958.5973043,82.2069286],[615996.3923279,9761956.2264196,82.2069286],[615991.6505583,9761954.6403485,82.2069286],[615990.8575228,9761957.0112333,82.2069286],[615995.5992924,9761958.5973043,82.2069286]]]]}},
{"type":"Feature","properties":{"Layer":"SH parqueos ESPOL"},"geometry":{"type":"MultiPolygon","coordinates":[[[[615994.8379783,9761960.8733537,82.2069286],[615995.6310138,9761958.502469,82.2069286],[615990.8892442,9761956.9163979,82.2069286],[615990.0962087,9761959.2872827,82.2069286],[615994.8379783,9761960.8733537,82.2069286]]]]}},
{"type":"Feature","properties":{"Layer":"SH parqueos ESPOL"},"geometry":{"type":"MultiPolygon","coordinates":[[[[615994.0766642,9761963.1494031,82.2069286],[615994.8696997,9761960.7785183,82.2069286],[615990.1279301,9761959.1924473,82.2069286],[615989.3348946,9761961.5633321,82.2069286],[615994.0766642,9761963.1494031,82.2069286]]]]}},
{"type":"Feature","properties":{"Layer":"SH parqueos ESPOL"},"geometry":{"type":"MultiPolygon","coordinates":[[[[615993.3153501,9761965.4254525,82.2069286],[615994.1083856,9761963.0545677,82.2069286],[615989.366616,9761961.4684967,82.2069286],[615988.5735805,9761963.8393815,82.2069286],[615993.3153501,9761965.4254525,82.2069286]]]]}},
{"type":"Feature","properties":{"Layer":"SH parqueos ESPOL"},"geometry":{"type":"MultiPolygon","coordinates":[[[[615992.554036,9761967.7015019,82.2069286],[615993.3470715,9761965.3306171,82.2069286],[615988.605302,9761963.7445461,82.2069286],[615987.8122664,9761966.1154309,82.2069286],[615992.554036,9761967.7015019,82.2069286]]]]}},
{"type":"Feature","properties":{"Layer":"SH parqueos ESPOL"},"geometry":{"type":"MultiPolygon","coordinates":[[[[615991.7927219,9761969.9775513,82.2069286],[615992.5857574,9761967.6066665,82.2069286],[615987.8439879,9761966.0205955,82.2069286],[615987.0509523,9761968.3914803,82.2069286],[615991.7927219,9761969.9775513,82.2069286]]]]}},
{"type":"Feature","properties":{"Layer":"SH parqueos ESPOL"},"geometry":{"type":"MultiPolygon","coordinates":[[[[616335.1005236,9762055.9252808,0.0],[616337.1252169,9762057.391779,0.0],[616340.0582133,9762053.3423924,0.0],[616338.03352,9762051.8758942,0.0],[616335.1005236,9762055.9252808,0.0]]]]}},
{"type":"Feature","properties":{"Layer":"SH parqueos ESPOL"},"geometry":{"type":"MultiPolygon","coordinates":[[[[616332.1429192,9762055.917263,0.0],[616334.1676125,9762057.3837612,0.0],[616337.1006089,9762053.3343745,0.0],[616335.0759156,9762051.8678763,0.0],[616332.1429192,9762055.917263,0.0]]]]}},
{"type":"Feature","properties":{"Layer":"SH parqueos ESPOL"},"geometry":{"type":"MultiPolygon","coordinates":[[[[616329.1855524,9762055.9089171,0.0],[616331.2102457,9762057.3754153,0.0],[616334.1432421,9762053.3260287,0.0],[616332.1185488,9762051.8595304,0.0],[616329.1855524,9762055.9089171,0.0]]]]}},
{"type":"Feature","properties":{"Layer":"SH parqueos ESPOL"},"geometry":{"type":"MultiPolygon","coordinates":[[[[616326.2281856,9762055.9005712,0.0],[616328.2528789,9762057.3670694,0.0],[616331.1858753,9762053.3176828,0.0],[616329.161182,9762051.8511846,0.0],[616326.2281856,9762055.9005712,0.0]]]]}},
{"type":"Feature","properties":{"Layer":"SH parqueos ESPOL"},"geometry":{"type":"MultiPolygon","coordinates":[[[[616323.2708188,9762055.8922253,0.0],[616325.2955121,9762057.3587235,0.0],[616328.2285085,9762053.3093369,0.0],[616326.2038152,9762051.8428387,0.0],[616323.2708188,9762055.8922253,0.0]]]]}},
{"type":"Feature","properties":{"Layer":"SH parqueos ESPOL"},"geometry":{"type":"MultiPolygon","coordinates":[[[[616320.313452,9762055.8838794,0.0],[616322.3381453,9762057.3503776,0.0],[616325.2711417,9762053.300991,0.0],[616323.2464484,9762051.8344928,0.0],[616320.313452,9762055.8838794,0.0]]]]}},
{"type":"Feature","properties":{"Layer":"SH parqueos ESPOL"},"geometry":{"type":"MultiPolygon","coordinates":[[[[616317.3560852,9762055.8755336,0.0],[616319.3807785,9762057.3420318,0.0],[616322.3137749,9762053.2926451,0.0],[616320.2890816,9762051.8261469,0.0],[616317.3560852,9762055.8755336,0.0]]]]}},
{"type":"Feature","properties":{"Layer":"SH parqueos ESPOL"},"geometry":{"type":"MultiPolygon","coordinates":[[[[616314.3987184,9762055.8671877,0.0],[616316.4234117,9762057.3336859,0.0],[616319.3564081,9762053.2842993,0.0],[616317.3317148,9762051.817801,0.0],[616314.3987184,9762055.8671877,0.0]]]]}},
{"type":"Feature","properties":{"Layer":"SH parqueos ESPOL"},"geometry":{"type":"MultiPolygon","coordinates":[[[[616311.4413516,9762055.8588418,0.0],[616313.4660449,9762057.32534,0.0],[616316.3990413,9762053.2759534,0.0],[616314.374348,9762051.8094552,0.0],[616311.4413516,9762055.8588418,0.0]]]]}},
{"type":"Feature","properties":{"Layer":"SH parqueos ESPOL"},"geometry":{"type":"MultiPolygon","coordinates":[[[[616308.4839848,9762055.8504959,0.0],[616310.5086781,9762057.3169941,0.0],[616313.4416745,9762053.2676075,0.0],[616311.4169812,9762051.8011093,0.0],[616308.4839848,9762055.8504959,0.0]]]]}},
{"type":"Feature","properties":{"Layer":"SH parqueos ESPOL"},"geometry":{"type":"MultiPolygon","coordinates":[[[[616305.526618,9762055.84215,0.0],[616307.5513113,9762057.3086482,0.0],[616310.4843077,9762053.2592616,0.0],[616308.4596144,9762051.7927634,0.0],[616305.526618,9762055.84215,0.0]]]]}},
{"type":"Feature","properties":{"Layer":"SH parqueos ESPOL"},"geometry":{"type":"MultiPolygon","coordinates":[[[[616302.5692512,9762055.8338042,0.0],[616304.5939445,9762057.3003024,0.0],[616307.5269409,9762053.2509157,0.0],[616305.5022476,9762051.7844175,0.0],[616302.5692512,9762055.8338042,0.0]]]]}},
{"type":"Feature","properties":{"Layer":"SH parqueos ESPOL"},"geometry":{"type":"MultiPolygon","coordinates":[[[[616299.6118844,9762055.8254583,0.0],[616301.6365777,9762057.2919565,0.0],[616304.5695741,9762053.2425699,0.0],[616302.5448808,9762051.7760717,0.0],[616299.6118844,9762055.8254583,0.0]]]]}},
{"type":"Feature","properties":{"Layer":"SH parqueos ESPOL"},"geometry":{"type":"MultiPolygon","coordinates":[[[[616296.6545176,9762055.8171124,0.0],[616298.6792109,9762057.2836106,0.0],[616301.6122073,9762053.234224,0.0],[616299.587514,9762051.7677258,0.0],[616296.6545176,9762055.8171124,0.0]]]]}},
{"type":"Feature","properties":{"Layer":"SH parqueos ESPOL"},"geometry":{"type":"MultiPolygon","coordinates":[[[[616293.6971508,9762055.8087665,0.0],[616295.7218441,9762057.2752647,0.0],[616298.6548405,9762053.2258781,0.0],[616296.6301472,9762051.7593799,0.0],[616293.6971508,9762055.8087665,0.0]]]]}},
{"type":"Feature","properties":{"Layer":"SH parqueos ESPOL"},"geometry":{"type":"MultiPolygon","coordinates":[[[[616290.739784,9762055.8004206,0.0],[616292.7644773,9762057.2669188,0.0],[616295.6974737,9762053.2175322,0.0],[616293.6727804,9762051.751034,0.0],[616290.739784,9762055.8004206,0.0]]]]}},
{"type":"Feature","properties":{"Layer":"SH parqueos ESPOL"},"geometry":{"type":"MultiPolygon","coordinates":[[[[616287.7824172,9762055.7920748,0.0],[616289.8071105,9762057.258573,0.0],[616292.7401069,9762053.2091863,0.0],[616290.7154136,9762051.7426881,0.0],[616287.7824172,9762055.7920748,0.0]]]]}},
{"type":"Feature","properties":{"Layer":"SH parqueos ESPOL"},"geometry":{"type":"MultiPolygon","coordinates":[[[[616334.7055744,9762084.5985446,0.0],[616336.8270725,9762085.9211351,0.0],[616339.4722536,9762081.6781389,0.0],[616337.3507555,9762080.3555483,0.0],[616334.7055744,9762084.5985446,0.0]]]]}},
{"type":"Feature","properties":{"Layer":"SH parqueos ESPOL"},"geometry":{"type":"MultiPolygon","coordinates":[[[[616331.8773843,9762084.5985446,0.0],[616333.9988824,9762085.9211351,0.0],[616336.6440635,9762081.6781389,0.0],[616334.5225654,9762080.3555483,0.0],[616331.8773843,9762084.5985446,0.0]]]]}},
{"type":"Feature","properties":{"Layer":"SH parqueos ESPOL"},"geometry":{"type":"MultiPolygon","coordinates":[[[[616329.0491942,9762084.5985446,0.0],[616331.1706923,9762085.9211351,0.0],[616333.8158734,9762081.6781389,0.0],[616331.6943753,9762080.3555483,0.0],[616329.0491942,9762084.5985446,0.0]]]]}},
{"type":"Feature","properties":{"Layer":"SH parqueos ESPOL"},"geometry":{"type":"MultiPolygon","coordinates":[[[[616326.2210041,9762084.5985446,0.0],[616328.3425022,9762085.9211351,0.0],[616330.9876833,9762081.6781389,0.0],[616328.8661852,9762080.3555483,0.0],[616326.2210041,9762084.5985446,0.0]]]]}},
{"type":"Feature","properties":{"Layer":"SH parqueos ESPOL"},"geometry":{"type":"MultiPolygon","coordinates":[[[[616323.392814,9762084.5985446,0.0],[616325.5143121,9762085.9211351,0.0],[616328.1594932,9762081.6781389,0.0],[616326.0379951,9762080.3555483,0.0],[616323.392814,9762084.5985446,0.0]]]]}},
{"type":"Feature","properties":{"Layer":"SH parqueos ESPOL"},"geometry":{"type":"MultiPolygon","coordinates":[[[[616320.5646238,9762084.5985446,0.0],[616322.686122,9762085.9211351,0.0],[616325.331303,9762081.6781389,0.0],[616323.2098049,9762080.3555483,0.0],[616320.5646238,9762084.5985446,0.0]]]]}},
{"type":"Feature","properties":{"Layer":"SH parqueos ESPOL"},"geometry":{"type":"MultiPolygon","coordinates":[[[[616317.7364337,9762084.5985446,0.0],[616319.8579318,9762085.9211351,0.0],[616322.5031129,9762081.6781389,0.0],[616320.3816148,9762080.3555483,0.0],[616317.7364337,9762084.5985446,0.0]]]]}},
{"type":"Feature","properties":{"Layer":"SH parqueos ESPOL"},"geometry":{"type":"MultiPolygon","coordinates":[[[[616314.9082436,9762084.5985446,0.0],[616317.0297417,9762085.9211351,0.0],[616319.6749228,9762081.6781389,0.0],[616317.5534247,9762080.3555483,0.0],[616314.9082436,9762084.5985446,0.0]]]]}},
{"type":"Feature","properties":{"Layer":"SH parqueos ESPOL"},"geometry":{"type":"MultiPolygon","coordinates":[[[[616312.0800535,9762084.5985446,0.0],[616314.2015516,9762085.9211351,0.0],[616316.8467327,9762081.6781389,0.0],[616314.7252346,9762080.3555483,0.0],[616312.0800535,9762084.5985446,0.0]]]]}},
{"type":"Feature","properties":{"Layer":"SH parqueos ESPOL"},"geometry":{"type":"MultiPolygon","coordinates":[[[[616309.2518634,9762084.5985446,0.0],[616311.3733615,9762085.9211351,0.0],[616314.0185426,9762081.6781389,0.0],[616311.8970445,9762080.3555483,0.0],[616309.2518634,9762084.5985446,0.0]]]]}},
{"type":"Feature","properties":{"Layer":"SH parqueos ESPOL"},"geometry":{"type":"MultiPolygon","coordinates":[[[[616306.4236733,9762084.5985446,0.0],[616308.5451714,9762085.9211351,0.0],[616311.1903525,9762081.6781389,0.0],[616309.0688544,9762080.3555483,0.0],[616306.4236733,9762084.5985446,0.0]]]]}},
{"type":"Feature","properties":{"Layer":"SH parqueos ESPOL"},"geometry":{"type":"MultiPolygon","coordinates":[[[[616303.5954832,9762084.5985446,0.0],[616305.7169813,9762085.9211351,0.0],[616308.3621624,9762081.6781389,0.0],[616306.2406643,9762080.3555483,0.0],[616303.5954832,9762084.5985446,0.0]]]]}},
{"type":"Feature","properties":{"Layer":"SH parqueos ESPOL"},"geometry":{"type":"MultiPolygon","coordinates":[[[[616300.767293,9762084.5985446,0.0],[616302.8887912,9762085.9211351,0.0],[616305.5339722,9762081.6781389,0.0],[616303.4124741,9762080.3555483,0.0],[616300.767293,9762084.5985446,0.0]]]]}},
{"type":"Feature","properties":{"Layer":"SH parqueos ESPOL"},"geometry":{"type":"MultiPolygon","coordinates":[[[[616297.9391029,9762084.5985446,0.0],[616300.060601,9762085.9211351,0.0],[616302.7057821,9762081.6781389,0.0],[616300.584284,9762080.3555483,0.0],[616297.9391029,9762084.5985446,0.0]]]]}},
{"type":"Feature","properties":{"Layer":"SH parqueos ESPOL"},"geometry":{"type":"MultiPolygon","coordinates":[[[[616295.1109128,9762084.5985446,0.0],[616297.2324109,9762085.9211351,0.0],[616299.877592,9762081.6781389,0.0],[616297.7560939,9762080.3555483,0.0],[616295.1109128,9762084.5985446,0.0]]]]}},
{"type":"Feature","properties":{"Layer":"SH parqueos ESPOL"},"geometry":{"type":"MultiPolygon","coordinates":[[[[616292.2827227,9762084.5985446,0.0],[616294.4042208,9762085.9211351,0.0],[616297.0494019,9762081.6781389,0.0],[616294.9279038,9762080.3555483,0.0],[616292.2827227,9762084.5985446,0.0]]]]}},
{"type":"Feature","properties":{"Layer":"SH parqueos ESPOL"},"geometry":{"type":"MultiPolygon","coordinates":[[[[616289.4545326,9762084.5985446,0.0],[616291.5760307,9762085.9211351,0.0],[616294.2212118,9762081.6781389,0.0],[616292.0997137,9762080.3555483,0.0],[616289.4545326,9762084.5985446,0.0]]]]}},
{"type":"Feature","properties":{"Layer":"SH parqueos ESPOL"},"geometry":{"type":"MultiPolygon","coordinates":[[[[616286.6263425,9762084.5985446,0.0],[616288.7478406,9762085.9211351,0.0],[616291.3930217,9762081.6781389,0.0],[616289.2715236,9762080.3555483,0.0],[616286.6263425,9762084.5985446,0.0]]]]}},
{"type":"Feature","properties":{"Layer":"SH parqueos ESPOL"},"geometry":{"type":"MultiPolygon","coordinates":[[[[616283.7981524,9762084.5985446,0.0],[616285.9196505,9762085.9211351,0.0],[616288.5648316,9762081.6781389,0.0],[616286.4433335,9762080.3555483,0.0],[616283.7981524,9762084.5985446,0.0]]]]}},
{"type":"Feature","properties":{"Layer":"SH parqueos ESPOL"},"geometry":{"type":"MultiPolygon","coordinates":[[[[616331.4960558,9762068.5245569,0.0],[616333.6259182,9762067.2154784,0.0],[616331.0077613,9762062.9557537,0.0],[616328.8778989,9762064.2648322,0.0],[616331.4960558,9762068.5245569,0.0]]]]}},
{"type":"Feature","properties":{"Layer":"SH parqueos ESPOL"},"geometry":{"type":"MultiPolygon","coordinates":[[[[616328.6740776,9762068.5165931,0.0],[616330.8039399,9762067.2075146,0.0],[616328.185783,9762062.9477899,0.0],[616326.0559207,9762064.2568684,0.0],[616328.6740776,9762068.5165931,0.0]]]]}},
{"type":"Feature","properties":{"Layer":"SH parqueos ESPOL"},"geometry":{"type":"MultiPolygon","coordinates":[[[[616325.8520993,9762068.5086293,0.0],[616327.9819617,9762067.1995508,0.0],[616325.3638048,9762062.9398261,0.0],[616323.2339424,9762064.2489046,0.0],[616325.8520993,9762068.5086293,0.0]]]]}},
{"type":"Feature","properties":{"Layer":"SH parqueos ESPOL"},"geometry":{"type":"MultiPolygon","coordinates":[[[[616323.030121,9762068.5006655,0.0],[616325.1599834,9762067.191587,0.0],[616322.5418265,9762062.9318623,0.0],[616320.4119642,9762064.2409408,0.0],[616323.030121,9762068.5006655,0.0]]]]}},
{"type":"Feature","properties":{"Layer":"SH parqueos ESPOL"},"geometry":{"type":"MultiPolygon","coordinates":[[[[616320.2081428,9762068.4927017,0.0],[616322.3380051,9762067.1836232,0.0],[616319.7198482,9762062.9238985,0.0],[616317.5899859,9762064.232977,0.0],[616320.2081428,9762068.4927017,0.0]]]]}},
{"type":"Feature","properties":{"Layer":"SH parqueos ESPOL"},"geometry":{"type":"MultiPolygon","coordinates":[[[[616317.3861645,9762068.4847379,0.0],[616319.5160269,9762067.1756594,0.0],[616316.89787,9762062.9159347,0.0],[616314.7680076,9762064.2250132,0.0],[616317.3861645,9762068.4847379,0.0]]]]}},
{"type":"Feature","properties":{"Layer":"SH parqueos ESPOL"},"geometry":{"type":"MultiPolygon","coordinates":[[[[616314.5641863,9762068.4767741,0.0],[616316.6940486,9762067.1676956,0.0],[616314.0758917,9762062.9079709,0.0],[616311.9460294,9762064.2170494,0.0],[616314.5641863,9762068.4767741,0.0]]]]}},
{"type":"Feature","properties":{"Layer":"SH parqueos ESPOL"},"geometry":{"type":"MultiPolygon","coordinates":[[[[616311.742208,9762068.4688103,0.0],[616313.8720703,9762067.1597318,0.0],[616311.2539135,9762062.9000071,0.0],[616309.1240511,9762064.2090856,0.0],[616311.742208,9762068.4688103,0.0]]]]}},
{"type":"Feature","properties":{"Layer":"SH parqueos ESPOL"},"geometry":{"type":"MultiPolygon","coordinates":[[[[616308.9202297,9762068.4608465,0.0],[616311.0500921,9762067.151768,0.0],[616308.4319352,9762062.8920433,0.0],[616306.3020728,9762064.2011218,0.0],[616308.9202297,9762068.4608465,0.0]]]]}},
{"type":"Feature","properties":{"Layer":"SH parqueos ESPOL"},"geometry":{"type":"MultiPolygon","coordinates":[[[[616306.0982515,9762068.4528827,0.0],[616308.2281138,9762067.1438042,0.0],[616305.6099569,9762062.8840795,0.0],[616303.4800946,9762064.193158,0.0],[616306.0982515,9762068.4528827,0.0]]]]}},
{"type":"Feature","properties":{"Layer":"SH parqueos ESPOL"},"geometry":{"type":"MultiPolygon","coordinates":[[[[616303.2762732,9762068.4449189,0.0],[616305.4061356,9762067.1358404,0.0],[616302.7879787,9762062.8761157,0.0],[616300.6581163,9762064.1851942,0.0],[616303.2762732,9762068.4449189,0.0]]]]}},
{"type":"Feature","properties":{"Layer":"SH parqueos ESPOL"},"geometry":{"type":"MultiPolygon","coordinates":[[[[616300.4542949,9762068.4369551,0.0],[616302.5841573,9762067.1278766,0.0],[616299.9660004,9762062.8681519,0.0],[616297.8361381,9762064.1772303,0.0],[616300.4542949,9762068.4369551,0.0]]]]}},
{"type":"Feature","properties":{"Layer":"SH parqueos ESPOL"},"geometry":{"type":"MultiPolygon","coordinates":[[[[616297.6323167,9762068.4289913,0.0],[616299.762179,9762067.1199128,0.0],[616297.1440221,9762062.8601881,0.0],[616295.0141598,9762064.1692665,0.0],[616297.6323167,9762068.4289913,0.0]]]]}},
{"type":"Feature","properties":{"Layer":"SH parqueos ESPOL"},"geometry":{"type":"MultiPolygon","coordinates":[[[[616294.8103384,9762068.4210275,0.0],[616296.9402008,9762067.111949,0.0],[616294.3220439,9762062.8522243,0.0],[616292.1921815,9762064.1613027,0.0],[616294.8103384,9762068.4210275,0.0]]]]}},
{"type":"Feature","properties":{"Layer":"SH parqueos ESPOL"},"geometry":{"type":"MultiPolygon","coordinates":[[[[616291.9883602,9762068.4130637,0.0],[616294.1182225,9762067.1039852,0.0],[616291.5000656,9762062.8442605,0.0],[616289.3702033,9762064.1533389,0.0],[616291.9883602,9762068.4130637,0.0]]]]}},
{"type":"Feature","properties":{"Layer":"SH parqueos ESPOL"},"geometry":{"type":"MultiPolygon","coordinates":[[[[616289.1663819,9762068.4050998,0.0],[616291.2962442,9762067.0960214,0.0],[616288.6780874,9762062.8362967,0.0],[616286.548225,9762064.1453751,0.0],[616289.1663819,9762068.4050998,0.0]]]]}},
{"type":"Feature","properties":{"Layer":"SH parqueos ESPOL"},"geometry":{"type":"MultiPolygon","coordinates":[[[[616286.3444036,9762068.397136,0.0],[616288.474266,9762067.0880576,0.0],[616285.8561091,9762062.8283329,0.0],[616283.7262467,9762064.1374113,0.0],[616286.3444036,9762068.397136,0.0]]]]}},
{"type":"Feature","properties":{"Layer":"SH parqueos ESPOL"},"geometry":{"type":"MultiPolygon","coordinates":[[[[616334.8063286,9762074.1013238,0.0],[616336.936191,9762072.7922454,0.0],[616334.3180341,9762068.5325207,0.0],[616332.1881717,9762069.8415991,0.0],[616334.8063286,9762074.1013238,0.0]]]]}},
{"type":"Feature","properties":{"Layer":"SH parqueos ESPOL"},"geometry":{"type":"MultiPolygon","coordinates":[[[[616331.9843504,9762074.09336,0.0],[616334.1142127,9762072.7842816,0.0],[616331.4960558,9762068.5245569,0.0],[616329.3661935,9762069.8336353,0.0],[616331.9843504,9762074.09336,0.0]]]]}},
{"type":"Feature","properties":{"Layer":"SH parqueos ESPOL"},"geometry":{"type":"MultiPolygon","coordinates":[[[[616329.1623721,9762074.0853962,0.0],[616331.2922345,9762072.7763178,0.0],[616328.6740776,9762068.5165931,0.0],[616326.5442152,9762069.8256715,0.0],[616329.1623721,9762074.0853962,0.0]]]]}},
{"type":"Feature","properties":{"Layer":"SH parqueos ESPOL"},"geometry":{"type":"MultiPolygon","coordinates":[[[[616326.3403938,9762074.0774324,0.0],[616328.4702562,9762072.768354,0.0],[616325.8520993,9762068.5086293,0.0],[616323.722237,9762069.8177077,0.0],[616326.3403938,9762074.0774324,0.0]]]]}},
{"type":"Feature","properties":{"Layer":"SH parqueos ESPOL"},"geometry":{"type":"MultiPolygon","coordinates":[[[[616323.5184156,9762074.0694686,0.0],[616325.6482779,9762072.7603902,0.0],[616323.030121,9762068.5006655,0.0],[616320.9002587,9762069.8097439,0.0],[616323.5184156,9762074.0694686,0.0]]]]}},
{"type":"Feature","properties":{"Layer":"SH parqueos ESPOL"},"geometry":{"type":"MultiPolygon","coordinates":[[[[616320.6964373,9762074.0615048,0.0],[616322.8262997,9762072.7524264,0.0],[616320.2081428,9762068.4927017,0.0],[616318.0782804,9762069.8017801,0.0],[616320.6964373,9762074.0615048,0.0]]]]}},
{"type":"Feature","properties":{"Layer":"SH parqueos ESPOL"},"geometry":{"type":"MultiPolygon","coordinates":[[[[616317.874459,9762074.053541,0.0],[616320.0043214,9762072.7444626,0.0],[616317.3861645,9762068.4847379,0.0],[616315.2563022,9762069.7938163,0.0],[616317.874459,9762074.053541,0.0]]]]}},
{"type":"Feature","properties":{"Layer":"SH parqueos ESPOL"},"geometry":{"type":"MultiPolygon","coordinates":[[[[616315.0524808,9762074.0455772,0.0],[616317.1823431,9762072.7364988,0.0],[616314.5641863,9762068.4767741,0.0],[616312.4343239,9762069.7858525,0.0],[616315.0524808,9762074.0455772,0.0]]]]}},
{"type":"Feature","properties":{"Layer":"SH parqueos ESPOL"},"geometry":{"type":"MultiPolygon","coordinates":[[[[616312.2305025,9762074.0376134,0.0],[616314.3603649,9762072.728535,0.0],[616311.742208,9762068.4688103,0.0],[616309.6123456,9762069.7778887,0.0],[616312.2305025,9762074.0376134,0.0]]]]}},
{"type":"Feature","properties":{"Layer":"SH parqueos ESPOL"},"geometry":{"type":"MultiPolygon","coordinates":[[[[616309.4085243,9762074.0296496,0.0],[616311.5383866,9762072.7205712,0.0],[616308.9202297,9762068.4608465,0.0],[616306.7903674,9762069.7699249,0.0],[616309.4085243,9762074.0296496,0.0]]]]}},
{"type":"Feature","properties":{"Layer":"SH parqueos ESPOL"},"geometry":{"type":"MultiPolygon","coordinates":[[[[616306.586546,9762074.0216858,0.0],[616308.7164084,9762072.7126074,0.0],[616306.0982515,9762068.4528827,0.0],[616303.9683891,9762069.7619611,0.0],[616306.586546,9762074.0216858,0.0]]]]}},
{"type":"Feature","properties":{"Layer":"SH parqueos ESPOL"},"geometry":{"type":"MultiPolygon","coordinates":[[[[616303.7645677,9762074.013722,0.0],[616305.8944301,9762072.7046436,0.0],[616303.2762732,9762068.4449189,0.0],[616301.1464109,9762069.7539973,0.0],[616303.7645677,9762074.013722,0.0]]]]}},
{"type":"Feature","properties":{"Layer":"SH parqueos ESPOL"},"geometry":{"type":"MultiPolygon","coordinates":[[[[616300.9425895,9762074.0057582,0.0],[616303.0724518,9762072.6966798,0.0],[616300.4542949,9762068.4369551,0.0],[616298.3244326,9762069.7460335,0.0],[616300.9425895,9762074.0057582,0.0]]]]}},
{"type":"Feature","properties":{"Layer":"SH parqueos ESPOL"},"geometry":{"type":"MultiPolygon","coordinates":[[[[616298.1206112,9762073.9977944,0.0],[616300.2504736,9762072.688716,0.0],[616297.6323167,9762068.4289913,0.0],[616295.5024543,9762069.7380697,0.0],[616298.1206112,9762073.9977944,0.0]]]]}},
{"type":"Feature","properties":{"Layer":"SH parqueos ESPOL"},"geometry":{"type":"MultiPolygon","coordinates":[[[[616295.2986329,9762073.9898306,0.0],[616297.4284953,9762072.6807522,0.0],[616294.8103384,9762068.4210275,0.0],[616292.6804761,9762069.7301059,0.0],[616295.2986329,9762073.9898306,0.0]]]]}},
{"type":"Feature","properties":{"Layer":"SH parqueos ESPOL"},"geometry":{"type":"MultiPolygon","coordinates":[[[[616292.4766547,9762073.9818668,0.0],[616294.606517,9762072.6727884,0.0],[616291.9883602,9762068.4130637,0.0],[616289.8584978,9762069.7221421,0.0],[616292.4766547,9762073.9818668,0.0]]]]}},
{"type":"Feature","properties":{"Layer":"SH parqueos ESPOL"},"geometry":{"type":"MultiPolygon","coordinates":[[[[616289.6546764,9762073.973903,0.0],[616291.7845388,9762072.6648246,0.0],[616289.1663819,9762068.4050998,0.0],[616287.0365195,9762069.7141783,0.0],[616289.6546764,9762073.973903,0.0]]]]}},
{"type":"Feature","properties":{"Layer":"SH parqueos ESPOL"},"geometry":{"type":"MultiPolygon","coordinates":[[[[616314.7266135,9762127.9876956,0.0],[616317.2266135,9762127.9876956,0.0],[616317.2266135,9762122.9876956,0.0],[616314.7266135,9762122.9876956,0.0],[616314.7266135,9762127.9876956,0.0]]]]}},
{"type":"Feature","properties":{"Layer":"SH parqueos ESPOL"},"geometry":{"type":"MultiPolygon","coordinates":[[[[616312.3266135,9762127.9876956,0.0],[616314.8266135,9762127.9876956,0.0],[616314.8266135,9762122.9876956,0.0],[616312.3266135,9762122.9876956,0.0],[616312.3266135,9762127.9876956,0.0]]]]}},
{"type":"Feature","properties":{"Layer":"SH parqueos ESPOL"},"geometry":{"type":"MultiPolygon","coordinates":[[[[616309.9266135,9762127.9876956,0.0],[616312.4266135,9762127.9876956,0.0],[616312.4266135,9762122.9876956,0.0],[616309.9266135,9762122.9876956,0.0],[616309.9266135,9762127.9876956,0.0]]]]}},
{"type":"Feature","properties":{"Layer":"SH parqueos ESPOL"},"geometry":{"type":"MultiPolygon","coordinates":[[[[616307.5266135,9762127.9876956,0.0],[616310.0266135,9762127.9876956,0.0],[616310.0266135,9762122.9876956,0.0],[616307.5266135,9762122.9876956,0.0],[616307.5266135,9762127.9876956,0.0]]]]}},
{"type":"Feature","properties":{"Layer":"SH parqueos ESPOL"},"geometry":{"type":"MultiPolygon","coordinates":[[[[616305.1266135,9762127.9876956,0.0],[616307.6266135,9762127.9876956,0.0],[616307.6266135,9762122.9876956,0.0],[616305.1266135,9762122.9876956,0.0],[616305.1266135,9762127.9876956,0.0]]]]}},
{"type":"Feature","properties":{"Layer":"SH parqueos ESPOL"},"geometry":{"type":"MultiPolygon","coordinates":[[[[616302.7266135,9762127.9876956,0.0],[616305.2266135,9762127.9876956,0.0],[616305.2266135,9762122.9876956,0.0],[616302.7266135,9762122.9876955,0.0],[616302.7266135,9762127.9876956,0.0]]]]}},
{"type":"Feature","properties":{"Layer":"SH parqueos ESPOL"},"geometry":{"type":"MultiPolygon","coordinates":[[[[616300.3266135,9762127.9876956,0.0],[616302.8266135,9762127.9876956,0.0],[616302.8266135,9762122.9876956,0.0],[616300.3266135,9762122.9876955,0.0],[616300.3266135,9762127.9876956,0.0]]]]}},
{"type":"Feature","properties":{"Layer":"SH parqueos ESPOL"},"geometry":{"type":"MultiPolygon","coordinates":[[[[616297.9266135,9762127.9876956,0.0],[616300.4266135,9762127.9876956,0.0],[616300.4266135,9762122.9876956,0.0],[616297.9266135,9762122.9876955,0.0],[616297.9266135,9762127.9876956,0.0]]]]}},
{"type":"Feature","properties":{"Layer":"SH parqueos ESPOL"},"geometry":{"type":"MultiPolygon","coordinates":[[[[616295.5266135,9762127.9876955,0.0],[616298.0266135,9762127.9876955,0.0],[616298.0266135,9762122.9876955,0.0],[616295.5266135,9762122.9876955,0.0],[616295.5266135,9762127.9876955,0.0]]]]}},
{"type":"Feature","properties":{"Layer":"SH parqueos ESPOL"},"geometry":{"type":"MultiPolygon","coordinates":[[[[616312.3266135,9762134.6103001,0.0],[616314.8266135,9762134.6103001,0.0],[616314.8266135,9762129.6103001,0.0],[616312.3266135,9762129.6103001,0.0],[616312.3266135,9762134.6103001,0.0]]]]}},
{"type":"Feature","properties":{"Layer":"SH parqueos ESPOL"},"geometry":{"type":"MultiPolygon","coordinates":[[[[616309.9266135,9762134.6103001,0.0],[616312.4266135,9762134.6103001,0.0],[616312.4266135,9762129.6103001,0.0],[616309.9266135,9762129.6103001,0.0],[616309.9266135,9762134.6103001,0.0]]]]}},
{"type":"Feature","properties":{"Layer":"SH parqueos ESPOL"},"geometry":{"type":"MultiPolygon","coordinates":[[[[616307.5266135,9762134.6103001,0.0],[616310.0266135,9762134.6103001,0.0],[616310.0266135,9762129.6103001,0.0],[616307.5266135,9762129.6103001,0.0],[616307.5266135,9762134.6103001,0.0]]]]}},
{"type":"Feature","properties":{"Layer":"SH parqueos ESPOL"},"geometry":{"type":"MultiPolygon","coordinates":[[[[616305.1266135,9762134.6103001,0.0],[616307.6266135,9762134.6103001,0.0],[616307.6266135,9762129.6103001,0.0],[616305.1266135,9762129.6103,0.0],[616305.1266135,9762134.6103001,0.0]]]]}},
{"type":"Feature","properties":{"Layer":"SH parqueos ESPOL"},"geometry":{"type":"MultiPolygon","coordinates":[[[[616302.7266135,9762134.6103001,0.0],[616305.2266135,9762134.6103001,0.0],[616305.2266135,9762129.6103001,0.0],[616302.7266135,9762129.6103,0.0],[616302.7266135,9762134.6103001,0.0]]]]}},
{"type":"Feature","properties":{"Layer":"SH parqueos ESPOL"},"geometry":{"type":"MultiPolygon","coordinates":[[[[616300.3266135,9762134.6103001,0.0],[616302.8266135,9762134.6103001,0.0],[616302.8266135,9762129.6103001,0.0],[616300.3266135,9762129.6103,0.0],[616300.3266135,9762134.6103001,0.0]]]]}},
{"type":"Feature","properties":{"Layer":"SH parqueos ESPOL"},"geometry":{"type":"MultiPolygon","coordinates":[[[[616297.9266135,9762134.6103,0.0],[616300.4266135,9762134.6103,0.0],[616300.4266135,9762129.6103,0.0],[616297.9266135,9762129.6103,0.0],[616297.9266135,9762134.6103,0.0]]]]}},
{"type":"Feature","properties":{"Layer":"SH parqueos ESPOL"},"geometry":{"type":"MultiPolygon","coordinates":[[[[616295.5266135,9762134.6103,0.0],[616298.0266135,9762134.6103,0.0],[616298.0266135,9762129.6103,0.0],[616295.5266135,9762129.6103,0.0],[616295.5266135,9762134.6103,0.0]]]]}},
{"type":"Feature","properties":{"Layer":"SH parqueos ESPOL"},"geometry":{"type":"MultiPolygon","coordinates":[[[[616323.2266135,9762122.9876956,0.0],[616323.2266135,9762120.4876956,0.0],[616318.2266135,9762120.4876956,0.0],[616318.2266135,9762122.9876955,0.0],[616323.2266135,9762122.9876956,0.0]]]]}},
{"type":"Feature","properties":{"Layer":"SH parqueos ESPOL"},"geometry":{"type":"MultiPolygon","coordinates":[[[[616328.1266135,9762122.9876956,0.0],[616328.1266135,9762120.4876956,0.0],[616323.1266135,9762120.4876956,0.0],[616323.1266135,9762122.9876956,0.0],[616328.1266135,9762122.9876956,0.0]]]]}},
{"type":"Feature","properties":{"Layer":"SH parqueos ESPOL"},"geometry":{"type":"MultiPolygon","coordinates":[[[[616333.0266135,9762122.9876956,0.0],[616333.0266135,9762120.4876956,0.0],[616328.0266135,9762120.4876956,0.0],[616328.0266135,9762122.9876956,0.0],[616333.0266135,9762122.9876956,0.0]]]]}},
{"type":"Feature","properties":{"Layer":"SH parqueos ESPOL"},"geometry":{"type":"MultiPolygon","coordinates":[[[[616337.9266135,9762122.9876956,0.0],[616337.9266135,9762120.4876956,0.0],[616332.9266135,9762120.4876956,0.0],[616332.9266135,9762122.9876956,0.0],[616337.9266135,9762122.9876956,0.0]]]]}},
{"type":"Feature","properties":{"Layer":"SH parqueos ESPOL"},"geometry":{"type":"MultiPolygon","coordinates":[[[[616342.8266135,9762122.9876956,0.0],[616342.8266135,9762120.4876956,0.0],[616337.8266135,9762120.4876956,0.0],[616337.8266135,9762122.9876956,0.0],[616342.8266135,9762122.9876956,0.0]]]]}},
{"type":"Feature","properties":{"Layer":"SH parqueos ESPOL"},"geometry":{"type":"MultiPolygon","coordinates":[[[[616347.7266135,9762122.9876956,0.0],[616347.7266135,9762120.4876956,0.0],[616342.7266135,9762120.4876956,0.0],[616342.7266135,9762122.9876956,0.0],[616347.7266135,9762122.9876956,0.0]]]]}},
{"type":"Feature","properties":{"Layer":"SH parqueos ESPOL"},"geometry":{"type":"MultiPolygon","coordinates":[[[[616273.9266134,9762134.6103,0.0],[616276.4266134,9762134.6103,0.0],[616276.4266134,9762129.6103,0.0],[616273.9266134,9762129.6103,0.0],[616273.9266134,9762134.6103,0.0]]]]}},
{"type":"Feature","properties":{"Layer":"SH parqueos ESPOL"},"geometry":{"type":"MultiPolygon","coordinates":[[[[616271.5266134,9762134.6103,0.0],[616274.0266134,9762134.6103,0.0],[616274.0266134,9762129.6103,0.0],[616271.5266134,9762129.6103,0.0],[616271.5266134,9762134.6103,0.0]]]]}},
{"type":"Feature","properties":{"Layer":"SH parqueos ESPOL"},"geometry":{"type":"MultiPolygon","coordinates":[[[[616296.1538449,9762173.6991183,0.0],[616298.2465125,9762175.066869,0.0],[616300.9820139,9762170.8815336,0.0],[616298.8893463,9762169.5137829,0.0],[616296.1538449,9762173.6991183,0.0]]]]}},
{"type":"Feature","properties":{"Layer":"SH parqueos ESPOL"},"geometry":{"type":"MultiPolygon","coordinates":[[[[616293.2814661,9762173.7071126,0.0],[616295.3741338,9762175.0748633,0.0],[616298.1096352,9762170.8895279,0.0],[616296.0169675,9762169.5217772,0.0],[616293.2814661,9762173.7071126,0.0]]]]}},
{"type":"Feature","properties":{"Layer":"SH parqueos ESPOL"},"geometry":{"type":"MultiPolygon","coordinates":[[[[616290.3968561,9762173.7071126,0.0],[616292.4895238,9762175.0748633,0.0],[616295.2250252,9762170.8895279,0.0],[616293.1323575,9762169.5217772,0.0],[616290.3968561,9762173.7071126,0.0]]]]}},
{"type":"Feature","properties":{"Layer":"SH parqueos ESPOL"},"geometry":{"type":"MultiPolygon","coordinates":[[[[616287.5244774,9762173.7151068,0.0],[616289.6171451,9762175.0828575,0.0],[616292.3526465,9762170.8975221,0.0],[616290.2599788,9762169.5297714,0.0],[616287.5244774,9762173.7151068,0.0]]]]}},
{"type":"Feature","properties":{"Layer":"SH parqueos ESPOL"},"geometry":{"type":"MultiPolygon","coordinates":[[[[616284.6398674,9762173.7151068,0.0],[616286.7325351,9762175.0828575,0.0],[616289.4680365,9762170.8975221,0.0],[616287.3753688,9762169.5297714,0.0],[616284.6398674,9762173.7151068,0.0]]]]}},
{"type":"Feature","properties":{"Layer":"SH parqueos ESPOL"},"geometry":{"type":"MultiPolygon","coordinates":[[[[616281.7674887,9762173.7231011,0.0],[616283.8601564,9762175.0908518,0.0],[616286.5956578,9762170.9055164,0.0],[616284.5029901,9762169.5377657,0.0],[616281.7674887,9762173.7231011,0.0]]]]}},
{"type":"Feature","properties":{"Layer":"SH parqueos ESPOL"},"geometry":{"type":"MultiPolygon","coordinates":[[[[616278.8828787,9762173.7231011,0.0],[616280.9755464,9762175.0908518,0.0],[616283.7110478,9762170.9055164,0.0],[616281.6183801,9762169.5377657,0.0],[616278.8828787,9762173.7231011,0.0]]]]}},
{"type":"Feature","properties":{"Layer":"SH parqueos ESPOL"},"geometry":{"type":"MultiPolygon","coordinates":[[[[616276.0105,9762173.7310953,0.0],[616278.1031677,9762175.098846,0.0],[616280.8386691,9762170.9135106,0.0],[616278.7460014,9762169.5457599,0.0],[616276.0105,9762173.7310953,0.0]]]]}},
{"type":"Feature","properties":{"Layer":"SH parqueos ESPOL"},"geometry":{"type":"MultiPolygon","coordinates":[[[[616273.12589,9762173.7310953,0.0],[616275.2185577,9762175.098846,0.0],[616277.9540591,9762170.9135106,0.0],[616275.8613914,9762169.5457599,0.0],[616273.12589,9762173.7310953,0.0]]]]}},
{"type":"Feature","properties":{"Layer":"SH parqueos ESPOL"},"geometry":{"type":"MultiPolygon","coordinates":[[[[616270.2535113,9762173.7390896,0.0],[616272.346179,9762175.1068403,0.0],[616275.0816804,9762170.9215049,0.0],[616272.9890127,9762169.5537542,0.0],[616270.2535113,9762173.7390896,0.0]]]]}},
{"type":"Feature","properties":{"Layer":"SH parqueos ESPOL"},"geometry":{"type":"MultiPolygon","coordinates":[[[[616267.3689013,9762173.7390896,0.0],[616269.461569,9762175.1068403,0.0],[616272.1970704,9762170.9215049,0.0],[616270.1044027,9762169.5537542,0.0],[616267.3689013,9762173.7390896,0.0]]]]}},
{"type":"Feature","properties":{"Layer":"SH parqueos ESPOL"},"geometry":{"type":"MultiPolygon","coordinates":[[[[616264.4965226,9762173.7470838,0.0],[616266.5891903,9762175.1148345,0.0],[616269.3246917,9762170.9294991,0.0],[616267.232024,9762169.5617484,0.0],[616264.4965226,9762173.7470838,0.0]]]]}},
{"type":"Feature","properties":{"Layer":"SH parqueos ESPOL"},"geometry":{"type":"MultiPolygon","coordinates":[[[[616261.6119126,9762173.7470838,0.0],[616263.7045803,9762175.1148345,0.0],[616266.4400817,9762170.9294991,0.0],[616264.347414,9762169.5617484,0.0],[616261.6119126,9762173.7470838,0.0]]]]}},
{"type":"Feature","properties":{"Layer":"SH parqueos ESPOL"},"geometry":{"type":"MultiPolygon","coordinates":[[[[616258.7395339,9762173.7550781,0.0],[616260.8322016,9762175.1228288,0.0],[616263.567703,9762170.9374934,0.0],[616261.4750353,9762169.5697427,0.0],[616258.7395339,9762173.7550781,0.0]]]]}},
{"type":"Feature","properties":{"Layer":"SH parqueos ESPOL"},"geometry":{"type":"MultiPolygon","coordinates":[[[[616255.8549239,9762173.7550781,0.0],[616257.9475916,9762175.1228288,0.0],[616260.683093,9762170.9374934,0.0],[616258.5904253,9762169.5697427,0.0],[616255.8549239,9762173.7550781,0.0]]]]}},
{"type":"Feature","properties":{"Layer":"SH parqueos ESPOL"},"geometry":{"type":"MultiPolygon","coordinates":[[[[616252.9825452,9762173.7630723,0.0],[616255.0752129,9762175.130823,0.0],[616257.8107143,9762170.9454876,0.0],[616255.7180466,9762169.5777369,0.0],[616252.9825452,9762173.7630723,0.0]]]]}},
{"type":"Feature","properties":{"Layer":"SH parqueos ESPOL"},"geometry":{"type":"MultiPolygon","coordinates":[[[[616250.0979352,9762173.7630723,0.0],[616252.1906029,9762175.130823,0.0],[616254.9261043,9762170.9454876,0.0],[616252.8334366,9762169.5777369,0.0],[616250.0979352,9762173.7630723,0.0]]]]}},
{"type":"Feature","properties":{"Layer":"SH parqueos ESPOL"},"geometry":{"type":"MultiPolygon","coordinates":[[[[616226.9797766,9762174.4230721,0.0],[616229.0724443,9762175.7908228,0.0],[616231.8079457,9762171.6054874,0.0],[616229.715278,9762170.2377367,0.0],[616226.9797766,9762174.4230721,0.0]]]]}},
{"type":"Feature","properties":{"Layer":"SH parqueos ESPOL"},"geometry":{"type":"MultiPolygon","coordinates":[[[[616224.1073979,9762174.4310663,0.0],[616226.2000655,9762175.798817,0.0],[616228.9355669,9762171.6134816,0.0],[616226.8428993,9762170.2457309,0.0],[616224.1073979,9762174.4310663,0.0]]]]}},
{"type":"Feature","properties":{"Layer":"SH parqueos ESPOL"},"geometry":{"type":"MultiPolygon","coordinates":[[[[616221.2227879,9762174.4310663,0.0],[616223.3154556,9762175.798817,0.0],[616226.050957,9762171.6134816,0.0],[616223.9582893,9762170.2457309,0.0],[616221.2227879,9762174.4310663,0.0]]]]}},
{"type":"Feature","properties":{"Layer":"SH parqueos ESPOL"},"geometry":{"type":"MultiPolygon","coordinates":[[[[616218.3504092,9762174.4390606,0.0],[616220.4430768,9762175.8068113,0.0],[616223.1785782,9762171.6214759,0.0],[616221.0859106,9762170.2537252,0.0],[616218.3504092,9762174.4390606,0.0]]]]}},
{"type":"Feature","properties":{"Layer":"SH parqueos ESPOL"},"geometry":{"type":"MultiPolygon","coordinates":[[[[616215.4657992,9762174.4390606,0.0],[616217.5584669,9762175.8068113,0.0],[616220.2939682,9762171.6214759,0.0],[616218.2013006,9762170.2537252,0.0],[616215.4657992,9762174.4390606,0.0]]]]}},
{"type":"Feature","properties":{"Layer":"SH parqueos ESPOL"},"geometry":{"type":"MultiPolygon","coordinates":[[[[616212.5934204,9762174.4470548,0.0],[616214.6860881,9762175.8148055,0.0],[616217.4215895,9762171.6294701,0.0],[616215.3289218,9762170.2617194,0.0],[616212.5934204,9762174.4470548,0.0]]]]}},
{"type":"Feature","properties":{"Layer":"SH parqueos ESPOL"},"geometry":{"type":"MultiPolygon","coordinates":[[[[616209.5828527,9762174.6664792,0.0],[616211.6755204,9762176.0342299,0.0],[616214.4110218,9762171.8488945,0.0],[616212.3183541,9762170.4811438,0.0],[616209.5828527,9762174.6664792,0.0]]]]}},
{"type":"Feature","properties":{"Layer":"SH parqueos ESPOL"},"geometry":{"type":"MultiPolygon","coordinates":[[[[616206.710474,9762174.6744734,0.0],[616208.8031417,9762176.0422241,0.0],[616211.5386431,9762171.8568888,0.0],[616209.4459754,9762170.4891381,0.0],[616206.710474,9762174.6744734,0.0]]]]}},
{"type":"Feature","properties":{"Layer":"SH parqueos ESPOL"},"geometry":{"type":"MultiPolygon","coordinates":[[[[616203.825864,9762174.6744734,0.0],[616205.9185317,9762176.0422241,0.0],[616208.6540331,9762171.8568888,0.0],[616206.5613654,9762170.4891381,0.0],[616203.825864,9762174.6744734,0.0]]]]}},
{"type":"Feature","properties":{"Layer":"SH parqueos ESPOL"},"geometry":{"type":"MultiPolygon","coordinates":[[[[616200.9534853,9762174.6824677,0.0],[616203.046153,9762176.0502184,0.0],[616205.7816543,9762171.864883,0.0],[616203.6889867,9762170.4971323,0.0],[616200.9534853,9762174.6824677,0.0]]]]}},
{"type":"Feature","properties":{"Layer":"SH parqueos ESPOL"},"geometry":{"type":"MultiPolygon","coordinates":[[[[616198.0688753,9762174.6824677,0.0],[616200.161543,9762176.0502184,0.0],[616202.8970444,9762171.864883,0.0],[616200.8043767,9762170.4971323,0.0],[616198.0688753,9762174.6824677,0.0]]]]}},
{"type":"Feature","properties":{"Layer":"SH parqueos ESPOL"},"geometry":{"type":"MultiPolygon","coordinates":[[[[616195.1964966,9762174.6904619,0.0],[616197.2891642,9762176.0582126,0.0],[616200.0246656,9762171.8728773,0.0],[616197.931998,9762170.5051266,0.0],[616195.1964966,9762174.6904619,0.0]]]]}},
{"type":"Feature","properties":{"Layer":"SH parqueos ESPOL"},"geometry":{"type":"MultiPolygon","coordinates":[[[[616192.3118866,9762174.6904619,0.0],[616194.4045543,9762176.0582126,0.0],[616197.1400557,9762171.8728773,0.0],[616195.047388,9762170.5051266,0.0],[616192.3118866,9762174.6904619,0.0]]]]}},
{"type":"Feature","properties":{"Layer":"SH parqueos ESPOL"},"geometry":{"type":"MultiPolygon","coordinates":[[[[616189.4395079,9762174.6984562,0.0],[616191.5321755,9762176.0662069,0.0],[616194.2676769,9762171.8808715,0.0],[616192.1750093,9762170.5131208,0.0],[616189.4395079,9762174.6984562,0.0]]]]}},
{"type":"Feature","properties":{"Layer":"SH parqueos ESPOL"},"geometry":{"type":"MultiPolygon","coordinates":[[[[616186.5548979,9762174.6984562,0.0],[616188.6475656,9762176.0662069,0.0],[616191.3830669,9762171.8808715,0.0],[616189.2903993,9762170.5131208,0.0],[616186.5548979,9762174.6984562,0.0]]]]}},
{"type":"Feature","properties":{"Layer":"SH parqueos ESPOL"},"geometry":{"type":"MultiPolygon","coordinates":[[[[616183.6825191,9762174.7064504,0.0],[616185.7751868,9762176.0742011,0.0],[616188.5106882,9762171.8888658,0.0],[616186.4180205,9762170.5211151,0.0],[616183.6825191,9762174.7064504,0.0]]]]}},
{"type":"Feature","properties":{"Layer":"SH parqueos ESPOL"},"geometry":{"type":"MultiPolygon","coordinates":[[[[616180.7979092,9762174.7064504,0.0],[616182.8905768,9762176.0742011,0.0],[616185.6260782,9762171.8888658,0.0],[616183.5334106,9762170.5211151,0.0],[616180.7979092,9762174.7064504,0.0]]]]}},
{"type":"Feature","properties":{"Layer":"SH parqueos ESPOL"},"geometry":{"type":"MultiPolygon","coordinates":[[[[616177.9132992,9762174.7064504,0.0],[616180.0059669,9762176.0742011,0.0],[616182.7414683,9762171.8888658,0.0],[616180.6488006,9762170.5211151,0.0],[616177.9132992,9762174.7064504,0.0]]]]}},
{"type":"Feature","properties":{"Layer":"SH parqueos ESPOL"},"geometry":{"type":"MultiPolygon","coordinates":[[[[616175.0409205,9762174.7144447,0.0],[616177.1335881,9762176.0821954,0.0],[616179.8690895,9762171.89686,0.0],[616177.7764219,9762170.5291093,0.0],[616175.0409205,9762174.7144447,0.0]]]]}},
{"type":"Feature","properties":{"Layer":"SH parqueos ESPOL"},"geometry":{"type":"MultiPolygon","coordinates":[[[[616172.1563105,9762174.7144447,0.0],[616174.2489782,9762176.0821954,0.0],[616176.9844795,9762171.89686,0.0],[616174.8918119,9762170.5291093,0.0],[616172.1563105,9762174.7144447,0.0]]]]}},
{"type":"Feature","properties":{"Layer":"SH parqueos ESPOL"},"geometry":{"type":"MultiPolygon","coordinates":[[[[616169.2839317,9762174.7224389,0.0],[616171.3765994,9762176.0901896,0.0],[616174.1121008,9762171.9048543,0.0],[616172.0194331,9762170.5371036,0.0],[616169.2839317,9762174.7224389,0.0]]]]}},
{"type":"Feature","properties":{"Layer":"SH parqueos ESPOL"},"geometry":{"type":"MultiPolygon","coordinates":[[[[616166.3993218,9762174.7224389,0.0],[616168.4919894,9762176.0901896,0.0],[616171.2274908,9762171.9048543,0.0],[616169.1348232,9762170.5371036,0.0],[616166.3993218,9762174.7224389,0.0]]]]}},
{"type":"Feature","properties":{"Layer":"SH parqueos ESPOL"},"geometry":{"type":"MultiPolygon","coordinates":[[[[616229.8521553,9762174.4150778,0.0],[616231.944823,9762175.7828285,0.0],[616234.6803244,9762171.5974931,0.0],[616232.5876567,9762170.2297424,0.0],[616229.8521553,9762174.4150778,0.0]]]]}},
{"type":"Feature","properties":{"Layer":"SH parqueos ESPOL"},"geometry":{"type":"MultiPolygon","coordinates":[[[[616828.6120296,9762268.8242194,0.0],[616831.0392987,9762268.2255836,0.0],[616829.8420272,9762263.3710454,0.0],[616827.4147581,9762263.9696812,0.0],[616828.6120296,9762268.8242194,0.0]]]]}},
{"type":"Feature","properties":{"Layer":"SH parqueos ESPOL"},"geometry":{"type":"MultiPolygon","coordinates":[[[[616826.2818513,9762269.3989097,0.0],[616828.7091204,9762268.8002739,0.0],[616827.5118489,9762263.9457357,0.0],[616825.0845798,9762264.5443715,0.0],[616826.2818513,9762269.3989097,0.0]]]]}},
{"type":"Feature","properties":{"Layer":"SH parqueos ESPOL"},"geometry":{"type":"MultiPolygon","coordinates":[[[[616823.9516729,9762269.9736,0.0],[616826.378942,9762269.3749642,0.0],[616825.1816706,9762264.5204261,0.0],[616822.7544015,9762265.1190618,0.0],[616823.9516729,9762269.9736,0.0]]]]}},
{"type":"Feature","properties":{"Layer":"SH parqueos ESPOL"},"geometry":{"type":"MultiPolygon","coordinates":[[[[616821.6214946,9762270.5482903,0.0],[616824.0487637,9762269.9496546,0.0],[616822.8514922,9762265.0951164,0.0],[616820.4242231,9762265.6937521,0.0],[616821.6214946,9762270.5482903,0.0]]]]}},
{"type":"Feature","properties":{"Layer":"SH parqueos ESPOL"},"geometry":{"type":"MultiPolygon","coordinates":[[[[616819.2913163,9762271.1229806,0.0],[616821.7185854,9762270.5243449,0.0],[616820.5213139,9762265.6698067,0.0],[616818.0940448,9762266.2684424,0.0],[616819.2913163,9762271.1229806,0.0]]]]}},
{"type":"Feature","properties":{"Layer":"SH parqueos ESPOL"},"geometry":{"type":"MultiPolygon","coordinates":[[[[616816.9611379,9762271.6976709,0.0],[616819.388407,9762271.0990352,0.0],[616818.1911355,9762266.244497,0.0],[616815.7638665,9762266.8431327,0.0],[616816.9611379,9762271.6976709,0.0]]]]}},
{"type":"Feature","properties":{"Layer":"SH parqueos ESPOL"},"geometry":{"type":"MultiPolygon","coordinates":[[[[616814.6309596,9762272.2723612,0.0],[616817.0582287,9762271.6737255,0.0],[616815.8609572,9762266.8191873,0.0],[616813.4336881,9762267.417823,0.0],[616814.6309596,9762272.2723612,0.0]]]]}},
{"type":"Feature","properties":{"Layer":"SH parqueos ESPOL"},"geometry":{"type":"MultiPolygon","coordinates":[[[[616812.3007813,9762272.8470515,0.0],[616814.7280504,9762272.2484158,0.0],[616813.5307789,9762267.3938776,0.0],[616811.1035098,9762267.9925133,0.0],[616812.3007813,9762272.8470515,0.0]]]]}},
{"type":"Feature","properties":{"Layer":"SH parqueos ESPOL"},"geometry":{"type":"MultiPolygon","coordinates":[[[[616849.0000646,9762263.7706247,0.0],[616851.4273337,9762263.171989,0.0],[616850.2300622,9762258.3174508,0.0],[616847.8027931,9762258.9160866,0.0],[616849.0000646,9762263.7706247,0.0]]]]}},
{"type":"Feature","properties":{"Layer":"SH parqueos ESPOL"},"geometry":{"type":"MultiPolygon","coordinates":[[[[616846.6698862,9762264.3453151,0.0],[616849.0971553,9762263.7466793,0.0],[616847.8998839,9762258.8921411,0.0],[616845.4726148,9762259.4907769,0.0],[616846.6698862,9762264.3453151,0.0]]]]}},
{"type":"Feature","properties":{"Layer":"SH parqueos ESPOL"},"geometry":{"type":"MultiPolygon","coordinates":[[[[616844.3397079,9762264.9200054,0.0],[616846.766977,9762264.3213696,0.0],[616845.5697055,9762259.4668314,0.0],[616843.1424364,9762260.0654672,0.0],[616844.3397079,9762264.9200054,0.0]]]]}},
{"type":"Feature","properties":{"Layer":"SH parqueos ESPOL"},"geometry":{"type":"MultiPolygon","coordinates":[[[[616842.0095296,9762265.4946957,0.0],[616844.4367987,9762264.8960599,0.0],[616843.2395272,9762260.0415218,0.0],[616840.8122581,9762260.6401575,0.0],[616842.0095296,9762265.4946957,0.0]]]]}},
{"type":"Feature","properties":{"Layer":"SH parqueos ESPOL"},"geometry":{"type":"MultiPolygon","coordinates":[[[[616806.1730714,9762260.715052,0.0],[616808.6030067,9762260.1273325,0.0],[616807.4275676,9762255.2674618,0.0],[616804.9976322,9762255.8551814,0.0],[616806.1730714,9762260.715052,0.0]]]]}},
{"type":"Feature","properties":{"Layer":"SH parqueos ESPOL"},"geometry":{"type":"MultiPolygon","coordinates":[[[[616808.5058093,9762260.1508412,0.0],[616810.9357446,9762259.5631217,0.0],[616809.7603055,9762254.703251,0.0],[616807.3303701,9762255.2909706,0.0],[616808.5058093,9762260.1508412,0.0]]]]}},
{"type":"Feature","properties":{"Layer":"SH parqueos ESPOL"},"geometry":{"type":"MultiPolygon","coordinates":[[[[616810.8385472,9762259.5866305,0.0],[616813.2684825,9762258.9989109,0.0],[616812.0930434,9762254.1390402,0.0],[616809.663108,9762254.7267598,0.0],[616810.8385472,9762259.5866305,0.0]]]]}},
{"type":"Feature","properties":{"Layer":"SH parqueos ESPOL"},"geometry":{"type":"MultiPolygon","coordinates":[[[[616813.1712851,9762259.0224197,0.0],[616815.6012204,9762258.4347001,0.0],[616814.4257813,9762253.5748294,0.0],[616811.995846,9762254.162549,0.0],[616813.1712851,9762259.0224197,0.0]]]]}},
{"type":"Feature","properties":{"Layer":"SH parqueos ESPOL"},"geometry":{"type":"MultiPolygon","coordinates":[[[[616815.504023,9762258.4582089,0.0],[616817.9339583,9762257.8704893,0.0],[616816.7585192,9762253.0106187,0.0],[616814.3285839,9762253.5983382,0.0],[616815.504023,9762258.4582089,0.0]]]]}},
{"type":"Feature","properties":{"Layer":"SH parqueos ESPOL"},"geometry":{"type":"MultiPolygon","coordinates":[[[[616817.8367609,9762257.8939981,0.0],[616820.2666962,9762257.3062785,0.0],[616819.0912571,9762252.4464079,0.0],[616816.6613218,9762253.0341274,0.0],[616817.8367609,9762257.8939981,0.0]]]]}},
{"type":"Feature","properties":{"Layer":"SH parqueos ESPOL"},"geometry":{"type":"MultiPolygon","coordinates":[[[[616820.1694988,9762257.3297873,0.0],[616822.5994342,9762256.7420677,0.0],[616821.423995,9762251.8821971,0.0],[616818.9940597,9762252.4699166,0.0],[616820.1694988,9762257.3297873,0.0]]]]}},
{"type":"Feature","properties":{"Layer":"SH parqueos ESPOL"},"geometry":{"type":"MultiPolygon","coordinates":[[[[616822.5022367,9762256.7655765,0.0],[616824.9321721,9762256.177857,0.0],[616823.7567329,9762251.3179863,0.0],[616821.3267976,9762251.9057059,0.0],[616822.5022367,9762256.7655765,0.0]]]]}},
{"type":"Feature","properties":{"Layer":"SH parqueos ESPOL"},"geometry":{"type":"MultiPolygon","coordinates":[[[[616824.8349746,9762256.2013657,0.0],[616827.26491,9762255.6136462,0.0],[616826.0894708,9762250.7537755,0.0],[616823.6595355,9762251.3414951,0.0],[616824.8349746,9762256.2013657,0.0]]]]}},
{"type":"Feature","properties":{"Layer":"SH parqueos ESPOL"},"geometry":{"type":"MultiPolygon","coordinates":[[[[616827.1677126,9762255.637155,0.0],[616829.5976479,9762255.0494354,0.0],[616828.4222087,9762250.1895647,0.0],[616825.9922734,9762250.7772843,0.0],[616827.1677126,9762255.637155,0.0]]]]}},
{"type":"Feature","properties":{"Layer":"SH parqueos ESPOL"},"geometry":{"type":"MultiPolygon","coordinates":[[[[616829.5004505,9762255.0729442,0.0],[616831.9303858,9762254.4852246,0.0],[616830.7549467,9762249.6253539,0.0],[616828.3250113,9762250.2130735,0.0],[616829.5004505,9762255.0729442,0.0]]]]}},
{"type":"Feature","properties":{"Layer":"SH parqueos ESPOL"},"geometry":{"type":"MultiPolygon","coordinates":[[[[616831.8331884,9762254.5087334,0.0],[616834.2631237,9762253.9210138,0.0],[616833.0876846,9762249.0611432,0.0],[616830.6577492,9762249.6488627,0.0],[616831.8331884,9762254.5087334,0.0]]]]}},
{"type":"Feature","properties":{"Layer":"SH parqueos ESPOL"},"geometry":{"type":"MultiPolygon","coordinates":[[[[616843.9379017,9762350.5845623,0.0],[616845.3094628,9762348.49439,0.0],[616841.1291181,9762345.7512679,0.0],[616839.7575571,9762347.8414403,0.0],[616843.9379017,9762350.5845623,0.0]]]]}},
{"type":"Feature","properties":{"Layer":"SH parqueos ESPOL"},"geometry":{"type":"MultiPolygon","coordinates":[[[[616845.2546003,9762348.5779969,0.0],[616846.6261614,9762346.4878246,0.0],[616842.4458167,9762343.7447025,0.0],[616841.0742557,9762345.8348748,0.0],[616845.2546003,9762348.5779969,0.0]]]]}},
{"type":"Feature","properties":{"Layer":"SH parqueos ESPOL"},"geometry":{"type":"MultiPolygon","coordinates":[[[[616846.5712989,9762346.5714315,0.0],[616847.9428599,9762344.4812592,0.0],[616843.7625153,9762341.7381371,0.0],[616842.3909543,9762343.8283094,0.0],[616846.5712989,9762346.5714315,0.0]]]]}},
{"type":"Feature","properties":{"Layer":"SH parqueos ESPOL"},"geometry":{"type":"MultiPolygon","coordinates":[[[[616847.8879975,9762344.5648661,0.0],[616849.2595585,9762342.4746937,0.0],[616845.0792139,9762339.7315717,0.0],[616843.7076528,9762341.821744,0.0],[616847.8879975,9762344.5648661,0.0]]]]}},
{"type":"Feature","properties":{"Layer":"SH parqueos ESPOL"},"geometry":{"type":"MultiPolygon","coordinates":[[[[616849.2046961,9762342.5583006,0.0],[616850.5762571,9762340.4681283,0.0],[616846.3959125,9762337.7250062,0.0],[616845.0243514,9762339.8151786,0.0],[616849.2046961,9762342.5583006,0.0]]]]}},
{"type":"Feature","properties":{"Layer":"SH parqueos ESPOL"},"geometry":{"type":"MultiPolygon","coordinates":[[[[616850.5213947,9762340.5517352,0.0],[616851.8929557,9762338.4615629,0.0],[616847.712611,9762335.7184408,0.0],[616846.34105,9762337.8086131,0.0],[616850.5213947,9762340.5517352,0.0]]]]}},
{"type":"Feature","properties":{"Layer":"SH parqueos ESPOL"},"geometry":{"type":"MultiPolygon","coordinates":[[[[616851.8380932,9762338.5451698,0.0],[616853.2096543,9762336.4549975,0.0],[616849.0293096,9762333.7118754,0.0],[616847.6577486,9762335.8020477,0.0],[616851.8380932,9762338.5451698,0.0]]]]}},
{"type":"Feature","properties":{"Layer":"SH parqueos ESPOL"},"geometry":{"type":"MultiPolygon","coordinates":[[[[616853.1547918,9762336.5386044,0.0],[616854.5263529,9762334.448432,0.0],[616850.3460082,9762331.70531,0.0],[616848.9744472,9762333.7954823,0.0],[616853.1547918,9762336.5386044,0.0]]]]}},
{"type":"Feature","properties":{"Layer":"SH parqueos ESPOL"},"geometry":{"type":"MultiPolygon","coordinates":[[[[616854.4714904,9762334.5320389,0.0],[616855.8430514,9762332.4418666,0.0],[616851.6627068,9762329.6987445,0.0],[616850.2911458,9762331.7889169,0.0],[616854.4714904,9762334.5320389,0.0]]]]}},
{"type":"Feature","properties":{"Layer":"SH parqueos ESPOL"},"geometry":{"type":"MultiPolygon","coordinates":[[[[616855.788189,9762332.5254735,0.0],[616857.15975,9762330.4353012,0.0],[616852.9794054,9762327.6921791,0.0],[616851.6078443,9762329.7823514,0.0],[616855.788189,9762332.5254735,0.0]]]]}},
{"type":"Feature","properties":{"Layer":"SH parqueos ESPOL"},"geometry":{"type":"MultiPolygon","coordinates":[[[[616857.1048876,9762330.5189081,0.0],[616858.4764486,9762328.4287358,0.0],[616854.296104,9762325.6856137,0.0],[616852.9245429,9762327.775786,0.0],[616857.1048876,9762330.5189081,0.0]]]]}},
{"type":"Feature","properties":{"Layer":"SH parqueos ESPOL"},"geometry":{"type":"MultiPolygon","coordinates":[[[[616858.4215862,9762328.5123427,0.0],[616859.7931472,9762326.4221703,0.0],[616855.6128025,9762323.6790483,0.0],[616854.2412415,9762325.7692206,0.0],[616858.4215862,9762328.5123427,0.0]]]]}},
{"type":"Feature","properties":{"Layer":"SH parqueos ESPOL"},"geometry":{"type":"MultiPolygon","coordinates":[[[[616859.7382847,9762326.5057772,0.0],[616861.1098458,9762324.4156049,0.0],[616856.9295011,9762321.6724829,0.0],[616855.5579401,9762323.7626552,0.0],[616859.7382847,9762326.5057772,0.0]]]]}},
{"type":"Feature","properties":{"Layer":"SH parqueos ESPOL"},"geometry":{"type":"MultiPolygon","coordinates":[[[[616861.0549833,9762324.4992118,0.0],[616862.4265444,9762322.4090395,0.0],[616858.2461997,9762319.6659174,0.0],[616856.8746387,9762321.7560897,0.0],[616861.0549833,9762324.4992118,0.0]]]]}},
{"type":"Feature","properties":{"Layer":"SH parqueos ESPOL"},"geometry":{"type":"MultiPolygon","coordinates":[[[[616862.3716819,9762322.4926464,0.0],[616863.7432429,9762320.4024741,0.0],[616859.5628983,9762317.659352,0.0],[616858.1913373,9762319.7495243,0.0],[616862.3716819,9762322.4926464,0.0]]]]}},
{"type":"Feature","properties":{"Layer":"SH parqueos ESPOL"},"geometry":{"type":"MultiPolygon","coordinates":[[[[616863.6883805,9762320.486081,0.0],[616865.0599415,9762318.3959086,0.0],[616860.8795969,9762315.6527866,0.0],[616859.5080358,9762317.7429589,0.0],[616863.6883805,9762320.486081,0.0]]]]}},
{"type":"Feature","properties":{"Layer":"SH parqueos ESPOL"},"geometry":{"type":"MultiPolygon","coordinates":[[[[616865.0050791,9762318.4795155,0.0],[616866.3766401,9762316.3893432,0.0],[616862.1962955,9762313.6462212,0.0],[616860.8247344,9762315.7363935,0.0],[616865.0050791,9762318.4795155,0.0]]]]}},
{"type":"Feature","properties":{"Layer":"SH parqueos ESPOL"},"geometry":{"type":"MultiPolygon","coordinates":[[[[616866.3217777,9762316.4729501,0.0],[616867.6933387,9762314.3827778,0.0],[616863.512994,9762311.6396557,0.0],[616862.141433,9762313.729828,0.0],[616866.3217777,9762316.4729501,0.0]]]]}},
{"type":"Feature","properties":{"Layer":"SH parqueos ESPOL"},"geometry":{"type":"MultiPolygon","coordinates":[[[[616857.9458892,9762350.9783935,0.0],[616859.3174503,9762348.8882212,0.0],[616855.1371056,9762346.1450991,0.0],[616853.7655446,9762348.2352714,0.0],[616857.9458892,9762350.9783935,0.0]]]]}},
{"type":"Feature","properties":{"Layer":"SH parqueos ESPOL"},"geometry":{"type":"MultiPolygon","coordinates":[[[[616859.2625878,9762348.9718281,0.0],[616860.6341489,9762346.8816558,0.0],[616856.4538042,9762344.1385337,0.0],[616855.0822432,9762346.228706,0.0],[616859.2625878,9762348.9718281,0.0]]]]}},
{"type":"Feature","properties":{"Layer":"SH parqueos ESPOL"},"geometry":{"type":"MultiPolygon","coordinates":[[[[616860.5792864,9762346.9652626,0.0],[616861.9508475,9762344.8750903,0.0],[616857.7705028,9762342.1319683,0.0],[616856.3989418,9762344.2221406,0.0],[616860.5792864,9762346.9652626,0.0]]]]}},
{"type":"Feature","properties":{"Layer":"SH parqueos ESPOL"},"geometry":{"type":"MultiPolygon","coordinates":[[[[616861.895985,9762344.9586972,0.0],[616863.267546,9762342.8685249,0.0],[616859.0872014,9762340.1254028,0.0],[616857.7156404,9762342.2155751,0.0],[616861.895985,9762344.9586972,0.0]]]]}},
{"type":"Feature","properties":{"Layer":"SH parqueos ESPOL"},"geometry":{"type":"MultiPolygon","coordinates":[[[[616863.2126836,9762342.9521318,0.0],[616864.5842446,9762340.8619595,0.0],[616860.4039,9762338.1188374,0.0],[616859.032339,9762340.2090097,0.0],[616863.2126836,9762342.9521318,0.0]]]]}},
{"type":"Feature","properties":{"Layer":"SH parqueos ESPOL"},"geometry":{"type":"MultiPolygon","coordinates":[[[[616864.5293822,9762340.9455663,0.0],[616865.9009432,9762338.855394,0.0],[616861.7205986,9762336.112272,0.0],[616860.3490375,9762338.2024443,0.0],[616864.5293822,9762340.9455663,0.0]]]]}},
{"type":"Feature","properties":{"Layer":"SH parqueos ESPOL"},"geometry":{"type":"MultiPolygon","coordinates":[[[[616865.8460808,9762338.9390009,0.0],[616867.2176418,9762336.8488286,0.0],[616863.0372972,9762334.1057065,0.0],[616861.6657361,9762336.1958788,0.0],[616865.8460808,9762338.9390009,0.0]]]]}},
{"type":"Feature","properties":{"Layer":"SH parqueos ESPOL"},"geometry":{"type":"MultiPolygon","coordinates":[[[[616867.1627794,9762336.9324355,0.0],[616868.5343404,9762334.8422632,0.0],[616864.3539958,9762332.0991411,0.0],[616862.9824347,9762334.1893134,0.0],[616867.1627794,9762336.9324355,0.0]]]]}},
{"type":"Feature","properties":{"Layer":"SH parqueos ESPOL"},"geometry":{"type":"MultiPolygon","coordinates":[[[[616868.479478,9762334.92587,0.0],[616869.851039,9762332.8356977,0.0],[616865.6706943,9762330.0925757,0.0],[616864.2991333,9762332.182748,0.0],[616868.479478,9762334.92587,0.0]]]]}},
{"type":"Feature","properties":{"Layer":"SH parqueos ESPOL"},"geometry":{"type":"MultiPolygon","coordinates":[[[[616869.7961766,9762332.9193046,0.0],[616871.1677376,9762330.8291323,0.0],[616866.9873929,9762328.0860102,0.0],[616865.6158319,9762330.1761825,0.0],[616869.7961766,9762332.9193046,0.0]]]]}},
{"type":"Feature","properties":{"Layer":"SH parqueos ESPOL"},"geometry":{"type":"MultiPolygon","coordinates":[[[[616871.1128751,9762330.9127392,0.0],[616872.4844362,9762328.8225669,0.0],[616868.3040915,9762326.0794448,0.0],[616866.9325305,9762328.1696171,0.0],[616871.1128751,9762330.9127392,0.0]]]]}},
{"type":"Feature","properties":{"Layer":"SH parqueos ESPOL"},"geometry":{"type":"MultiPolygon","coordinates":[[[[616872.4295737,9762328.9061737,0.0],[616873.8011348,9762326.8160014,0.0],[616869.6207901,9762324.0728794,0.0],[616868.2492291,9762326.1630517,0.0],[616872.4295737,9762328.9061737,0.0]]]]}},
{"type":"Feature","properties":{"Layer":"SH parqueos ESPOL"},"geometry":{"type":"MultiPolygon","coordinates":[[[[616773.5722577,9762304.8752894,0.0],[616776.0722577,9762304.8752894,0.0],[616776.0722576,9762299.8752894,0.0],[616773.5722577,9762299.8752894,0.0],[616773.5722577,9762304.8752894,0.0]]]]}},
{"type":"Feature","properties":{"Layer":"SH parqueos ESPOL"},"geometry":{"type":"MultiPolygon","coordinates":[[[[616771.1722577,9762304.8752894,0.0],[616773.6722577,9762304.8752894,0.0],[616773.6722576,9762299.8752894,0.0],[616771.1722576,9762299.8752894,0.0],[616771.1722577,9762304.8752894,0.0]]]]}},
{"type":"Feature","properties":{"Layer":"SH parqueos ESPOL"},"geometry":{"type":"MultiPolygon","coordinates":[[[[616768.7722576,9762304.8752894,0.0],[616771.2722577,9762304.8752894,0.0],[616771.2722576,9762299.8752894,0.0],[616768.7722576,9762299.8752894,0.0],[616768.7722576,9762304.8752894,0.0]]]]}},
{"type":"Feature","properties":{"Layer":"SH parqueos ESPOL"},"geometry":{"type":"MultiPolygon","coordinates":[[[[616766.3722576,9762304.8752894,0.0],[616768.8722576,9762304.8752894,0.0],[616768.8722576,9762299.8752894,0.0],[616766.3722576,9762299.8752894,0.0],[616766.3722576,9762304.8752894,0.0]]]]}},
{"type":"Feature","properties":{"Layer":"SH parqueos ESPOL"},"geometry":{"type":"MultiPolygon","coordinates":[[[[616763.9722576,9762304.8752894,0.0],[616766.4722576,9762304.8752894,0.0],[616766.4722576,9762299.8752894,0.0],[616763.9722576,9762299.8752894,0.0],[616763.9722576,9762304.8752894,0.0]]]]}},
{"type":"Feature","properties":{"Layer":"SH parqueos ESPOL"},"geometry":{"type":"MultiPolygon","coordinates":[[[[616761.5722576,9762304.8752894,0.0],[616764.0722576,9762304.8752894,0.0],[616764.0722576,9762299.8752894,0.0],[616761.5722576,9762299.8752894,0.0],[616761.5722576,9762304.8752894,0.0]]]]}},
{"type":"Feature","properties":{"Layer":"SH parqueos ESPOL"},"geometry":{"type":"MultiPolygon","coordinates":[[[[616759.1722576,9762304.8752894,0.0],[616761.6722576,9762304.8752894,0.0],[616761.6722576,9762299.8752894,0.0],[616759.1722576,9762299.8752894,0.0],[616759.1722576,9762304.8752894,0.0]]]]}},
{"type":"Feature","properties":{"Layer":"SH parqueos ESPOL"},"geometry":{"type":"MultiPolygon","coordinates":[[[[616756.7722576,9762304.8752894,0.0],[616759.2722576,9762304.8752894,0.0],[616759.2722576,9762299.8752894,0.0],[616756.7722576,9762299.8752894,0.0],[616756.7722576,9762304.8752894,0.0]]]]}},
{"type":"Feature","properties":{"Layer":"SH parqueos ESPOL"},"geometry":{"type":"MultiPolygon","coordinates":[[[[616754.3722576,9762304.8752894,0.0],[616756.8722576,9762304.8752894,0.0],[616756.8722576,9762299.8752894,0.0],[616754.3722576,9762299.8752894,0.0],[616754.3722576,9762304.8752894,0.0]]]]}},
{"type":"Feature","properties":{"Layer":"SH parqueos ESPOL"},"geometry":{"type":"MultiPolygon","coordinates":[[[[616751.9722576,9762304.8752894,0.0],[616754.4722576,9762304.8752894,0.0],[616754.4722576,9762299.8752894,0.0],[616751.9722576,9762299.8752894,0.0],[616751.9722576,9762304.8752894,0.0]]]]}},
{"type":"Feature","properties":{"Layer":"SH parqueos ESPOL"},"geometry":{"type":"MultiPolygon","coordinates":[[[[616749.5722576,9762304.8752894,0.0],[616752.0722576,9762304.8752894,0.0],[616752.0722576,9762299.8752894,0.0],[616749.5722576,9762299.8752894,0.0],[616749.5722576,9762304.8752894,0.0]]]]}},
{"type":"Feature","properties":{"Layer":"SH parqueos ESPOL"},"geometry":{"type":"MultiPolygon","coordinates":[[[[616735.3105421,9762295.5131695,0.0],[616735.3105421,9762298.0131695,0.0],[616740.3105421,9762298.0131695,0.0],[616740.3105421,9762295.5131695,0.0],[616735.3105421,9762295.5131695,0.0]]]]}},
{"type":"Feature","properties":{"Layer":"SH parqueos ESPOL"},"geometry":{"type":"MultiPolygon","coordinates":[[[[616735.0519268,9762293.1131695,0.0],[616735.0519268,9762295.6131695,0.0],[616740.0519268,9762295.6131695,0.0],[616740.0519268,9762293.1131695,0.0],[616735.0519268,9762293.1131695,0.0]]]]}},
{"type":"Feature","properties":{"Layer":"SH parqueos ESPOL"},"geometry":{"type":"MultiPolygon","coordinates":[[[[616734.7933114,9762290.7131695,0.0],[616734.7933114,9762293.2131695,0.0],[616739.7933114,9762293.2131695,0.0],[616739.7933114,9762290.7131695,0.0],[616734.7933114,9762290.7131695,0.0]]]]}},
{"type":"Feature","properties":{"Layer":"SH parqueos ESPOL"},"geometry":{"type":"MultiPolygon","coordinates":[[[[616734.534696,9762288.3131695,0.0],[616734.534696,9762290.8131695,0.0],[616739.534696,9762290.8131695,0.0],[616739.534696,9762288.3131695,0.0],[616734.534696,9762288.3131695,0.0]]]]}},
{"type":"Feature","properties":{"Layer":"SH parqueos ESPOL"},"geometry":{"type":"MultiPolygon","coordinates":[[[[616734.2760807,9762285.9131695,0.0],[616734.2760807,9762288.4131696,0.0],[616739.2760807,9762288.4131696,0.0],[616739.2760807,9762285.9131696,0.0],[616734.2760807,9762285.9131695,0.0]]]]}},
{"type":"Feature","properties":{"Layer":"SH parqueos ESPOL"},"geometry":{"type":"MultiPolygon","coordinates":[[[[616734.0174653,9762283.5131696,0.0],[616734.0174653,9762286.0131696,0.0],[616739.0174653,9762286.0131696,0.0],[616739.0174653,9762283.5131696,0.0],[616734.0174653,9762283.5131696,0.0]]]]}},
{"type":"Feature","properties":{"Layer":"SH parqueos ESPOL"},"geometry":{"type":"MultiPolygon","coordinates":[[[[616733.75885,9762281.1131696,0.0],[616733.75885,9762283.6131696,0.0],[616738.75885,9762283.6131696,0.0],[616738.75885,9762281.1131696,0.0],[616733.75885,9762281.1131696,0.0]]]]}},
{"type":"Feature","properties":{"Layer":"SH parqueos ESPOL"},"geometry":{"type":"MultiPolygon","coordinates":[[[[616733.5002346,9762278.7131696,0.0],[616733.5002346,9762281.2131696,0.0],[616738.5002346,9762281.2131696,0.0],[616738.5002346,9762278.7131696,0.0],[616733.5002346,9762278.7131696,0.0]]]]}},
{"type":"Feature","properties":{"Layer":"SH parqueos ESPOL"},"geometry":{"type":"MultiPolygon","coordinates":[[[[616740.3071272,9762271.6259267,0.0],[616742.6506035,9762272.4966271,0.0],[616744.3920043,9762267.8096747,0.0],[616742.0485281,9762266.9389743,0.0],[616740.3071272,9762271.6259267,0.0]]]]}},
{"type":"Feature","properties":{"Layer":"SH parqueos ESPOL"},"geometry":{"type":"MultiPolygon","coordinates":[[[[616742.5568644,9762272.4617991,0.0],[616744.9003406,9762273.3324995,0.0],[616746.6417414,9762268.6455471,0.0],[616744.2982652,9762267.7748467,0.0],[616742.5568644,9762272.4617991,0.0]]]]}},
{"type":"Feature","properties":{"Layer":"SH parqueos ESPOL"},"geometry":{"type":"MultiPolygon","coordinates":[[[[616744.8066016,9762273.2976715,0.0],[616747.1500778,9762274.1683719,0.0],[616748.8914786,9762269.4814195,0.0],[616746.5480024,9762268.6107191,0.0],[616744.8066016,9762273.2976715,0.0]]]]}},
{"type":"Feature","properties":{"Layer":"SH parqueos ESPOL"},"geometry":{"type":"MultiPolygon","coordinates":[[[[616747.0563387,9762274.1335439,0.0],[616749.399815,9762275.0042443,0.0],[616751.1412158,9762270.3172919,0.0],[616748.7977396,9762269.4465914,0.0],[616747.0563387,9762274.1335439,0.0]]]]}},
{"type":"Feature","properties":{"Layer":"SH parqueos ESPOL"},"geometry":{"type":"MultiPolygon","coordinates":[[[[616749.3060759,9762274.9694163,0.0],[616751.6495521,9762275.8401167,0.0],[616753.3909529,9762271.1531642,0.0],[616751.0474767,9762270.2824638,0.0],[616749.3060759,9762274.9694163,0.0]]]]}},
{"type":"Feature","properties":{"Layer":"SH parqueos ESPOL"},"geometry":{"type":"MultiPolygon","coordinates":[[[[616751.5558131,9762275.8052887,0.0],[616753.8992893,9762276.6759891,0.0],[616755.6406901,9762271.9890366,0.0],[616753.2972139,9762271.1183362,0.0],[616751.5558131,9762275.8052887,0.0]]]]}},
{"type":"Feature","properties":{"Layer":"SH parqueos ESPOL"},"geometry":{"type":"MultiPolygon","coordinates":[[[[616753.8055502,9762276.6411611,0.0],[616756.1490265,9762277.5118615,0.0],[616757.8904273,9762272.824909,0.0],[616755.5469511,9762271.9542086,0.0],[616753.8055502,9762276.6411611,0.0]]]]}},
{"type":"Feature","properties":{"Layer":"SH parqueos ESPOL"},"geometry":{"type":"MultiPolygon","coordinates":[[[[616756.0552874,9762277.4770334,0.0],[616758.3987636,9762278.3477338,0.0],[616760.1401645,9762273.6607814,0.0],[616757.7966882,9762272.790081,0.0],[616756.0552874,9762277.4770334,0.0]]]]}},
{"type":"Feature","properties":{"Layer":"SH parqueos ESPOL"},"geometry":{"type":"MultiPolygon","coordinates":[[[[616758.3050246,9762278.3129058,0.0],[616760.6485008,9762279.1836062,0.0],[616762.3899016,9762274.4966538,0.0],[616760.0464254,9762273.6259534,0.0],[616758.3050246,9762278.3129058,0.0]]]]}},
{"type":"Feature","properties":{"Layer":"SH parqueos ESPOL"},"geometry":{"type":"MultiPolygon","coordinates":[[[[616760.5547618,9762279.1487782,0.0],[616762.898238,9762280.0194786,0.0],[616764.6396388,9762275.3325262,0.0],[616762.2961626,9762274.4618258,0.0],[616760.5547618,9762279.1487782,0.0]]]]}},
{"type":"Feature","properties":{"Layer":"SH parqueos ESPOL"},"geometry":{"type":"MultiPolygon","coordinates":[[[[616529.5097669,9762566.4691559,0.0],[616530.0863736,9762568.9017522,0.0],[616534.9515662,9762567.7485388,0.0],[616534.3749595,9762565.3159425,0.0],[616529.5097669,9762566.4691559,0.0]]]]}},
{"type":"Feature","properties":{"Layer":"SH parqueos ESPOL"},"geometry":{"type":"MultiPolygon","coordinates":[[[[616527.2815629,9762564.5308143,0.0],[616527.8581696,9762566.9634106,0.0],[616532.7233622,9762565.8101972,0.0],[616532.1467555,9762563.3776009,0.0],[616527.2815629,9762564.5308143,0.0]]]]}},
{"type":"Feature","properties":{"Layer":"SH parqueos ESPOL"},"geometry":{"type":"MultiPolygon","coordinates":[[[[616525.0724458,9762562.3824068,0.0],[616525.6490525,9762564.8150031,0.0],[616530.5142451,9762563.6617896,0.0],[616529.9376384,9762561.2291934,0.0],[616525.0724458,9762562.3824068,0.0]]]]}},
{"type":"Feature","properties":{"Layer":"SH parqueos ESPOL"},"geometry":{"type":"MultiPolygon","coordinates":[[[[616522.9094572,9762560.4286069,0.0],[616523.4860639,9762562.8612032,0.0],[616528.3512565,9762561.7079898,0.0],[616527.7746498,9762559.2753935,0.0],[616522.9094572,9762560.4286069,0.0]]]]}},
{"type":"Feature","properties":{"Layer":"SH parqueos ESPOL"},"geometry":{"type":"MultiPolygon","coordinates":[[[[616520.7003401,9762558.2801994,0.0],[616521.2769469,9762560.7127957,0.0],[616526.1421394,9762559.5595822,0.0],[616525.5655327,9762557.126986,0.0],[616520.7003401,9762558.2801994,0.0]]]]}},
{"type":"Feature","properties":{"Layer":"SH parqueos ESPOL"},"geometry":{"type":"MultiPolygon","coordinates":[[[[616518.5373516,9762556.3263995,0.0],[616519.1139583,9762558.7589958,0.0],[616523.9791509,9762557.6057824,0.0],[616523.4025442,9762555.1731861,0.0],[616518.5373516,9762556.3263995,0.0]]]]}},
{"type":"Feature","properties":{"Layer":"SH parqueos ESPOL"},"geometry":{"type":"MultiPolygon","coordinates":[[[[616516.1092401,9762554.229901,0.0],[616516.6858468,9762556.6624973,0.0],[616521.5510394,9762555.5092838,0.0],[616520.9744327,9762553.0766875,0.0],[616516.1092401,9762554.229901,0.0]]]]}},
{"type":"Feature","properties":{"Layer":"SH parqueos ESPOL"},"geometry":{"type":"MultiPolygon","coordinates":[[[[616542.4155173,9762560.2543258,0.0],[616544.2001243,9762562.0050908,0.0],[616547.7016542,9762558.4358769,0.0],[616545.9170473,9762556.6851119,0.0],[616542.4155173,9762560.2543258,0.0]]]]}},
{"type":"Feature","properties":{"Layer":"SH parqueos ESPOL"},"geometry":{"type":"MultiPolygon","coordinates":[[[[616540.7022963,9762558.5735931,0.0],[616542.4869033,9762560.324358,0.0],[616545.9884332,9762556.7551441,0.0],[616544.2038263,9762555.0043791,0.0],[616540.7022963,9762558.5735931,0.0]]]]}},
{"type":"Feature","properties":{"Layer":"SH parqueos ESPOL"},"geometry":{"type":"MultiPolygon","coordinates":[[[[616538.9890736,9762556.8928587,0.0],[616540.7736806,9762558.6436237,0.0],[616544.2752105,9762555.0744098,0.0],[616542.4906036,9762553.3236448,0.0],[616538.9890736,9762556.8928587,0.0]]]]}},
{"type":"Feature","properties":{"Layer":"SH parqueos ESPOL"},"geometry":{"type":"MultiPolygon","coordinates":[[[[616537.275851,9762555.2121243,0.0],[616539.0604579,9762556.9628893,0.0],[616542.5619879,9762553.3936754,0.0],[616540.7773809,9762551.6429104,0.0],[616537.275851,9762555.2121243,0.0]]]]}},
{"type":"Feature","properties":{"Layer":"SH parqueos ESPOL"},"geometry":{"type":"MultiPolygon","coordinates":[[[[616535.5626283,9762553.5313899,0.0],[616537.3472352,9762555.2821549,0.0],[616540.8487652,9762551.712941,0.0],[616539.0641582,9762549.962176,0.0],[616535.5626283,9762553.5313899,0.0]]]]}},
{"type":"Feature","properties":{"Layer":"SH parqueos ESPOL"},"geometry":{"type":"MultiPolygon","coordinates":[[[[616533.8494056,9762551.8506555,0.0],[616535.6340125,9762553.6014205,0.0],[616539.1355425,9762550.0322066,0.0],[616537.3509356,9762548.2814416,0.0],[616533.8494056,9762551.8506555,0.0]]]]}},
{"type":"Feature","properties":{"Layer":"SH parqueos ESPOL"},"geometry":{"type":"MultiPolygon","coordinates":[[[[616532.1361829,9762550.1699211,0.0],[616533.9207899,9762551.9206861,0.0],[616537.4223198,9762548.3514722,0.0],[616535.6377129,9762546.6007072,0.0],[616532.1361829,9762550.1699211,0.0]]]]}},
{"type":"Feature","properties":{"Layer":"SH parqueos ESPOL"},"geometry":{"type":"MultiPolygon","coordinates":[[[[616529.0275403,9762569.9735167,0.0],[616528.3577672,9762572.3821271,0.0],[616533.174988,9762573.7216732,0.0],[616533.8447611,9762571.3130629,0.0],[616529.0275403,9762569.9735167,0.0]]]]}},
{"type":"Feature","properties":{"Layer":"SH parqueos ESPOL"},"geometry":{"type":"MultiPolygon","coordinates":[[[[616527.2498646,9762571.9702533,0.0],[616526.5800916,9762574.3788637,0.0],[616531.3973123,9762575.7184099,0.0],[616532.0670854,9762573.3097995,0.0],[616527.2498646,9762571.9702533,0.0]]]]}},
{"type":"Feature","properties":{"Layer":"SH parqueos ESPOL"},"geometry":{"type":"MultiPolygon","coordinates":[[[[616525.4186071,9762574.1596788,0.0],[616524.748834,9762576.5682892,0.0],[616529.5660548,9762577.9078354,0.0],[616530.2358279,9762575.499225,0.0],[616525.4186071,9762574.1596788,0.0]]]]}},
{"type":"Feature","properties":{"Layer":"SH parqueos ESPOL"},"geometry":{"type":"MultiPolygon","coordinates":[[[[616523.6409314,9762576.1564155,0.0],[616522.9711583,9762578.5650259,0.0],[616527.7883791,9762579.904572,0.0],[616528.4581522,9762577.4959616,0.0],[616523.6409314,9762576.1564155,0.0]]]]}},
{"type":"Feature","properties":{"Layer":"SH parqueos ESPOL"},"geometry":{"type":"MultiPolygon","coordinates":[[[[616521.8096739,9762578.3458409,0.0],[616521.1399008,9762580.7544513,0.0],[616525.9571216,9762582.0939975,0.0],[616526.6268947,9762579.6853871,0.0],[616521.8096739,9762578.3458409,0.0]]]]}},
{"type":"Feature","properties":{"Layer":"SH parqueos ESPOL"},"geometry":{"type":"MultiPolygon","coordinates":[[[[616520.0319982,9762580.3425776,0.0],[616519.3622251,9762582.751188,0.0],[616524.1794459,9762584.0907342,0.0],[616524.849219,9762581.6821238,0.0],[616520.0319982,9762580.3425776,0.0]]]]}},
{"type":"Feature","properties":{"Layer":"SH parqueos ESPOL"},"geometry":{"type":"MultiPolygon","coordinates":[[[[616518.2275316,9762582.4356587,0.0],[616517.5577585,9762584.8442691,0.0],[616522.3749793,9762586.1838152,0.0],[616523.0447523,9762583.7752048,0.0],[616518.2275316,9762582.4356587,0.0]]]]}},
{"type":"Feature","properties":{"Layer":"SH parqueos ESPOL"},"geometry":{"type":"MultiPolygon","coordinates":[[[[616877.8043052,9762749.541699,0.0],[616875.7044682,9762750.8984173,0.0],[616878.4179048,9762755.0980913,0.0],[616880.5177418,9762753.741373,0.0],[616877.8043052,9762749.541699,0.0]]]]}},
{"type":"Feature","properties":{"Layer":"SH parqueos ESPOL"},"geometry":{"type":"MultiPolygon","coordinates":[[[[616879.8201487,9762748.2392494,0.0],[616877.7203117,9762749.5959678,0.0],[616880.4337483,9762753.7956418,0.0],[616882.5335853,9762752.4389235,0.0],[616879.8201487,9762748.2392494,0.0]]]]}},
{"type":"Feature","properties":{"Layer":"SH parqueos ESPOL"},"geometry":{"type":"MultiPolygon","coordinates":[[[[616881.9416581,9762746.926146,0.0],[616879.8164263,9762748.2427288,0.0],[616882.4495919,9762752.4931922,0.0],[616884.5748236,9762751.1766094,0.0],[616881.9416581,9762746.926146,0.0]]]]}},
{"type":"Feature","properties":{"Layer":"SH parqueos ESPOL"},"geometry":{"type":"MultiPolygon","coordinates":[[[[616884.7950684,9762745.6474413,0.0],[616882.5012857,9762746.6417051,0.0],[616884.4898134,9762751.2292707,0.0],[616886.7835962,9762750.2350068,0.0],[616884.7950684,9762745.6474413,0.0]]]]}},
{"type":"Feature","properties":{"Layer":"SH parqueos ESPOL"},"geometry":{"type":"MultiPolygon","coordinates":[[[[616887.0354123,9762744.6951751,0.0],[616884.7348579,9762745.6736686,0.0],[616886.6918449,9762750.2747773,0.0],[616888.9923993,9762749.2962839,0.0],[616887.0354123,9762744.6951751,0.0]]]]}},
{"type":"Feature","properties":{"Layer":"SH parqueos ESPOL"},"geometry":{"type":"MultiPolygon","coordinates":[[[[616889.4629573,9762743.7736647,0.0],[616887.1257157,9762744.6609649,0.0],[616888.9003162,9762749.3354481,0.0],[616891.2375578,9762748.4481478,0.0],[616889.4629573,9762743.7736647,0.0]]]]}},
{"type":"Feature","properties":{"Layer":"SH parqueos ESPOL"},"geometry":{"type":"MultiPolygon","coordinates":[[[[616892.5059925,9762743.0597016,0.0],[616890.0652529,9762743.6008028,0.0],[616891.1474553,9762748.4822819,0.0],[616893.5881948,9762747.9411807,0.0],[616892.5059925,9762743.0597016,0.0]]]]}},
{"type":"Feature","properties":{"Layer":"SH parqueos ESPOL"},"geometry":{"type":"MultiPolygon","coordinates":[[[[616895.4741579,9762742.7364149,0.0],[616892.9868754,9762742.9882598,0.0],[616893.4905653,9762747.9628248,0.0],[616895.9778477,9762747.7109799,0.0],[616895.4741579,9762742.7364149,0.0]]]]}},
{"type":"Feature","properties":{"Layer":"SH parqueos ESPOL"},"geometry":{"type":"MultiPolygon","coordinates":[[[[616898.2016907,9762742.6365559,0.0],[616895.7032247,9762742.7241217,0.0],[616895.8783564,9762747.7210536,0.0],[616898.3768224,9762747.6334878,0.0],[616898.2016907,9762742.6365559,0.0]]]]}},
{"type":"Feature","properties":{"Layer":"SH parqueos ESPOL"},"geometry":{"type":"MultiPolygon","coordinates":[[[[616900.7394689,9762742.619897,0.0],[616898.2395285,9762742.6371687,0.0],[616898.274072,9762747.6370494,0.0],[616900.7740124,9762747.6197777,0.0],[616900.7394689,9762742.619897,0.0]]]]}},
{"type":"Feature","properties":{"Layer":"SH parqueos ESPOL"},"geometry":{"type":"MultiPolygon","coordinates":[[[[616903.8251791,9762742.9969518,0.0],[616901.3489963,9762742.6526858,0.0],[616900.6604643,9762747.6050513,0.0],[616903.1366471,9762747.9493173,0.0],[616903.8251791,9762742.9969518,0.0]]]]}},
{"type":"Feature","properties":{"Layer":"SH parqueos ESPOL"},"geometry":{"type":"MultiPolygon","coordinates":[[[[616906.4871959,9762743.536684,0.0],[616904.0377245,9762743.0365944,0.0],[616903.0375453,9762747.9355373,0.0],[616905.4870167,9762748.4356269,0.0],[616906.4871959,9762743.536684,0.0]]]]}},
{"type":"Feature","properties":{"Layer":"SH parqueos ESPOL"},"geometry":{"type":"MultiPolygon","coordinates":[[[[616909.1660887,9762744.2944721,0.0],[616906.7622181,9762743.607882,0.0],[616905.3890378,9762748.4156233,0.0],[616907.7929085,9762749.1022134,0.0],[616909.1660887,9762744.2944721,0.0]]]]}},
{"type":"Feature","properties":{"Layer":"SH parqueos ESPOL"},"geometry":{"type":"MultiPolygon","coordinates":[[[[616911.745329,9762745.2159777,0.0],[616909.3946997,9762744.3647772,0.0],[616907.6922989,9762749.0660357,0.0],[616910.0429281,9762749.9172361,0.0],[616911.745329,9762745.2159777,0.0]]]]}},
{"type":"Feature","properties":{"Layer":"SH parqueos ESPOL"},"geometry":{"type":"MultiPolygon","coordinates":[[[[616914.2086068,9762746.2630451,0.0],[616911.9086127,9762745.2832355,0.0],[616909.9489934,9762749.8832237,0.0],[616912.2489875,9762750.8630334,0.0],[616914.2086068,9762746.2630451,0.0]]]]}},
{"type":"Feature","properties":{"Layer":"SH parqueos ESPOL"},"geometry":{"type":"MultiPolygon","coordinates":[[[[616916.6050999,9762747.437944,0.0],[616914.3611186,9762746.3358785,0.0],[616912.1569878,9762750.823841,0.0],[616914.400969,9762751.9259064,0.0],[616916.6050999,9762747.437944,0.0]]]]}},
{"type":"Feature","properties":{"Layer":"SH parqueos ESPOL"},"geometry":{"type":"MultiPolygon","coordinates":[[[[616919.1237673,9762749.0376562,0.0],[616917.0235887,9762747.6814667,0.0],[616914.3112097,9762751.8818238,0.0],[616916.4113883,9762753.2380133,0.0],[616919.1237673,9762749.0376562,0.0]]]]}},
{"type":"Feature","properties":{"Layer":"SH parqueos ESPOL"},"geometry":{"type":"MultiPolygon","coordinates":[[[[616921.3623517,9762750.7549654,0.0],[616919.3838375,9762749.2267372,0.0],[616916.3273812,9762753.1837658,0.0],[616918.3058954,9762754.7119939,0.0],[616921.3623517,9762750.7549654,0.0]]]]}},
{"type":"Feature","properties":{"Layer":"SH parqueos ESPOL"},"geometry":{"type":"MultiPolygon","coordinates":[[[[616923.4832419,9762752.7484075,0.0],[616921.6709616,9762751.0263041,0.0],[616918.2267549,9762754.6508648,0.0],[616920.0390352,9762756.3729681,0.0],[616923.4832419,9762752.7484075,0.0]]]]}},
{"type":"Feature","properties":{"Layer":"SH parqueos ESPOL"},"geometry":{"type":"MultiPolygon","coordinates":[[[[616925.4223364,9762755.0857534,0.0],[616923.8438456,9762753.1471025,0.0],[616919.966544,9762756.304084,0.0],[616921.5450347,9762758.2427348,0.0],[616925.4223364,9762755.0857534,0.0]]]]}},
{"type":"Feature","properties":{"Layer":"SH parqueos ESPOL"},"geometry":{"type":"MultiPolygon","coordinates":[[[[616926.945268,9762756.9561683,0.0],[616925.3667773,9762755.0175175,0.0],[616921.4894756,9762758.174499,0.0],[616923.0679664,9762760.1131498,0.0],[616926.945268,9762756.9561683,0.0]]]]}},
{"type":"Feature","properties":{"Layer":"SH parqueos ESPOL"},"geometry":{"type":"MultiPolygon","coordinates":[[[[616928.5361119,9762759.1854446,0.0],[616927.0875832,9762757.1478566,0.0],[616923.0124073,9762760.0449139,0.0],[616924.4609359,9762762.0825019,0.0],[616928.5361119,9762759.1854446,0.0]]]]}},
{"type":"Feature","properties":{"Layer":"SH parqueos ESPOL"},"geometry":{"type":"MultiPolygon","coordinates":[[[[616929.9652226,9762761.4410562,0.0],[616928.62872,9762759.3282948,0.0],[616924.4031972,9762762.0013001,0.0],[616925.7396999,9762764.1140614,0.0],[616929.9652226,9762761.4410562,0.0]]]]}},
{"type":"Feature","properties":{"Layer":"SH parqueos ESPOL"},"geometry":{"type":"MultiPolygon","coordinates":[[[[616931.270981,9762764.2758545,0.0],[616930.2525542,9762761.9926973,0.0],[616925.6862398,9762764.029551,0.0],[616926.7046666,9762766.3127082,0.0],[616931.270981,9762764.2758545,0.0]]]]}},
{"type":"Feature","properties":{"Layer":"SH parqueos ESPOL"},"geometry":{"type":"MultiPolygon","coordinates":[[[[616932.1745827,9762767.1609036,0.0],[616931.4482608,9762764.768738,0.0],[616926.6639295,9762766.2213819,0.0],[616927.3902515,9762768.6135475,0.0],[616932.1745827,9762767.1609036,0.0]]]]}},
{"type":"Feature","properties":{"Layer":"SH parqueos ESPOL"},"geometry":{"type":"MultiPolygon","coordinates":[[[[616932.8346679,9762769.6541414,0.0],[616932.1944863,9762767.2374975,0.0],[616927.3611986,9762768.5178609,0.0],[616928.0013803,9762770.9345047,0.0],[616932.8346679,9762769.6541414,0.0]]]]}},
{"type":"Feature","properties":{"Layer":"SH parqueos ESPOL"},"geometry":{"type":"MultiPolygon","coordinates":[[[[616933.3649502,9762772.3233589,0.0],[616932.8813227,9762769.870584,0.0],[616927.975773,9762770.837839,0.0],[616928.4594005,9762773.2906138,0.0],[616933.3649502,9762772.3233589,0.0]]]]}},
{"type":"Feature","properties":{"Layer":"SH parqueos ESPOL"},"geometry":{"type":"MultiPolygon","coordinates":[[[[616933.7264256,9762775.0102733,0.0],[616933.3962598,9762772.5321711,0.0],[616928.4400554,9762773.1925028,0.0],[616928.7702213,9762775.670605,0.0],[616933.7264256,9762775.0102733,0.0]]]]}},
{"type":"Feature","properties":{"Layer":"SH parqueos ESPOL"},"geometry":{"type":"MultiPolygon","coordinates":[[[[616933.7646574,9762778.0552439,0.0],[616933.756509,9762775.5552572,0.0],[616928.7565355,9762775.571554,0.0],[616928.764684,9762778.0715407,0.0],[616933.7646574,9762778.0552439,0.0]]]]}},
{"type":"Feature","properties":{"Layer":"SH parqueos ESPOL"},"geometry":{"type":"MultiPolygon","coordinates":[[[[616933.6040054,9762780.7815933,0.0],[616933.7552405,9762778.2861719,0.0],[616928.7643977,9762777.9837017,0.0],[616928.6131626,9762780.4791231,0.0],[616933.6040054,9762780.7815933,0.0]]]]}},
{"type":"Feature","properties":{"Layer":"SH parqueos ESPOL"},"geometry":{"type":"MultiPolygon","coordinates":[[[[616933.4062061,9762783.2662921,0.0],[616933.6036016,9762780.7740973,0.0],[616928.619212,9762780.3793063,0.0],[616928.4218165,9762782.8715011,0.0],[616933.4062061,9762783.2662921,0.0]]]]}},
{"type":"Feature","properties":{"Layer":"SH parqueos ESPOL"},"geometry":{"type":"MultiPolygon","coordinates":[[[[616932.6274498,9762786.4635608,0.0],[616933.2646013,9762784.0461163,0.0],[616928.4297123,9762782.7718133,0.0],[616927.7925608,9762785.1892578,0.0],[616932.6274498,9762786.4635608,0.0]]]]}},
{"type":"Feature","properties":{"Layer":"SH parqueos ESPOL"},"geometry":{"type":"MultiPolygon","coordinates":[[[[616931.6748208,9762789.1391999,0.0],[616932.522122,9762786.7871624,0.0],[616927.8180469,9762785.09256,0.0],[616926.9707457,9762787.4445976,0.0],[616931.6748208,9762789.1391999,0.0]]]]}},
{"type":"Feature","properties":{"Layer":"SH parqueos ESPOL"},"geometry":{"type":"MultiPolygon","coordinates":[[[[616930.7299532,9762791.5238744,0.0],[616931.650485,9762789.1995205,0.0],[616927.0017771,9762787.3584569,0.0],[616926.0812453,9762789.6828109,0.0],[616930.7299532,9762791.5238744,0.0]]]]}},
{"type":"Feature","properties":{"Layer":"SH parqueos ESPOL"},"geometry":{"type":"MultiPolygon","coordinates":[[[[616929.752035,9762793.8376919,0.0],[616930.7243834,9762791.5345335,0.0],[616926.1180666,9762789.5898367,0.0],[616925.1457182,9762791.8929951,0.0],[616929.752035,9762793.8376919,0.0]]]]}},
{"type":"Feature","properties":{"Layer":"SH parqueos ESPOL"},"geometry":{"type":"MultiPolygon","coordinates":[[[[616928.3880963,9762796.382101,0.0],[616929.5798924,9762794.1844609,0.0],[616925.1846121,9762791.8008687,0.0],[616923.9928161,9762793.9985089,0.0],[616928.3880963,9762796.382101,0.0]]]]}},
{"type":"Feature","properties":{"Layer":"SH parqueos ESPOL"},"geometry":{"type":"MultiPolygon","coordinates":[[[[616926.6694028,9762798.8440409,0.0],[616928.1169948,9762796.8057874,0.0],[616924.0404879,9762793.9106033,0.0],[616922.5928958,9762795.9488567,0.0],[616926.6694028,9762798.8440409,0.0]]]]}},
{"type":"Feature","properties":{"Layer":"SH parqueos ESPOL"},"geometry":{"type":"MultiPolygon","coordinates":[[[[616925.2797144,9762800.8007642,0.0],[616926.7273065,9762798.7625107,0.0],[616922.6507995,9762795.8673266,0.0],[616921.2032075,9762797.9055801,0.0],[616925.2797144,9762800.8007642,0.0]]]]}},
{"type":"Feature","properties":{"Layer":"SH parqueos ESPOL"},"geometry":{"type":"MultiPolygon","coordinates":[[[[616923.387861,9762802.9938599,0.0],[616925.030435,9762801.109198,0.0],[616921.2611111,9762797.8240499,0.0],[616919.6185371,9762799.7087118,0.0],[616923.387861,9762802.9938599,0.0]]]]}},
{"type":"Feature","properties":{"Layer":"SH parqueos ESPOL"},"geometry":{"type":"MultiPolygon","coordinates":[[[[616921.0996194,9762805.0385944,0.0],[616922.9760523,9762803.3866261,0.0],[616919.6721157,9762799.6337602,0.0],[616917.7956827,9762801.2857285,0.0],[616921.0996194,9762805.0385944,0.0]]]]}},
{"type":"Feature","properties":{"Layer":"SH parqueos ESPOL"},"geometry":{"type":"MultiPolygon","coordinates":[[[[616918.6644666,9762806.7531837,0.0],[616920.7191349,9762805.3289863,0.0],[616917.8707401,9762801.2196497,0.0],[616915.8160718,9762802.6438471,0.0],[616918.6644666,9762806.7531837,0.0]]]]}},
{"type":"Feature","properties":{"Layer":"SH parqueos ESPOL"},"geometry":{"type":"MultiPolygon","coordinates":[[[[616916.259694,9762808.1653526,0.0],[616918.4187962,9762806.9050837,0.0],[616915.8982585,9762802.5868793,0.0],[616913.7391563,9762803.8471481,0.0],[616916.259694,9762808.1653526,0.0]]]]}},
{"type":"Feature","properties":{"Layer":"SH parqueos ESPOL"},"geometry":{"type":"MultiPolygon","coordinates":[[[[616913.8735451,9762809.386701,0.0],[616916.0999256,9762808.2494984,0.0],[616913.8255204,9762803.7967373,0.0],[616911.5991399,9762804.9339399,0.0],[616913.8735451,9762809.386701,0.0]]]]}},
{"type":"Feature","properties":{"Layer":"SH parqueos ESPOL"},"geometry":{"type":"MultiPolygon","coordinates":[[[[616911.3869386,9762810.4730957,0.0],[616913.6815261,9762809.4806903,0.0],[616911.6967152,9762804.8915155,0.0],[616909.4021278,9762805.8839209,0.0],[616911.3869386,9762810.4730957,0.0]]]]}},
{"type":"Feature","properties":{"Layer":"SH parqueos ESPOL"},"geometry":{"type":"MultiPolygon","coordinates":[[[[616908.290957,9762811.303428,0.0],[616910.7152292,9762810.692769,0.0],[616909.4939113,9762805.8442247,0.0],[616907.0696391,9762806.4548836,0.0],[616908.290957,9762811.303428,0.0]]]]}},
{"type":"Feature","properties":{"Layer":"SH parqueos ESPOL"},"geometry":{"type":"MultiPolygon","coordinates":[[[[616931.6083528,9762812.7244203,0.0],[616933.5909971,9762811.201554,0.0],[616930.5452645,9762807.2362655,0.0],[616928.5626203,9762808.7591318,0.0],[616931.6083528,9762812.7244203,0.0]]]]}},
{"type":"Feature","properties":{"Layer":"SH parqueos ESPOL"},"geometry":{"type":"MultiPolygon","coordinates":[[[[616933.5116913,9762811.2624687,0.0],[616935.4943356,9762809.7396024,0.0],[616932.448603,9762805.7743139,0.0],[616930.4659587,9762807.2971802,0.0],[616933.5116913,9762811.2624687,0.0]]]]}},
{"type":"Feature","properties":{"Layer":"SH parqueos ESPOL"},"geometry":{"type":"MultiPolygon","coordinates":[[[[616935.4150298,9762809.800517,0.0],[616937.3976741,9762808.2776507,0.0],[616934.3519415,9762804.3123622,0.0],[616932.3692972,9762805.8352285,0.0],[616935.4150298,9762809.800517,0.0]]]]}},
{"type":"Feature","properties":{"Layer":"SH parqueos ESPOL"},"geometry":{"type":"MultiPolygon","coordinates":[[[[616937.3183683,9762808.3385654,0.0],[616939.3010125,9762806.8156991,0.0],[616936.2552799,9762802.8504106,0.0],[616934.2726357,9762804.3732769,0.0],[616937.3183683,9762808.3385654,0.0]]]]}},
{"type":"Feature","properties":{"Layer":"SH parqueos ESPOL"},"geometry":{"type":"MultiPolygon","coordinates":[[[[616939.2217068,9762806.8766137,0.0],[616941.204351,9762805.3537474,0.0],[616938.1586184,9762801.3884589,0.0],[616936.1759742,9762802.9113252,0.0],[616939.2217068,9762806.8766137,0.0]]]]}},
{"type":"Feature","properties":{"Layer":"SH parqueos ESPOL"},"geometry":{"type":"MultiPolygon","coordinates":[[[[616941.1250453,9762805.4146621,0.0],[616943.1076895,9762803.8917958,0.0],[616940.0619569,9762799.9265073,0.0],[616938.0793127,9762801.4493736,0.0],[616941.1250453,9762805.4146621,0.0]]]]}},
{"type":"Feature","properties":{"Layer":"SH parqueos ESPOL"},"geometry":{"type":"MultiPolygon","coordinates":[[[[616943.0283837,9762803.9527104,0.0],[616945.011028,9762802.4298442,0.0],[616941.9652954,9762798.4645556,0.0],[616939.9826511,9762799.9874219,0.0],[616943.0283837,9762803.9527104,0.0]]]]}},
{"type":"Feature","properties":{"Layer":"SH parqueos ESPOL"},"geometry":{"type":"MultiPolygon","coordinates":[[[[616945.5671302,9762801.832697,0.0],[616947.2709025,9762800.0031725,0.0],[616943.6118534,9762796.595628,0.0],[616941.9080811,9762798.4251525,0.0],[616945.5671302,9762801.832697,0.0]]]]}},
{"type":"Feature","properties":{"Layer":"SH parqueos ESPOL"},"geometry":{"type":"MultiPolygon","coordinates":[[[[616947.2027516,9762800.0763534,0.0],[616948.9065238,9762798.2468289,0.0],[616945.2474747,9762794.8392844,0.0],[616943.5437025,9762796.6688089,0.0],[616947.2027516,9762800.0763534,0.0]]]]}},
{"type":"Feature","properties":{"Layer":"SH parqueos ESPOL"},"geometry":{"type":"MultiPolygon","coordinates":[[[[616948.838373,9762798.3200099,0.0],[616950.5421452,9762796.4904853,0.0],[616946.8830961,9762793.0829408,0.0],[616945.1793238,9762794.9124654,0.0],[616948.838373,9762798.3200099,0.0]]]]}},
{"type":"Feature","properties":{"Layer":"SH parqueos ESPOL"},"geometry":{"type":"MultiPolygon","coordinates":[[[[616950.4739943,9762796.5636663,0.0],[616952.1777666,9762794.7341417,0.0],[616948.5187174,9762791.3265972,0.0],[616946.8149452,9762793.1561218,0.0],[616950.4739943,9762796.5636663,0.0]]]]}},
{"type":"Feature","properties":{"Layer":"SH parqueos ESPOL"},"geometry":{"type":"MultiPolygon","coordinates":[[[[616952.1096157,9762794.8073227,0.0],[616953.8133879,9762792.9777981,0.0],[616950.1543388,9762789.5702536,0.0],[616948.4505665,9762791.3997782,0.0],[616952.1096157,9762794.8073227,0.0]]]]}},
{"type":"Feature","properties":{"Layer":"SH parqueos ESPOL"},"geometry":{"type":"MultiPolygon","coordinates":[[[[615814.3882855,9762575.9948938,0.0],[615816.8882855,9762575.9948949,0.0],[615816.8882876,9762570.9948949,0.0],[615814.3882877,9762570.9948938,0.0],[615814.3882855,9762575.9948938,0.0]]]]}},
{"type":"Feature","properties":{"Layer":"SH parqueos ESPOL"},"geometry":{"type":"MultiPolygon","coordinates":[[[[615816.7883005,9762575.9945338,0.0],[615819.2883005,9762575.9945348,0.0],[615819.2883026,9762570.9945348,0.0],[615816.7883026,9762570.9945338,0.0],[615816.7883005,9762575.9945338,0.0]]]]}},
{"type":"Feature","properties":{"Layer":"SH parqueos ESPOL"},"geometry":{"type":"MultiPolygon","coordinates":[[[[615819.1883005,9762575.9948959,0.0],[615821.6883005,9762575.9948969,0.0],[615821.6883026,9762570.9948969,0.0],[615819.1883026,9762570.9948959,0.0],[615819.1883005,9762575.9948959,0.0]]]]}},
{"type":"Feature","properties":{"Layer":"SH parqueos ESPOL"},"geometry":{"type":"MultiPolygon","coordinates":[[[[615821.5883005,9762575.9948969,0.0],[615824.0758036,9762576.244553,0.0],[615824.5751158,9762571.2695468,0.0],[615822.0876127,9762571.0198906,0.0],[615821.5883005,9762575.9948969,0.0]]]]}},
{"type":"Feature","properties":{"Layer":"SH parqueos ESPOL"},"geometry":{"type":"MultiPolygon","coordinates":[[[[615823.9763035,9762576.2345668,0.0],[615826.4638066,9762576.4842229,0.0],[615826.9631188,9762571.5092166,0.0],[615824.4756157,9762571.2595605,0.0],[615823.9763035,9762576.2345668,0.0]]]]}},
{"type":"Feature","properties":{"Layer":"SH parqueos ESPOL"},"geometry":{"type":"MultiPolygon","coordinates":[[[[615826.3566168,9762576.4734649,0.0],[615828.7747321,9762577.1080658,0.0],[615830.043934,9762572.2718352,0.0],[615827.6258187,9762571.6372343,0.0],[615826.3566168,9762576.4734649,0.0]]]]}},
{"type":"Feature","properties":{"Layer":"SH parqueos ESPOL"},"geometry":{"type":"MultiPolygon","coordinates":[[[[615828.6780075,9762577.0826818,0.0],[615831.0638594,9762577.829482,0.0],[615832.5574599,9762573.0577782,0.0],[615830.171608,9762572.3109779,0.0],[615828.6780075,9762577.0826818,0.0]]]]}},
{"type":"Feature","properties":{"Layer":"SH parqueos ESPOL"},"geometry":{"type":"MultiPolygon","coordinates":[[[[615830.9727814,9762577.8009735,0.0],[615833.3586334,9762578.5477737,0.0],[615834.8522338,9762573.7760699,0.0],[615832.4663819,9762573.0292697,0.0],[615830.9727814,9762577.8009735,0.0]]]]}},
{"type":"Feature","properties":{"Layer":"SH parqueos ESPOL"},"geometry":{"type":"MultiPolygon","coordinates":[[[[615807.6222668,9762585.2883455,0.0],[615808.1182527,9762587.7386512,0.0],[615813.0188641,9762586.7466795,0.0],[615812.5228782,9762584.2963738,0.0],[615807.6222668,9762585.2883455,0.0]]]]}},
{"type":"Feature","properties":{"Layer":"SH parqueos ESPOL"},"geometry":{"type":"MultiPolygon","coordinates":[[[[615808.0984133,9762587.640639,0.0],[615808.5943991,9762590.0909447,0.0],[615813.4950105,9762589.0989729,0.0],[615812.9990246,9762586.6486672,0.0],[615808.0984133,9762587.640639,0.0]]]]}},
{"type":"Feature","properties":{"Layer":"SH parqueos ESPOL"},"geometry":{"type":"MultiPolygon","coordinates":[[[[615808.5745597,9762589.9929325,0.0],[615809.0705456,9762592.4432382,0.0],[615813.971157,9762591.4512664,0.0],[615813.4751711,9762589.0009607,0.0],[615808.5745597,9762589.9929325,0.0]]]]}},
{"type":"Feature","properties":{"Layer":"SH parqueos ESPOL"},"geometry":{"type":"MultiPolygon","coordinates":[[[[615809.0507061,9762592.3452259,0.0],[615809.546692,9762594.7955316,0.0],[615814.4473034,9762593.8035598,0.0],[615813.9513175,9762591.3532542,0.0],[615809.0507061,9762592.3452259,0.0]]]]}},
{"type":"Feature","properties":{"Layer":"SH parqueos ESPOL"},"geometry":{"type":"MultiPolygon","coordinates":[[[[615809.5268526,9762594.6975194,0.0],[615810.0228385,9762597.1478251,0.0],[615814.9234499,9762596.1558533,0.0],[615814.427464,9762593.7055476,0.0],[615809.5268526,9762594.6975194,0.0]]]]}},
{"type":"Feature","properties":{"Layer":"SH parqueos ESPOL"},"geometry":{"type":"MultiPolygon","coordinates":[[[[615810.002999,9762597.0498128,0.0],[615810.4989849,9762599.5001185,0.0],[615815.3995963,9762598.5081468,0.0],[615814.9036104,9762596.0578411,0.0],[615810.002999,9762597.0498128,0.0]]]]}},
{"type":"Feature","properties":{"Layer":"SH parqueos ESPOL"},"geometry":{"type":"MultiPolygon","coordinates":[[[[615721.7013002,9762673.3627314,0.0],[615719.6182582,9762674.7450975,0.0],[615722.3829905,9762678.9111815,0.0],[615724.4660325,9762677.5288153,0.0],[615721.7013002,9762673.3627314,0.0]]]]}},
{"type":"Feature","properties":{"Layer":"SH parqueos ESPOL"},"geometry":{"type":"MultiPolygon","coordinates":[[[[615723.5142869,9762671.7542772,0.0],[615721.4312449,9762673.1366433,0.0],[615724.1959772,9762677.3027273,0.0],[615726.2790192,9762675.9203611,0.0],[615723.5142869,9762671.7542772,0.0]]]]}},
{"type":"Feature","properties":{"Layer":"SH parqueos ESPOL"},"geometry":{"type":"MultiPolygon","coordinates":[[[[615725.3272736,9762670.145823,0.0],[615723.2442316,9762671.5281891,0.0],[615726.0089639,9762675.6942731,0.0],[615728.0920059,9762674.3119069,0.0],[615725.3272736,9762670.145823,0.0]]]]}},
{"type":"Feature","properties":{"Layer":"SH parqueos ESPOL"},"geometry":{"type":"MultiPolygon","coordinates":[[[[615727.1402603,9762668.5373688,0.0],[615725.0572183,9762669.9197349,0.0],[615727.8219506,9762674.0858189,0.0],[615729.9049926,9762672.7034527,0.0],[615727.1402603,9762668.5373688,0.0]]]]}},
{"type":"Feature","properties":{"Layer":"SH parqueos ESPOL"},"geometry":{"type":"MultiPolygon","coordinates":[[[[615728.953247,9762666.9289146,0.0],[615726.870205,9762668.3112807,0.0],[615729.6349373,9762672.4773647,0.0],[615731.7179792,9762671.0949985,0.0],[615728.953247,9762666.9289146,0.0]]]]}},
{"type":"Feature","properties":{"Layer":"SH parqueos ESPOL"},"geometry":{"type":"MultiPolygon","coordinates":[[[[615730.7662337,9762665.3204604,0.0],[615728.6831917,9762666.7028265,0.0],[615731.447924,9762670.8689105,0.0],[615733.5309659,9762669.4865443,0.0],[615730.7662337,9762665.3204604,0.0]]]]}},
{"type":"Feature","properties":{"Layer":"SH parqueos ESPOL"},"geometry":{"type":"MultiPolygon","coordinates":[[[[615732.5792204,9762663.7120062,0.0],[615730.4961784,9762665.0943723,0.0],[615733.2609107,9762669.2604563,0.0],[615735.3439526,9762667.8780901,0.0],[615732.5792204,9762663.7120062,0.0]]]]}},
{"type":"Feature","properties":{"Layer":"SH parqueos ESPOL"},"geometry":{"type":"MultiPolygon","coordinates":[[[[615734.3922071,9762662.103552,0.0],[615732.3091651,9762663.4859181,0.0],[615735.0738973,9762667.6520021,0.0],[615737.1569393,9762666.2696359,0.0],[615734.3922071,9762662.103552,0.0]]]]}},
{"type":"Feature","properties":{"Layer":"SH parqueos ESPOL"},"geometry":{"type":"MultiPolygon","coordinates":[[[[615736.2051938,9762660.4950978,0.0],[615734.1221518,9762661.8774639,0.0],[615736.886884,9762666.0435479,0.0],[615738.969926,9762664.6611817,0.0],[615736.2051938,9762660.4950978,0.0]]]]}},
{"type":"Feature","properties":{"Layer":"SH parqueos ESPOL"},"geometry":{"type":"MultiPolygon","coordinates":[[[[614860.4336912,9763122.0584355,0.0],[614862.92855,9763122.2186839,0.0],[614863.2490468,9763117.2289663,0.0],[614860.754188,9763117.0687179,0.0],[614860.4336912,9763122.0584355,0.0]]]]}},
{"type":"Feature","properties":{"Layer":"SH parqueos ESPOL"},"geometry":{"type":"MultiPolygon","coordinates":[[[[614862.8287556,9763122.212274,0.0],[614865.3236144,9763122.3725224,0.0],[614865.6441113,9763117.3828048,0.0],[614863.1492525,9763117.2225564,0.0],[614862.8287556,9763122.212274,0.0]]]]}},
{"type":"Feature","properties":{"Layer":"SH parqueos ESPOL"},"geometry":{"type":"MultiPolygon","coordinates":[[[[615555.5347544,9762087.5861656,0.0],[615555.6483204,9762090.0835848,0.0],[615560.6431589,9762089.8564529,0.0],[615560.5295929,9762087.3590336,0.0],[615555.5347544,9762087.5861656,0.0]]]]}},
{"type":"Feature","properties":{"Layer":"SH parqueos ESPOL"},"geometry":{"type":"MultiPolygon","coordinates":[[[[615555.4257311,9762085.1886431,0.0],[615555.5392971,9762087.6860623,0.0],[615560.5341355,9762087.4589304,0.0],[615560.4205696,9762084.9615112,0.0],[615555.4257311,9762085.1886431,0.0]]]]}},
{"type":"Feature","properties":{"Layer":"SH parqueos ESPOL"},"geometry":{"type":"MultiPolygon","coordinates":[[[[615555.3167078,9762082.7911207,0.0],[615555.4302738,9762085.2885399,0.0],[615560.4251122,9762085.0614079,0.0],[615560.3115462,9762082.5639887,0.0],[615555.3167078,9762082.7911207,0.0]]]]}},
{"type":"Feature","properties":{"Layer":"SH parqueos ESPOL"},"geometry":{"type":"MultiPolygon","coordinates":[[[[615555.2076845,9762080.3935982,0.0],[615555.3212504,9762082.8910174,0.0],[615560.3160889,9762082.6638855,0.0],[615560.2025229,9762080.1664663,0.0],[615555.2076845,9762080.3935982,0.0]]]]}},
{"type":"Feature","properties":{"Layer":"SH parqueos ESPOL"},"geometry":{"type":"MultiPolygon","coordinates":[[[[615555.0986611,9762077.9960757,0.0],[615555.2122271,9762080.493495,0.0],[615560.2070655,9762080.266363,0.0],[615560.0934996,9762077.7689438,0.0],[615555.0986611,9762077.9960757,0.0]]]]}},
{"type":"Feature","properties":{"Layer":"SH parqueos ESPOL"},"geometry":{"type":"MultiPolygon","coordinates":[[[[615585.6543214,9762091.4644532,0.0],[615588.1461637,9762091.2626571,0.0],[615587.7425714,9762086.2789724,0.0],[615585.2507291,9762086.4807685,0.0],[615585.6543214,9762091.4644532,0.0]]]]}},
{"type":"Feature","properties":{"Layer":"SH parqueos ESPOL"},"geometry":{"type":"MultiPolygon","coordinates":[[[[615588.04649,9762091.2707289,0.0],[615590.5383324,9762091.0689327,0.0],[615590.1347401,9762086.085248,0.0],[615587.6428977,9762086.2870442,0.0],[615588.04649,9762091.2707289,0.0]]]]}},
{"type":"Feature","properties":{"Layer":"SH parqueos ESPOL"},"geometry":{"type":"MultiPolygon","coordinates":[[[[615590.4386587,9762091.0770046,0.0],[615592.930501,9762090.8752084,0.0],[615592.5269087,9762085.8915237,0.0],[615590.0350664,9762086.0933199,0.0],[615590.4386587,9762091.0770046,0.0]]]]}},
{"type":"Feature","properties":{"Layer":"SH parqueos ESPOL"},"geometry":{"type":"MultiPolygon","coordinates":[[[[615592.8308274,9762090.8832803,0.0],[615595.3226697,9762090.6814841,0.0],[615594.9190774,9762085.6977994,0.0],[615592.427235,9762085.8995956,0.0],[615592.8308274,9762090.8832803,0.0]]]]}},
{"type":"Feature","properties":{"Layer":"SH parqueos ESPOL"},"geometry":{"type":"MultiPolygon","coordinates":[[[[615595.222996,9762090.6895559,0.0],[615597.7148384,9762090.4877598,0.0],[615597.311246,9762085.5040751,0.0],[615594.8194037,9762085.7058712,0.0],[615595.222996,9762090.6895559,0.0]]]]}},
{"type":"Feature","properties":{"Layer":"SH parqueos ESPOL"},"geometry":{"type":"MultiPolygon","coordinates":[[[[615597.6151647,9762090.4958316,0.0],[615600.107007,9762090.2940355,0.0],[615599.7034147,9762085.3103508,0.0],[615597.2115723,9762085.5121469,0.0],[615597.6151647,9762090.4958316,0.0]]]]}},
{"type":"Feature","properties":{"Layer":"SH parqueos ESPOL"},"geometry":{"type":"MultiPolygon","coordinates":[[[[615609.9573353,9762083.1873195,0.0],[615611.6115908,9762081.3129026,0.0],[615607.862757,9762078.0043916,0.0],[615606.2085015,9762079.8788085,0.0],[615609.9573353,9762083.1873195,0.0]]]]}},
{"type":"Feature","properties":{"Layer":"SH parqueos ESPOL"},"geometry":{"type":"MultiPolygon","coordinates":[[[[615611.5454206,9762081.3878793,0.0],[615613.1996761,9762079.5134624,0.0],[615609.4508423,9762076.2049514,0.0],[615607.7965868,9762078.0793683,0.0],[615611.5454206,9762081.3878793,0.0]]]]}},
{"type":"Feature","properties":{"Layer":"SH parqueos ESPOL"},"geometry":{"type":"MultiPolygon","coordinates":[[[[615613.1335059,9762079.5884391,0.0],[615614.7877614,9762077.7140222,0.0],[615611.0389276,9762074.4055112,0.0],[615609.3846721,9762076.2799281,0.0],[615613.1335059,9762079.5884391,0.0]]]]}},
{"type":"Feature","properties":{"Layer":"SH parqueos ESPOL"},"geometry":{"type":"MultiPolygon","coordinates":[[[[615614.7215912,9762077.7889989,0.0],[615616.3758467,9762075.914582,0.0],[615612.6270129,9762072.6060709,0.0],[615610.9727574,9762074.4804878,0.0],[615614.7215912,9762077.7889989,0.0]]]]}},
{"type":"Feature","properties":{"Layer":"SH parqueos ESPOL"},"geometry":{"type":"MultiPolygon","coordinates":[[[[615616.3096764,9762075.9895586,0.0],[615617.9639319,9762074.1151417,0.0],[615614.2150981,9762070.8066307,0.0],[615612.5608426,9762072.6810476,0.0],[615616.3096764,9762075.9895586,0.0]]]]}},
{"type":"Feature","properties":{"Layer":"SH parqueos ESPOL"},"geometry":{"type":"MultiPolygon","coordinates":[[[[615617.8977617,9762074.1901184,0.0],[615619.5520172,9762072.3157015,0.0],[615615.8031834,9762069.0071905,0.0],[615614.1489279,9762070.8816074,0.0],[615617.8977617,9762074.1901184,0.0]]]]}},
{"type":"Feature","properties":{"Layer":"SH parqueos ESPOL"},"geometry":{"type":"MultiPolygon","coordinates":[[[[615619.485847,9762072.3906782,0.0],[615621.1401025,9762070.5162613,0.0],[615617.3912687,9762067.2077503,0.0],[615615.7370132,9762069.0821672,0.0],[615619.485847,9762072.3906782,0.0]]]]}},
{"type":"Feature","properties":{"Layer":"SH parqueos ESPOL"},"geometry":{"type":"MultiPolygon","coordinates":[[[[615826.771696,9762117.8472615,0.0],[615826.8628186,9762120.3456003,0.0],[615834.8575027,9762120.0540077,0.0],[615834.7663801,9762117.5556689,0.0],[615826.771696,9762117.8472615,0.0]]]]}},
{"type":"Feature","properties":{"Layer":"SH parqueos ESPOL"},"geometry":{"type":"MultiPolygon","coordinates":[[[[615829.110247,9762120.1635626,0.0],[615829.2013697,9762122.6619014,0.0],[615837.1960538,9762122.3703089,0.0],[615837.1049311,9762119.8719701,0.0],[615829.110247,9762120.1635626,0.0]]]]}},
{"type":"Feature","properties":{"Layer":"SH parqueos ESPOL"},"geometry":{"type":"MultiPolygon","coordinates":[[[[615831.448798,9762122.4798638,0.0],[615831.5399207,9762124.9782026,0.0],[615839.5346048,9762124.68661,0.0],[615839.4434821,9762122.1882712,0.0],[615831.448798,9762122.4798638,0.0]]]]}},
{"type":"Feature","properties":{"Layer":"SH parqueos ESPOL"},"geometry":{"type":"MultiPolygon","coordinates":[[[[615833.8801085,9762124.8880418,0.0],[615833.9712311,9762127.3863806,0.0],[615841.9659152,9762127.094788,0.0],[615841.8747926,9762124.5964493,0.0],[615833.8801085,9762124.8880418,0.0]]]]}},
{"type":"Feature","properties":{"Layer":"SH parqueos ESPOL"},"geometry":{"type":"MultiPolygon","coordinates":[[[[615836.1212199,9762127.1078304,0.0],[615836.2123425,9762129.6061692,0.0],[615844.2070266,9762129.3145766,0.0],[615844.115904,9762126.8162379,0.0],[615836.1212199,9762127.1078304,0.0]]]]}},
{"type":"Feature","properties":{"Layer":"SH parqueos ESPOL"},"geometry":{"type":"MultiPolygon","coordinates":[[[[615838.4597709,9762129.4241315,0.0],[615838.5508935,9762131.9224703,0.0],[615846.5455776,9762131.6308778,0.0],[615846.454455,9762129.132539,0.0],[615838.4597709,9762129.4241315,0.0]]]]}},
{"type":"Feature","properties":{"Layer":"SH parqueos ESPOL"},"geometry":{"type":"MultiPolygon","coordinates":[[[[615840.7983219,9762131.7404327,0.0],[615840.8894446,9762134.2387715,0.0],[615848.8841287,9762133.9471789,0.0],[615848.793006,9762131.4488402,0.0],[615840.7983219,9762131.7404327,0.0]]]]}},
{"type":"Feature","properties":{"Layer":"SH parqueos ESPOL"},"geometry":{"type":"MultiPolygon","coordinates":[[[[615843.1368729,9762134.0567338,0.0],[615843.2279956,9762136.5550726,0.0],[615851.2226797,9762136.2634801,0.0],[615851.131557,9762133.7651413,0.0],[615843.1368729,9762134.0567338,0.0]]]]}},
{"type":"Feature","properties":{"Layer":"SH parqueos ESPOL"},"geometry":{"type":"MultiPolygon","coordinates":[[[[615845.4754239,9762136.373035,0.0],[615845.5665466,9762138.8713738,0.0],[615853.5612307,9762138.5797812,0.0],[615853.470108,9762136.0814425,0.0],[615845.4754239,9762136.373035,0.0]]]]}},
{"type":"Feature","properties":{"Layer":"SH parqueos ESPOL"},"geometry":{"type":"MultiPolygon","coordinates":[[[[615847.813975,9762138.6893361,0.0],[615847.9050976,9762141.1876749,0.0],[615855.8997817,9762140.8960824,0.0],[615855.8086591,9762138.3977436,0.0],[615847.813975,9762138.6893361,0.0]]]]}},
{"type":"Feature","properties":{"Layer":"SH parqueos ESPOL"},"geometry":{"type":"MultiPolygon","coordinates":[[[[615850.152526,9762141.0056373,0.0],[615850.2436486,9762143.5039761,0.0],[615858.2383327,9762143.2123835,0.0],[615858.1472101,9762140.7140447,0.0],[615850.152526,9762141.0056373,0.0]]]]}},
{"type":"Feature","properties":{"Layer":"SH parqueos ESPOL"},"geometry":{"type":"MultiPolygon","coordinates":[[[[615851.5854251,9762098.6734123,0.0],[615849.8597347,9762100.4822773,0.0],[615855.6481028,9762106.0044866,0.0],[615857.3737932,9762104.1956216,0.0],[615851.5854251,9762098.6734123,0.0]]]]}},
{"type":"Feature","properties":{"Layer":"SH parqueos ESPOL"},"geometry":{"type":"MultiPolygon","coordinates":[[[[615849.9287624,9762100.4099227,0.0],[615848.203072,9762102.2187877,0.0],[615853.99144,9762107.740997,0.0],[615855.7171304,9762105.932132,0.0],[615849.9287624,9762100.4099227,0.0]]]]}},
{"type":"Feature","properties":{"Layer":"SH parqueos ESPOL"},"geometry":{"type":"MultiPolygon","coordinates":[[[[615848.2720996,9762102.1464331,0.0],[615846.5464092,9762103.9552981,0.0],[615852.3347772,9762109.4775074,0.0],[615854.0604676,9762107.6686424,0.0],[615848.2720996,9762102.1464331,0.0]]]]}},
{"type":"Feature","properties":{"Layer":"SH parqueos ESPOL"},"geometry":{"type":"MultiPolygon","coordinates":[[[[615846.6154368,9762103.8829435,0.0],[615844.8897464,9762105.6918086,0.0],[615850.6781145,9762111.2140178,0.0],[615852.4038049,9762109.4051528,0.0],[615846.6154368,9762103.8829435,0.0]]]]}},
{"type":"Feature","properties":{"Layer":"SH parqueos ESPOL"},"geometry":{"type":"MultiPolygon","coordinates":[[[[615844.958774,9762105.619454,0.0],[615843.2330836,9762107.428319,0.0],[615849.0214517,9762112.9505282,0.0],[615850.7471421,9762111.1416632,0.0],[615844.958774,9762105.619454,0.0]]]]}},
{"type":"Feature","properties":{"Layer":"SH parqueos ESPOL"},"geometry":{"type":"MultiPolygon","coordinates":[[[[615843.3021112,9762107.3559644,0.0],[615841.5764208,9762109.1648294,0.0],[615847.3647889,9762114.6870387,0.0],[615849.0904793,9762112.8781736,0.0],[615843.3021112,9762107.3559644,0.0]]]]}},
{"type":"Feature","properties":{"Layer":"SH parqueos ESPOL"},"geometry":{"type":"MultiPolygon","coordinates":[[[[615841.6454485,9762109.0924748,0.0],[615839.9197581,9762110.9013398,0.0],[615845.7081261,9762116.4235491,0.0],[615847.4338165,9762114.6146841,0.0],[615841.6454485,9762109.0924748,0.0]]]]}},
{"type":"Feature","properties":{"Layer":"SH parqueos ESPOL"},"geometry":{"type":"MultiPolygon","coordinates":[[[[615839.9887857,9762110.8289852,0.0],[615838.2630953,9762112.6378502,0.0],[615844.0514633,9762118.1600595,0.0],[615845.7771537,9762116.3511945,0.0],[615839.9887857,9762110.8289852,0.0]]]]}},
{"type":"Feature","properties":{"Layer":"SH parqueos ESPOL"},"geometry":{"type":"MultiPolygon","coordinates":[[[[615089.3030182,9762958.594819,0.0],[615089.3030182,9762966.594819,0.0],[615092.7030182,9762966.594819,0.0],[615092.7030182,9762958.594819,0.0],[615089.3030182,9762958.594819,0.0]]]]}},
{"type":"Feature","properties":{"Layer":"SH parqueos ESPOL"},"geometry":{"type":"MultiPolygon","coordinates":[[[[615095.0052931,9762958.594819,0.0],[615095.0052931,9762966.594819,0.0],[615098.4052931,9762966.594819,0.0],[615098.4052931,9762958.594819,0.0],[615095.0052931,9762958.594819,0.0]]]]}},
{"type":"Feature","properties":{"Layer":"SH parqueos ESPOL"},"geometry":{"type":"MultiPolygon","coordinates":[[[[615051.0570619,9762936.533159,0.0],[615057.3050622,9762941.5294067,0.0],[615059.4284675,9762938.8740066,0.0],[615053.1804672,9762933.8777588,0.0],[615051.0570619,9762936.533159,0.0]]]]}},
{"type":"Feature","properties":{"Layer":"SH parqueos ESPOL"},"geometry":{"type":"MultiPolygon","coordinates":[[[[615053.1180141,9762933.9558588,0.0],[615059.3660144,9762938.9521066,0.0],[615061.4894197,9762936.2967064,0.0],[615055.2414193,9762931.3004587,0.0],[615053.1180141,9762933.9558588,0.0]]]]}},
{"type":"Feature","properties":{"Layer":"SH parqueos ESPOL"},"geometry":{"type":"MultiPolygon","coordinates":[[[[615055.1789662,9762931.3785587,0.0],[615061.4269666,9762936.3748064,0.0],[615063.5503719,9762933.7194063,0.0],[615057.3023715,9762928.7231585,0.0],[615055.1789662,9762931.3785587,0.0]]]]}},
{"type":"Feature","properties":{"Layer":"SH parqueos ESPOL"},"geometry":{"type":"MultiPolygon","coordinates":[[[[615057.2399184,9762928.8012585,0.0],[615063.4879188,9762933.7975063,0.0],[615065.6113241,9762931.1421061,0.0],[615059.3633237,9762926.1458584,0.0],[615057.2399184,9762928.8012585,0.0]]]]}},
{"type":"Feature","properties":{"Layer":"SH parqueos ESPOL"},"geometry":{"type":"MultiPolygon","coordinates":[[[[615059.3008706,9762926.2239584,0.0],[615065.548871,9762931.2202061,0.0],[615067.6722763,9762928.564806,0.0],[615061.4242759,9762923.5685582,0.0],[615059.3008706,9762926.2239584,0.0]]]]}},
{"type":"Feature","properties":{"Layer":"SH parqueos ESPOL"},"geometry":{"type":"MultiPolygon","coordinates":[[[[615061.3618228,9762923.6466582,0.0],[615067.6098232,9762928.642906,0.0],[615069.7332285,9762925.9875058,0.0],[615063.4852281,9762920.9912581,0.0],[615061.3618228,9762923.6466582,0.0]]]]}},
{"type":"Feature","properties":{"Layer":"SH parqueos ESPOL"},"geometry":{"type":"MultiPolygon","coordinates":[[[[615063.422775,9762921.0693581,0.0],[615069.6707754,9762926.0656058,0.0],[615071.7941807,9762923.4102057,0.0],[615065.5461803,9762918.4139579,0.0],[615063.422775,9762921.0693581,0.0]]]]}},
{"type":"Feature","properties":{"Layer":"SH parqueos ESPOL"},"geometry":{"type":"MultiPolygon","coordinates":[[[[615065.4837272,9762918.4920579,0.0],[615071.7317276,9762923.4883057,0.0],[615073.8551328,9762920.8329055,0.0],[615067.6071325,9762915.8366578,0.0],[615065.4837272,9762918.4920579,0.0]]]]}},
{"type":"Feature","properties":{"Layer":"SH parqueos ESPOL"},"geometry":{"type":"MultiPolygon","coordinates":[[[[615067.5446794,9762915.9147578,0.0],[615073.7926797,9762920.9110055,0.0],[615075.916085,9762918.2556054,0.0],[615069.6680847,9762913.2593576,0.0],[615067.5446794,9762915.9147578,0.0]]]]}},
{"type":"Feature","properties":{"Layer":"SH parqueos ESPOL"},"geometry":{"type":"MultiPolygon","coordinates":[[[[615069.6056316,9762913.3374576,0.0],[615075.8536319,9762918.3337054,0.0],[615077.9770372,9762915.6783052,0.0],[615071.7290369,9762910.6820575,0.0],[615069.6056316,9762913.3374576,0.0]]]]}},
{"type":"Feature","properties":{"Layer":"SH parqueos ESPOL"},"geometry":{"type":"MultiPolygon","coordinates":[[[[615071.6665838,9762910.7601575,0.0],[615077.9145841,9762915.7564052,0.0],[615080.0379894,9762913.1010051,0.0],[615073.789989,9762908.1047573,0.0],[615071.6665838,9762910.7601575,0.0]]]]}},
{"type":"Feature","properties":{"Layer":"SH parqueos ESPOL"},"geometry":{"type":"MultiPolygon","coordinates":[[[[615073.7275359,9762908.1828573,0.0],[615079.9755363,9762913.1791051,0.0],[615082.0989416,9762910.5237049,0.0],[615075.8509412,9762905.5274572,0.0],[615073.7275359,9762908.1828573,0.0]]]]}},
{"type":"Feature","properties":{"Layer":"SH parqueos ESPOL"},"geometry":{"type":"MultiPolygon","coordinates":[[[[615075.7884881,9762905.6055572,0.0],[615082.0364885,9762910.6018049,0.0],[615084.1598938,9762907.9464048,0.0],[615077.9118934,9762902.950157,0.0],[615075.7884881,9762905.6055572,0.0]]]]}},
{"type":"Feature","properties":{"Layer":"SH parqueos ESPOL"},"geometry":{"type":"MultiPolygon","coordinates":[[[[615077.8494403,9762903.028257,0.0],[615084.0974407,9762908.0245048,0.0],[615086.220846,9762905.3691046,0.0],[615079.9728456,9762900.3728569,0.0],[615077.8494403,9762903.028257,0.0]]]]}},
{"type":"Feature","properties":{"Layer":"SH parqueos ESPOL"},"geometry":{"type":"MultiPolygon","coordinates":[[[[615079.9103925,9762900.4509569,0.0],[615086.1583929,9762905.4472046,0.0],[615088.2817982,9762902.7918044,0.0],[615082.0337978,9762897.7955567,0.0],[615079.9103925,9762900.4509569,0.0]]]]}},
{"type":"Feature","properties":{"Layer":"SH parqueos ESPOL"},"geometry":{"type":"MultiPolygon","coordinates":[[[[615081.9713447,9762897.8736567,0.0],[615088.2193451,9762902.8699045,0.0],[615090.3427504,9762900.2145043,0.0],[615084.09475,9762895.2182566,0.0],[615081.9713447,9762897.8736567,0.0]]]]}},
{"type":"Feature","properties":{"Layer":"SH parqueos ESPOL"},"geometry":{"type":"MultiPolygon","coordinates":[[[[615863.4503798,9762124.7019873,0.0],[615861.3397903,9762126.8339845,0.0],[615869.867779,9762135.2763424,0.0],[615871.9783685,9762133.1443452,0.0],[615863.4503798,9762124.7019873,0.0]]]]}},
{"type":"Feature","properties":{"Layer":"SH parqueos ESPOL"},"geometry":{"type":"MultiPolygon","coordinates":[[[[615865.4906163,9762122.6410567,0.0],[615863.3800268,9762124.7730539,0.0],[615871.9080155,9762133.2154118,0.0],[615874.018605,9762131.0834146,0.0],[615865.4906163,9762122.6410567,0.0]]]]}},
{"type":"Feature","properties":{"Layer":"SH parqueos ESPOL"},"geometry":{"type":"MultiPolygon","coordinates":[[[[615867.5308528,9762120.580126,0.0],[615865.4202633,9762122.7121232,0.0],[615873.948252,9762131.1544812,0.0],[615876.0588415,9762129.022484,0.0],[615867.5308528,9762120.580126,0.0]]]]}},
{"type":"Feature","properties":{"Layer":"SH parqueos ESPOL"},"geometry":{"type":"MultiPolygon","coordinates":[[[[615869.5710893,9762118.5191954,0.0],[615867.4604998,9762120.6511926,0.0],[615875.9884885,9762129.0935506,0.0],[615878.099078,9762126.9615534,0.0],[615869.5710893,9762118.5191954,0.0]]]]}},
{"type":"Feature","properties":{"Layer":"SH parqueos ESPOL"},"geometry":{"type":"MultiPolygon","coordinates":[[[[615871.6113258,9762116.4582648,0.0],[615869.5007363,9762118.590262,0.0],[615878.028725,9762127.0326199,0.0],[615880.1393145,9762124.9006227,0.0],[615871.6113258,9762116.4582648,0.0]]]]}},
{"type":"Feature","properties":{"Layer":"SH parqueos ESPOL"},"geometry":{"type":"MultiPolygon","coordinates":[[[[615873.6515623,9762114.3973342,0.0],[615871.5409728,9762116.5293314,0.0],[615880.0689616,9762124.9716893,0.0],[615882.179551,9762122.8396921,0.0],[615873.6515623,9762114.3973342,0.0]]]]}},
{"type":"Feature","properties":{"Layer":"SH parqueos ESPOL"},"geometry":{"type":"MultiPolygon","coordinates":[[[[615875.6917988,9762112.3364036,0.0],[615873.5812093,9762114.4684008,0.0],[615882.1091981,9762122.9107587,0.0],[615884.2197875,9762120.7787615,0.0],[615875.6917988,9762112.3364036,0.0]]]]}},
{"type":"Feature","properties":{"Layer":"SH parqueos ESPOL"},"geometry":{"type":"MultiPolygon","coordinates":[[[[615877.7320353,9762110.2754729,0.0],[615875.6214458,9762112.4074701,0.0],[615884.1494346,9762120.8498281,0.0],[615886.260024,9762118.7178309,0.0],[615877.7320353,9762110.2754729,0.0]]]]}},
{"type":"Feature","properties":{"Layer":"SH parqueos ESPOL"},"geometry":{"type":"MultiPolygon","coordinates":[[[[615879.7722718,9762108.2145423,0.0],[615877.6616823,9762110.3465395,0.0],[615886.1896711,9762118.7888975,0.0],[615888.3002605,9762116.6569003,0.0],[615879.7722718,9762108.2145423,0.0]]]]}},
{"type":"Feature","properties":{"Layer":"SH parqueos ESPOL"},"geometry":{"type":"MultiPolygon","coordinates":[[[[615881.8125083,9762106.1536117,0.0],[615879.7019188,9762108.2856089,0.0],[615888.2299076,9762116.7279668,0.0],[615890.3404971,9762114.5959696,0.0],[615881.8125083,9762106.1536117,0.0]]]]}},
{"type":"Feature","properties":{"Layer":"SH parqueos ESPOL"},"geometry":{"type":"MultiPolygon","coordinates":[[[[615889.5501573,9762100.3572543,0.0],[615889.6595045,9762103.3552609,0.0],[615901.6515307,9762102.9178721,0.0],[615901.5421835,9762099.9198655,0.0],[615889.5501573,9762100.3572543,0.0]]]]}},
{"type":"Feature","properties":{"Layer":"SH parqueos ESPOL"},"geometry":{"type":"MultiPolygon","coordinates":[[[[615886.7244082,9762097.5583904,0.0],[615886.8337554,9762100.556397,0.0],[615898.8257815,9762100.1190082,0.0],[615898.7164343,9762097.1210016,0.0],[615886.7244082,9762097.5583904,0.0]]]]}},
{"type":"Feature","properties":{"Layer":"SH parqueos ESPOL"},"geometry":{"type":"MultiPolygon","coordinates":[[[[615883.898659,9762094.7595265,0.0],[615884.0080062,9762097.7575331,0.0],[615896.0000324,9762097.3201443,0.0],[615895.8906852,9762094.3221377,0.0],[615883.898659,9762094.7595265,0.0]]]]}},
{"type":"Feature","properties":{"Layer":"SH parqueos ESPOL"},"geometry":{"type":"MultiPolygon","coordinates":[[[[615881.0729099,9762091.9606626,0.0],[615881.1822571,9762094.9586692,0.0],[615893.1742832,9762094.5212804,0.0],[615893.064936,9762091.5232738,0.0],[615881.0729099,9762091.9606626,0.0]]]]}},
{"type":"Feature","properties":{"Layer":"SH parqueos ESPOL"},"geometry":{"type":"MultiPolygon","coordinates":[[[[615878.2471607,9762089.1617988,0.0],[615878.3565079,9762092.1598053,0.0],[615890.3485341,9762091.7224165,0.0],[615890.2391869,9762088.7244099,0.0],[615878.2471607,9762089.1617988,0.0]]]]}},
{"type":"Feature","properties":{"Layer":"SH parqueos ESPOL"},"geometry":{"type":"MultiPolygon","coordinates":[[[[615875.4214116,9762086.3629349,0.0],[615875.5307588,9762089.3609414,0.0],[615887.5227849,9762088.9235526,0.0],[615887.4134377,9762085.9255461,0.0],[615875.4214116,9762086.3629349,0.0]]]]}},
{"type":"Feature","properties":{"Layer":"SH parqueos ESPOL"},"geometry":{"type":"MultiPolygon","coordinates":[[[[615054.8076571,9762877.0801337,0.0],[615058.1090179,9762886.5194672,0.0],[615061.8847513,9762885.1989229,0.0],[615058.5833905,9762875.7595894,0.0],[615054.8076571,9762877.0801337,0.0]]]]}},
{"type":"Feature","properties":{"Layer":"SH parqueos ESPOL"},"geometry":{"type":"MultiPolygon","coordinates":[[[[615058.4889971,9762875.792603,0.0],[615061.790358,9762885.2319365,0.0],[615065.5660914,9762883.9113921,0.0],[615062.2647305,9762874.4720586,0.0],[615058.4889971,9762875.792603,0.0]]]]}},
{"type":"Feature","properties":{"Layer":"SH parqueos ESPOL"},"geometry":{"type":"MultiPolygon","coordinates":[[[[615062.1703372,9762874.5050723,0.0],[615065.471698,9762883.9444057,0.0],[615069.2474314,9762882.6238614,0.0],[615065.9460706,9762873.1845279,0.0],[615062.1703372,9762874.5050723,0.0]]]]}},
{"type":"Feature","properties":{"Layer":"SH parqueos ESPOL"},"geometry":{"type":"MultiPolygon","coordinates":[[[[615065.8516773,9762873.2175415,0.0],[615069.1530381,9762882.656875,0.0],[615072.9287715,9762881.3363307,0.0],[615069.6274107,9762871.8969972,0.0],[615065.8516773,9762873.2175415,0.0]]]]}}
]
}
