{
"type": "FeatureCollection",
"name": "parqueos_texto",
"crs": { "type": "name", "properties": { "name": "urn:ogc:def:crs:EPSG::32717" } },
"xy_coordinate_resolution": 1e-07,
"features": [
{"type":"Feature","properties":{"Contents":"1","TEXTSTRING":"1","TEXT_SIZE":0.6,"TEXT_ANGLE":2.7860519036054439},"geometry":{"type":"Point","coordinates":[615166.66793,9762786.0325199,0.0]}},
{"type":"Feature","properties":{"Contents":"2","TEXTSTRING":"2","TEXT_SIZE":0.6,"TEXT_ANGLE":2.7860519036054439},"geometry":{"type":"Point","coordinates":[615169.6860424,9762785.569574,0.0]}},
{"type":"Feature","properties":{"Contents":"3","TEXTSTRING":"3","TEXT_SIZE":0.6,"TEXT_ANGLE":2.7860519036054439},"geometry":{"type":"Point","coordinates":[615172.6684459,9762784.7490723,0.0]}},
{"type":"Feature","properties":{"Contents":"4","TEXTSTRING":"4","TEXT_SIZE":0.6,"TEXT_ANGLE":2.7860519036054439},"geometry":{"type":"Point","coordinates":[615175.8066196,9762783.9136433,0.0]}},
{"type":"Feature","properties":{"Contents":"5","TEXTSTRING":"5","TEXT_SIZE":0.6,"TEXT_ANGLE":2.7860519036054439},"geometry":{"type":"Point","coordinates":[615178.46595,9762782.7706055,0.0]}},
{"type":"Feature","properties":{"Contents":"6","TEXTSTRING":"6","TEXT_SIZE":0.6,"TEXT_ANGLE":2.7860519036054439},"geometry":{"type":"Point","coordinates":[615181.9718302,9762781.7260754,0.0]}},
{"type":"Feature","properties":{"Contents":"7","TEXTSTRING":"7","TEXT_SIZE":0.6,"TEXT_ANGLE":2.7860519036054439},"geometry":{"type":"Point","coordinates":[615188.154258,9762780.2296736,0.0]}},
{"type":"Feature","properties":{"Contents":"8","TEXTSTRING":"8","TEXT_SIZE":0.6,"TEXT_ANGLE":2.7860519036054439},"geometry":{"type":"Point","coordinates":[615191.6876164,9762778.5689229,0.0]}},
{"type":"Feature","properties":{"Contents":"9","TEXTSTRING":"9","TEXT_SIZE":0.6,"TEXT_ANGLE":2.7860519036054439},"geometry":{"type":"Point","coordinates":[615194.443719,9762777.8606343,0.0]}},
{"type":"Feature","properties":{"Contents":"10","TEXTSTRING":"10","TEXT_SIZE":0.6,"TEXT_ANGLE":2.7860519036054439},"geometry":{"type":"Point","coordinates":[615206.6560414,9762773.7374927,0.0]}},
{"type":"Feature","properties":{"Contents":"11","TEXTSTRING":"11","TEXT_SIZE":0.6,"TEXT_ANGLE":2.7860519036054439},"geometry":{"type":"Point","coordinates":[615209.7583619,9762772.7554045,0.0]}},
{"type":"Feature","properties":{"Contents":"13","TEXTSTRING":"13","TEXT_SIZE":0.6,"TEXT_ANGLE":2.7860519036054439},"geometry":{"type":"Point","coordinates":[615204.640469,9762786.55954,0.0]}},
{"type":"Feature","properties":{"Contents":"12","TEXTSTRING":"12","TEXT_SIZE":0.6,"TEXT_ANGLE":2.7860519036054439},"geometry":{"type":"Point","coordinates":[615201.3847898,9762787.6757341,0.0]}},
{"type":"Feature","properties":{"Contents":"11","TEXTSTRING":"11","TEXT_SIZE":0.6,"TEXT_ANGLE":2.7860519036054439},"geometry":{"type":"Point","coordinates":[615198.2983601,9762788.6218418,0.0]}},
{"type":"Feature","properties":{"Contents":"10","TEXTSTRING":"10","TEXT_SIZE":0.6,"TEXT_ANGLE":2.7860519036054439},"geometry":{"type":"Point","coordinates":[615195.1312742,9762789.6824799,0.0]}},
{"type":"Feature","properties":{"Contents":"9","TEXTSTRING":"9","TEXT_SIZE":0.6,"TEXT_ANGLE":2.7860519036054439},"geometry":{"type":"Point","coordinates":[615192.1622161,9762790.8152909,0.0]}},
{"type":"Feature","properties":{"Contents":"8","TEXTSTRING":"8","TEXT_SIZE":0.6,"TEXT_ANGLE":2.7860519036054439},"geometry":{"type":"Point","coordinates":[615188.8302953,9762791.8934173,0.0]}},
{"type":"Feature","properties":{"Contents":"7","TEXTSTRING":"7","TEXT_SIZE":0.6,"TEXT_ANGLE":2.7860519036054439},"geometry":{"type":"Point","coordinates":[615185.6634007,9762792.9023125,0.0]}},
{"type":"Feature","properties":{"Contents":"6","TEXTSTRING":"6","TEXT_SIZE":0.6,"TEXT_ANGLE":2.7860519036054439},"geometry":{"type":"Point","coordinates":[615182.7331186,9762793.8983776,0.0]}},
{"type":"Feature","properties":{"Contents":"5","TEXTSTRING":"5","TEXT_SIZE":0.6,"TEXT_ANGLE":2.7860519036054439},"geometry":{"type":"Point","coordinates":[615179.3862283,9762794.8303158,0.0]}},
{"type":"Feature","properties":{"Contents":"4","TEXTSTRING":"4","TEXT_SIZE":0.6,"TEXT_ANGLE":2.7860519036054439},"geometry":{"type":"Point","coordinates":[615176.8190819,9762795.9331799,0.0]}},
{"type":"Feature","properties":{"Contents":"3","TEXTSTRING":"3","TEXT_SIZE":0.6,"TEXT_ANGLE":2.7860519036054439},"geometry":{"type":"Point","coordinates":[615173.3074066,9762796.8149197,0.0]}},
{"type":"Feature","properties":{"Contents":"2","TEXTSTRING":"2","TEXT_SIZE":0.6,"TEXT_ANGLE":2.7860519036054439},"geometry":{"type":"Point","coordinates":[615170.4253835,9762798.0436937,0.0]}},
{"type":"Feature","properties":{"Contents":"1","TEXTSTRING":"1","TEXT_SIZE":0.6,"TEXT_ANGLE":2.7860519036054439},"geometry":{"type":"Point","coordinates":[615167.7678021,9762799.4946837,0.0]}},
{"type":"Feature","properties":{"Contents":"14","TEXTSTRING":"14","TEXT_SIZE":0.6,"TEXT_ANGLE":2.7860519036054439},"geometry":{"type":"Point","coordinates":[615169.4513474,9762804.4190656,0.0]}},
{"type":"Feature","properties":{"Contents":"15","TEXTSTRING":"15","TEXT_SIZE":0.6,"TEXT_ANGLE":2.7860519036054439},"geometry":{"type":"Point","coordinates":[615171.7391914,9762803.7650318,0.0]}},
{"type":"Feature","properties":{"Contents":"16","TEXTSTRING":"16","TEXT_SIZE":0.6,"TEXT_ANGLE":2.7860519036054439},"geometry":{"type":"Point","coordinates":[615174.064638,9762803.1471854,0.0]}},
{"type":"Feature","properties":{"Contents":"17","TEXTSTRING":"17","TEXT_SIZE":0.6,"TEXT_ANGLE":2.7860519036054439},"geometry":{"type":"Point","coordinates":[615176.2953894,9762802.5856926,0.0]}},
{"type":"Feature","properties":{"Contents":"18","TEXTSTRING":"18","TEXT_SIZE":0.6,"TEXT_ANGLE":2.7860519036054439},"geometry":{"type":"Point","coordinates":[615178.7715959,9762801.7697814,0.0]}},
{"type":"Feature","properties":{"Contents":"19","TEXTSTRING":"19","TEXT_SIZE":0.6,"TEXT_ANGLE":2.7860519036054439},"geometry":{"type":"Point","coordinates":[615181.0365008,9762801.1616216,0.0]}},
{"type":"Feature","properties":{"Contents":"20","TEXTSTRING":"20","TEXT_SIZE":0.6,"TEXT_ANGLE":2.7860519036054439},"geometry":{"type":"Point","coordinates":[615183.2830373,9762800.3567291,0.0]}},
{"type":"Feature","properties":{"Contents":"21","TEXTSTRING":"21","TEXT_SIZE":0.6,"TEXT_ANGLE":2.7860519036054439},"geometry":{"type":"Point","coordinates":[615185.5465971,9762799.7510838,0.0]}},
{"type":"Feature","properties":{"Contents":"22","TEXTSTRING":"22","TEXT_SIZE":0.6,"TEXT_ANGLE":2.7860519036054439},"geometry":{"type":"Point","coordinates":[615187.9071119,9762799.0213804,0.0]}},
{"type":"Feature","properties":{"Contents":"23","TEXTSTRING":"23","TEXT_SIZE":0.6,"TEXT_ANGLE":2.7860519036054439},"geometry":{"type":"Point","coordinates":[615190.1523146,9762798.2168577,0.0]}},
{"type":"Feature","properties":{"Contents":"24","TEXTSTRING":"24","TEXT_SIZE":0.6,"TEXT_ANGLE":2.7860519036054439},"geometry":{"type":"Point","coordinates":[615192.3944398,9762797.5222448,0.0]}},
{"type":"Feature","properties":{"Contents":"25","TEXTSTRING":"25","TEXT_SIZE":0.6,"TEXT_ANGLE":2.7860519036054439},"geometry":{"type":"Point","coordinates":[615194.6452702,9762796.8509329,0.0]}},
{"type":"Feature","properties":{"Contents":"26","TEXTSTRING":"26","TEXT_SIZE":0.6,"TEXT_ANGLE":2.7860519036054439},"geometry":{"type":"Point","coordinates":[615196.9857493,9762796.0506556,0.0]}},
{"type":"Feature","properties":{"Contents":"27","TEXTSTRING":"27","TEXT_SIZE":0.6,"TEXT_ANGLE":2.7860519036054439},"geometry":{"type":"Point","coordinates":[615199.2357908,9762795.4346465,0.0]}},
{"type":"Feature","properties":{"Contents":"28","TEXTSTRING":"28","TEXT_SIZE":0.6,"TEXT_ANGLE":2.7860519036054439},"geometry":{"type":"Point","coordinates":[615201.4402332,9762794.6892555,0.0]}},
{"type":"Feature","properties":{"Contents":"29","TEXTSTRING":"29","TEXT_SIZE":0.6,"TEXT_ANGLE":2.7860519036054439},"geometry":{"type":"Point","coordinates":[615203.7361229,9762793.8672623,0.0]}},
{"type":"Feature","properties":{"Contents":"30","TEXTSTRING":"30","TEXT_SIZE":0.6,"TEXT_ANGLE":2.7860519036054439},"geometry":{"type":"Point","coordinates":[615206.0902509,9762793.2390014,0.0]}},
{"type":"Feature","properties":{"Contents":"16","TEXTSTRING":"16","TEXT_SIZE":0.6,"TEXT_ANGLE":2.7860519036054439},"geometry":{"type":"Point","coordinates":[615213.9352935,9762802.2557002,0.0]}},
{"type":"Feature","properties":{"Contents":"15","TEXTSTRING":"15","TEXT_SIZE":0.6,"TEXT_ANGLE":2.7860519036054439},"geometry":{"type":"Point","coordinates":[615210.7834803,9762803.2428152,0.0]}},
{"type":"Feature","properties":{"Contents":"14","TEXTSTRING":"14","TEXT_SIZE":0.6,"TEXT_ANGLE":2.7860519036054439},"geometry":{"type":"Point","coordinates":[615207.6690841,9762804.2366,0.0]}},
{"type":"Feature","properties":{"Contents":"13","TEXTSTRING":"13","TEXT_SIZE":0.6,"TEXT_ANGLE":2.7860519036054439},"geometry":{"type":"Point","coordinates":[615204.3380704,9762805.353227,0.0]}},
{"type":"Feature","properties":{"Contents":"12","TEXTSTRING":"12","TEXT_SIZE":0.6,"TEXT_ANGLE":2.7860519036054439},"geometry":{"type":"Point","coordinates":[615200.855393,9762806.7245161,0.0]}},
{"type":"Feature","properties":{"Contents":"11","TEXTSTRING":"11","TEXT_SIZE":0.6,"TEXT_ANGLE":2.7860519036054439},"geometry":{"type":"Point","coordinates":[615198.0332113,9762807.3963789,0.0]}},
{"type":"Feature","properties":{"Contents":"10","TEXTSTRING":"10","TEXT_SIZE":0.6,"TEXT_ANGLE":2.7860519036054439},"geometry":{"type":"Point","coordinates":[615194.7508329,9762808.4821038,0.0]}},
{"type":"Feature","properties":{"Contents":"9","TEXTSTRING":"9","TEXT_SIZE":0.6,"TEXT_ANGLE":2.7860519036054439},"geometry":{"type":"Point","coordinates":[615191.7355992,9762809.4323253,0.0]}},
{"type":"Feature","properties":{"Contents":"8","TEXTSTRING":"8","TEXT_SIZE":0.6,"TEXT_ANGLE":2.7860519036054439},"geometry":{"type":"Point","coordinates":[615188.5022143,9762810.672659,0.0]}},
{"type":"Feature","properties":{"Contents":"7","TEXTSTRING":"7","TEXT_SIZE":0.6,"TEXT_ANGLE":2.7860519036054439},"geometry":{"type":"Point","coordinates":[615185.3485071,9762811.6817076,0.0]}},
{"type":"Feature","properties":{"Contents":"6","TEXTSTRING":"6","TEXT_SIZE":0.6,"TEXT_ANGLE":2.7860519036054439},"geometry":{"type":"Point","coordinates":[615182.1604854,9762812.6809255,0.0]}},
{"type":"Feature","properties":{"Contents":"5","TEXTSTRING":"5","TEXT_SIZE":0.6,"TEXT_ANGLE":2.7860519036054439},"geometry":{"type":"Point","coordinates":[615178.9115036,9762813.8322197,0.0]}},
{"type":"Feature","properties":{"Contents":"4","TEXTSTRING":"4","TEXT_SIZE":0.6,"TEXT_ANGLE":2.7860519036054439},"geometry":{"type":"Point","coordinates":[615175.7031043,9762814.8990473,0.0]}},
{"type":"Feature","properties":{"Contents":"3","TEXTSTRING":"3","TEXT_SIZE":0.6,"TEXT_ANGLE":2.7860519036054439},"geometry":{"type":"Point","coordinates":[615172.5599975,9762815.9384698,0.0]}},
{"type":"Feature","properties":{"Contents":"2","TEXTSTRING":"2","TEXT_SIZE":0.6,"TEXT_ANGLE":2.7860519036054439},"geometry":{"type":"Point","coordinates":[615169.3720605,9762816.9395493,0.0]}},
{"type":"Feature","properties":{"Contents":"1","TEXTSTRING":"1","TEXT_SIZE":0.6,"TEXT_ANGLE":2.7860519036054439},"geometry":{"type":"Point","coordinates":[615166.3626277,9762817.6376256,0.0]}},
{"type":"Feature","properties":{"Contents":"1","TEXTSTRING":"1","TEXT_SIZE":0.6,"TEXT_ANGLE":2.7860519036054439},"geometry":{"type":"Point","coordinates":[615142.1544084,9762876.903155,0.0]}},
{"type":"Feature","properties":{"Contents":"2","TEXTSTRING":"2","TEXT_SIZE":0.6,"TEXT_ANGLE":2.7860519036054439},"geometry":{"type":"Point","coordinates":[615144.3356118,9762876.2033968,0.0]}},
{"type":"Feature","properties":{"Contents":"3","TEXTSTRING":"3","TEXT_SIZE":0.6,"TEXT_ANGLE":2.7860519036054439},"geometry":{"type":"Point","coordinates":[615146.6141268,9762875.4677532,0.0]}},
{"type":"Feature","properties":{"Contents":"4","TEXTSTRING":"4","TEXT_SIZE":0.6,"TEXT_ANGLE":2.7860519036054439},"geometry":{"type":"Point","coordinates":[615149.9730578,9762873.0821203,0.0]}},
{"type":"Feature","properties":{"Contents":"5","TEXTSTRING":"5","TEXT_SIZE":0.6,"TEXT_ANGLE":2.7860519036054439},"geometry":{"type":"Point","coordinates":[615152.0667008,9762871.0783069,0.0]}},
{"type":"Feature","properties":{"Contents":"6","TEXTSTRING":"6","TEXT_SIZE":0.6,"TEXT_ANGLE":2.7860519036054439},"geometry":{"type":"Point","coordinates":[615153.9711706,9762869.2583516,0.0]}},
{"type":"Feature","properties":{"Contents":"7","TEXTSTRING":"7","TEXT_SIZE":0.6,"TEXT_ANGLE":2.7860519036054439},"geometry":{"type":"Point","coordinates":[615155.1796788,9762864.5385231,0.0]}},
{"type":"Feature","properties":{"Contents":"10","TEXTSTRING":"10","TEXT_SIZE":0.6,"TEXT_ANGLE":2.7860519036054439},"geometry":{"type":"Point","coordinates":[615144.9659259,9762857.8483199,0.0]}},
{"type":"Feature","properties":{"Contents":"9","TEXTSTRING":"9","TEXT_SIZE":0.6,"TEXT_ANGLE":2.7860519036054439},"geometry":{"type":"Point","coordinates":[615143.1165364,9762859.3475133,0.0]}},
{"type":"Feature","properties":{"Contents":"8","TEXTSTRING":"8","TEXT_SIZE":0.6,"TEXT_ANGLE":2.7860519036054439},"geometry":{"type":"Point","coordinates":[615141.4596552,9762861.0879835,0.0]}},
{"type":"Feature","properties":{"Contents":"7","TEXTSTRING":"7","TEXT_SIZE":0.6,"TEXT_ANGLE":2.7860519036054439},"geometry":{"type":"Point","coordinates":[615140.1569377,9762863.1126515,0.0]}},
{"type":"Feature","properties":{"Contents":"6","TEXTSTRING":"6","TEXT_SIZE":0.6,"TEXT_ANGLE":2.7860519036054439},"geometry":{"type":"Point","coordinates":[615138.8373874,9762865.1557379,0.0]}},
{"type":"Feature","properties":{"Contents":"5","TEXTSTRING":"5","TEXT_SIZE":0.6,"TEXT_ANGLE":2.7860519036054439},"geometry":{"type":"Point","coordinates":[615137.6088477,9762867.1914776,0.0]}},
{"type":"Feature","properties":{"Contents":"4","TEXTSTRING":"4","TEXT_SIZE":0.6,"TEXT_ANGLE":2.7860519036054439},"geometry":{"type":"Point","coordinates":[615136.2680332,9762869.1195803,0.0]}},
{"type":"Feature","properties":{"Contents":"3","TEXTSTRING":"3","TEXT_SIZE":0.6,"TEXT_ANGLE":2.7860519036054439},"geometry":{"type":"Point","coordinates":[615134.9911544,9762871.2044023,0.0]}},
{"type":"Feature","properties":{"Contents":"2","TEXTSTRING":"2","TEXT_SIZE":0.6,"TEXT_ANGLE":2.7860519036054439},"geometry":{"type":"Point","coordinates":[615133.8285148,9762873.2942982,0.0]}},
{"type":"Feature","properties":{"Contents":"1","TEXTSTRING":"1","TEXT_SIZE":0.6,"TEXT_ANGLE":2.7860519036054439},"geometry":{"type":"Point","coordinates":[615132.5388372,9762875.3807058,0.0]}},
{"type":"Feature","properties":{"Contents":"4","TEXTSTRING":"4","TEXT_SIZE":0.6,"TEXT_ANGLE":2.7860519036054439},"geometry":{"type":"Point","coordinates":[615068.7653527,9762876.223497,0.0]}},
{"type":"Feature","properties":{"Contents":"3","TEXTSTRING":"3","TEXT_SIZE":0.6,"TEXT_ANGLE":2.7860519036054439},"geometry":{"type":"Point","coordinates":[615064.8888552,9762877.4236777,0.0]}},
{"type":"Feature","properties":{"Contents":"2","TEXTSTRING":"2","TEXT_SIZE":0.6,"TEXT_ANGLE":2.7860519036054439},"geometry":{"type":"Point","coordinates":[615061.0792962,9762878.6374302,0.0]}},
{"type":"Feature","properties":{"Contents":"1","TEXTSTRING":"1","TEXT_SIZE":0.6,"TEXT_ANGLE":2.7860519036054439},"geometry":{"type":"Point","coordinates":[615057.3899526,9762879.7588328,0.0]}},
{"type":"Feature","properties":{"Contents":"1","TEXTSTRING":"1","TEXT_SIZE":0.6,"TEXT_ANGLE":2.7860519036054439},"geometry":{"type":"Point","coordinates":[615054.0968051,9762937.4458344,0.0]}},
{"type":"Feature","properties":{"Contents":"4","TEXTSTRING":"4","TEXT_SIZE":0.6,"TEXT_ANGLE":2.7860519036054439},"geometry":{"type":"Point","coordinates":[615010.0120076,9762943.7047418,0.0]}},
{"type":"Feature","properties":{"Contents":"3","TEXTSTRING":"3","TEXT_SIZE":0.6,"TEXT_ANGLE":2.7860519036054439},"geometry":{"type":"Point","coordinates":[615007.7386981,9762944.3809864,0.0]}},
{"type":"Feature","properties":{"Contents":"2","TEXTSTRING":"2","TEXT_SIZE":0.6,"TEXT_ANGLE":2.7860519036054439},"geometry":{"type":"Point","coordinates":[615005.4223947,9762945.1240242,0.0]}},
{"type":"Feature","properties":{"Contents":"1","TEXTSTRING":"1","TEXT_SIZE":0.6,"TEXT_ANGLE":2.7860519036054439},"geometry":{"type":"Point","coordinates":[615003.1961756,9762945.922254,0.0]}},
{"type":"Feature","properties":{"Contents":"6","TEXTSTRING":"6","TEXT_SIZE":0.6,"TEXT_ANGLE":2.7860519036054439},"geometry":{"type":"Point","coordinates":[615018.2276246,9762954.6559479,0.0]}},
{"type":"Feature","properties":{"Contents":"7","TEXTSTRING":"7","TEXT_SIZE":0.6,"TEXT_ANGLE":2.7860519036054439},"geometry":{"type":"Point","coordinates":[615019.2074676,9762956.7149034,0.0]}},
{"type":"Feature","properties":{"Contents":"8","TEXTSTRING":"8","TEXT_SIZE":0.6,"TEXT_ANGLE":2.7860519036054439},"geometry":{"type":"Point","coordinates":[615019.9037046,9762958.7819372,0.0]}},
{"type":"Feature","properties":{"Contents":"9","TEXTSTRING":"9","TEXT_SIZE":0.6,"TEXT_ANGLE":2.7860519036054439},"geometry":{"type":"Point","coordinates":[615020.3412611,9762961.2941761,0.0]}},
{"type":"Feature","properties":{"Contents":"10","TEXTSTRING":"10","TEXT_SIZE":0.6,"TEXT_ANGLE":2.7860519036054439},"geometry":{"type":"Point","coordinates":[615021.1767419,9762963.2618358,0.0]}},
{"type":"Feature","properties":{"Contents":"5","TEXTSTRING":"5","TEXT_SIZE":0.6,"TEXT_ANGLE":2.7860519036054439},"geometry":{"type":"Point","coordinates":[615015.2090293,9762965.6269919,0.0]}},
{"type":"Feature","properties":{"Contents":"4","TEXTSTRING":"4","TEXT_SIZE":0.6,"TEXT_ANGLE":2.7860519036054439},"geometry":{"type":"Point","coordinates":[615014.5592608,9762963.8118805,0.0]}},
{"type":"Feature","properties":{"Contents":"3","TEXTSTRING":"3","TEXT_SIZE":0.6,"TEXT_ANGLE":2.7860519036054439},"geometry":{"type":"Point","coordinates":[615013.5538949,9762961.3512921,0.0]}},
{"type":"Feature","properties":{"Contents":"2","TEXTSTRING":"2","TEXT_SIZE":0.6,"TEXT_ANGLE":2.7860519036054439},"geometry":{"type":"Point","coordinates":[615012.7459074,9762959.1099779,0.0]}},
{"type":"Feature","properties":{"Contents":"1","TEXTSTRING":"1","TEXT_SIZE":0.6,"TEXT_ANGLE":2.7860519036054439},"geometry":{"type":"Point","coordinates":[615011.7937569,9762956.9264587,0.0]}},
{"type":"Feature","properties":{"Contents":"5","TEXTSTRING":"5","TEXT_SIZE":0.6,"TEXT_ANGLE":2.7860519036054439},"geometry":{"type":"Point","coordinates":[615036.1260678,9762950.3331803,0.0]}},
{"type":"Feature","properties":{"Contents":"1","TEXTSTRING":"1","TEXT_SIZE":0.6,"TEXT_ANGLE":2.7860519036054439},"geometry":{"type":"Point","coordinates":[615030.0768799,9762955.0531585,0.0]}},
{"type":"Feature","properties":{"Contents":"3","TEXTSTRING":"3","TEXT_SIZE":0.6,"TEXT_ANGLE":2.7860519036054439},"geometry":{"type":"Point","coordinates":[615030.8016857,9762957.395541,0.0]}},
{"type":"Feature","properties":{"Contents":"2","TEXTSTRING":"2","TEXT_SIZE":0.6,"TEXT_ANGLE":2.7860519036054439},"geometry":{"type":"Point","coordinates":[615031.2208294,9762959.5783417,0.0]}},
{"type":"Feature","properties":{"Contents":"4","TEXTSTRING":"4","TEXT_SIZE":0.6,"TEXT_ANGLE":2.7860519036054439},"geometry":{"type":"Point","coordinates":[615031.7686316,9762961.9615389,0.0]}},
{"type":"Feature","properties":{"Contents":"8","TEXTSTRING":"8","TEXT_SIZE":0.6,"TEXT_ANGLE":2.7860519036054439},"geometry":{"type":"Point","coordinates":[615031.2242783,9762970.3504321,0.0]}},
{"type":"Feature","properties":{"Contents":"7","TEXTSTRING":"7","TEXT_SIZE":0.6,"TEXT_ANGLE":2.7860519036054439},"geometry":{"type":"Point","coordinates":[615029.6119214,9762972.1443229,0.0]}},
{"type":"Feature","properties":{"Contents":"6","TEXTSTRING":"6","TEXT_SIZE":0.6,"TEXT_ANGLE":2.7860519036054439},"geometry":{"type":"Point","coordinates":[615028.0024881,9762973.9742023,0.0]}},
{"type":"Feature","properties":{"Contents":"5","TEXTSTRING":"5","TEXT_SIZE":0.6,"TEXT_ANGLE":2.7860519036054439},"geometry":{"type":"Point","coordinates":[615026.4343431,9762975.8986924,0.0]}},
{"type":"Feature","properties":{"Contents":"4","TEXTSTRING":"4","TEXT_SIZE":0.6,"TEXT_ANGLE":2.7860519036054439},"geometry":{"type":"Point","coordinates":[615024.8986708,9762977.7436849,0.0]}},
{"type":"Feature","properties":{"Contents":"3","TEXTSTRING":"3","TEXT_SIZE":0.6,"TEXT_ANGLE":2.7860519036054439},"geometry":{"type":"Point","coordinates":[615023.366928,9762979.3599066,0.0]}},
{"type":"Feature","properties":{"Contents":"2","TEXTSTRING":"2","TEXT_SIZE":0.6,"TEXT_ANGLE":2.7860519036054439},"geometry":{"type":"Point","coordinates":[615021.9117816,9762981.2743059,0.0]}},
{"type":"Feature","properties":{"Contents":"1","TEXTSTRING":"1","TEXT_SIZE":0.6,"TEXT_ANGLE":2.7860519036054439},"geometry":{"type":"Point","coordinates":[615020.4540951,9762983.2841664,0.0]}},
{"type":"Feature","properties":{"Contents":"1","TEXTSTRING":"1","TEXT_SIZE":0.6,"TEXT_ANGLE":2.7860519036054439},"geometry":{"type":"Point","coordinates":[615000.6459243,9762967.3787417,0.0]}},
{"type":"Feature","properties":{"Contents":"2","TEXTSTRING":"2","TEXT_SIZE":0.6,"TEXT_ANGLE":2.7860519036054439},"geometry":{"type":"Point","coordinates":[615001.1676847,9762969.6748806,0.0]}},
{"type":"Feature","properties":{"Contents":"3","TEXTSTRING":"3","TEXT_SIZE":0.6,"TEXT_ANGLE":2.7860519036054439},"geometry":{"type":"Point","coordinates":[615000.3327054,9762972.3554264,0.0]}},
{"type":"Feature","properties":{"Contents":"4","TEXTSTRING":"4","TEXT_SIZE":0.6,"TEXT_ANGLE":2.7860519036054439},"geometry":{"type":"Point","coordinates":[615001.1097709,9762974.5759806,0.0]}},
{"type":"Feature","properties":{"Contents":"5","TEXTSTRING":"5","TEXT_SIZE":0.6,"TEXT_ANGLE":2.7860519036054439},"geometry":{"type":"Point","coordinates":[615001.8356334,9762976.8318504,0.0]}},
{"type":"Feature","properties":{"Contents":"6","TEXTSTRING":"6","TEXT_SIZE":0.6,"TEXT_ANGLE":2.7860519036054439},"geometry":{"type":"Point","coordinates":[615002.5748679,9762979.2162476,0.0]}},
{"type":"Feature","properties":{"Contents":"7","TEXTSTRING":"7","TEXT_SIZE":0.6,"TEXT_ANGLE":2.7860519036054439},"geometry":{"type":"Point","coordinates":[615003.334654,9762981.8383538,0.0]}},
{"type":"Feature","properties":{"Contents":"8","TEXTSTRING":"8","TEXT_SIZE":0.6,"TEXT_ANGLE":2.7860519036054439},"geometry":{"type":"Point","coordinates":[615004.0266899,9762984.28713,0.0]}},
{"type":"Feature","properties":{"Contents":"9","TEXTSTRING":"9","TEXT_SIZE":0.6,"TEXT_ANGLE":2.7860519036054439},"geometry":{"type":"Point","coordinates":[615005.7853248,9762985.8840709,0.0]}},
{"type":"Feature","properties":{"Contents":"07","TEXTSTRING":"07","TEXT_SIZE":0.6,"TEXT_ANGLE":2.7860519036054439},"geometry":{"type":"Point","coordinates":[615033.5995504,9763048.0439088,0.0]}},
{"type":"Feature","properties":{"Contents":"9","TEXTSTRING":"9","TEXT_SIZE":0.6,"TEXT_ANGLE":2.7860519036054439},"geometry":{"type":"Point","coordinates":[614870.1734468,9763077.0682171,0.0]}},
{"type":"Feature","properties":{"Contents":"8","TEXTSTRING":"8","TEXT_SIZE":0.6,"TEXT_ANGLE":2.7860519036054439},"geometry":{"type":"Point","coordinates":[614867.250201,9763076.3143509,0.0]}},
{"type":"Feature","properties":{"Contents":"7","TEXTSTRING":"7","TEXT_SIZE":0.6,"TEXT_ANGLE":2.7860519036054439},"geometry":{"type":"Point","coordinates":[614863.721606,9763074.9115926,0.0]}},
{"type":"Feature","properties":{"Contents":"6","TEXTSTRING":"6","TEXT_SIZE":0.6,"TEXT_ANGLE":2.7860519036054439},"geometry":{"type":"Point","coordinates":[614860.3583959,9763073.6487758,0.0]}},
{"type":"Feature","properties":{"Contents":"5","TEXTSTRING":"5","TEXT_SIZE":0.6,"TEXT_ANGLE":2.7860519036054439},"geometry":{"type":"Point","coordinates":[614857.0143822,9763072.5559564,0.0]}},
{"type":"Feature","properties":{"Contents":"4","TEXTSTRING":"4","TEXT_SIZE":0.6,"TEXT_ANGLE":2.7860519036054439},"geometry":{"type":"Point","coordinates":[614853.6102355,9763071.1134013,0.0]}},
{"type":"Feature","properties":{"Contents":"3","TEXTSTRING":"3","TEXT_SIZE":0.6,"TEXT_ANGLE":2.7860519036054439},"geometry":{"type":"Point","coordinates":[614850.2632387,9763069.6139021,0.0]}},
{"type":"Feature","properties":{"Contents":"2","TEXTSTRING":"2","TEXT_SIZE":0.6,"TEXT_ANGLE":2.7860519036054439},"geometry":{"type":"Point","coordinates":[614846.6740905,9763068.3811122,0.0]}},
{"type":"Feature","properties":{"Contents":"1","TEXTSTRING":"1","TEXT_SIZE":0.6,"TEXT_ANGLE":2.7860519036054439},"geometry":{"type":"Point","coordinates":[614843.0729639,9763066.8242616,0.0]}},
{"type":"Feature","properties":{"Contents":"3","TEXTSTRING":"3","TEXT_SIZE":0.6,"TEXT_ANGLE":2.7860519036054439},"geometry":{"type":"Point","coordinates":[614779.6751368,9763195.1250138,0.0]}},
{"type":"Feature","properties":{"Contents":"8","TEXTSTRING":"8","TEXT_SIZE":0.6,"TEXT_ANGLE":2.7860519036054439},"geometry":{"type":"Point","coordinates":[614780.8816842,9763177.4091077,0.0]}},
{"type":"Feature","properties":{"Contents":"7","TEXTSTRING":"7","TEXT_SIZE":0.6,"TEXT_ANGLE":2.7860519036054439},"geometry":{"type":"Point","coordinates":[614780.644234,9763180.9522702,0.0]}},
{"type":"Feature","properties":{"Contents":"6","TEXTSTRING":"6","TEXT_SIZE":0.6,"TEXT_ANGLE":2.7860519036054439},"geometry":{"type":"Point","coordinates":[614780.4870367,9763184.4011112,0.0]}},
{"type":"Feature","properties":{"Contents":"5","TEXTSTRING":"5","TEXT_SIZE":0.6,"TEXT_ANGLE":2.7860519036054439},"geometry":{"type":"Point","coordinates":[614780.0828492,9763187.9037557,0.0]}},
{"type":"Feature","properties":{"Contents":"4","TEXTSTRING":"4","TEXT_SIZE":0.6,"TEXT_ANGLE":2.7860519036054439},"geometry":{"type":"Point","coordinates":[614779.7344753,9763191.6567746,0.0]}},
{"type":"Feature","properties":{"Contents":"2","TEXTSTRING":"2","TEXT_SIZE":0.6,"TEXT_ANGLE":2.7860519036054439},"geometry":{"type":"Point","coordinates":[614779.4419244,9763198.6387251,0.0]}},
{"type":"Feature","properties":{"Contents":"1","TEXTSTRING":"1","TEXT_SIZE":0.6,"TEXT_ANGLE":2.7860519036054439},"geometry":{"type":"Point","coordinates":[614779.4019936,9763201.9038279,0.0]}},
{"type":"Feature","properties":{"Contents":"2","TEXTSTRING":"2","TEXT_SIZE":0.6,"TEXT_ANGLE":2.7860519036054439},"geometry":{"type":"Point","coordinates":[614795.3720798,9763037.7496385,0.0]}},
{"type":"Feature","properties":{"Contents":"3","TEXTSTRING":"3","TEXT_SIZE":0.6,"TEXT_ANGLE":2.7860519036054439},"geometry":{"type":"Point","coordinates":[614797.313071,9763039.1115887,0.0]}},
{"type":"Feature","properties":{"Contents":"1","TEXTSTRING":"1","TEXT_SIZE":0.6,"TEXT_ANGLE":2.7860519036054439},"geometry":{"type":"Point","coordinates":[614793.4758982,9763036.3727627,0.0]}},
{"type":"Feature","properties":{"Contents":"4","TEXTSTRING":"4","TEXT_SIZE":0.6,"TEXT_ANGLE":2.7860519036054439},"geometry":{"type":"Point","coordinates":[614799.1580676,9763040.8729598,0.0]}},
{"type":"Feature","properties":{"Contents":"1","TEXTSTRING":"1","TEXT_SIZE":0.6,"TEXT_ANGLE":2.7860519036054439},"geometry":{"type":"Point","coordinates":[614870.9944865,9762916.5332842,0.0]}},
{"type":"Feature","properties":{"Contents":"2","TEXTSTRING":"2","TEXT_SIZE":0.6,"TEXT_ANGLE":2.7860519036054439},"geometry":{"type":"Point","coordinates":[614873.2464267,9762915.961817,0.0]}},
{"type":"Feature","properties":{"Contents":"3","TEXTSTRING":"3","TEXT_SIZE":0.6,"TEXT_ANGLE":2.7860519036054439},"geometry":{"type":"Point","coordinates":[614875.5372021,9762915.1568598,0.0]}},
{"type":"Feature","properties":{"Contents":"4","TEXTSTRING":"4","TEXT_SIZE":0.6,"TEXT_ANGLE":2.7860519036054439},"geometry":{"type":"Point","coordinates":[614877.7535386,9762914.4782094,0.0]}},
{"type":"Feature","properties":{"Contents":"6","TEXTSTRING":"6","TEXT_SIZE":0.6,"TEXT_ANGLE":2.7860519036054439},"geometry":{"type":"Point","coordinates":[614882.3032759,9762913.0650191,0.0]}},
{"type":"Feature","properties":{"Contents":"8","TEXTSTRING":"8","TEXT_SIZE":0.6,"TEXT_ANGLE":2.7860519036054439},"geometry":{"type":"Point","coordinates":[614886.9426535,9762911.6536205,0.0]}},
{"type":"Feature","properties":{"Contents":"9","TEXTSTRING":"9","TEXT_SIZE":0.6,"TEXT_ANGLE":2.7860519036054439},"geometry":{"type":"Point","coordinates":[614889.2183636,9762910.9169973,0.0]}},
{"type":"Feature","properties":{"Contents":"10","TEXTSTRING":"10","TEXT_SIZE":0.6,"TEXT_ANGLE":2.7860519036054439},"geometry":{"type":"Point","coordinates":[614891.3184626,9762910.2382296,0.0]}},
{"type":"Feature","properties":{"Contents":"11","TEXTSTRING":"11","TEXT_SIZE":0.6,"TEXT_ANGLE":2.7860519036054439},"geometry":{"type":"Point","coordinates":[614896.633388,9762906.0359813,0.0]}},
{"type":"Feature","properties":{"Contents":"7","TEXTSTRING":"7","TEXT_SIZE":0.6,"TEXT_ANGLE":2.7860519036054439},"geometry":{"type":"Point","coordinates":[614895.8790981,9762888.2807209,0.0]}},
{"type":"Feature","properties":{"Contents":"6","TEXTSTRING":"6","TEXT_SIZE":0.6,"TEXT_ANGLE":2.7860519036054439},"geometry":{"type":"Point","coordinates":[614893.9520812,9762886.4225339,0.0]}},
{"type":"Feature","properties":{"Contents":"5","TEXTSTRING":"5","TEXT_SIZE":0.6,"TEXT_ANGLE":2.7860519036054439},"geometry":{"type":"Point","coordinates":[614893.1792919,9762884.1538288,0.0]}},
{"type":"Feature","properties":{"Contents":"4","TEXTSTRING":"4","TEXT_SIZE":0.6,"TEXT_ANGLE":2.7860519036054439},"geometry":{"type":"Point","coordinates":[614892.3221676,9762881.8864557,0.0]}},
{"type":"Feature","properties":{"Contents":"3","TEXTSTRING":"3","TEXT_SIZE":0.6,"TEXT_ANGLE":2.7860519036054439},"geometry":{"type":"Point","coordinates":[614891.6386168,9762879.5414895,0.0]}},
{"type":"Feature","properties":{"Contents":"2","TEXTSTRING":"2","TEXT_SIZE":0.6,"TEXT_ANGLE":2.7860519036054439},"geometry":{"type":"Point","coordinates":[614891.1811278,9762877.3186951,0.0]}},
{"type":"Feature","properties":{"Contents":"1","TEXTSTRING":"1","TEXT_SIZE":0.6,"TEXT_ANGLE":2.7860519036054439},"geometry":{"type":"Point","coordinates":[614890.2695316,9762874.968689,0.0]}},
{"type":"Feature","properties":{"Contents":"11","TEXTSTRING":"11","TEXT_SIZE":0.6,"TEXT_ANGLE":2.7860519036054439},"geometry":{"type":"Point","coordinates":[614874.6291127,9762881.4459418,0.0]}},
{"type":"Feature","properties":{"Contents":"10","TEXTSTRING":"10","TEXT_SIZE":0.6,"TEXT_ANGLE":2.7860519036054439},"geometry":{"type":"Point","coordinates":[614871.90528,9762881.0498133,0.0]}},
{"type":"Feature","properties":{"Contents":"9","TEXTSTRING":"9","TEXT_SIZE":0.6,"TEXT_ANGLE":2.7860519036054439},"geometry":{"type":"Point","coordinates":[614869.8498978,9762881.6976889,0.0]}},
{"type":"Feature","properties":{"Contents":"8","TEXTSTRING":"8","TEXT_SIZE":0.6,"TEXT_ANGLE":2.7860519036054439},"geometry":{"type":"Point","coordinates":[614867.6491775,9762882.3720324,0.0]}},
{"type":"Feature","properties":{"Contents":"7","TEXTSTRING":"7","TEXT_SIZE":0.6,"TEXT_ANGLE":2.7860519036054439},"geometry":{"type":"Point","coordinates":[614865.3430438,9762883.1699212,0.0]}},
{"type":"Feature","properties":{"Contents":"6","TEXTSTRING":"6","TEXT_SIZE":0.6,"TEXT_ANGLE":2.7860519036054439},"geometry":{"type":"Point","coordinates":[614863.1349284,9762883.9155704,0.0]}},
{"type":"Feature","properties":{"Contents":"5","TEXTSTRING":"5","TEXT_SIZE":0.6,"TEXT_ANGLE":2.7860519036054439},"geometry":{"type":"Point","coordinates":[614860.7996046,9762884.6385181,0.0]}},
{"type":"Feature","properties":{"Contents":"3","TEXTSTRING":"3","TEXT_SIZE":0.6,"TEXT_ANGLE":2.7860519036054439},"geometry":{"type":"Point","coordinates":[614856.2621328,9762886.0543957,0.0]}},
{"type":"Feature","properties":{"Contents":"2","TEXTSTRING":"2","TEXT_SIZE":0.6,"TEXT_ANGLE":2.7860519036054439},"geometry":{"type":"Point","coordinates":[614853.934413,9762886.8196655,0.0]}},
{"type":"Feature","properties":{"Contents":"1","TEXTSTRING":"1","TEXT_SIZE":0.6,"TEXT_ANGLE":2.7860519036054439},"geometry":{"type":"Point","coordinates":[614852.2417957,9762889.268088,0.0]}},
{"type":"Feature","properties":{"Contents":"4","TEXTSTRING":"4","TEXT_SIZE":0.6,"TEXT_ANGLE":2.7860519036054439},"geometry":{"type":"Point","coordinates":[614858.4288747,9762885.3724899,0.0]}},
{"type":"Feature","properties":{"Contents":"14","TEXTSTRING":"14","TEXT_SIZE":0.6,"TEXT_ANGLE":2.7860519036054439},"geometry":{"type":"Point","coordinates":[614853.8283953,9762898.9567712,0.0]}},
{"type":"Feature","properties":{"Contents":"15","TEXTSTRING":"15","TEXT_SIZE":0.6,"TEXT_ANGLE":2.7860519036054439},"geometry":{"type":"Point","coordinates":[614856.0982295,9762898.3068918,0.0]}},
{"type":"Feature","properties":{"Contents":"16","TEXTSTRING":"16","TEXT_SIZE":0.6,"TEXT_ANGLE":2.7860519036054439},"geometry":{"type":"Point","coordinates":[614858.3843806,9762897.669373,0.0]}},
{"type":"Feature","properties":{"Contents":"17","TEXTSTRING":"17","TEXT_SIZE":0.6,"TEXT_ANGLE":2.7860519036054439},"geometry":{"type":"Point","coordinates":[614860.8163986,9762897.0676245,0.0]}},
{"type":"Feature","properties":{"Contents":"18","TEXTSTRING":"18","TEXT_SIZE":0.6,"TEXT_ANGLE":2.7860519036054439},"geometry":{"type":"Point","coordinates":[614863.0610066,9762896.4007304,0.0]}},
{"type":"Feature","properties":{"Contents":"19","TEXTSTRING":"19","TEXT_SIZE":0.6,"TEXT_ANGLE":2.7860519036054439},"geometry":{"type":"Point","coordinates":[614865.292943,9762895.5469539,0.0]}},
{"type":"Feature","properties":{"Contents":"20","TEXTSTRING":"20","TEXT_SIZE":0.6,"TEXT_ANGLE":2.7860519036054439},"geometry":{"type":"Point","coordinates":[614867.5769611,9762894.8130792,0.0]}},
{"type":"Feature","properties":{"Contents":"21","TEXTSTRING":"21","TEXT_SIZE":0.6,"TEXT_ANGLE":2.7860519036054439},"geometry":{"type":"Point","coordinates":[614869.8638736,9762894.0162465,0.0]}},
{"type":"Feature","properties":{"Contents":"22","TEXTSTRING":"22","TEXT_SIZE":0.6,"TEXT_ANGLE":2.7860519036054439},"geometry":{"type":"Point","coordinates":[614872.1650986,9762893.3410812,0.0]}},
{"type":"Feature","properties":{"Contents":"23","TEXTSTRING":"23","TEXT_SIZE":0.6,"TEXT_ANGLE":2.7860519036054439},"geometry":{"type":"Point","coordinates":[614874.419595,9762892.6495233,0.0]}},
{"type":"Feature","properties":{"Contents":"24","TEXTSTRING":"24","TEXT_SIZE":0.6,"TEXT_ANGLE":2.7860519036054439},"geometry":{"type":"Point","coordinates":[614876.7935071,9762891.9537503,0.0]}},
{"type":"Feature","properties":{"Contents":"25","TEXTSTRING":"25","TEXT_SIZE":0.6,"TEXT_ANGLE":2.7860519036054439},"geometry":{"type":"Point","coordinates":[614879.0435413,9762891.1529391,0.0]}},
{"type":"Feature","properties":{"Contents":"26","TEXTSTRING":"26","TEXT_SIZE":0.6,"TEXT_ANGLE":2.7860519036054439},"geometry":{"type":"Point","coordinates":[614881.3249776,9762890.4249846,0.0]}},
{"type":"Feature","properties":{"Contents":"13","TEXTSTRING":"13","TEXT_SIZE":0.6,"TEXT_ANGLE":2.7860519036054439},"geometry":{"type":"Point","coordinates":[614883.4067622,9762896.5930883,0.0]}},
{"type":"Feature","properties":{"Contents":"12","TEXTSTRING":"12","TEXT_SIZE":0.6,"TEXT_ANGLE":2.7860519036054439},"geometry":{"type":"Point","coordinates":[614881.1881355,9762897.2045622,0.0]}},
{"type":"Feature","properties":{"Contents":"11","TEXTSTRING":"11","TEXT_SIZE":0.6,"TEXT_ANGLE":2.7860519036054439},"geometry":{"type":"Point","coordinates":[614878.7480015,9762897.8323164,0.0]}},
{"type":"Feature","properties":{"Contents":"10","TEXTSTRING":"10","TEXT_SIZE":0.6,"TEXT_ANGLE":2.7860519036054439},"geometry":{"type":"Point","coordinates":[614876.4917971,9762898.515904,0.0]}},
{"type":"Feature","properties":{"Contents":"9","TEXTSTRING":"9","TEXT_SIZE":0.6,"TEXT_ANGLE":2.7860519036054439},"geometry":{"type":"Point","coordinates":[614874.4266819,9762899.3022204,0.0]}},
{"type":"Feature","properties":{"Contents":"8","TEXTSTRING":"8","TEXT_SIZE":0.6,"TEXT_ANGLE":2.7860519036054439},"geometry":{"type":"Point","coordinates":[614872.0897275,9762900.0579378,0.0]}},
{"type":"Feature","properties":{"Contents":"7","TEXTSTRING":"7","TEXT_SIZE":0.6,"TEXT_ANGLE":2.7860519036054439},"geometry":{"type":"Point","coordinates":[614869.809942,9762900.7509066,0.0]}},
{"type":"Feature","properties":{"Contents":"6","TEXTSTRING":"6","TEXT_SIZE":0.6,"TEXT_ANGLE":2.7860519036054439},"geometry":{"type":"Point","coordinates":[614867.5390088,9762901.3067976,0.0]}},
{"type":"Feature","properties":{"Contents":"5","TEXTSTRING":"5","TEXT_SIZE":0.6,"TEXT_ANGLE":2.7860519036054439},"geometry":{"type":"Point","coordinates":[614865.2644768,9762902.0006048,0.0]}},
{"type":"Feature","properties":{"Contents":"4","TEXTSTRING":"4","TEXT_SIZE":0.6,"TEXT_ANGLE":2.7860519036054439},"geometry":{"type":"Point","coordinates":[614862.9141462,9762902.6954674,0.0]}},
{"type":"Feature","properties":{"Contents":"3","TEXTSTRING":"3","TEXT_SIZE":0.6,"TEXT_ANGLE":2.7860519036054439},"geometry":{"type":"Point","coordinates":[614860.724488,9762903.4386374,0.0]}},
{"type":"Feature","properties":{"Contents":"2","TEXTSTRING":"2","TEXT_SIZE":0.6,"TEXT_ANGLE":2.7860519036054439},"geometry":{"type":"Point","coordinates":[614858.3929182,9762904.2396312,0.0]}},
{"type":"Feature","properties":{"Contents":"1","TEXTSTRING":"1","TEXT_SIZE":0.6,"TEXT_ANGLE":2.7860519036054439},"geometry":{"type":"Point","coordinates":[614856.1368857,9762904.9154332,0.0]}},
{"type":"Feature","properties":{"Contents":"7","TEXTSTRING":"7","TEXT_SIZE":0.6,"TEXT_ANGLE":2.7860519036054439},"geometry":{"type":"Point","coordinates":[614884.5841898,9762912.3047459,0.0]}},
{"type":"Feature","properties":{"Contents":"1","TEXTSTRING":"1","TEXT_SIZE":0.6,"TEXT_ANGLE":2.7860519036054439},"geometry":{"type":"Point","coordinates":[614901.9616888,9762917.8070241,0.0]}},
{"type":"Feature","properties":{"Contents":"2","TEXTSTRING":"2","TEXT_SIZE":0.6,"TEXT_ANGLE":2.7860519036054439},"geometry":{"type":"Point","coordinates":[614903.9936046,9762919.6054722,0.0]}},
{"type":"Feature","properties":{"Contents":"3","TEXTSTRING":"3","TEXT_SIZE":0.6,"TEXT_ANGLE":2.7860519036054439},"geometry":{"type":"Point","coordinates":[614904.6518537,9762921.9994896,0.0]}},
{"type":"Feature","properties":{"Contents":"1","TEXTSTRING":"1","TEXT_SIZE":0.6,"TEXT_ANGLE":2.7860519036054439},"geometry":{"type":"Point","coordinates":[614813.277164,9762980.4280774,0.0]}},
{"type":"Feature","properties":{"Contents":"2","TEXTSTRING":"2","TEXT_SIZE":0.6,"TEXT_ANGLE":2.7860519036054439},"geometry":{"type":"Point","coordinates":[614815.1133223,9762978.2845044,0.0]}},
{"type":"Feature","properties":{"Contents":"3","TEXTSTRING":"3","TEXT_SIZE":0.6,"TEXT_ANGLE":2.7860519036054439},"geometry":{"type":"Point","coordinates":[614816.8539779,9762976.1320436,0.0]}},
{"type":"Feature","properties":{"Contents":"4","TEXTSTRING":"4","TEXT_SIZE":0.6,"TEXT_ANGLE":2.7860519036054439},"geometry":{"type":"Point","coordinates":[614818.5161806,9762974.162277,0.0]}},
{"type":"Feature","properties":{"Contents":"5","TEXTSTRING":"5","TEXT_SIZE":0.6,"TEXT_ANGLE":2.7860519036054439},"geometry":{"type":"Point","coordinates":[614819.9657868,9762971.864206,0.0]}},
{"type":"Feature","properties":{"Contents":"6","TEXTSTRING":"6","TEXT_SIZE":0.6,"TEXT_ANGLE":2.7860519036054439},"geometry":{"type":"Point","coordinates":[614821.6489138,9762970.272582,0.0]}},
{"type":"Feature","properties":{"Contents":"7","TEXTSTRING":"7","TEXT_SIZE":0.6,"TEXT_ANGLE":2.7860519036054439},"geometry":{"type":"Point","coordinates":[614822.9825436,9762967.5303556,0.0]}},
{"type":"Feature","properties":{"Contents":"8","TEXTSTRING":"8","TEXT_SIZE":0.6,"TEXT_ANGLE":2.7860519036054439},"geometry":{"type":"Point","coordinates":[614824.4329608,9762965.2845692,0.0]}},
{"type":"Feature","properties":{"Contents":"9","TEXTSTRING":"9","TEXT_SIZE":0.6,"TEXT_ANGLE":2.7860519036054439},"geometry":{"type":"Point","coordinates":[614826.0951634,9762962.4650938,0.0]}},
{"type":"Feature","properties":{"Contents":"01","TEXTSTRING":"01","TEXT_SIZE":0.6,"TEXT_ANGLE":2.7860519036054439},"geometry":{"type":"Point","coordinates":[614830.2784278,9762955.1034518,0.0]}},
{"type":"Feature","properties":{"Contents":"02","TEXTSTRING":"02","TEXT_SIZE":0.6,"TEXT_ANGLE":2.7860519036054439},"geometry":{"type":"Point","coordinates":[614831.4316187,9762952.7271727,0.0]}},
{"type":"Feature","properties":{"Contents":"03","TEXTSTRING":"03","TEXT_SIZE":0.6,"TEXT_ANGLE":2.7860519036054439},"geometry":{"type":"Point","coordinates":[614832.761877,9762950.4849936,0.0]}},
{"type":"Feature","properties":{"Contents":"04","TEXTSTRING":"04","TEXT_SIZE":0.6,"TEXT_ANGLE":2.7860519036054439},"geometry":{"type":"Point","coordinates":[614834.079317,9762948.1956876,0.0]}},
{"type":"Feature","properties":{"Contents":"05","TEXTSTRING":"05","TEXT_SIZE":0.6,"TEXT_ANGLE":2.7860519036054439},"geometry":{"type":"Point","coordinates":[614835.6015911,9762945.9791903,0.0]}},
{"type":"Feature","properties":{"Contents":"06","TEXTSTRING":"06","TEXT_SIZE":0.6,"TEXT_ANGLE":2.7860519036054439},"geometry":{"type":"Point","coordinates":[614837.0558359,9762943.8806154,0.0]}},
{"type":"Feature","properties":{"Contents":"05","TEXTSTRING":"05","TEXT_SIZE":0.6,"TEXT_ANGLE":2.7860519036054439},"geometry":{"type":"Point","coordinates":[614810.638234,9762957.0467764,0.0]}},
{"type":"Feature","properties":{"Contents":"04","TEXTSTRING":"04","TEXT_SIZE":0.6,"TEXT_ANGLE":2.7860519036054439},"geometry":{"type":"Point","coordinates":[614809.2427164,9762958.9461353,0.0]}},
{"type":"Feature","properties":{"Contents":"03","TEXTSTRING":"03","TEXT_SIZE":0.6,"TEXT_ANGLE":2.7860519036054439},"geometry":{"type":"Point","coordinates":[614806.7801725,9762960.4448338,0.0]}},
{"type":"Feature","properties":{"Contents":"02","TEXTSTRING":"02","TEXT_SIZE":0.6,"TEXT_ANGLE":2.7860519036054439},"geometry":{"type":"Point","coordinates":[614805.2182795,9762962.2780227,0.0]}},
{"type":"Feature","properties":{"Contents":"01","TEXTSTRING":"01","TEXT_SIZE":0.6,"TEXT_ANGLE":2.7860519036054439},"geometry":{"type":"Point","coordinates":[614803.8814044,9762964.2995495,0.0]}},
{"type":"Feature","properties":{"Contents":"14","TEXTSTRING":"14","TEXT_SIZE":0.6,"TEXT_ANGLE":2.7860519036054439},"geometry":{"type":"Point","coordinates":[614811.3378849,9762883.3043648,0.0]}},
{"type":"Feature","properties":{"Contents":"13","TEXTSTRING":"13","TEXT_SIZE":0.6,"TEXT_ANGLE":2.7860519036054439},"geometry":{"type":"Point","coordinates":[614811.0963206,9762880.9938285,0.0]}},
{"type":"Feature","properties":{"Contents":"12","TEXTSTRING":"12","TEXT_SIZE":0.6,"TEXT_ANGLE":2.7860519036054439},"geometry":{"type":"Point","coordinates":[614810.6014265,9762878.6269536,0.0]}},
{"type":"Feature","properties":{"Contents":"9","TEXTSTRING":"9","TEXT_SIZE":0.6,"TEXT_ANGLE":2.7860519036054439},"geometry":{"type":"Point","coordinates":[614809.8688331,9762871.5004362,0.0]}},
{"type":"Feature","properties":{"Contents":"8","TEXTSTRING":"8","TEXT_SIZE":0.6,"TEXT_ANGLE":2.7860519036054439},"geometry":{"type":"Point","coordinates":[614809.4123631,9762868.966321,0.0]}},
{"type":"Feature","properties":{"Contents":"7","TEXTSTRING":"7","TEXT_SIZE":0.6,"TEXT_ANGLE":2.7860519036054439},"geometry":{"type":"Point","coordinates":[614808.839133,9762866.4201105,0.0]}},
{"type":"Feature","properties":{"Contents":"6","TEXTSTRING":"6","TEXT_SIZE":0.6,"TEXT_ANGLE":2.7860519036054439},"geometry":{"type":"Point","coordinates":[614808.193546,9762864.1403833,0.0]}},
{"type":"Feature","properties":{"Contents":"5","TEXTSTRING":"5","TEXT_SIZE":0.6,"TEXT_ANGLE":2.7860519036054439},"geometry":{"type":"Point","coordinates":[614807.1442287,9762861.9502439,0.0]}},
{"type":"Feature","properties":{"Contents":"4","TEXTSTRING":"4","TEXT_SIZE":0.6,"TEXT_ANGLE":2.7860519036054439},"geometry":{"type":"Point","coordinates":[614806.536044,9762859.6533147,0.0]}},
{"type":"Feature","properties":{"Contents":"3","TEXTSTRING":"3","TEXT_SIZE":0.6,"TEXT_ANGLE":2.7860519036054439},"geometry":{"type":"Point","coordinates":[614805.9536556,9762857.3788548,0.0]}},
{"type":"Feature","properties":{"Contents":"2","TEXTSTRING":"2","TEXT_SIZE":0.6,"TEXT_ANGLE":2.7860519036054439},"geometry":{"type":"Point","coordinates":[614805.242268,9762855.0932993,0.0]}},
{"type":"Feature","properties":{"Contents":"1","TEXTSTRING":"1","TEXT_SIZE":0.6,"TEXT_ANGLE":2.7860519036054439},"geometry":{"type":"Point","coordinates":[614804.5508095,9762852.8041238,0.0]}},
{"type":"Feature","properties":{"Contents":"11","TEXTSTRING":"11","TEXT_SIZE":0.6,"TEXT_ANGLE":2.7860519036054439},"geometry":{"type":"Point","coordinates":[614821.6819722,9762876.6605929,0.0]}},
{"type":"Feature","properties":{"Contents":"6","TEXTSTRING":"6","TEXT_SIZE":0.6,"TEXT_ANGLE":2.7860519036054439},"geometry":{"type":"Point","coordinates":[614800.8003255,9762864.7458315,0.0]}},
{"type":"Feature","properties":{"Contents":"5","TEXTSTRING":"5","TEXT_SIZE":0.6,"TEXT_ANGLE":2.7860519036054439},"geometry":{"type":"Point","coordinates":[614798.3999514,9762865.3399681,0.0]}},
{"type":"Feature","properties":{"Contents":"4","TEXTSTRING":"4","TEXT_SIZE":0.6,"TEXT_ANGLE":2.7860519036054439},"geometry":{"type":"Point","coordinates":[614796.0180592,9762865.7587861,0.0]}},
{"type":"Feature","properties":{"Contents":"3","TEXTSTRING":"3","TEXT_SIZE":0.6,"TEXT_ANGLE":2.7860519036054439},"geometry":{"type":"Point","coordinates":[614793.6925427,9762866.1326607,0.0]}},
{"type":"Feature","properties":{"Contents":"2","TEXTSTRING":"2","TEXT_SIZE":0.6,"TEXT_ANGLE":2.7860519036054439},"geometry":{"type":"Point","coordinates":[614791.1329464,9762866.5523778,0.0]}},
{"type":"Feature","properties":{"Contents":"1","TEXTSTRING":"1","TEXT_SIZE":0.6,"TEXT_ANGLE":2.7860519036054439},"geometry":{"type":"Point","coordinates":[614788.9358631,9762866.8827708,0.0]}},
{"type":"Feature","properties":{"Contents":"1","TEXTSTRING":"1","TEXT_SIZE":0.6,"TEXT_ANGLE":2.7860519036054439},"geometry":{"type":"Point","coordinates":[614913.5677944,9762929.2738742,0.0]}},
{"type":"Feature","properties":{"Contents":"7","TEXTSTRING":"7","TEXT_SIZE":0.6,"TEXT_ANGLE":2.7860519036054439},"geometry":{"type":"Point","coordinates":[614728.0205334,9762721.8640086,0.0]}},
{"type":"Feature","properties":{"Contents":"6","TEXTSTRING":"6","TEXT_SIZE":0.6,"TEXT_ANGLE":2.7860519036054439},"geometry":{"type":"Point","coordinates":[614727.7157473,9762719.3945645,0.0]}},
{"type":"Feature","properties":{"Contents":"5","TEXTSTRING":"5","TEXT_SIZE":0.6,"TEXT_ANGLE":2.7860519036054439},"geometry":{"type":"Point","coordinates":[614727.1850297,9762716.9997412,0.0]}},
{"type":"Feature","properties":{"Contents":"4","TEXTSTRING":"4","TEXT_SIZE":0.6,"TEXT_ANGLE":2.7860519036054439},"geometry":{"type":"Point","coordinates":[614726.8108772,9762714.5213362,0.0]}},
{"type":"Feature","properties":{"Contents":"3","TEXTSTRING":"3","TEXT_SIZE":0.6,"TEXT_ANGLE":2.7860519036054439},"geometry":{"type":"Point","coordinates":[614726.462858,9762711.9281038,0.0]}},
{"type":"Feature","properties":{"Contents":"2","TEXTSTRING":"2","TEXT_SIZE":0.6,"TEXT_ANGLE":2.7860519036054439},"geometry":{"type":"Point","coordinates":[614725.9761355,9762709.4245475,0.0]}},
{"type":"Feature","properties":{"Contents":"1","TEXTSTRING":"1","TEXT_SIZE":0.6,"TEXT_ANGLE":2.7860519036054439},"geometry":{"type":"Point","coordinates":[614725.5567406,9762706.9598377,0.0]}},
{"type":"Feature","properties":{"Contents":"1","TEXTSTRING":"1","TEXT_SIZE":0.6,"TEXT_ANGLE":2.7860519036054439},"geometry":{"type":"Point","coordinates":[614740.642362,9762701.5723426,0.0]}},
{"type":"Feature","properties":{"Contents":"2","TEXTSTRING":"2","TEXT_SIZE":0.6,"TEXT_ANGLE":2.7860519036054439},"geometry":{"type":"Point","coordinates":[614741.534164,9762704.2153817,0.0]}},
{"type":"Feature","properties":{"Contents":"3","TEXTSTRING":"3","TEXT_SIZE":0.6,"TEXT_ANGLE":2.7860519036054439},"geometry":{"type":"Point","coordinates":[614742.3202914,9762706.895251,0.0]}},
{"type":"Feature","properties":{"Contents":"4","TEXTSTRING":"4","TEXT_SIZE":0.6,"TEXT_ANGLE":2.7860519036054439},"geometry":{"type":"Point","coordinates":[614742.8355882,9762709.8497252,0.0]}},
{"type":"Feature","properties":{"Contents":"5","TEXTSTRING":"5","TEXT_SIZE":0.6,"TEXT_ANGLE":2.7860519036054439},"geometry":{"type":"Point","coordinates":[614743.539106,9762712.7871027,0.0]}},
{"type":"Feature","properties":{"Contents":"6","TEXTSTRING":"6","TEXT_SIZE":0.6,"TEXT_ANGLE":2.7860519036054439},"geometry":{"type":"Point","coordinates":[614744.1150645,9762715.7050468,0.0]}},
{"type":"Feature","properties":{"Contents":"7","TEXTSTRING":"7","TEXT_SIZE":0.6,"TEXT_ANGLE":2.7860519036054439},"geometry":{"type":"Point","coordinates":[614744.5765976,9762718.8275938,0.0]}},
{"type":"Feature","properties":{"Contents":"8","TEXTSTRING":"8","TEXT_SIZE":0.6,"TEXT_ANGLE":2.7860519036054439},"geometry":{"type":"Point","coordinates":[614745.0715512,9762721.934788,0.0]}},
{"type":"Feature","properties":{"Contents":"9","TEXTSTRING":"9","TEXT_SIZE":0.6,"TEXT_ANGLE":2.7860519036054439},"geometry":{"type":"Point","coordinates":[614745.3257933,9762725.4100342,0.0]}},
{"type":"Feature","properties":{"Contents":"15","TEXTSTRING":"15","TEXT_SIZE":0.6,"TEXT_ANGLE":2.7860519036054439},"geometry":{"type":"Point","coordinates":[614749.2738274,9762717.9327447,0.0]}},
{"type":"Feature","properties":{"Contents":"14","TEXTSTRING":"14","TEXT_SIZE":0.6,"TEXT_ANGLE":2.7860519036054439},"geometry":{"type":"Point","coordinates":[614748.446637,9762715.2774328,0.0]}},
{"type":"Feature","properties":{"Contents":"13","TEXTSTRING":"13","TEXT_SIZE":0.6,"TEXT_ANGLE":2.7860519036054439},"geometry":{"type":"Point","coordinates":[614747.5167752,9762712.5441119,0.0]}},
{"type":"Feature","properties":{"Contents":"12","TEXTSTRING":"12","TEXT_SIZE":0.6,"TEXT_ANGLE":2.7860519036054439},"geometry":{"type":"Point","coordinates":[614746.9127753,9762709.6470092,0.0]}},
{"type":"Feature","properties":{"Contents":"11","TEXTSTRING":"11","TEXT_SIZE":0.6,"TEXT_ANGLE":2.7860519036054439},"geometry":{"type":"Point","coordinates":[614746.2563714,9762706.7599621,0.0]}},
{"type":"Feature","properties":{"Contents":"10","TEXTSTRING":"10","TEXT_SIZE":0.6,"TEXT_ANGLE":2.7860519036054439},"geometry":{"type":"Point","coordinates":[614745.8787191,9762703.5707526,0.0]}},
{"type":"Feature","properties":{"Contents":"11","TEXTSTRING":"11","TEXT_SIZE":0.6,"TEXT_ANGLE":2.7860519036054439},"geometry":{"type":"Point","coordinates":[614759.018607,9762708.2466465,0.0]}},
{"type":"Feature","properties":{"Contents":"10","TEXTSTRING":"10","TEXT_SIZE":0.6,"TEXT_ANGLE":2.7860519036054439},"geometry":{"type":"Point","coordinates":[614757.9855144,9762705.4400005,0.0]}},
{"type":"Feature","properties":{"Contents":"9","TEXTSTRING":"9","TEXT_SIZE":0.6,"TEXT_ANGLE":2.7860519036054439},"geometry":{"type":"Point","coordinates":[614757.3143724,9762702.7355637,0.0]}},
{"type":"Feature","properties":{"Contents":"8","TEXTSTRING":"8","TEXT_SIZE":0.6,"TEXT_ANGLE":2.7860519036054439},"geometry":{"type":"Point","coordinates":[614756.3609593,9762699.971499,0.0]}},
{"type":"Feature","properties":{"Contents":"7","TEXTSTRING":"7","TEXT_SIZE":0.6,"TEXT_ANGLE":2.7860519036054439},"geometry":{"type":"Point","coordinates":[614755.6241468,9762697.2246306,0.0]}},
{"type":"Feature","properties":{"Contents":"6","TEXTSTRING":"6","TEXT_SIZE":0.6,"TEXT_ANGLE":2.7860519036054439},"geometry":{"type":"Point","coordinates":[614754.6414671,9762694.5886215,0.0]}},
{"type":"Feature","properties":{"Contents":"5","TEXTSTRING":"5","TEXT_SIZE":0.6,"TEXT_ANGLE":2.7860519036054439},"geometry":{"type":"Point","coordinates":[614753.7627792,9762691.9200176,0.0]}},
{"type":"Feature","properties":{"Contents":"4","TEXTSTRING":"4","TEXT_SIZE":0.6,"TEXT_ANGLE":2.7860519036054439},"geometry":{"type":"Point","coordinates":[614752.4989832,9762689.0885685,0.0]}},
{"type":"Feature","properties":{"Contents":"3","TEXTSTRING":"3","TEXT_SIZE":0.6,"TEXT_ANGLE":2.7860519036054439},"geometry":{"type":"Point","coordinates":[614751.8412114,9762686.3316266,0.0]}},
{"type":"Feature","properties":{"Contents":"2","TEXTSTRING":"2","TEXT_SIZE":0.6,"TEXT_ANGLE":2.7860519036054439},"geometry":{"type":"Point","coordinates":[614750.9553881,9762683.5275507,0.0]}},
{"type":"Feature","properties":{"Contents":"1","TEXTSTRING":"1","TEXT_SIZE":0.6,"TEXT_ANGLE":2.7860519036054439},"geometry":{"type":"Point","coordinates":[614750.0478217,9762680.9267571,0.0]}},
{"type":"Feature","properties":{"Contents":"4","TEXTSTRING":"4","TEXT_SIZE":0.6,"TEXT_ANGLE":2.7860519036054439},"geometry":{"type":"Point","coordinates":[614743.2044945,9762671.4090302,0.0]}},
{"type":"Feature","properties":{"Contents":"3","TEXTSTRING":"3","TEXT_SIZE":0.6,"TEXT_ANGLE":2.7860519036054439},"geometry":{"type":"Point","coordinates":[614740.1186075,9762674.107156,0.0]}},
{"type":"Feature","properties":{"Contents":"2","TEXTSTRING":"2","TEXT_SIZE":0.6,"TEXT_ANGLE":2.7860519036054439},"geometry":{"type":"Point","coordinates":[614737.4597728,9762674.5592555,0.0]}},
{"type":"Feature","properties":{"Contents":"1","TEXTSTRING":"1","TEXT_SIZE":0.6,"TEXT_ANGLE":2.7860519036054439},"geometry":{"type":"Point","coordinates":[614734.7889795,9762675.5174543,0.0]}},
{"type":"Feature","properties":{"Contents":"1","TEXTSTRING":"1","TEXT_SIZE":0.6,"TEXT_ANGLE":2.7860519036054439},"geometry":{"type":"Point","coordinates":[614746.431029,9762660.9644528,0.0]}},
{"type":"Feature","properties":{"Contents":"2","TEXTSTRING":"2","TEXT_SIZE":0.6,"TEXT_ANGLE":2.7860519036054439},"geometry":{"type":"Point","coordinates":[614748.8225895,9762660.1751829,0.0]}},
{"type":"Feature","properties":{"Contents":"3","TEXTSTRING":"3","TEXT_SIZE":0.6,"TEXT_ANGLE":2.7860519036054439},"geometry":{"type":"Point","coordinates":[614751.0440053,9762659.4464753,0.0]}},
{"type":"Feature","properties":{"Contents":"4","TEXTSTRING":"4","TEXT_SIZE":0.6,"TEXT_ANGLE":2.7860519036054439},"geometry":{"type":"Point","coordinates":[614753.2744979,9762658.7436032,0.0]}},
{"type":"Feature","properties":{"Contents":"6","TEXTSTRING":"6","TEXT_SIZE":0.6,"TEXT_ANGLE":2.7860519036054439},"geometry":{"type":"Point","coordinates":[614757.8778333,9762657.3638466,0.0]}},
{"type":"Feature","properties":{"Contents":"7","TEXTSTRING":"7","TEXT_SIZE":0.6,"TEXT_ANGLE":2.7860519036054439},"geometry":{"type":"Point","coordinates":[614760.2104587,9762656.6246879,0.0]}},
{"type":"Feature","properties":{"Contents":"8","TEXTSTRING":"8","TEXT_SIZE":0.6,"TEXT_ANGLE":2.7860519036054439},"geometry":{"type":"Point","coordinates":[614762.4632926,9762655.9604925,0.0]}},
{"type":"Feature","properties":{"Contents":"3","TEXTSTRING":"3","TEXT_SIZE":0.6,"TEXT_ANGLE":2.7860519036054439},"geometry":{"type":"Point","coordinates":[614760.1926874,9762643.1563206,0.0]}},
{"type":"Feature","properties":{"Contents":"2","TEXTSTRING":"2","TEXT_SIZE":0.6,"TEXT_ANGLE":2.7860519036054439},"geometry":{"type":"Point","coordinates":[614759.4744638,9762640.8577491,0.0]}},
{"type":"Feature","properties":{"Contents":"1","TEXTSTRING":"1","TEXT_SIZE":0.6,"TEXT_ANGLE":2.7860519036054439},"geometry":{"type":"Point","coordinates":[614758.7309288,9762638.5865425,0.0]}},
{"type":"Feature","properties":{"Contents":"1","TEXTSTRING":"1","TEXT_SIZE":0.6,"TEXT_ANGLE":2.7860519036054439},"geometry":{"type":"Point","coordinates":[614772.0021269,9762622.581386,0.0]}},
{"type":"Feature","properties":{"Contents":"2","TEXTSTRING":"2","TEXT_SIZE":0.6,"TEXT_ANGLE":2.7860519036054439},"geometry":{"type":"Point","coordinates":[614774.3369149,9762621.8680283,0.0]}},
{"type":"Feature","properties":{"Contents":"3","TEXTSTRING":"3","TEXT_SIZE":0.6,"TEXT_ANGLE":2.7860519036054439},"geometry":{"type":"Point","coordinates":[614776.5556686,9762621.0725754,0.0]}},
{"type":"Feature","properties":{"Contents":"4","TEXTSTRING":"4","TEXT_SIZE":0.6,"TEXT_ANGLE":2.7860519036054439},"geometry":{"type":"Point","coordinates":[614778.824285,9762620.3820625,0.0]}},
{"type":"Feature","properties":{"Contents":"5","TEXTSTRING":"5","TEXT_SIZE":0.6,"TEXT_ANGLE":2.7860519036054439},"geometry":{"type":"Point","coordinates":[614781.0757705,9762619.5784977,0.0]}},
{"type":"Feature","properties":{"Contents":"6","TEXTSTRING":"6","TEXT_SIZE":0.6,"TEXT_ANGLE":2.7860519036054439},"geometry":{"type":"Point","coordinates":[614783.4441689,9762618.8705528,0.0]}},
{"type":"Feature","properties":{"Contents":"7","TEXTSTRING":"7","TEXT_SIZE":0.6,"TEXT_ANGLE":2.7860519036054439},"geometry":{"type":"Point","coordinates":[614785.6448393,9762618.2469953,0.0]}},
{"type":"Feature","properties":{"Contents":"8","TEXTSTRING":"8","TEXT_SIZE":0.6,"TEXT_ANGLE":2.7860519036054439},"geometry":{"type":"Point","coordinates":[614788.0116481,9762617.5327177,0.0]}},
{"type":"Feature","properties":{"Contents":"9","TEXTSTRING":"9","TEXT_SIZE":0.6,"TEXT_ANGLE":2.7860519036054439},"geometry":{"type":"Point","coordinates":[614790.2193041,9762616.7615859,0.0]}},
{"type":"Feature","properties":{"Contents":"10","TEXTSTRING":"10","TEXT_SIZE":0.6,"TEXT_ANGLE":2.7860519036054439},"geometry":{"type":"Point","coordinates":[614792.2753041,9762616.1278129,0.0]}},
{"type":"Feature","properties":{"Contents":"11","TEXTSTRING":"11","TEXT_SIZE":0.6,"TEXT_ANGLE":2.7860519036054439},"geometry":{"type":"Point","coordinates":[614794.6282352,9762615.3754182,0.0]}},
{"type":"Feature","properties":{"Contents":"12","TEXTSTRING":"12","TEXT_SIZE":0.6,"TEXT_ANGLE":2.7860519036054439},"geometry":{"type":"Point","coordinates":[614796.9736111,9762614.654489,0.0]}},
{"type":"Feature","properties":{"Contents":"13","TEXTSTRING":"13","TEXT_SIZE":0.6,"TEXT_ANGLE":2.7860519036054439},"geometry":{"type":"Point","coordinates":[614799.2488988,9762613.9918951,0.0]}},
{"type":"Feature","properties":{"Contents":"14","TEXTSTRING":"14","TEXT_SIZE":0.6,"TEXT_ANGLE":2.7860519036054439},"geometry":{"type":"Point","coordinates":[614801.4962361,9762613.1882049,0.0]}},
{"type":"Feature","properties":{"Contents":"15","TEXTSTRING":"15","TEXT_SIZE":0.6,"TEXT_ANGLE":2.7860519036054439},"geometry":{"type":"Point","coordinates":[614803.810653,9762612.4585256,0.0]}},
{"type":"Feature","properties":{"Contents":"16","TEXTSTRING":"16","TEXT_SIZE":0.6,"TEXT_ANGLE":2.7860519036054439},"geometry":{"type":"Point","coordinates":[614806.1638391,9762611.7221362,0.0]}},
{"type":"Feature","properties":{"Contents":"17","TEXTSTRING":"17","TEXT_SIZE":0.6,"TEXT_ANGLE":2.7860519036054439},"geometry":{"type":"Point","coordinates":[614797.2554438,9762603.0153696,0.0]}},
{"type":"Feature","properties":{"Contents":"16","TEXTSTRING":"16","TEXT_SIZE":0.6,"TEXT_ANGLE":2.7860519036054439},"geometry":{"type":"Point","coordinates":[614794.5698869,9762602.7207998,0.0]}},
{"type":"Feature","properties":{"Contents":"15","TEXTSTRING":"15","TEXT_SIZE":0.6,"TEXT_ANGLE":2.7860519036054439},"geometry":{"type":"Point","coordinates":[614792.3479398,9762603.5499347,0.0]}},
{"type":"Feature","properties":{"Contents":"14","TEXTSTRING":"14","TEXT_SIZE":0.6,"TEXT_ANGLE":2.7860519036054439},"geometry":{"type":"Point","coordinates":[614790.0008399,9762604.2788173,0.0]}},
{"type":"Feature","properties":{"Contents":"13","TEXTSTRING":"13","TEXT_SIZE":0.6,"TEXT_ANGLE":2.7860519036054439},"geometry":{"type":"Point","coordinates":[614787.6224371,9762605.0833048,0.0]}},
{"type":"Feature","properties":{"Contents":"12","TEXTSTRING":"12","TEXT_SIZE":0.6,"TEXT_ANGLE":2.7860519036054439},"geometry":{"type":"Point","coordinates":[614785.4052448,9762605.7659693,0.0]}},
{"type":"Feature","properties":{"Contents":"11","TEXTSTRING":"11","TEXT_SIZE":0.6,"TEXT_ANGLE":2.7860519036054439},"geometry":{"type":"Point","coordinates":[614783.1989626,9762606.4206254,0.0]}},
{"type":"Feature","properties":{"Contents":"10","TEXTSTRING":"10","TEXT_SIZE":0.6,"TEXT_ANGLE":2.7860519036054439},"geometry":{"type":"Point","coordinates":[614780.8214426,9762607.1490058,0.0]}},
{"type":"Feature","properties":{"Contents":"9","TEXTSTRING":"9","TEXT_SIZE":0.6,"TEXT_ANGLE":2.7860519036054439},"geometry":{"type":"Point","coordinates":[614778.69593,9762607.8977652,0.0]}},
{"type":"Feature","properties":{"Contents":"8","TEXTSTRING":"8","TEXT_SIZE":0.6,"TEXT_ANGLE":2.7860519036054439},"geometry":{"type":"Point","coordinates":[614776.4618119,9762608.5106239,0.0]}},
{"type":"Feature","properties":{"Contents":"7","TEXTSTRING":"7","TEXT_SIZE":0.6,"TEXT_ANGLE":2.7860519036054439},"geometry":{"type":"Point","coordinates":[614774.243057,9762609.4362246,0.0]}},
{"type":"Feature","properties":{"Contents":"6","TEXTSTRING":"6","TEXT_SIZE":0.6,"TEXT_ANGLE":2.7860519036054439},"geometry":{"type":"Point","coordinates":[614771.9421766,9762610.1132455,0.0]}},
{"type":"Feature","properties":{"Contents":"5","TEXTSTRING":"5","TEXT_SIZE":0.6,"TEXT_ANGLE":2.7860519036054439},"geometry":{"type":"Point","coordinates":[614769.5009004,9762610.8482906,0.0]}},
{"type":"Feature","properties":{"Contents":"4","TEXTSTRING":"4","TEXT_SIZE":0.6,"TEXT_ANGLE":2.7860519036054439},"geometry":{"type":"Point","coordinates":[614767.2865853,9762611.5085874,0.0]}},
{"type":"Feature","properties":{"Contents":"3","TEXTSTRING":"3","TEXT_SIZE":0.6,"TEXT_ANGLE":2.7860519036054439},"geometry":{"type":"Point","coordinates":[614765.1601363,9762612.1838978,0.0]}},
{"type":"Feature","properties":{"Contents":"2","TEXTSTRING":"2","TEXT_SIZE":0.6,"TEXT_ANGLE":2.7860519036054439},"geometry":{"type":"Point","coordinates":[614762.9846263,9762612.795375,0.0]}},
{"type":"Feature","properties":{"Contents":"1","TEXTSTRING":"1","TEXT_SIZE":0.6,"TEXT_ANGLE":2.7860519036054439},"geometry":{"type":"Point","coordinates":[614760.5573217,9762613.6100991,0.0]}},
{"type":"Feature","properties":{"Contents":"1","TEXTSTRING":"1","TEXT_SIZE":0.6,"TEXT_ANGLE":2.7860519036054439},"geometry":{"type":"Point","coordinates":[614816.9336848,9762603.2330325,0.0]}},
{"type":"Feature","properties":{"Contents":"2","TEXTSTRING":"2","TEXT_SIZE":0.6,"TEXT_ANGLE":2.7860519036054439},"geometry":{"type":"Point","coordinates":[614817.9134378,9762600.8721202,0.0]}},
{"type":"Feature","properties":{"Contents":"3","TEXTSTRING":"3","TEXT_SIZE":0.6,"TEXT_ANGLE":2.7860519036054439},"geometry":{"type":"Point","coordinates":[614818.9279553,9762598.7782102,0.0]}},
{"type":"Feature","properties":{"Contents":"4","TEXTSTRING":"4","TEXT_SIZE":0.6,"TEXT_ANGLE":2.7860519036054439},"geometry":{"type":"Point","coordinates":[614819.9565006,9762596.5268464,0.0]}},
{"type":"Feature","properties":{"Contents":"5","TEXTSTRING":"5","TEXT_SIZE":0.6,"TEXT_ANGLE":2.7860519036054439},"geometry":{"type":"Point","coordinates":[614820.9823756,9762594.3639756,0.0]}},
{"type":"Feature","properties":{"Contents":"6","TEXTSTRING":"6","TEXT_SIZE":0.6,"TEXT_ANGLE":2.7860519036054439},"geometry":{"type":"Point","coordinates":[614822.0418117,9762592.0807386,0.0]}},
{"type":"Feature","properties":{"Contents":"7","TEXTSTRING":"7","TEXT_SIZE":0.6,"TEXT_ANGLE":2.7860519036054439},"geometry":{"type":"Point","coordinates":[614823.4195423,9762590.1216326,0.0]}},
{"type":"Feature","properties":{"Contents":"8","TEXTSTRING":"8","TEXT_SIZE":0.6,"TEXT_ANGLE":2.7860519036054439},"geometry":{"type":"Point","coordinates":[614824.4768032,9762587.8271821,0.0]}},
{"type":"Feature","properties":{"Contents":"9","TEXTSTRING":"9","TEXT_SIZE":0.6,"TEXT_ANGLE":2.7860519036054439},"geometry":{"type":"Point","coordinates":[614825.7936485,9762585.9307414,0.0]}},
{"type":"Feature","properties":{"Contents":"1","TEXTSTRING":"1","TEXT_SIZE":0.6,"TEXT_ANGLE":2.7860519036054439},"geometry":{"type":"Point","coordinates":[614800.219685,9762589.4701213,0.0]}},
{"type":"Feature","properties":{"Contents":"2","TEXTSTRING":"2","TEXT_SIZE":0.6,"TEXT_ANGLE":2.7860519036054439},"geometry":{"type":"Point","coordinates":[614801.173305,9762591.920206,0.0]}},
{"type":"Feature","properties":{"Contents":"3","TEXTSTRING":"3","TEXT_SIZE":0.6,"TEXT_ANGLE":2.7860519036054439},"geometry":{"type":"Point","coordinates":[614801.9517798,9762594.6814087,0.0]}},
{"type":"Feature","properties":{"Contents":"1","TEXTSTRING":"1","TEXT_SIZE":0.6,"TEXT_ANGLE":2.7860519036054439},"geometry":{"type":"Point","coordinates":[614777.962935,9762574.9565264,0.0]}},
{"type":"Feature","properties":{"Contents":"2","TEXTSTRING":"2","TEXT_SIZE":0.6,"TEXT_ANGLE":2.7860519036054439},"geometry":{"type":"Point","coordinates":[614780.406424,9762574.2253416,0.0]}},
{"type":"Feature","properties":{"Contents":"3","TEXTSTRING":"3","TEXT_SIZE":0.6,"TEXT_ANGLE":2.7860519036054439},"geometry":{"type":"Point","coordinates":[614782.3842296,9762573.2777448,0.0]}},
{"type":"Feature","properties":{"Contents":"4","TEXTSTRING":"4","TEXT_SIZE":0.6,"TEXT_ANGLE":2.7860519036054439},"geometry":{"type":"Point","coordinates":[614784.8344707,9762572.2053065,0.0]}},
{"type":"Feature","properties":{"Contents":"1","TEXTSTRING":"1","TEXT_SIZE":0.6,"TEXT_ANGLE":2.7860519036054439},"geometry":{"type":"Point","coordinates":[614807.0054578,9762564.6412191,0.0]}},
{"type":"Feature","properties":{"Contents":"2","TEXTSTRING":"2","TEXT_SIZE":0.6,"TEXT_ANGLE":2.7860519036054439},"geometry":{"type":"Point","coordinates":[614809.6251377,9762564.6868082,0.0]}},
{"type":"Feature","properties":{"Contents":"3","TEXTSTRING":"3","TEXT_SIZE":0.6,"TEXT_ANGLE":2.7860519036054439},"geometry":{"type":"Point","coordinates":[614812.1299221,9762564.5867017,0.0]}},
{"type":"Feature","properties":{"Contents":"4","TEXTSTRING":"4","TEXT_SIZE":0.6,"TEXT_ANGLE":2.7860519036054439},"geometry":{"type":"Point","coordinates":[614814.6547479,9762564.4865951,0.0]}},
{"type":"Feature","properties":{"Contents":"5","TEXTSTRING":"5","TEXT_SIZE":0.6,"TEXT_ANGLE":2.7860519036054439},"geometry":{"type":"Point","coordinates":[614817.2196382,9762564.286382,0.0]}},
{"type":"Feature","properties":{"Contents":"1","TEXTSTRING":"1","TEXT_SIZE":0.6,"TEXT_ANGLE":2.7860519036054439},"geometry":{"type":"Point","coordinates":[614758.0417784,9762544.2399962,0.0]}},
{"type":"Feature","properties":{"Contents":"2","TEXTSTRING":"2","TEXT_SIZE":0.6,"TEXT_ANGLE":2.7860519036054439},"geometry":{"type":"Point","coordinates":[614760.1180373,9762542.9093856,0.0]}},
{"type":"Feature","properties":{"Contents":"3","TEXTSTRING":"3","TEXT_SIZE":0.6,"TEXT_ANGLE":2.7860519036054439},"geometry":{"type":"Point","coordinates":[614762.1569644,9762541.6758607,0.0]}},
{"type":"Feature","properties":{"Contents":"4","TEXTSTRING":"4","TEXT_SIZE":0.6,"TEXT_ANGLE":2.7860519036054439},"geometry":{"type":"Point","coordinates":[614764.0626511,9762540.716211,0.0]}},
{"type":"Feature","properties":{"Contents":"5","TEXTSTRING":"5","TEXT_SIZE":0.6,"TEXT_ANGLE":2.7860519036054439},"geometry":{"type":"Point","coordinates":[614766.2392356,9762539.0135937,0.0]}},
{"type":"Feature","properties":{"Contents":"6","TEXTSTRING":"6","TEXT_SIZE":0.6,"TEXT_ANGLE":2.7860519036054439},"geometry":{"type":"Point","coordinates":[614768.2571949,9762537.6506412,0.0]}},
{"type":"Feature","properties":{"Contents":"7","TEXTSTRING":"7","TEXT_SIZE":0.6,"TEXT_ANGLE":2.7860519036054439},"geometry":{"type":"Point","coordinates":[614770.3857112,9762536.7166775,0.0]}},
{"type":"Feature","properties":{"Contents":"8","TEXTSTRING":"8","TEXT_SIZE":0.6,"TEXT_ANGLE":2.7860519036054439},"geometry":{"type":"Point","coordinates":[614772.3924008,9762535.6438425,0.0]}},
{"type":"Feature","properties":{"Contents":"9","TEXTSTRING":"9","TEXT_SIZE":0.6,"TEXT_ANGLE":2.7860519036054439},"geometry":{"type":"Point","coordinates":[614774.2926846,9762534.4740481,0.0]}},
{"type":"Feature","properties":{"Contents":"10","TEXTSTRING":"10","TEXT_SIZE":0.6,"TEXT_ANGLE":2.7860519036054439},"geometry":{"type":"Point","coordinates":[614776.4433507,9762533.4348251,0.0]}},
{"type":"Feature","properties":{"Contents":"11","TEXTSTRING":"11","TEXT_SIZE":0.6,"TEXT_ANGLE":2.7860519036054439},"geometry":{"type":"Point","coordinates":[614782.5050656,9762531.0102549,0.0]}},
{"type":"Feature","properties":{"Contents":"12","TEXTSTRING":"12","TEXT_SIZE":0.6,"TEXT_ANGLE":2.7860519036054439},"geometry":{"type":"Point","coordinates":[614784.9810677,9762530.2017983,0.0]}},
{"type":"Feature","properties":{"Contents":"13","TEXTSTRING":"13","TEXT_SIZE":0.6,"TEXT_ANGLE":2.7860519036054439},"geometry":{"type":"Point","coordinates":[614790.4379614,9762527.7511379,0.0]}},
{"type":"Feature","properties":{"Contents":"14","TEXTSTRING":"14","TEXT_SIZE":0.6,"TEXT_ANGLE":2.7860519036054439},"geometry":{"type":"Point","coordinates":[614792.5978684,9762527.0932276,0.0]}},
{"type":"Feature","properties":{"Contents":"15","TEXTSTRING":"15","TEXT_SIZE":0.6,"TEXT_ANGLE":2.7860519036054439},"geometry":{"type":"Point","coordinates":[614795.0384708,9762526.3632993,0.0]}},
{"type":"Feature","properties":{"Contents":"16","TEXTSTRING":"16","TEXT_SIZE":0.6,"TEXT_ANGLE":2.7860519036054439},"geometry":{"type":"Point","coordinates":[614797.4707126,9762525.7406092,0.0]}},
{"type":"Feature","properties":{"Contents":"17","TEXTSTRING":"17","TEXT_SIZE":0.6,"TEXT_ANGLE":2.7860519036054439},"geometry":{"type":"Point","coordinates":[614800.0390283,9762525.283639,0.0]}},
{"type":"Feature","properties":{"Contents":"18","TEXTSTRING":"18","TEXT_SIZE":0.6,"TEXT_ANGLE":2.7860519036054439},"geometry":{"type":"Point","coordinates":[614802.419878,9762524.7406686,0.0]}},
{"type":"Feature","properties":{"Contents":"19","TEXTSTRING":"19","TEXT_SIZE":0.6,"TEXT_ANGLE":2.7860519036054439},"geometry":{"type":"Point","coordinates":[614805.0037938,9762524.5063477,0.0]}},
{"type":"Feature","properties":{"Contents":"20","TEXTSTRING":"20","TEXT_SIZE":0.6,"TEXT_ANGLE":2.7860519036054439},"geometry":{"type":"Point","coordinates":[614807.6531631,9762524.2735944,0.0]}},
{"type":"Feature","properties":{"Contents":"21","TEXTSTRING":"21","TEXT_SIZE":0.6,"TEXT_ANGLE":2.7860519036054439},"geometry":{"type":"Point","coordinates":[614810.0519685,9762523.9968353,0.0]}},
{"type":"Feature","properties":{"Contents":"22","TEXTSTRING":"22","TEXT_SIZE":0.6,"TEXT_ANGLE":2.7860519036054439},"geometry":{"type":"Point","coordinates":[614812.6047324,9762523.7558273,0.0]}},
{"type":"Feature","properties":{"Contents":"6","TEXTSTRING":"6","TEXT_SIZE":0.6,"TEXT_ANGLE":2.7860519036054439},"geometry":{"type":"Point","coordinates":[614749.7987314,9762537.0585001,0.0]}},
{"type":"Feature","properties":{"Contents":"5","TEXTSTRING":"5","TEXT_SIZE":0.6,"TEXT_ANGLE":2.7860519036054439},"geometry":{"type":"Point","coordinates":[614749.1052441,9762534.7374928,0.0]}},
{"type":"Feature","properties":{"Contents":"4","TEXTSTRING":"4","TEXT_SIZE":0.6,"TEXT_ANGLE":2.7860519036054439},"geometry":{"type":"Point","coordinates":[614748.2421531,9762532.50405,0.0]}},
{"type":"Feature","properties":{"Contents":"3","TEXTSTRING":"3","TEXT_SIZE":0.6,"TEXT_ANGLE":2.7860519036054439},"geometry":{"type":"Point","coordinates":[614747.4390762,9762530.1646113,0.0]}},
{"type":"Feature","properties":{"Contents":"2","TEXTSTRING":"2","TEXT_SIZE":0.6,"TEXT_ANGLE":2.7860519036054439},"geometry":{"type":"Point","coordinates":[614746.6610148,9762527.9541674,0.0]}},
{"type":"Feature","properties":{"Contents":"1","TEXTSTRING":"1","TEXT_SIZE":0.6,"TEXT_ANGLE":2.7860519036054439},"geometry":{"type":"Point","coordinates":[614745.8505557,9762525.6290914,0.0]}},
{"type":"Feature","properties":{"Contents":"1","TEXTSTRING":"1","TEXT_SIZE":0.6,"TEXT_ANGLE":2.7860519036054439},"geometry":{"type":"Point","coordinates":[614761.5758585,9762526.6954776,0.0]}},
{"type":"Feature","properties":{"Contents":"2","TEXTSTRING":"2","TEXT_SIZE":0.6,"TEXT_ANGLE":2.7860519036054439},"geometry":{"type":"Point","coordinates":[614763.7418217,9762525.9097805,0.0]}},
{"type":"Feature","properties":{"Contents":"3","TEXTSTRING":"3","TEXT_SIZE":0.6,"TEXT_ANGLE":2.7860519036054439},"geometry":{"type":"Point","coordinates":[614766.1745524,9762525.117822,0.0]}},
{"type":"Feature","properties":{"Contents":"4","TEXTSTRING":"4","TEXT_SIZE":0.6,"TEXT_ANGLE":2.7860519036054439},"geometry":{"type":"Point","coordinates":[614768.3528867,9762524.3230912,0.0]}},
{"type":"Feature","properties":{"Contents":"5","TEXTSTRING":"5","TEXT_SIZE":0.6,"TEXT_ANGLE":2.7860519036054439},"geometry":{"type":"Point","coordinates":[614770.7099946,9762523.6321979,0.0]}},
{"type":"Feature","properties":{"Contents":"6","TEXTSTRING":"6","TEXT_SIZE":0.6,"TEXT_ANGLE":2.7860519036054439},"geometry":{"type":"Point","coordinates":[614773.0618897,9762522.8442301,0.0]}},
{"type":"Feature","properties":{"Contents":"7","TEXTSTRING":"7","TEXT_SIZE":0.6,"TEXT_ANGLE":2.7860519036054439},"geometry":{"type":"Point","coordinates":[614775.1657982,9762522.10082,0.0]}},
{"type":"Feature","properties":{"Contents":"8","TEXTSTRING":"8","TEXT_SIZE":0.6,"TEXT_ANGLE":2.7860519036054439},"geometry":{"type":"Point","coordinates":[614777.435338,9762521.3795369,0.0]}},
{"type":"Feature","properties":{"Contents":"9","TEXTSTRING":"9","TEXT_SIZE":0.6,"TEXT_ANGLE":2.7860519036054439},"geometry":{"type":"Point","coordinates":[614779.5177525,9762520.5301387,0.0]}},
{"type":"Feature","properties":{"Contents":"10","TEXTSTRING":"10","TEXT_SIZE":0.6,"TEXT_ANGLE":2.7860519036054439},"geometry":{"type":"Point","coordinates":[614781.7828786,9762519.6644389,0.0]}},
{"type":"Feature","properties":{"Contents":"11","TEXTSTRING":"11","TEXT_SIZE":0.6,"TEXT_ANGLE":2.7860519036054439},"geometry":{"type":"Point","coordinates":[614784.0072592,9762518.8756394,0.0]}},
{"type":"Feature","properties":{"Contents":"12","TEXTSTRING":"12","TEXT_SIZE":0.6,"TEXT_ANGLE":2.7860519036054439},"geometry":{"type":"Point","coordinates":[614786.2185279,9762518.0707606,0.0]}},
{"type":"Feature","properties":{"Contents":"13","TEXTSTRING":"13","TEXT_SIZE":0.6,"TEXT_ANGLE":2.7860519036054439},"geometry":{"type":"Point","coordinates":[614788.5094317,9762517.2365548,0.0]}},
{"type":"Feature","properties":{"Contents":"14","TEXTSTRING":"14","TEXT_SIZE":0.6,"TEXT_ANGLE":2.7860519036054439},"geometry":{"type":"Point","coordinates":[614790.7511877,9762516.4860285,0.0]}},
{"type":"Feature","properties":{"Contents":"15","TEXTSTRING":"15","TEXT_SIZE":0.6,"TEXT_ANGLE":2.7860519036054439},"geometry":{"type":"Point","coordinates":[614793.0646935,9762515.7913895,0.0]}},
{"type":"Feature","properties":{"Contents":"16","TEXTSTRING":"16","TEXT_SIZE":0.6,"TEXT_ANGLE":2.7860519036054439},"geometry":{"type":"Point","coordinates":[614795.4101825,9762514.9841038,0.0]}},
{"type":"Feature","properties":{"Contents":"17","TEXTSTRING":"17","TEXT_SIZE":0.6,"TEXT_ANGLE":2.7860519036054439},"geometry":{"type":"Point","coordinates":[614797.6092978,9762514.0451879,0.0]}},
{"type":"Feature","properties":{"Contents":"1","TEXTSTRING":"1","TEXT_SIZE":0.6,"TEXT_ANGLE":2.7860519036054439},"geometry":{"type":"Point","coordinates":[614749.0734468,9762517.2771943,0.0]}},
{"type":"Feature","properties":{"Contents":"2","TEXTSTRING":"2","TEXT_SIZE":0.6,"TEXT_ANGLE":2.7860519036054439},"geometry":{"type":"Point","coordinates":[614751.2665552,9762516.5607293,0.0]}},
{"type":"Feature","properties":{"Contents":"3","TEXTSTRING":"3","TEXT_SIZE":0.6,"TEXT_ANGLE":2.7860519036054439},"geometry":{"type":"Point","coordinates":[614753.7739684,9762515.8438062,0.0]}},
{"type":"Feature","properties":{"Contents":"4","TEXTSTRING":"4","TEXT_SIZE":0.6,"TEXT_ANGLE":2.7860519036054439},"geometry":{"type":"Point","coordinates":[614755.8879265,9762515.1233373,0.0]}},
{"type":"Feature","properties":{"Contents":"5","TEXTSTRING":"5","TEXT_SIZE":0.6,"TEXT_ANGLE":2.7860519036054439},"geometry":{"type":"Point","coordinates":[614762.7571747,9762511.4545047,0.0]}},
{"type":"Feature","properties":{"Contents":"1","TEXTSTRING":"1","TEXT_SIZE":0.6,"TEXT_ANGLE":2.7860519036054439},"geometry":{"type":"Point","coordinates":[614777.3163681,9762506.5664167,0.0]}},
{"type":"Feature","properties":{"Contents":"2","TEXTSTRING":"2","TEXT_SIZE":0.6,"TEXT_ANGLE":2.7860519036054439},"geometry":{"type":"Point","coordinates":[614779.7114628,9762505.7617,0.0]}},
{"type":"Feature","properties":{"Contents":"3","TEXTSTRING":"3","TEXT_SIZE":0.6,"TEXT_ANGLE":2.7860519036054439},"geometry":{"type":"Point","coordinates":[614781.9281735,9762505.0470207,0.0]}},
{"type":"Feature","properties":{"Contents":"4","TEXTSTRING":"4","TEXT_SIZE":0.6,"TEXT_ANGLE":2.7860519036054439},"geometry":{"type":"Point","coordinates":[614784.333461,9762504.3011361,0.0]}},
{"type":"Feature","properties":{"Contents":"5","TEXTSTRING":"5","TEXT_SIZE":0.6,"TEXT_ANGLE":2.7860519036054439},"geometry":{"type":"Point","coordinates":[614786.441086,9762503.6783076,0.0]}},
{"type":"Feature","properties":{"Contents":"6","TEXTSTRING":"6","TEXT_SIZE":0.6,"TEXT_ANGLE":2.7860519036054439},"geometry":{"type":"Point","coordinates":[614788.9128062,9762502.8112936,0.0]}},
{"type":"Feature","properties":{"Contents":"7","TEXTSTRING":"7","TEXT_SIZE":0.6,"TEXT_ANGLE":2.7860519036054439},"geometry":{"type":"Point","coordinates":[614791.1941789,9762502.1083788,0.0]}},
{"type":"Feature","properties":{"Contents":"8","TEXTSTRING":"8","TEXT_SIZE":0.6,"TEXT_ANGLE":2.7860519036054439},"geometry":{"type":"Point","coordinates":[614793.4366324,9762501.2489252,0.0]}},
{"type":"Feature","properties":{"Contents":"9","TEXTSTRING":"9","TEXT_SIZE":0.6,"TEXT_ANGLE":2.7860519036054439},"geometry":{"type":"Point","coordinates":[614795.7424515,9762500.1598877,0.0]}},
{"type":"Feature","properties":{"Contents":"10","TEXTSTRING":"10","TEXT_SIZE":0.6,"TEXT_ANGLE":2.7860519036054439},"geometry":{"type":"Point","coordinates":[614797.7174505,9762499.4836682,0.0]}},
{"type":"Feature","properties":{"Contents":"1","TEXTSTRING":"1","TEXT_SIZE":0.6,"TEXT_ANGLE":2.7860519036054439},"geometry":{"type":"Point","coordinates":[614809.0266671,9762504.8312825,0.0]}},
{"type":"Feature","properties":{"Contents":"2","TEXTSTRING":"2","TEXT_SIZE":0.6,"TEXT_ANGLE":2.7860519036054439},"geometry":{"type":"Point","coordinates":[614811.1305532,9762506.1391011,0.0]}},
{"type":"Feature","properties":{"Contents":"3","TEXTSTRING":"3","TEXT_SIZE":0.6,"TEXT_ANGLE":2.7860519036054439},"geometry":{"type":"Point","coordinates":[614813.2758198,9762507.6095681,0.0]}},
{"type":"Feature","properties":{"Contents":"4","TEXTSTRING":"4","TEXT_SIZE":0.6,"TEXT_ANGLE":2.7860519036054439},"geometry":{"type":"Point","coordinates":[614815.3830132,9762508.9708348,0.0]}},
{"type":"Feature","properties":{"Contents":"5","TEXTSTRING":"5","TEXT_SIZE":0.6,"TEXT_ANGLE":2.7860519036054439},"geometry":{"type":"Point","coordinates":[614817.5442205,9762510.3437534,0.0]}},
{"type":"Feature","properties":{"Contents":"6","TEXTSTRING":"6","TEXT_SIZE":0.6,"TEXT_ANGLE":2.7860519036054439},"geometry":{"type":"Point","coordinates":[614819.5911104,9762511.8254275,0.0]}},
{"type":"Feature","properties":{"Contents":"7","TEXTSTRING":"7","TEXT_SIZE":0.6,"TEXT_ANGLE":2.7860519036054439},"geometry":{"type":"Point","coordinates":[614821.3205375,9762513.5757795,0.0]}},
{"type":"Feature","properties":{"Contents":"1","TEXTSTRING":"1","TEXT_SIZE":0.6,"TEXT_ANGLE":2.7860519036054439},"geometry":{"type":"Point","coordinates":[614743.3638417,9762469.5767267,0.0]}},
{"type":"Feature","properties":{"Contents":"2","TEXTSTRING":"2","TEXT_SIZE":0.6,"TEXT_ANGLE":2.7860519036054439},"geometry":{"type":"Point","coordinates":[614744.097413,9762464.4569942,0.0]}},
{"type":"Feature","properties":{"Contents":"3","TEXTSTRING":"3","TEXT_SIZE":0.6,"TEXT_ANGLE":2.7860519036054439},"geometry":{"type":"Point","coordinates":[614744.2758379,9762461.6703697,0.0]}},
{"type":"Feature","properties":{"Contents":"5","TEXTSTRING":"5","TEXT_SIZE":0.6,"TEXT_ANGLE":2.7860519036054439},"geometry":{"type":"Point","coordinates":[614745.3330944,9762459.4171299,0.0]}},
{"type":"Feature","properties":{"Contents":"6","TEXTSTRING":"6","TEXT_SIZE":0.6,"TEXT_ANGLE":2.7860519036054439},"geometry":{"type":"Point","coordinates":[614746.1854861,9762457.2610628,0.0]}},
{"type":"Feature","properties":{"Contents":"7","TEXTSTRING":"7","TEXT_SIZE":0.6,"TEXT_ANGLE":2.7860519036054439},"geometry":{"type":"Point","coordinates":[614746.948083,9762454.9329078,0.0]}},
{"type":"Feature","properties":{"Contents":"8","TEXTSTRING":"8","TEXT_SIZE":0.6,"TEXT_ANGLE":2.7860519036054439},"geometry":{"type":"Point","coordinates":[614747.7557458,9762452.6753157,0.0]}},
{"type":"Feature","properties":{"Contents":"9","TEXTSTRING":"9","TEXT_SIZE":0.6,"TEXT_ANGLE":2.7860519036054439},"geometry":{"type":"Point","coordinates":[614748.3320164,9762450.2863907,0.0]}},
{"type":"Feature","properties":{"Contents":"10","TEXTSTRING":"10","TEXT_SIZE":0.6,"TEXT_ANGLE":2.7860519036054439},"geometry":{"type":"Point","coordinates":[614749.1306436,9762447.9029055,0.0]}},
{"type":"Feature","properties":{"Contents":"11","TEXTSTRING":"11","TEXT_SIZE":0.6,"TEXT_ANGLE":2.7860519036054439},"geometry":{"type":"Point","coordinates":[614749.9370757,9762445.595122,0.0]}},
{"type":"Feature","properties":{"Contents":"7","TEXTSTRING":"7","TEXT_SIZE":0.6,"TEXT_ANGLE":2.7860519036054439},"geometry":{"type":"Point","coordinates":[614768.25332,9762447.3544685,0.0]}},
{"type":"Feature","properties":{"Contents":"6","TEXTSTRING":"6","TEXT_SIZE":0.6,"TEXT_ANGLE":2.7860519036054439},"geometry":{"type":"Point","coordinates":[614766.4613386,9762449.6477309,0.0]}},
{"type":"Feature","properties":{"Contents":"5","TEXTSTRING":"5","TEXT_SIZE":0.6,"TEXT_ANGLE":2.7860519036054439},"geometry":{"type":"Point","coordinates":[614765.4549087,9762452.0778937,0.0]}},
{"type":"Feature","properties":{"Contents":"4","TEXTSTRING":"4","TEXT_SIZE":0.6,"TEXT_ANGLE":2.7860519036054439},"geometry":{"type":"Point","coordinates":[614764.4994326,9762454.4510695,0.0]}},
{"type":"Feature","properties":{"Contents":"3","TEXTSTRING":"3","TEXT_SIZE":0.6,"TEXT_ANGLE":2.7860519036054439},"geometry":{"type":"Point","coordinates":[614762.5024866,9762456.9286607,0.0]}},
{"type":"Feature","properties":{"Contents":"2","TEXTSTRING":"2","TEXT_SIZE":0.6,"TEXT_ANGLE":2.7860519036054439},"geometry":{"type":"Point","coordinates":[614761.086585,9762459.2754226,0.0]}},
{"type":"Feature","properties":{"Contents":"1","TEXTSTRING":"1","TEXT_SIZE":0.6,"TEXT_ANGLE":2.7860519036054439},"geometry":{"type":"Point","coordinates":[614759.6211104,9762461.6862145,0.0]}},
{"type":"Feature","properties":{"Contents":"01","TEXTSTRING":"01","TEXT_SIZE":0.6,"TEXT_ANGLE":2.7860519036054439},"geometry":{"type":"Point","coordinates":[614787.5855771,9762450.3472804,0.0]}},
{"type":"Feature","properties":{"Contents":"03","TEXTSTRING":"03","TEXT_SIZE":0.6,"TEXT_ANGLE":2.7860519036054439},"geometry":{"type":"Point","coordinates":[614792.1552983,9762449.25757,0.0]}},
{"type":"Feature","properties":{"Contents":"02","TEXTSTRING":"02","TEXT_SIZE":0.6,"TEXT_ANGLE":2.7860519036054439},"geometry":{"type":"Point","coordinates":[614789.9029766,9762449.8541859,0.0]}},
{"type":"Feature","properties":{"Contents":"05","TEXTSTRING":"05","TEXT_SIZE":0.6,"TEXT_ANGLE":2.7860519036054439},"geometry":{"type":"Point","coordinates":[614796.9975772,9762448.3288893,0.0]}},
{"type":"Feature","properties":{"Contents":"06","TEXTSTRING":"06","TEXT_SIZE":0.6,"TEXT_ANGLE":2.7860519036054439},"geometry":{"type":"Point","coordinates":[614799.3735176,9762447.7330262,0.0]}},
{"type":"Feature","properties":{"Contents":"04","TEXTSTRING":"04","TEXT_SIZE":0.6,"TEXT_ANGLE":2.7860519036054439},"geometry":{"type":"Point","coordinates":[614794.5313856,9762448.8038557,0.0]}},
{"type":"Feature","properties":{"Contents":"07","TEXTSTRING":"07","TEXT_SIZE":0.6,"TEXT_ANGLE":2.7860519036054439},"geometry":{"type":"Point","coordinates":[614801.5720465,9762447.1691627,0.0]}},
{"type":"Feature","properties":{"Contents":"08","TEXTSTRING":"08","TEXT_SIZE":0.6,"TEXT_ANGLE":2.7860519036054439},"geometry":{"type":"Point","coordinates":[614803.8787116,9762446.6300361,0.0]}},
{"type":"Feature","properties":{"Contents":"09","TEXTSTRING":"09","TEXT_SIZE":0.6,"TEXT_ANGLE":2.7860519036054439},"geometry":{"type":"Point","coordinates":[614806.1732078,9762445.9825388,0.0]}},
{"type":"Feature","properties":{"Contents":"10","TEXTSTRING":"10","TEXT_SIZE":0.6,"TEXT_ANGLE":2.7860519036054439},"geometry":{"type":"Point","coordinates":[614808.4657754,9762445.3674663,0.0]}},
{"type":"Feature","properties":{"Contents":"11","TEXTSTRING":"11","TEXT_SIZE":0.6,"TEXT_ANGLE":2.7860519036054439},"geometry":{"type":"Point","coordinates":[614810.7726505,9762444.8933598,0.0]}},
{"type":"Feature","properties":{"Contents":"12","TEXTSTRING":"12","TEXT_SIZE":0.6,"TEXT_ANGLE":2.7860519036054439},"geometry":{"type":"Point","coordinates":[614813.1421134,9762444.3877151,0.0]}},
{"type":"Feature","properties":{"Contents":"13","TEXTSTRING":"13","TEXT_SIZE":0.6,"TEXT_ANGLE":2.7860519036054439},"geometry":{"type":"Point","coordinates":[614815.5449529,9762443.8431083,0.0]}},
{"type":"Feature","properties":{"Contents":"14","TEXTSTRING":"14","TEXT_SIZE":0.6,"TEXT_ANGLE":2.7860519036054439},"geometry":{"type":"Point","coordinates":[614817.9079396,9762443.2936553,0.0]}},
{"type":"Feature","properties":{"Contents":"15","TEXTSTRING":"15","TEXT_SIZE":0.6,"TEXT_ANGLE":2.7860519036054439},"geometry":{"type":"Point","coordinates":[614820.2734035,9762442.6409706,0.0]}},
{"type":"Feature","properties":{"Contents":"1","TEXTSTRING":"1","TEXT_SIZE":0.6,"TEXT_ANGLE":2.7860519036054439},"geometry":{"type":"Point","coordinates":[614799.9318166,9762439.2722793,0.0]}},
{"type":"Feature","properties":{"Contents":"2","TEXTSTRING":"2","TEXT_SIZE":0.6,"TEXT_ANGLE":2.7860519036054439},"geometry":{"type":"Point","coordinates":[614802.1877702,9762438.719846,0.0]}},
{"type":"Feature","properties":{"Contents":"3","TEXTSTRING":"3","TEXT_SIZE":0.6,"TEXT_ANGLE":2.7860519036054439},"geometry":{"type":"Point","coordinates":[614804.3154666,9762438.2758904,0.0]}},
{"type":"Feature","properties":{"Contents":"4","TEXTSTRING":"4","TEXT_SIZE":0.6,"TEXT_ANGLE":2.7860519036054439},"geometry":{"type":"Point","coordinates":[614806.7834811,9762437.6605656,0.0]}},
{"type":"Feature","properties":{"Contents":"5","TEXTSTRING":"5","TEXT_SIZE":0.6,"TEXT_ANGLE":2.7860519036054439},"geometry":{"type":"Point","coordinates":[614809.1372544,9762437.0614082,0.0]}},
{"type":"Feature","properties":{"Contents":"6","TEXTSTRING":"6","TEXT_SIZE":0.6,"TEXT_ANGLE":2.7860519036054439},"geometry":{"type":"Point","coordinates":[614811.5256887,9762436.5866928,0.0]}},
{"type":"Feature","properties":{"Contents":"7","TEXTSTRING":"7","TEXT_SIZE":0.6,"TEXT_ANGLE":2.7860519036054439},"geometry":{"type":"Point","coordinates":[614813.9289167,9762436.0765768,0.0]}},
{"type":"Feature","properties":{"Contents":"8","TEXTSTRING":"8","TEXT_SIZE":0.6,"TEXT_ANGLE":2.7860519036054439},"geometry":{"type":"Point","coordinates":[614816.2353947,9762435.4953519,0.0]}},
{"type":"Feature","properties":{"Contents":"9","TEXTSTRING":"9","TEXT_SIZE":0.6,"TEXT_ANGLE":2.7860519036054439},"geometry":{"type":"Point","coordinates":[614818.5423771,9762435.0100019,0.0]}},
{"type":"Feature","properties":{"Contents":"10","TEXTSTRING":"10","TEXT_SIZE":0.6,"TEXT_ANGLE":2.7860519036054439},"geometry":{"type":"Point","coordinates":[614820.6856597,9762434.4501808,0.0]}},
{"type":"Feature","properties":{"Contents":"11","TEXTSTRING":"11","TEXT_SIZE":0.6,"TEXT_ANGLE":2.7860519036054439},"geometry":{"type":"Point","coordinates":[614823.0370252,9762433.9226146,0.0]}},
{"type":"Feature","properties":{"Contents":"1","TEXTSTRING":"1","TEXT_SIZE":0.6,"TEXT_ANGLE":2.7860519036054439},"geometry":{"type":"Point","coordinates":[614839.891971,9762433.8682556,0.0]}},
{"type":"Feature","properties":{"Contents":"2","TEXTSTRING":"2","TEXT_SIZE":0.6,"TEXT_ANGLE":2.7860519036054439},"geometry":{"type":"Point","coordinates":[614841.8801473,9762434.953481,0.0]}},
{"type":"Feature","properties":{"Contents":"3","TEXTSTRING":"3","TEXT_SIZE":0.6,"TEXT_ANGLE":2.7860519036054439},"geometry":{"type":"Point","coordinates":[614843.883923,9762436.3041681,0.0]}},
{"type":"Feature","properties":{"Contents":"4","TEXTSTRING":"4","TEXT_SIZE":0.6,"TEXT_ANGLE":2.7860519036054439},"geometry":{"type":"Point","coordinates":[614845.823452,9762437.7090569,0.0]}},
{"type":"Feature","properties":{"Contents":"5","TEXTSTRING":"5","TEXT_SIZE":0.6,"TEXT_ANGLE":2.7860519036054439},"geometry":{"type":"Point","coordinates":[614847.7934434,9762439.0817609,0.0]}},
{"type":"Feature","properties":{"Contents":"6","TEXTSTRING":"6","TEXT_SIZE":0.6,"TEXT_ANGLE":2.7860519036054439},"geometry":{"type":"Point","coordinates":[614853.2731824,9762443.9837964,0.0]}},
{"type":"Feature","properties":{"Contents":"7","TEXTSTRING":"7","TEXT_SIZE":0.6,"TEXT_ANGLE":2.7860519036054439},"geometry":{"type":"Point","coordinates":[614853.1025853,9762446.4101389,0.0]}},
{"type":"Feature","properties":{"Contents":"8","TEXTSTRING":"8","TEXT_SIZE":0.6,"TEXT_ANGLE":2.7860519036054439},"geometry":{"type":"Point","coordinates":[614852.9119039,9762448.8733568,0.0]}},
{"type":"Feature","properties":{"Contents":"9","TEXTSTRING":"9","TEXT_SIZE":0.6,"TEXT_ANGLE":2.7860519036054439},"geometry":{"type":"Point","coordinates":[614852.7585145,9762451.2510331,0.0]}},
{"type":"Feature","properties":{"Contents":"21","TEXTSTRING":"21","TEXT_SIZE":0.6,"TEXT_ANGLE":2.7860519036054439},"geometry":{"type":"Point","coordinates":[614727.5236317,9762534.2241175,0.0]}},
{"type":"Feature","properties":{"Contents":"20","TEXTSTRING":"20","TEXT_SIZE":0.6,"TEXT_ANGLE":2.7860519036054439},"geometry":{"type":"Point","coordinates":[614726.0136677,9762536.053287,0.0]}},
{"type":"Feature","properties":{"Contents":"19","TEXTSTRING":"19","TEXT_SIZE":0.6,"TEXT_ANGLE":2.7860519036054439},"geometry":{"type":"Point","coordinates":[614724.1647407,9762537.6993466,0.0]}},
{"type":"Feature","properties":{"Contents":"18","TEXTSTRING":"18","TEXT_SIZE":0.6,"TEXT_ANGLE":2.7860519036054439},"geometry":{"type":"Point","coordinates":[614722.6603599,9762539.3742885,0.0]}},
{"type":"Feature","properties":{"Contents":"17","TEXTSTRING":"17","TEXT_SIZE":0.6,"TEXT_ANGLE":2.7860519036054439},"geometry":{"type":"Point","coordinates":[614720.9346727,9762541.1662421,0.0]}},
{"type":"Feature","properties":{"Contents":"16","TEXTSTRING":"16","TEXT_SIZE":0.6,"TEXT_ANGLE":2.7860519036054439},"geometry":{"type":"Point","coordinates":[614719.1805034,9762542.7948295,0.0]}},
{"type":"Feature","properties":{"Contents":"15","TEXTSTRING":"15","TEXT_SIZE":0.6,"TEXT_ANGLE":2.7860519036054439},"geometry":{"type":"Point","coordinates":[614717.4331125,9762544.3596701,0.0]}},
{"type":"Feature","properties":{"Contents":"14","TEXTSTRING":"14","TEXT_SIZE":0.6,"TEXT_ANGLE":2.7860519036054439},"geometry":{"type":"Point","coordinates":[614715.7471934,9762546.1124961,0.0]}},
{"type":"Feature","properties":{"Contents":"13","TEXTSTRING":"13","TEXT_SIZE":0.6,"TEXT_ANGLE":2.7860519036054439},"geometry":{"type":"Point","coordinates":[614714.1367898,9762547.8546698,0.0]}},
{"type":"Feature","properties":{"Contents":"12","TEXTSTRING":"12","TEXT_SIZE":0.6,"TEXT_ANGLE":2.7860519036054439},"geometry":{"type":"Point","coordinates":[614712.4318625,9762549.5913235,0.0]}},
{"type":"Feature","properties":{"Contents":"11","TEXTSTRING":"11","TEXT_SIZE":0.6,"TEXT_ANGLE":2.7860519036054439},"geometry":{"type":"Point","coordinates":[614709.099414,9762553.0580038,0.0]}},
{"type":"Feature","properties":{"Contents":"10","TEXTSTRING":"10","TEXT_SIZE":0.6,"TEXT_ANGLE":2.7860519036054439},"geometry":{"type":"Point","coordinates":[614707.2906014,9762556.3252243,0.0]}},
{"type":"Feature","properties":{"Contents":"9","TEXTSTRING":"9","TEXT_SIZE":0.6,"TEXT_ANGLE":2.7860519036054439},"geometry":{"type":"Point","coordinates":[614706.5955761,9762558.4608325,0.0]}},
{"type":"Feature","properties":{"Contents":"8","TEXTSTRING":"8","TEXT_SIZE":0.6,"TEXT_ANGLE":2.7860519036054439},"geometry":{"type":"Point","coordinates":[614705.6611439,9762560.7893433,0.0]}},
{"type":"Feature","properties":{"Contents":"7","TEXTSTRING":"7","TEXT_SIZE":0.6,"TEXT_ANGLE":2.7860519036054439},"geometry":{"type":"Point","coordinates":[614704.8429226,9762562.9384719,0.0]}},
{"type":"Feature","properties":{"Contents":"6","TEXTSTRING":"6","TEXT_SIZE":0.6,"TEXT_ANGLE":2.7860519036054439},"geometry":{"type":"Point","coordinates":[614703.7560826,9762565.1591094,0.0]}},
{"type":"Feature","properties":{"Contents":"5","TEXTSTRING":"5","TEXT_SIZE":0.6,"TEXT_ANGLE":2.7860519036054439},"geometry":{"type":"Point","coordinates":[614702.8682556,9762567.3321945,0.0]}},
{"type":"Feature","properties":{"Contents":"4","TEXTSTRING":"4","TEXT_SIZE":0.6,"TEXT_ANGLE":2.7860519036054439},"geometry":{"type":"Point","coordinates":[614701.958262,9762569.6053796,0.0]}},
{"type":"Feature","properties":{"Contents":"3","TEXTSTRING":"3","TEXT_SIZE":0.6,"TEXT_ANGLE":2.7860519036054439},"geometry":{"type":"Point","coordinates":[614701.3447254,9762571.9972307,0.0]}},
{"type":"Feature","properties":{"Contents":"2","TEXTSTRING":"2","TEXT_SIZE":0.6,"TEXT_ANGLE":2.7860519036054439},"geometry":{"type":"Point","coordinates":[614700.2511948,9762574.0745116,0.0]}},
{"type":"Feature","properties":{"Contents":"1","TEXTSTRING":"1","TEXT_SIZE":0.6,"TEXT_ANGLE":2.7860519036054439},"geometry":{"type":"Point","coordinates":[614699.1770302,9762576.1535612,0.0]}},
{"type":"Feature","properties":{"Contents":"1","TEXTSTRING":"1","TEXT_SIZE":0.6,"TEXT_ANGLE":2.7860519036054439},"geometry":{"type":"Point","coordinates":[614711.7259943,9762605.5549062,0.0]}},
{"type":"Feature","properties":{"Contents":"2","TEXTSTRING":"2","TEXT_SIZE":0.6,"TEXT_ANGLE":2.7860519036054439},"geometry":{"type":"Point","coordinates":[614710.0274932,9762604.1221818,0.0]}},
{"type":"Feature","properties":{"Contents":"3","TEXTSTRING":"3","TEXT_SIZE":0.6,"TEXT_ANGLE":2.7860519036054439},"geometry":{"type":"Point","coordinates":[614707.9846199,9762602.7219632,0.0]}},
{"type":"Feature","properties":{"Contents":"4","TEXTSTRING":"4","TEXT_SIZE":0.6,"TEXT_ANGLE":2.7860519036054439},"geometry":{"type":"Point","coordinates":[614706.9497439,9762599.8897143,0.0]}},
{"type":"Feature","properties":{"Contents":"5","TEXTSTRING":"5","TEXT_SIZE":0.6,"TEXT_ANGLE":2.7860519036054439},"geometry":{"type":"Point","coordinates":[614705.1016521,9762598.2725702,0.0]}},
{"type":"Feature","properties":{"Contents":"10","TEXTSTRING":"10","TEXT_SIZE":0.6,"TEXT_ANGLE":2.7860519036054439},"geometry":{"type":"Point","coordinates":[614730.307324,9762575.2734101,0.0]}},
{"type":"Feature","properties":{"Contents":"9","TEXTSTRING":"9","TEXT_SIZE":0.6,"TEXT_ANGLE":2.7860519036054439},"geometry":{"type":"Point","coordinates":[614729.2150641,9762577.4410472,0.0]}},
{"type":"Feature","properties":{"Contents":"8","TEXTSTRING":"8","TEXT_SIZE":0.6,"TEXT_ANGLE":2.7860519036054439},"geometry":{"type":"Point","coordinates":[614727.9173186,9762579.423548,0.0]}},
{"type":"Feature","properties":{"Contents":"7","TEXTSTRING":"7","TEXT_SIZE":0.6,"TEXT_ANGLE":2.7860519036054439},"geometry":{"type":"Point","coordinates":[614726.6997581,9762581.5485757,0.0]}},
{"type":"Feature","properties":{"Contents":"5","TEXTSTRING":"5","TEXT_SIZE":0.6,"TEXT_ANGLE":2.7860519036054439},"geometry":{"type":"Point","coordinates":[614724.3901512,9762585.6714326,0.0]}},
{"type":"Feature","properties":{"Contents":"6","TEXTSTRING":"6","TEXT_SIZE":0.6,"TEXT_ANGLE":2.7860519036054439},"geometry":{"type":"Point","coordinates":[614725.480664,9762583.5684124,0.0]}},
{"type":"Feature","properties":{"Contents":"4","TEXTSTRING":"4","TEXT_SIZE":0.6,"TEXT_ANGLE":2.7860519036054439},"geometry":{"type":"Point","coordinates":[614723.3909379,9762587.8247603,0.0]}},
{"type":"Feature","properties":{"Contents":"3","TEXTSTRING":"3","TEXT_SIZE":0.6,"TEXT_ANGLE":2.7860519036054439},"geometry":{"type":"Point","coordinates":[614722.2482536,9762589.9508385,0.0]}},
{"type":"Feature","properties":{"Contents":"1","TEXTSTRING":"1","TEXT_SIZE":0.6,"TEXT_ANGLE":2.7860519036054439},"geometry":{"type":"Point","coordinates":[614719.8532569,9762594.0531558,0.0]}},
{"type":"Feature","properties":{"Contents":"2","TEXTSTRING":"2","TEXT_SIZE":0.6,"TEXT_ANGLE":2.7860519036054439},"geometry":{"type":"Point","coordinates":[614720.9777356,9762592.0179903,0.0]}},
{"type":"Feature","properties":{"Contents":"1","TEXTSTRING":"1","TEXT_SIZE":0.6,"TEXT_ANGLE":2.7860519036054439},"geometry":{"type":"Point","coordinates":[614729.1661161,9762558.8826179,0.0]}},
{"type":"Feature","properties":{"Contents":"2","TEXTSTRING":"2","TEXT_SIZE":0.6,"TEXT_ANGLE":2.7860519036054439},"geometry":{"type":"Point","coordinates":[614731.4971472,9762556.3380723,0.0]}},
{"type":"Feature","properties":{"Contents":"3","TEXTSTRING":"3","TEXT_SIZE":0.6,"TEXT_ANGLE":2.7860519036054439},"geometry":{"type":"Point","coordinates":[614734.1873901,9762553.9788529,0.0]}},
{"type":"Feature","properties":{"Contents":"4","TEXTSTRING":"4","TEXT_SIZE":0.6,"TEXT_ANGLE":2.7860519036054439},"geometry":{"type":"Point","coordinates":[614736.5992757,9762551.4288784,0.0]}},
{"type":"Feature","properties":{"Contents":"5","TEXTSTRING":"5","TEXT_SIZE":0.6,"TEXT_ANGLE":2.7860519036054439},"geometry":{"type":"Point","coordinates":[614739.2229868,9762548.7687568,0.0]}},
{"type":"Feature","properties":{"Contents":"1","TEXTSTRING":"1","TEXT_SIZE":0.6,"TEXT_ANGLE":2.7860519036054439},"geometry":{"type":"Point","coordinates":[615433.9923033,9762993.1725831,0.0]}},
{"type":"Feature","properties":{"Contents":"2","TEXTSTRING":"2","TEXT_SIZE":0.6,"TEXT_ANGLE":2.7860519036054439},"geometry":{"type":"Point","coordinates":[615434.8273768,9762996.1205892,0.0]}},
{"type":"Feature","properties":{"Contents":"3","TEXTSTRING":"3","TEXT_SIZE":0.6,"TEXT_ANGLE":2.7860519036054439},"geometry":{"type":"Point","coordinates":[615436.8004907,9762997.5670156,0.0]}},
{"type":"Feature","properties":{"Contents":"4","TEXTSTRING":"4","TEXT_SIZE":0.6,"TEXT_ANGLE":2.7860519036054439},"geometry":{"type":"Point","coordinates":[615438.6205296,9762999.0074879,0.0]}},
{"type":"Feature","properties":{"Contents":"5","TEXTSTRING":"5","TEXT_SIZE":0.6,"TEXT_ANGLE":2.7860519036054439},"geometry":{"type":"Point","coordinates":[615440.519374,9763000.5423801,0.0]}},
{"type":"Feature","properties":{"Contents":"6","TEXTSTRING":"6","TEXT_SIZE":0.6,"TEXT_ANGLE":2.7860519036054439},"geometry":{"type":"Point","coordinates":[615442.4892114,9763001.8922125,0.0]}},
{"type":"Feature","properties":{"Contents":"7","TEXTSTRING":"7","TEXT_SIZE":0.6,"TEXT_ANGLE":2.7860519036054439},"geometry":{"type":"Point","coordinates":[615444.4443156,9763003.2122649,0.0]}},
{"type":"Feature","properties":{"Contents":"8","TEXTSTRING":"8","TEXT_SIZE":0.6,"TEXT_ANGLE":2.7860519036054439},"geometry":{"type":"Point","coordinates":[615446.1997589,9763005.0290602,0.0]}},
{"type":"Feature","properties":{"Contents":"9","TEXTSTRING":"9","TEXT_SIZE":0.6,"TEXT_ANGLE":2.7860519036054439},"geometry":{"type":"Point","coordinates":[615447.9666738,9763006.5190301,0.0]}},
{"type":"Feature","properties":{"Contents":"10","TEXTSTRING":"10","TEXT_SIZE":0.6,"TEXT_ANGLE":2.7860519036054439},"geometry":{"type":"Point","coordinates":[615449.6633246,9763007.9882867,0.0]}},
{"type":"Feature","properties":{"Contents":"11","TEXTSTRING":"11","TEXT_SIZE":0.6,"TEXT_ANGLE":2.7860519036054439},"geometry":{"type":"Point","coordinates":[615451.5753322,9763009.5195234,0.0]}},
{"type":"Feature","properties":{"Contents":"12","TEXTSTRING":"12","TEXT_SIZE":0.6,"TEXT_ANGLE":2.7860519036054439},"geometry":{"type":"Point","coordinates":[615453.4016823,9763010.9944472,0.0]}},
{"type":"Feature","properties":{"Contents":"13","TEXTSTRING":"13","TEXT_SIZE":0.6,"TEXT_ANGLE":2.7860519036054439},"geometry":{"type":"Point","coordinates":[615455.296528,9763012.5302519,0.0]}},
{"type":"Feature","properties":{"Contents":"14","TEXTSTRING":"14","TEXT_SIZE":0.6,"TEXT_ANGLE":2.7860519036054439},"geometry":{"type":"Point","coordinates":[615457.2027268,9763013.9477895,0.0]}},
{"type":"Feature","properties":{"Contents":"15","TEXTSTRING":"15","TEXT_SIZE":0.6,"TEXT_ANGLE":2.7860519036054439},"geometry":{"type":"Point","coordinates":[615459.028765,9763015.4572433,0.0]}},
{"type":"Feature","properties":{"Contents":"16","TEXTSTRING":"16","TEXT_SIZE":0.6,"TEXT_ANGLE":2.7860519036054439},"geometry":{"type":"Point","coordinates":[615385.7592001,9762996.8042095,0.0]}},
{"type":"Feature","properties":{"Contents":"17","TEXTSTRING":"17","TEXT_SIZE":0.6,"TEXT_ANGLE":2.7860519036054439},"geometry":{"type":"Point","coordinates":[615387.5508782,9762998.2107606,0.0]}},
{"type":"Feature","properties":{"Contents":"15","TEXTSTRING":"15","TEXT_SIZE":0.6,"TEXT_ANGLE":2.7860519036054439},"geometry":{"type":"Point","coordinates":[615383.8894285,9762995.3189026,0.0]}},
{"type":"Feature","properties":{"Contents":"14","TEXTSTRING":"14","TEXT_SIZE":0.6,"TEXT_ANGLE":2.7860519036054439},"geometry":{"type":"Point","coordinates":[615381.9890942,9762993.8208021,0.0]}},
{"type":"Feature","properties":{"Contents":"13","TEXTSTRING":"13","TEXT_SIZE":0.6,"TEXT_ANGLE":2.7860519036054439},"geometry":{"type":"Point","coordinates":[615380.0375954,9762992.4075955,0.0]}},
{"type":"Feature","properties":{"Contents":"12","TEXTSTRING":"12","TEXT_SIZE":0.6,"TEXT_ANGLE":2.7860519036054439},"geometry":{"type":"Point","coordinates":[615378.2858453,9762990.7705335,0.0]}},
{"type":"Feature","properties":{"Contents":"11","TEXTSTRING":"11","TEXT_SIZE":0.6,"TEXT_ANGLE":2.7860519036054439},"geometry":{"type":"Point","coordinates":[615376.2917766,9762989.3903096,0.0]}},
{"type":"Feature","properties":{"Contents":"10","TEXTSTRING":"10","TEXT_SIZE":0.6,"TEXT_ANGLE":2.7860519036054439},"geometry":{"type":"Point","coordinates":[615374.4282269,9762987.8553455,0.0]}},
{"type":"Feature","properties":{"Contents":"9","TEXTSTRING":"9","TEXT_SIZE":0.6,"TEXT_ANGLE":2.7860519036054439},"geometry":{"type":"Point","coordinates":[615372.5921388,9762986.4965524,0.0]}},
{"type":"Feature","properties":{"Contents":"8","TEXTSTRING":"8","TEXT_SIZE":0.6,"TEXT_ANGLE":2.7860519036054439},"geometry":{"type":"Point","coordinates":[615370.8332821,9762985.0222313,0.0]}},
{"type":"Feature","properties":{"Contents":"7","TEXTSTRING":"7","TEXT_SIZE":0.6,"TEXT_ANGLE":2.7860519036054439},"geometry":{"type":"Point","coordinates":[615369.1238815,9762983.5419435,0.0]}},
{"type":"Feature","properties":{"Contents":"6","TEXTSTRING":"6","TEXT_SIZE":0.6,"TEXT_ANGLE":2.7860519036054439},"geometry":{"type":"Point","coordinates":[615367.3963044,9762981.9566745,0.0]}},
{"type":"Feature","properties":{"Contents":"5","TEXTSTRING":"5","TEXT_SIZE":0.6,"TEXT_ANGLE":2.7860519036054439},"geometry":{"type":"Point","coordinates":[615365.3752681,9762980.5146,0.0]}},
{"type":"Feature","properties":{"Contents":"4","TEXTSTRING":"4","TEXT_SIZE":0.6,"TEXT_ANGLE":2.7860519036054439},"geometry":{"type":"Point","coordinates":[615363.474471,9762979.0559471,0.0]}},
{"type":"Feature","properties":{"Contents":"3","TEXTSTRING":"3","TEXT_SIZE":0.6,"TEXT_ANGLE":2.7860519036054439},"geometry":{"type":"Point","coordinates":[615361.6132417,9762977.5057481,0.0]}},
{"type":"Feature","properties":{"Contents":"2","TEXTSTRING":"2","TEXT_SIZE":0.6,"TEXT_ANGLE":2.7860519036054439},"geometry":{"type":"Point","coordinates":[615359.5293003,9762976.0417632,0.0]}},
{"type":"Feature","properties":{"Contents":"1","TEXTSTRING":"1","TEXT_SIZE":0.6,"TEXT_ANGLE":2.7860519036054439},"geometry":{"type":"Point","coordinates":[615357.6159071,9762974.7568341,0.0]}},
{"type":"Feature","properties":{"Contents":"1","TEXTSTRING":"1","TEXT_SIZE":0.6,"TEXT_ANGLE":2.7860519036054439},"geometry":{"type":"Point","coordinates":[615375.2705782,9762949.4113355,0.0]}},
{"type":"Feature","properties":{"Contents":"2","TEXTSTRING":"2","TEXT_SIZE":0.6,"TEXT_ANGLE":2.7860519036054439},"geometry":{"type":"Point","coordinates":[615377.3140414,9762950.8159553,0.0]}},
{"type":"Feature","properties":{"Contents":"3","TEXTSTRING":"3","TEXT_SIZE":0.6,"TEXT_ANGLE":2.7860519036054439},"geometry":{"type":"Point","coordinates":[615379.164352,9762952.3592071,0.0]}},
{"type":"Feature","properties":{"Contents":"4","TEXTSTRING":"4","TEXT_SIZE":0.6,"TEXT_ANGLE":2.7860519036054439},"geometry":{"type":"Point","coordinates":[615381.0102907,9762953.8380665,0.0]}},
{"type":"Feature","properties":{"Contents":"5","TEXTSTRING":"5","TEXT_SIZE":0.6,"TEXT_ANGLE":2.7860519036054439},"geometry":{"type":"Point","coordinates":[615382.9053122,9762955.3311551,0.0]}},
{"type":"Feature","properties":{"Contents":"6","TEXTSTRING":"6","TEXT_SIZE":0.6,"TEXT_ANGLE":2.7860519036054439},"geometry":{"type":"Point","coordinates":[615386.2194877,9762954.9832861,0.0]}},
{"type":"Feature","properties":{"Contents":"1","TEXTSTRING":"1","TEXT_SIZE":0.6,"TEXT_ANGLE":2.7860519036054439},"geometry":{"type":"Point","coordinates":[615401.7387957,9762932.4625131,0.0]}},
{"type":"Feature","properties":{"Contents":"2","TEXTSTRING":"2","TEXT_SIZE":0.6,"TEXT_ANGLE":2.7860519036054439},"geometry":{"type":"Point","coordinates":[615404.159166,9762932.297065,0.0]}},
{"type":"Feature","properties":{"Contents":"3","TEXTSTRING":"3","TEXT_SIZE":0.6,"TEXT_ANGLE":2.7860519036054439},"geometry":{"type":"Point","coordinates":[615406.5014393,9762932.1074797,0.0]}},
{"type":"Feature","properties":{"Contents":"4","TEXTSTRING":"4","TEXT_SIZE":0.6,"TEXT_ANGLE":2.7860519036054439},"geometry":{"type":"Point","coordinates":[615408.9021285,9762931.9924692,0.0]}},
{"type":"Feature","properties":{"Contents":"5","TEXTSTRING":"5","TEXT_SIZE":0.6,"TEXT_ANGLE":2.7860519036054439},"geometry":{"type":"Point","coordinates":[615411.7662489,9762932.226184,0.0]}},
{"type":"Feature","properties":{"Contents":"6","TEXTSTRING":"6","TEXT_SIZE":0.6,"TEXT_ANGLE":2.7860519036054439},"geometry":{"type":"Point","coordinates":[615414.2731063,9762932.7387752,0.0]}},
{"type":"Feature","properties":{"Contents":"7","TEXTSTRING":"7","TEXT_SIZE":0.6,"TEXT_ANGLE":2.7860519036054439},"geometry":{"type":"Point","coordinates":[615416.6345456,9762933.2750433,0.0]}},
{"type":"Feature","properties":{"Contents":"8","TEXTSTRING":"8","TEXT_SIZE":0.6,"TEXT_ANGLE":2.7860519036054439},"geometry":{"type":"Point","coordinates":[615419.1209088,9762933.8601068,0.0]}},
{"type":"Feature","properties":{"Contents":"9","TEXTSTRING":"9","TEXT_SIZE":0.6,"TEXT_ANGLE":2.7860519036054439},"geometry":{"type":"Point","coordinates":[615421.466952,9762934.4393462,0.0]}},
{"type":"Feature","properties":{"Contents":"10","TEXTSTRING":"10","TEXT_SIZE":0.6,"TEXT_ANGLE":2.7860519036054439},"geometry":{"type":"Point","coordinates":[615423.6162184,9762934.955188,0.0]}},
{"type":"Feature","properties":{"Contents":"11","TEXTSTRING":"11","TEXT_SIZE":0.6,"TEXT_ANGLE":2.7860519036054439},"geometry":{"type":"Point","coordinates":[615425.9902541,9762935.4825358,0.0]}},
{"type":"Feature","properties":{"Contents":"12","TEXTSTRING":"12","TEXT_SIZE":0.6,"TEXT_ANGLE":2.7860519036054439},"geometry":{"type":"Point","coordinates":[615428.2711665,9762936.0311837,0.0]}},
{"type":"Feature","properties":{"Contents":"13","TEXTSTRING":"13","TEXT_SIZE":0.6,"TEXT_ANGLE":2.7860519036054439},"geometry":{"type":"Point","coordinates":[615430.5556257,9762936.5411742,0.0]}},
{"type":"Feature","properties":{"Contents":"14","TEXTSTRING":"14","TEXT_SIZE":0.6,"TEXT_ANGLE":2.7860519036054439},"geometry":{"type":"Point","coordinates":[615432.9273433,9762937.2082517,0.0]}},
{"type":"Feature","properties":{"Contents":"15","TEXTSTRING":"15","TEXT_SIZE":0.6,"TEXT_ANGLE":2.7860519036054439},"geometry":{"type":"Point","coordinates":[615435.2057474,9762937.5641757,0.0]}},
{"type":"Feature","properties":{"Contents":"5","TEXTSTRING":"5","TEXT_SIZE":0.6,"TEXT_ANGLE":2.7860519036054439},"geometry":{"type":"Point","coordinates":[615444.4786454,9762947.5094857,0.0]}},
{"type":"Feature","properties":{"Contents":"4","TEXTSTRING":"4","TEXT_SIZE":0.6,"TEXT_ANGLE":2.7860519036054439},"geometry":{"type":"Point","coordinates":[615443.5609119,9762949.7847913,0.0]}},
{"type":"Feature","properties":{"Contents":"3","TEXTSTRING":"3","TEXT_SIZE":0.6,"TEXT_ANGLE":2.7860519036054439},"geometry":{"type":"Point","coordinates":[615442.6418387,9762951.9639839,0.0]}},
{"type":"Feature","properties":{"Contents":"2","TEXTSTRING":"2","TEXT_SIZE":0.6,"TEXT_ANGLE":2.7860519036054439},"geometry":{"type":"Point","coordinates":[615441.6712678,9762954.1728951,0.0]}},
{"type":"Feature","properties":{"Contents":"1","TEXTSTRING":"1","TEXT_SIZE":0.6,"TEXT_ANGLE":2.7860519036054439},"geometry":{"type":"Point","coordinates":[615440.7497973,9762956.374654,0.0]}},
{"type":"Feature","properties":{"Contents":"9","TEXTSTRING":"9","TEXT_SIZE":0.6,"TEXT_ANGLE":2.7860519036054439},"geometry":{"type":"Point","coordinates":[615432.2322915,9762957.3345302,0.0]}},
{"type":"Feature","properties":{"Contents":"8","TEXTSTRING":"8","TEXT_SIZE":0.6,"TEXT_ANGLE":2.7860519036054439},"geometry":{"type":"Point","coordinates":[615429.9776268,9762956.0756509,0.0]}},
{"type":"Feature","properties":{"Contents":"7","TEXTSTRING":"7","TEXT_SIZE":0.6,"TEXT_ANGLE":2.7860519036054439},"geometry":{"type":"Point","coordinates":[615428.25348,9762954.640088,0.0]}},
{"type":"Feature","properties":{"Contents":"6","TEXTSTRING":"6","TEXT_SIZE":0.6,"TEXT_ANGLE":2.7860519036054439},"geometry":{"type":"Point","coordinates":[615426.7061724,9762952.8953252,0.0]}},
{"type":"Feature","properties":{"Contents":"5","TEXTSTRING":"5","TEXT_SIZE":0.6,"TEXT_ANGLE":2.7860519036054439},"geometry":{"type":"Point","coordinates":[615421.567234,9762950.9628858,0.0]}},
{"type":"Feature","properties":{"Contents":"4","TEXTSTRING":"4","TEXT_SIZE":0.6,"TEXT_ANGLE":2.7860519036054439},"geometry":{"type":"Point","coordinates":[615419.0252146,9762951.4929439,0.0]}},
{"type":"Feature","properties":{"Contents":"3","TEXTSTRING":"3","TEXT_SIZE":0.6,"TEXT_ANGLE":2.7860519036054439},"geometry":{"type":"Point","coordinates":[615413.2403546,9762950.8319638,0.0]}},
{"type":"Feature","properties":{"Contents":"2","TEXTSTRING":"2","TEXT_SIZE":0.6,"TEXT_ANGLE":2.7860519036054439},"geometry":{"type":"Point","coordinates":[615411.3455143,9762949.4858678,0.0]}},
{"type":"Feature","properties":{"Contents":"1","TEXTSTRING":"1","TEXT_SIZE":0.6,"TEXT_ANGLE":2.7860519036054439},"geometry":{"type":"Point","coordinates":[615408.6684143,9762949.0255906,0.0]}},
{"type":"Feature","properties":{"Contents":"6","TEXTSTRING":"6","TEXT_SIZE":0.6,"TEXT_ANGLE":2.7860519036054439},"geometry":{"type":"Point","coordinates":[614802.9856876,9763043.7256039,0.0]}},
{"type":"Feature","properties":{"Contents":"5","TEXTSTRING":"5","TEXT_SIZE":0.6,"TEXT_ANGLE":2.7860519036054439},"geometry":{"type":"Point","coordinates":[614801.0732201,9763042.3942846,0.0]}},
{"type":"Feature","properties":{"Contents":"7","TEXTSTRING":"7","TEXT_SIZE":0.6,"TEXT_ANGLE":2.7860519036054439},"geometry":{"type":"Point","coordinates":[614804.8023736,9763045.0835906,0.0]}},
{"type":"Feature","properties":{"Contents":"8","TEXTSTRING":"8","TEXT_SIZE":0.6,"TEXT_ANGLE":2.7860519036054439},"geometry":{"type":"Point","coordinates":[614806.9168613,9763046.7780075,0.0]}},
{"type":"Feature","properties":{"Contents":"9","TEXTSTRING":"9","TEXT_SIZE":0.6,"TEXT_ANGLE":2.7860519036054439},"geometry":{"type":"Point","coordinates":[614808.7517367,9763048.1879226,0.0]}},
{"type":"Feature","properties":{"Contents":"10","TEXTSTRING":"10","TEXT_SIZE":0.6,"TEXT_ANGLE":2.7860519036054439},"geometry":{"type":"Point","coordinates":[614776.3554287,9763055.9408906,0.0]}},
{"type":"Feature","properties":{"Contents":"11","TEXTSTRING":"11","TEXT_SIZE":0.6,"TEXT_ANGLE":2.7860519036054439},"geometry":{"type":"Point","coordinates":[614778.7531812,9763056.017811,0.0]}},
{"type":"Feature","properties":{"Contents":"12","TEXTSTRING":"12","TEXT_SIZE":0.6,"TEXT_ANGLE":2.7860519036054439},"geometry":{"type":"Point","coordinates":[614781.1980995,9763056.2596343,0.0]}},
{"type":"Feature","properties":{"Contents":"13","TEXTSTRING":"13","TEXT_SIZE":0.6,"TEXT_ANGLE":2.7860519036054439},"geometry":{"type":"Point","coordinates":[614783.3993642,9763056.3022137,0.0]}},
{"type":"Feature","properties":{"Contents":"14","TEXTSTRING":"14","TEXT_SIZE":0.6,"TEXT_ANGLE":2.7860519036054439},"geometry":{"type":"Point","coordinates":[614785.8026038,9763056.5669705,0.0]}},
{"type":"Feature","properties":{"Contents":"15","TEXTSTRING":"15","TEXT_SIZE":0.6,"TEXT_ANGLE":2.7860519036054439},"geometry":{"type":"Point","coordinates":[614788.3486539,9763056.5981947,0.0]}},
{"type":"Feature","properties":{"Contents":"16","TEXTSTRING":"16","TEXT_SIZE":0.6,"TEXT_ANGLE":2.7860519036054439},"geometry":{"type":"Point","coordinates":[614790.7290235,9763056.9280512,0.0]}},
{"type":"Feature","properties":{"Contents":"18","TEXTSTRING":"18","TEXT_SIZE":0.6,"TEXT_ANGLE":2.7860519036054439},"geometry":{"type":"Point","coordinates":[614795.6140007,9763057.0520649,0.0]}},
{"type":"Feature","properties":{"Contents":"19","TEXTSTRING":"19","TEXT_SIZE":0.6,"TEXT_ANGLE":2.7860519036054439},"geometry":{"type":"Point","coordinates":[614798.1079976,9763057.1860603,0.0]}},
{"type":"Feature","properties":{"Contents":"5","TEXTSTRING":"5","TEXT_SIZE":0.6,"TEXT_ANGLE":2.7860519036054439},"geometry":{"type":"Point","coordinates":[614776.4434849,9763174.0803161,0.0]}},
{"type":"Feature","properties":{"Contents":"4","TEXTSTRING":"4","TEXT_SIZE":0.6,"TEXT_ANGLE":2.7860519036054439},"geometry":{"type":"Point","coordinates":[614774.244564,9763173.9093841,0.0]}},
{"type":"Feature","properties":{"Contents":"3","TEXTSTRING":"3","TEXT_SIZE":0.6,"TEXT_ANGLE":2.7860519036054439},"geometry":{"type":"Point","coordinates":[614771.5449402,9763173.7691278,0.0]}},
{"type":"Feature","properties":{"Contents":"2","TEXTSTRING":"2","TEXT_SIZE":0.6,"TEXT_ANGLE":2.7860519036054439},"geometry":{"type":"Point","coordinates":[614769.3528853,9763173.7546082,0.0]}},
{"type":"Feature","properties":{"Contents":"1","TEXTSTRING":"1","TEXT_SIZE":0.6,"TEXT_ANGLE":2.7860519036054439},"geometry":{"type":"Point","coordinates":[614766.9526497,9763173.379797,0.0]}},
{"type":"Feature","properties":{"Contents":"10","TEXTSTRING":"10","TEXT_SIZE":0.6,"TEXT_ANGLE":2.7860519036054439},"geometry":{"type":"Point","coordinates":[614821.3233364,9762874.254528,0.0]}},
{"type":"Feature","properties":{"Contents":"9","TEXTSTRING":"9","TEXT_SIZE":0.6,"TEXT_ANGLE":2.7860519036054439},"geometry":{"type":"Point","coordinates":[614821.1756485,9762871.6791292,0.0]}},
{"type":"Feature","properties":{"Contents":"8","TEXTSTRING":"8","TEXT_SIZE":0.6,"TEXT_ANGLE":2.7860519036054439},"geometry":{"type":"Point","coordinates":[614820.7355831,9762869.3276676,0.0]}},
{"type":"Feature","properties":{"Contents":"7","TEXTSTRING":"7","TEXT_SIZE":0.6,"TEXT_ANGLE":2.7860519036054439},"geometry":{"type":"Point","coordinates":[614820.3742155,9762866.9769978,0.0]}},
{"type":"Feature","properties":{"Contents":"6","TEXTSTRING":"6","TEXT_SIZE":0.6,"TEXT_ANGLE":2.7860519036054439},"geometry":{"type":"Point","coordinates":[614819.4753368,9762864.6597284,0.0]}},
{"type":"Feature","properties":{"Contents":"5","TEXTSTRING":"5","TEXT_SIZE":0.6,"TEXT_ANGLE":2.7860519036054439},"geometry":{"type":"Point","coordinates":[614818.6203456,9762862.1976739,0.0]}},
{"type":"Feature","properties":{"Contents":"4","TEXTSTRING":"4","TEXT_SIZE":0.6,"TEXT_ANGLE":2.7860519036054439},"geometry":{"type":"Point","coordinates":[614817.7052553,9762859.9279376,0.0]}},
{"type":"Feature","properties":{"Contents":"3","TEXTSTRING":"3","TEXT_SIZE":0.6,"TEXT_ANGLE":2.7860519036054439},"geometry":{"type":"Point","coordinates":[614816.9826666,9762857.5666739,0.0]}},
{"type":"Feature","properties":{"Contents":"2","TEXTSTRING":"2","TEXT_SIZE":0.6,"TEXT_ANGLE":2.7860519036054439},"geometry":{"type":"Point","coordinates":[614816.0796963,9762855.4433673,0.0]}},
{"type":"Feature","properties":{"Contents":"1","TEXTSTRING":"1","TEXT_SIZE":0.6,"TEXT_ANGLE":2.7860519036054439},"geometry":{"type":"Point","coordinates":[614815.2284414,9762853.2759398,0.0]}},
{"type":"Feature","properties":{"Contents":"11","TEXTSTRING":"11","TEXT_SIZE":0.6,"TEXT_ANGLE":2.7860519036054439},"geometry":{"type":"Point","coordinates":[614810.2396872,9762876.2899983,0.0]}},
{"type":"Feature","properties":{"Contents":"10","TEXTSTRING":"10","TEXT_SIZE":0.6,"TEXT_ANGLE":2.7860519036054439},"geometry":{"type":"Point","coordinates":[614809.9592077,9762873.8920406,0.0]}},
{"type":"Feature","properties":{"Contents":"08","TEXTSTRING":"08","TEXT_SIZE":0.6,"TEXT_ANGLE":2.7860519036054439},"geometry":{"type":"Point","coordinates":[614820.007335,9762960.6389532,0.0]}},
{"type":"Feature","properties":{"Contents":"07","TEXTSTRING":"07","TEXT_SIZE":0.6,"TEXT_ANGLE":2.7860519036054439},"geometry":{"type":"Point","coordinates":[614818.6632016,9762962.674553,0.0]}},
{"type":"Feature","properties":{"Contents":"06","TEXTSTRING":"06","TEXT_SIZE":0.6,"TEXT_ANGLE":2.7860519036054439},"geometry":{"type":"Point","coordinates":[614817.3248169,9762964.8279503,0.0]}},
{"type":"Feature","properties":{"Contents":"05","TEXTSTRING":"05","TEXT_SIZE":0.6,"TEXT_ANGLE":2.7860519036054439},"geometry":{"type":"Point","coordinates":[614815.9007562,9762966.5930967,0.0]}},
{"type":"Feature","properties":{"Contents":"04","TEXTSTRING":"04","TEXT_SIZE":0.6,"TEXT_ANGLE":2.7860519036054439},"geometry":{"type":"Point","coordinates":[614814.3203746,9762968.4878076,0.0]}},
{"type":"Feature","properties":{"Contents":"03","TEXTSTRING":"03","TEXT_SIZE":0.6,"TEXT_ANGLE":2.7860519036054439},"geometry":{"type":"Point","coordinates":[614812.990445,9762970.4157173,0.0]}},
{"type":"Feature","properties":{"Contents":"02","TEXTSTRING":"02","TEXT_SIZE":0.6,"TEXT_ANGLE":2.7860519036054439},"geometry":{"type":"Point","coordinates":[614811.3708555,9762972.2867564,0.0]}},
{"type":"Feature","properties":{"Contents":"01","TEXTSTRING":"01","TEXT_SIZE":0.6,"TEXT_ANGLE":2.7860519036054439},"geometry":{"type":"Point","coordinates":[614809.8425402,9762974.3021206,0.0]}},
{"type":"Feature","properties":{"Contents":"06","TEXTSTRING":"06","TEXT_SIZE":0.6,"TEXT_ANGLE":2.7860519036054439},"geometry":{"type":"Point","coordinates":[614802.2503812,9762980.3001628,0.0]}},
{"type":"Feature","properties":{"Contents":"05","TEXTSTRING":"05","TEXT_SIZE":0.6,"TEXT_ANGLE":2.7860519036054439},"geometry":{"type":"Point","coordinates":[614799.7536806,9762980.4805722,0.0]}},
{"type":"Feature","properties":{"Contents":"04","TEXTSTRING":"04","TEXT_SIZE":0.6,"TEXT_ANGLE":2.7860519036054439},"geometry":{"type":"Point","coordinates":[614797.3131238,9762980.8820845,0.0]}},
{"type":"Feature","properties":{"Contents":"03","TEXTSTRING":"03","TEXT_SIZE":0.6,"TEXT_ANGLE":2.7860519036054439},"geometry":{"type":"Point","coordinates":[614794.9783782,9762980.985178,0.0]}},
{"type":"Feature","properties":{"Contents":"02","TEXTSTRING":"02","TEXT_SIZE":0.6,"TEXT_ANGLE":2.7860519036054439},"geometry":{"type":"Point","coordinates":[614792.4401638,9762981.4681575,0.0]}},
{"type":"Feature","properties":{"Contents":"01","TEXTSTRING":"01","TEXT_SIZE":0.6,"TEXT_ANGLE":2.7860519036054439},"geometry":{"type":"Point","coordinates":[614790.3232411,9762981.5687454,0.0]}},
{"type":"Feature","properties":{"Contents":"1","TEXTSTRING":"1","TEXT_SIZE":0.6,"TEXT_ANGLE":2.7860519036054439},"geometry":{"type":"Point","coordinates":[614785.1969974,9762969.7192132,0.0]}},
{"type":"Feature","properties":{"Contents":"2","TEXTSTRING":"2","TEXT_SIZE":0.6,"TEXT_ANGLE":2.7860519036054439},"geometry":{"type":"Point","coordinates":[614787.8348485,9762969.3155803,0.0]}},
{"type":"Feature","properties":{"Contents":"3","TEXTSTRING":"3","TEXT_SIZE":0.6,"TEXT_ANGLE":2.7860519036054439},"geometry":{"type":"Point","coordinates":[614790.1762169,9762969.1501862,0.0]}},
{"type":"Feature","properties":{"Contents":"4","TEXTSTRING":"4","TEXT_SIZE":0.6,"TEXT_ANGLE":2.7860519036054439},"geometry":{"type":"Point","coordinates":[614792.4997626,9762968.9080531,0.0]}},
{"type":"Feature","properties":{"Contents":"5","TEXTSTRING":"5","TEXT_SIZE":0.6,"TEXT_ANGLE":2.7860519036054439},"geometry":{"type":"Point","coordinates":[614794.8216902,9762968.7545446,0.0]}},
{"type":"Feature","properties":{"Contents":"3","TEXTSTRING":"3","TEXT_SIZE":0.6,"TEXT_ANGLE":2.7860519036054439},"geometry":{"type":"Point","coordinates":[615058.3119554,9762932.4169702,0.0]}},
{"type":"Feature","properties":{"Contents":"4","TEXTSTRING":"4","TEXT_SIZE":0.6,"TEXT_ANGLE":2.7860519036054439},"geometry":{"type":"Point","coordinates":[615060.4597811,9762929.8829186,0.0]}},
{"type":"Feature","properties":{"Contents":"5","TEXTSTRING":"5","TEXT_SIZE":0.6,"TEXT_ANGLE":2.7860519036054439},"geometry":{"type":"Point","coordinates":[615062.6358141,9762927.3462582,0.0]}},
{"type":"Feature","properties":{"Contents":"6","TEXTSTRING":"6","TEXT_SIZE":0.6,"TEXT_ANGLE":2.7860519036054439},"geometry":{"type":"Point","coordinates":[615064.8080917,9762924.7656657,0.0]}},
{"type":"Feature","properties":{"Contents":"7","TEXTSTRING":"7","TEXT_SIZE":0.6,"TEXT_ANGLE":2.7860519036054439},"geometry":{"type":"Point","coordinates":[615067.4761276,9762922.6184521,0.0]}},
{"type":"Feature","properties":{"Contents":"8","TEXTSTRING":"8","TEXT_SIZE":0.6,"TEXT_ANGLE":2.7860519036054439},"geometry":{"type":"Point","coordinates":[615069.5029461,9762920.247452,0.0]}},
{"type":"Feature","properties":{"Contents":"9","TEXTSTRING":"9","TEXT_SIZE":0.6,"TEXT_ANGLE":2.7860519036054439},"geometry":{"type":"Point","coordinates":[615071.604662,9762917.5941526,0.0]}},
{"type":"Feature","properties":{"Contents":"10","TEXTSTRING":"10","TEXT_SIZE":0.6,"TEXT_ANGLE":2.7860519036054439},"geometry":{"type":"Point","coordinates":[615073.2138639,9762914.8651464,0.0]}},
{"type":"Feature","properties":{"Contents":"11","TEXTSTRING":"11","TEXT_SIZE":0.6,"TEXT_ANGLE":2.7860519036054439},"geometry":{"type":"Point","coordinates":[615075.2691013,9762912.4328317,0.0]}},
{"type":"Feature","properties":{"Contents":"12","TEXTSTRING":"12","TEXT_SIZE":0.6,"TEXT_ANGLE":2.7860519036054439},"geometry":{"type":"Point","coordinates":[615077.7359516,9762910.2144639,0.0]}},
{"type":"Feature","properties":{"Contents":"13","TEXTSTRING":"13","TEXT_SIZE":0.6,"TEXT_ANGLE":2.7860519036054439},"geometry":{"type":"Point","coordinates":[615079.8870043,9762907.69325,0.0]}},
{"type":"Feature","properties":{"Contents":"14","TEXTSTRING":"14","TEXT_SIZE":0.6,"TEXT_ANGLE":2.7860519036054439},"geometry":{"type":"Point","coordinates":[615081.8261728,9762904.9985539,0.0]}},
{"type":"Feature","properties":{"Contents":"15","TEXTSTRING":"15","TEXT_SIZE":0.6,"TEXT_ANGLE":2.7860519036054439},"geometry":{"type":"Point","coordinates":[615083.7726809,9762902.3274795,0.0]}},
{"type":"Feature","properties":{"Contents":"16","TEXTSTRING":"16","TEXT_SIZE":0.6,"TEXT_ANGLE":2.7860519036054439},"geometry":{"type":"Point","coordinates":[615085.9105322,9762899.8497604,0.0]}},
{"type":"Feature","properties":{"Contents":"2","TEXTSTRING":"2","TEXT_SIZE":0.6,"TEXT_ANGLE":2.7860519036054439},"geometry":{"type":"Point","coordinates":[615056.2629664,9762935.0220915,0.0]}},
{"type":"Feature","properties":{"Contents":"1","TEXTSTRING":"1","TEXT_SIZE":0.6,"TEXT_ANGLE":2.7860519036054439},"geometry":{"type":"Point","coordinates":[615446.4733425,9763081.3211126,0.0]}},
{"type":"Feature","properties":{"Contents":"2","TEXTSTRING":"2","TEXT_SIZE":0.6,"TEXT_ANGLE":2.7860519036054439},"geometry":{"type":"Point","coordinates":[615444.6775999,9763079.9987443,0.0]}},
{"type":"Feature","properties":{"Contents":"3","TEXTSTRING":"3","TEXT_SIZE":0.6,"TEXT_ANGLE":2.7860519036054439},"geometry":{"type":"Point","coordinates":[615442.7625336,9763078.4599714,0.0]}},
{"type":"Feature","properties":{"Contents":"4","TEXTSTRING":"4","TEXT_SIZE":0.6,"TEXT_ANGLE":2.7860519036054439},"geometry":{"type":"Point","coordinates":[615440.8820612,9763077.0203023,0.0]}},
{"type":"Feature","properties":{"Contents":"5","TEXTSTRING":"5","TEXT_SIZE":0.6,"TEXT_ANGLE":2.7860519036054439},"geometry":{"type":"Point","coordinates":[615438.831962,9763075.5395273,0.0]}},
{"type":"Feature","properties":{"Contents":"6","TEXTSTRING":"6","TEXT_SIZE":0.6,"TEXT_ANGLE":2.7860519036054439},"geometry":{"type":"Point","coordinates":[615437.0362194,9763074.2601499,0.0]}},
{"type":"Feature","properties":{"Contents":"7","TEXTSTRING":"7","TEXT_SIZE":0.6,"TEXT_ANGLE":2.7860519036054439},"geometry":{"type":"Point","coordinates":[615435.0357548,9763072.7761849,0.0]}},
{"type":"Feature","properties":{"Contents":"8","TEXTSTRING":"8","TEXT_SIZE":0.6,"TEXT_ANGLE":2.7860519036054439},"geometry":{"type":"Point","coordinates":[615435.275177,9763066.5143064,0.0]}},
{"type":"Feature","properties":{"Contents":"9","TEXTSTRING":"9","TEXT_SIZE":0.6,"TEXT_ANGLE":2.7860519036054439},"geometry":{"type":"Point","coordinates":[615437.300895,9763065.2759773,0.0]}},
{"type":"Feature","properties":{"Contents":"10","TEXTSTRING":"10","TEXT_SIZE":0.6,"TEXT_ANGLE":2.7860519036054439},"geometry":{"type":"Point","coordinates":[615439.1199041,9763064.051497,0.0]}},
{"type":"Feature","properties":{"Contents":"11","TEXTSTRING":"11","TEXT_SIZE":0.6,"TEXT_ANGLE":2.7860519036054439},"geometry":{"type":"Point","coordinates":[615441.1975326,9763062.8752093,0.0]}},
{"type":"Feature","properties":{"Contents":"12","TEXTSTRING":"12","TEXT_SIZE":0.6,"TEXT_ANGLE":2.7860519036054439},"geometry":{"type":"Point","coordinates":[615443.2586517,9763061.49589,0.0]}},
{"type":"Feature","properties":{"Contents":"13","TEXTSTRING":"13","TEXT_SIZE":0.6,"TEXT_ANGLE":2.7860519036054439},"geometry":{"type":"Point","coordinates":[615445.3135773,9763060.3818149,0.0]}},
{"type":"Feature","properties":{"Contents":"14","TEXTSTRING":"14","TEXT_SIZE":0.6,"TEXT_ANGLE":2.7860519036054439},"geometry":{"type":"Point","coordinates":[615451.1063834,9763060.8387137,0.0]}},
{"type":"Feature","properties":{"Contents":"15","TEXTSTRING":"15","TEXT_SIZE":0.6,"TEXT_ANGLE":2.7860519036054439},"geometry":{"type":"Point","coordinates":[615452.5164651,9763062.7895544,0.0]}},
{"type":"Feature","properties":{"Contents":"16","TEXTSTRING":"16","TEXT_SIZE":0.6,"TEXT_ANGLE":2.7860519036054439},"geometry":{"type":"Point","coordinates":[615453.7761083,9763064.8640032,0.0]}},
{"type":"Feature","properties":{"Contents":"17","TEXTSTRING":"17","TEXT_SIZE":0.6,"TEXT_ANGLE":2.7860519036054439},"geometry":{"type":"Point","coordinates":[615454.9550732,9763066.801428,0.0]}},
{"type":"Feature","properties":{"Contents":"5","TEXTSTRING":"5","TEXT_SIZE":0.6,"TEXT_ANGLE":2.7860519036054439},"geometry":{"type":"Point","coordinates":[614880.1066973,9762913.7665424,0.0]}},
{"type":"Feature","properties":{"Contents":"1","TEXTSTRING":"1","TEXT_SIZE":0.6,"TEXT_ANGLE":2.7860519036054439},"geometry":{"type":"Point","coordinates":[616878.0265644,9762752.8639683,0.0]}},
{"type":"Feature","properties":{"Contents":"2","TEXTSTRING":"2","TEXT_SIZE":0.6,"TEXT_ANGLE":2.7860519036054439},"geometry":{"type":"Point","coordinates":[616879.9584144,9762751.6157875,0.0]}},
{"type":"Feature","properties":{"Contents":"3","TEXTSTRING":"3","TEXT_SIZE":0.6,"TEXT_ANGLE":2.7860519036054439},"geometry":{"type":"Point","coordinates":[616881.8902645,9762750.3676066,0.0]}},
{"type":"Feature","properties":{"Contents":"4","TEXTSTRING":"4","TEXT_SIZE":0.6,"TEXT_ANGLE":2.7860519036054439},"geometry":{"type":"Point","coordinates":[616884.4056772,9762748.9338548,0.0]}},
{"type":"Feature","properties":{"Contents":"5","TEXTSTRING":"5","TEXT_SIZE":0.6,"TEXT_ANGLE":2.7860519036054439},"geometry":{"type":"Point","coordinates":[616886.4811914,9762747.823177,0.0]}},
{"type":"Feature","properties":{"Contents":"7","TEXTSTRING":"7","TEXT_SIZE":0.6,"TEXT_ANGLE":2.7860519036054439},"geometry":{"type":"Point","coordinates":[616891.6534145,9762745.9846248,0.0]}},
{"type":"Feature","properties":{"Contents":"6","TEXTSTRING":"6","TEXT_SIZE":0.6,"TEXT_ANGLE":2.7860519036054439},"geometry":{"type":"Point","coordinates":[616888.9564291,9762746.8620289,0.0]}},
{"type":"Feature","properties":{"Contents":"12","TEXTSTRING":"12","TEXT_SIZE":0.6,"TEXT_ANGLE":2.7860519036054439},"geometry":{"type":"Point","coordinates":[616904.3628738,9762746.0568974,0.0]}},
{"type":"Feature","properties":{"Contents":"11","TEXTSTRING":"11","TEXT_SIZE":0.6,"TEXT_ANGLE":2.7860519036054439},"geometry":{"type":"Point","coordinates":[616901.8543372,9762745.620083,0.0]}},
{"type":"Feature","properties":{"Contents":"10","TEXTSTRING":"10","TEXT_SIZE":0.6,"TEXT_ANGLE":2.7860519036054439},"geometry":{"type":"Point","coordinates":[616899.079256,9762745.4859169,0.0]}},
{"type":"Feature","properties":{"Contents":"9","TEXTSTRING":"9","TEXT_SIZE":0.6,"TEXT_ANGLE":2.7860519036054439},"geometry":{"type":"Point","coordinates":[616896.8451529,9762745.3292245,0.0]}},
{"type":"Feature","properties":{"Contents":"8","TEXTSTRING":"8","TEXT_SIZE":0.6,"TEXT_ANGLE":2.7860519036054439},"geometry":{"type":"Point","coordinates":[616894.3273596,9762745.5854379,0.0]}},
{"type":"Feature","properties":{"Contents":"45","TEXTSTRING":"45","TEXT_SIZE":0.6,"TEXT_ANGLE":2.7860519036054439},"geometry":{"type":"Point","coordinates":[616908.347794,9762808.3920846,0.0]}},
{"type":"Feature","properties":{"Contents":"44","TEXTSTRING":"44","TEXT_SIZE":0.6,"TEXT_ANGLE":2.7860519036054439},"geometry":{"type":"Point","coordinates":[616910.8368541,9762807.033542,0.0]}},
{"type":"Feature","properties":{"Contents":"43","TEXTSTRING":"43","TEXT_SIZE":0.6,"TEXT_ANGLE":2.7860519036054439},"geometry":{"type":"Point","coordinates":[616913.099397,9762806.1013191,0.0]}},
{"type":"Feature","properties":{"Contents":"42","TEXTSTRING":"42","TEXT_SIZE":0.6,"TEXT_ANGLE":2.7860519036054439},"geometry":{"type":"Point","coordinates":[616915.40915,9762805.0268426,0.0]}},
{"type":"Feature","properties":{"Contents":"41","TEXTSTRING":"41","TEXT_SIZE":0.6,"TEXT_ANGLE":2.7860519036054439},"geometry":{"type":"Point","coordinates":[616917.6554995,9762803.7575079,0.0]}},
{"type":"Feature","properties":{"Contents":"40","TEXTSTRING":"40","TEXT_SIZE":0.6,"TEXT_ANGLE":2.7860519036054439},"geometry":{"type":"Point","coordinates":[616919.8075581,9762802.3049144,0.0]}},
{"type":"Feature","properties":{"Contents":"39","TEXTSTRING":"39","TEXT_SIZE":0.6,"TEXT_ANGLE":2.7860519036054439},"geometry":{"type":"Point","coordinates":[616921.3703499,9762800.2143694,0.0]}},
{"type":"Feature","properties":{"Contents":"38","TEXTSTRING":"38","TEXT_SIZE":0.6,"TEXT_ANGLE":2.7860519036054439},"geometry":{"type":"Point","coordinates":[616923.2487668,9762798.4228996,0.0]}},
{"type":"Feature","properties":{"Contents":"37","TEXTSTRING":"37","TEXT_SIZE":0.6,"TEXT_ANGLE":2.7860519036054439},"geometry":{"type":"Point","coordinates":[616924.4219468,9762796.4310223,0.0]}},
{"type":"Feature","properties":{"Contents":"36","TEXTSTRING":"36","TEXT_SIZE":0.6,"TEXT_ANGLE":2.7860519036054439},"geometry":{"type":"Point","coordinates":[616925.7454909,9762794.1315391,0.0]}},
{"type":"Feature","properties":{"Contents":"35","TEXTSTRING":"35","TEXT_SIZE":0.6,"TEXT_ANGLE":2.7860519036054439},"geometry":{"type":"Point","coordinates":[616926.8525581,9762791.8850757,0.0]}},
{"type":"Feature","properties":{"Contents":"34","TEXTSTRING":"34","TEXT_SIZE":0.6,"TEXT_ANGLE":2.7860519036054439},"geometry":{"type":"Point","coordinates":[616927.681416,9762789.4773618,0.0]}},
{"type":"Feature","properties":{"Contents":"33","TEXTSTRING":"33","TEXT_SIZE":0.6,"TEXT_ANGLE":2.7860519036054439},"geometry":{"type":"Point","coordinates":[616928.5567948,9762787.301482,0.0]}},
{"type":"Feature","properties":{"Contents":"32","TEXTSTRING":"32","TEXT_SIZE":0.6,"TEXT_ANGLE":2.7860519036054439},"geometry":{"type":"Point","coordinates":[616929.4173231,9762784.9080267,0.0]}},
{"type":"Feature","properties":{"Contents":"31","TEXTSTRING":"31","TEXT_SIZE":0.6,"TEXT_ANGLE":2.7860519036054439},"geometry":{"type":"Point","coordinates":[616930.0030792,9762782.2506915,0.0]}},
{"type":"Feature","properties":{"Contents":"30","TEXTSTRING":"30","TEXT_SIZE":0.6,"TEXT_ANGLE":2.7860519036054439},"geometry":{"type":"Point","coordinates":[616930.2503559,9762779.8520634,0.0]}},
{"type":"Feature","properties":{"Contents":"29","TEXTSTRING":"29","TEXT_SIZE":0.6,"TEXT_ANGLE":2.7860519036054439},"geometry":{"type":"Point","coordinates":[616930.1947481,9762777.290448,0.0]}},
{"type":"Feature","properties":{"Contents":"28","TEXTSTRING":"28","TEXT_SIZE":0.6,"TEXT_ANGLE":2.7860519036054439},"geometry":{"type":"Point","coordinates":[616930.0782343,9762774.6735253,0.0]}},
{"type":"Feature","properties":{"Contents":"27","TEXTSTRING":"27","TEXT_SIZE":0.6,"TEXT_ANGLE":2.7860519036054439},"geometry":{"type":"Point","coordinates":[616929.7014495,9762772.186022,0.0]}},
{"type":"Feature","properties":{"Contents":"26","TEXTSTRING":"26","TEXT_SIZE":0.6,"TEXT_ANGLE":2.7860519036054439},"geometry":{"type":"Point","coordinates":[616929.106635,9762769.6618646,0.0]}},
{"type":"Feature","properties":{"Contents":"25","TEXTSTRING":"25","TEXT_SIZE":0.6,"TEXT_ANGLE":2.7860519036054439},"geometry":{"type":"Point","coordinates":[616928.484627,9762767.3648265,0.0]}},
{"type":"Feature","properties":{"Contents":"24","TEXTSTRING":"24","TEXT_SIZE":0.6,"TEXT_ANGLE":2.7860519036054439},"geometry":{"type":"Point","coordinates":[616927.4100739,9762764.886692,0.0]}},
{"type":"Feature","properties":{"Contents":"23","TEXTSTRING":"23","TEXT_SIZE":0.6,"TEXT_ANGLE":2.7860519036054439},"geometry":{"type":"Point","coordinates":[616926.2453737,9762762.4755988,0.0]}},
{"type":"Feature","properties":{"Contents":"22","TEXTSTRING":"22","TEXT_SIZE":0.6,"TEXT_ANGLE":2.7860519036054439},"geometry":{"type":"Point","coordinates":[616924.9071609,9762760.3982496,0.0]}},
{"type":"Feature","properties":{"Contents":"21","TEXTSTRING":"21","TEXT_SIZE":0.6,"TEXT_ANGLE":2.7860519036054439},"geometry":{"type":"Point","coordinates":[616923.405125,9762758.2787384,0.0]}},
{"type":"Feature","properties":{"Contents":"20","TEXTSTRING":"20","TEXT_SIZE":0.6,"TEXT_ANGLE":2.7860519036054439},"geometry":{"type":"Point","coordinates":[616922.022156,9762756.3687976,0.0]}},
{"type":"Feature","properties":{"Contents":"19","TEXTSTRING":"19","TEXT_SIZE":0.6,"TEXT_ANGLE":2.7860519036054439},"geometry":{"type":"Point","coordinates":[616920.2923094,9762754.3172347,0.0]}},
{"type":"Feature","properties":{"Contents":"18","TEXTSTRING":"18","TEXT_SIZE":0.6,"TEXT_ANGLE":2.7860519036054439},"geometry":{"type":"Point","coordinates":[616918.4085529,9762752.4133856,0.0]}},
{"type":"Feature","properties":{"Contents":"17","TEXTSTRING":"17","TEXT_SIZE":0.6,"TEXT_ANGLE":2.7860519036054439},"geometry":{"type":"Point","coordinates":[616916.1853778,9762751.1408405,0.0]}},
{"type":"Feature","properties":{"Contents":"14","TEXTSTRING":"14","TEXT_SIZE":0.6,"TEXT_ANGLE":2.7860519036054439},"geometry":{"type":"Point","coordinates":[616909.3386417,9762747.5652676,0.0]}},
{"type":"Feature","properties":{"Contents":"13","TEXTSTRING":"13","TEXT_SIZE":0.6,"TEXT_ANGLE":2.7860519036054439},"geometry":{"type":"Point","coordinates":[616906.8707823,9762746.802826,0.0]}},
{"type":"Feature","properties":{"Contents":"15","TEXTSTRING":"15","TEXT_SIZE":0.6,"TEXT_ANGLE":2.7860519036054439},"geometry":{"type":"Point","coordinates":[616911.6594449,9762748.601741,0.0]}},
{"type":"Feature","properties":{"Contents":"16","TEXTSTRING":"16","TEXT_SIZE":0.6,"TEXT_ANGLE":2.7860519036054439},"geometry":{"type":"Point","coordinates":[616913.8876423,9762749.7137191,0.0]}},
{"type":"Feature","properties":{"Contents":"1","TEXTSTRING":"1","TEXT_SIZE":0.6,"TEXT_ANGLE":2.7860519036054439},"geometry":{"type":"Point","coordinates":[616930.9565097,9762810.7812933,0.0]}},
{"type":"Feature","properties":{"Contents":"2","TEXTSTRING":"2","TEXT_SIZE":0.6,"TEXT_ANGLE":2.7860519036054439},"geometry":{"type":"Point","coordinates":[616933.0366523,9762809.424338,0.0]}},
{"type":"Feature","properties":{"Contents":"3","TEXTSTRING":"3","TEXT_SIZE":0.6,"TEXT_ANGLE":2.7860519036054439},"geometry":{"type":"Point","coordinates":[616935.0858971,9762807.9736739,0.0]}},
{"type":"Feature","properties":{"Contents":"4","TEXTSTRING":"4","TEXT_SIZE":0.6,"TEXT_ANGLE":2.7860519036054439},"geometry":{"type":"Point","coordinates":[616936.9948091,9762806.5781948,0.0]}},
{"type":"Feature","properties":{"Contents":"5","TEXTSTRING":"5","TEXT_SIZE":0.6,"TEXT_ANGLE":2.7860519036054439},"geometry":{"type":"Point","coordinates":[616938.9145554,9762805.011974,0.0]}},
{"type":"Feature","properties":{"Contents":"6","TEXTSTRING":"6","TEXT_SIZE":0.6,"TEXT_ANGLE":2.7860519036054439},"geometry":{"type":"Point","coordinates":[616940.8468418,9762803.6370924,0.0]}},
{"type":"Feature","properties":{"Contents":"7","TEXTSTRING":"7","TEXT_SIZE":0.6,"TEXT_ANGLE":2.7860519036054439},"geometry":{"type":"Point","coordinates":[616942.7481112,9762802.1354405,0.0]}},
{"type":"Feature","properties":{"Contents":"8","TEXTSTRING":"8","TEXT_SIZE":0.6,"TEXT_ANGLE":2.7860519036054439},"geometry":{"type":"Point","coordinates":[616944.8608295,9762799.9523605,0.0]}},
{"type":"Feature","properties":{"Contents":"9","TEXTSTRING":"9","TEXT_SIZE":0.6,"TEXT_ANGLE":2.7860519036054439},"geometry":{"type":"Point","coordinates":[616946.3347804,9762798.2630302,0.0]}},
{"type":"Feature","properties":{"Contents":"10","TEXTSTRING":"10","TEXT_SIZE":0.6,"TEXT_ANGLE":2.7860519036054439},"geometry":{"type":"Point","coordinates":[616947.5891854,9762796.3963648,0.0]}},
{"type":"Feature","properties":{"Contents":"11","TEXTSTRING":"11","TEXT_SIZE":0.6,"TEXT_ANGLE":2.7860519036054439},"geometry":{"type":"Point","coordinates":[616949.0697117,9762794.4084183,0.0]}},
{"type":"Feature","properties":{"Contents":"12","TEXTSTRING":"12","TEXT_SIZE":0.6,"TEXT_ANGLE":2.7860519036054439},"geometry":{"type":"Point","coordinates":[616950.6846542,9762792.6578191,0.0]}},
{"type":"Feature","properties":{"Contents":"10","TEXTSTRING":"10","TEXT_SIZE":0.6,"TEXT_ANGLE":2.7860519036054439},"geometry":{"type":"Point","coordinates":[615108.2377417,9762699.4196406,0.0]}},
{"type":"Feature","properties":{"Contents":"9","TEXTSTRING":"9","TEXT_SIZE":0.6,"TEXT_ANGLE":2.7860519036054439},"geometry":{"type":"Point","coordinates":[615106.0783316,9762699.8565895,0.0]}},
{"type":"Feature","properties":{"Contents":"8","TEXTSTRING":"8","TEXT_SIZE":0.6,"TEXT_ANGLE":2.7860519036054439},"geometry":{"type":"Point","coordinates":[615103.8010416,9762700.4620273,0.0]}},
{"type":"Feature","properties":{"Contents":"7","TEXTSTRING":"7","TEXT_SIZE":0.6,"TEXT_ANGLE":2.7860519036054439},"geometry":{"type":"Point","coordinates":[615096.0819031,9762699.9653122,0.0]}},
{"type":"Feature","properties":{"Contents":"6","TEXTSTRING":"6","TEXT_SIZE":0.6,"TEXT_ANGLE":2.7860519036054439},"geometry":{"type":"Point","coordinates":[615095.0067143,9762697.6951796,0.0]}},
{"type":"Feature","properties":{"Contents":"5","TEXTSTRING":"5","TEXT_SIZE":0.6,"TEXT_ANGLE":2.7860519036054439},"geometry":{"type":"Point","coordinates":[615094.2496968,9762695.3139785,0.0]}},
{"type":"Feature","properties":{"Contents":"4","TEXTSTRING":"4","TEXT_SIZE":0.6,"TEXT_ANGLE":2.7860519036054439},"geometry":{"type":"Point","coordinates":[615093.5426822,9762692.7880569,0.0]}},
{"type":"Feature","properties":{"Contents":"3","TEXTSTRING":"3","TEXT_SIZE":0.6,"TEXT_ANGLE":2.7860519036054439},"geometry":{"type":"Point","coordinates":[615092.5357329,9762690.3477661,0.0]}},
{"type":"Feature","properties":{"Contents":"2","TEXTSTRING":"2","TEXT_SIZE":0.6,"TEXT_ANGLE":2.7860519036054439},"geometry":{"type":"Point","coordinates":[615091.8461365,9762687.5265654,0.0]}},
{"type":"Feature","properties":{"Contents":"1","TEXTSTRING":"1","TEXT_SIZE":0.6,"TEXT_ANGLE":2.7860519036054439},"geometry":{"type":"Point","coordinates":[615090.8863887,9762685.1977306,0.0]}},
{"type":"Feature","properties":{"Contents":"14","TEXTSTRING":"14","TEXT_SIZE":0.6,"TEXT_ANGLE":2.7860519036054439},"geometry":{"type":"Point","coordinates":[615105.9433715,9762730.2091941,0.0]}},
{"type":"Feature","properties":{"Contents":"13","TEXTSTRING":"13","TEXT_SIZE":0.6,"TEXT_ANGLE":2.7860519036054439},"geometry":{"type":"Point","coordinates":[615108.2058253,9762729.4025158,0.0]}},
{"type":"Feature","properties":{"Contents":"12","TEXTSTRING":"12","TEXT_SIZE":0.6,"TEXT_ANGLE":2.7860519036054439},"geometry":{"type":"Point","coordinates":[615114.9643502,9762734.4757024,0.0]}},
{"type":"Feature","properties":{"Contents":"11","TEXTSTRING":"11","TEXT_SIZE":0.6,"TEXT_ANGLE":2.7860519036054439},"geometry":{"type":"Point","coordinates":[615116.0531927,9762738.2778379,0.0]}},
{"type":"Feature","properties":{"Contents":"10","TEXTSTRING":"10","TEXT_SIZE":0.6,"TEXT_ANGLE":2.7860519036054439},"geometry":{"type":"Point","coordinates":[615117.1594631,9762741.5099418,0.0]}},
{"type":"Feature","properties":{"Contents":"8","TEXTSTRING":"8","TEXT_SIZE":0.6,"TEXT_ANGLE":2.7860519036054439},"geometry":{"type":"Point","coordinates":[615118.4907824,9762750.8264838,0.0]}},
{"type":"Feature","properties":{"Contents":"7","TEXTSTRING":"7","TEXT_SIZE":0.6,"TEXT_ANGLE":2.7860519036054439},"geometry":{"type":"Point","coordinates":[615119.6659407,9762754.349976,0.0]}},
{"type":"Feature","properties":{"Contents":"6","TEXTSTRING":"6","TEXT_SIZE":0.6,"TEXT_ANGLE":2.7860519036054439},"geometry":{"type":"Point","coordinates":[615120.5942914,9762757.9367355,0.0]}},
{"type":"Feature","properties":{"Contents":"5","TEXTSTRING":"5","TEXT_SIZE":0.6,"TEXT_ANGLE":2.7860519036054439},"geometry":{"type":"Point","coordinates":[615121.7485234,9762761.3871478,0.0]}},
{"type":"Feature","properties":{"Contents":"4","TEXTSTRING":"4","TEXT_SIZE":0.6,"TEXT_ANGLE":2.7860519036054439},"geometry":{"type":"Point","coordinates":[615122.9014835,9762764.7008809,0.0]}},
{"type":"Feature","properties":{"Contents":"3","TEXTSTRING":"3","TEXT_SIZE":0.6,"TEXT_ANGLE":2.7860519036054439},"geometry":{"type":"Point","coordinates":[615123.8622272,9762768.2446584,0.0]}},
{"type":"Feature","properties":{"Contents":"2","TEXTSTRING":"2","TEXT_SIZE":0.6,"TEXT_ANGLE":2.7860519036054439},"geometry":{"type":"Point","coordinates":[615124.641085,9762771.7356873,0.0]}},
{"type":"Feature","properties":{"Contents":"1","TEXTSTRING":"1","TEXT_SIZE":0.6,"TEXT_ANGLE":2.7860519036054439},"geometry":{"type":"Point","coordinates":[615125.8662974,9762775.4501964,0.0]}},
{"type":"Feature","properties":{"Contents":"1","TEXTSTRING":"1","TEXT_SIZE":0.6,"TEXT_ANGLE":2.7860519036054439},"geometry":{"type":"Point","coordinates":[615134.2470284,9762767.8442934,0.0]}},
{"type":"Feature","properties":{"Contents":"2","TEXTSTRING":"2","TEXT_SIZE":0.6,"TEXT_ANGLE":2.7860519036054439},"geometry":{"type":"Point","coordinates":[615136.6272272,9762767.1238335,0.0]}},
{"type":"Feature","properties":{"Contents":"3","TEXTSTRING":"3","TEXT_SIZE":0.6,"TEXT_ANGLE":2.7860519036054439},"geometry":{"type":"Point","coordinates":[615138.9173699,9762766.4630387,0.0]}},
{"type":"Feature","properties":{"Contents":"4","TEXTSTRING":"4","TEXT_SIZE":0.6,"TEXT_ANGLE":2.7860519036054439},"geometry":{"type":"Point","coordinates":[615141.2462087,9762765.6201916,0.0]}},
{"type":"Feature","properties":{"Contents":"1","TEXTSTRING":"1","TEXT_SIZE":0.6,"TEXT_ANGLE":2.7860519036054439},"geometry":{"type":"Point","coordinates":[615134.3498983,9762779.1627347,0.0]}},
{"type":"Feature","properties":{"Contents":"2","TEXTSTRING":"2","TEXT_SIZE":0.6,"TEXT_ANGLE":2.7860519036054439},"geometry":{"type":"Point","coordinates":[615136.5661256,9762778.5231928,0.0]}},
{"type":"Feature","properties":{"Contents":"3","TEXTSTRING":"3","TEXT_SIZE":0.6,"TEXT_ANGLE":2.7860519036054439},"geometry":{"type":"Point","coordinates":[615138.9148416,9762777.7692387,0.0]}},
{"type":"Feature","properties":{"Contents":"4","TEXTSTRING":"4","TEXT_SIZE":0.6,"TEXT_ANGLE":2.7860519036054439},"geometry":{"type":"Point","coordinates":[615141.1259978,9762776.9763999,0.0]}},
{"type":"Feature","properties":{"Contents":"5","TEXTSTRING":"5","TEXT_SIZE":0.6,"TEXT_ANGLE":2.7860519036054439},"geometry":{"type":"Point","coordinates":[615143.463702,9762776.1484885,0.0]}},
{"type":"Feature","properties":{"Contents":"6","TEXTSTRING":"6","TEXT_SIZE":0.6,"TEXT_ANGLE":2.7860519036054439},"geometry":{"type":"Point","coordinates":[615145.2773156,9762773.7525774,0.0]}},
{"type":"Feature","properties":{"Contents":"7","TEXTSTRING":"7","TEXT_SIZE":0.6,"TEXT_ANGLE":2.7860519036054439},"geometry":{"type":"Point","coordinates":[615147.6115641,9762773.0811867,0.0]}},
{"type":"Feature","properties":{"Contents":"1","TEXTSTRING":"1","TEXT_SIZE":0.6,"TEXT_ANGLE":2.7860519036054439},"geometry":{"type":"Point","coordinates":[615016.7614858,9762613.6366801,0.0]}},
{"type":"Feature","properties":{"Contents":"2","TEXTSTRING":"2","TEXT_SIZE":0.6,"TEXT_ANGLE":2.7860519036054439},"geometry":{"type":"Point","coordinates":[615019.1102874,9762613.6826426,0.0]}},
{"type":"Feature","properties":{"Contents":"3","TEXTSTRING":"3","TEXT_SIZE":0.6,"TEXT_ANGLE":2.7860519036054439},"geometry":{"type":"Point","coordinates":[615021.5456129,9762613.7080077,0.0]}},
{"type":"Feature","properties":{"Contents":"4","TEXTSTRING":"4","TEXT_SIZE":0.6,"TEXT_ANGLE":2.7860519036054439},"geometry":{"type":"Point","coordinates":[615023.8920184,9762613.7737136,0.0]}},
{"type":"Feature","properties":{"Contents":"5","TEXTSTRING":"5","TEXT_SIZE":0.6,"TEXT_ANGLE":2.7860519036054439},"geometry":{"type":"Point","coordinates":[615026.2968035,9762613.7855201,0.0]}},
{"type":"Feature","properties":{"Contents":"6","TEXTSTRING":"6","TEXT_SIZE":0.6,"TEXT_ANGLE":2.7860519036054439},"geometry":{"type":"Point","coordinates":[615028.7239479,9762613.7160669,0.0]}},
{"type":"Feature","properties":{"Contents":"7","TEXTSTRING":"7","TEXT_SIZE":0.6,"TEXT_ANGLE":2.7860519036054439},"geometry":{"type":"Point","coordinates":[615031.1205254,9762613.6227961,0.0]}},
{"type":"Feature","properties":{"Contents":"1","TEXTSTRING":"1","TEXT_SIZE":0.6,"TEXT_ANGLE":2.7860519036054439},"geometry":{"type":"Point","coordinates":[615012.0475522,9762625.3459135,0.0]}},
{"type":"Feature","properties":{"Contents":"2","TEXTSTRING":"2","TEXT_SIZE":0.6,"TEXT_ANGLE":2.7860519036054439},"geometry":{"type":"Point","coordinates":[615014.4737897,9762625.3234216,0.0]}},
{"type":"Feature","properties":{"Contents":"3","TEXTSTRING":"3","TEXT_SIZE":0.6,"TEXT_ANGLE":2.7860519036054439},"geometry":{"type":"Point","coordinates":[615016.8519944,9762625.3049941,0.0]}},
{"type":"Feature","properties":{"Contents":"4","TEXTSTRING":"4","TEXT_SIZE":0.6,"TEXT_ANGLE":2.7860519036054439},"geometry":{"type":"Point","coordinates":[615019.2991642,9762625.3201117,0.0]}},
{"type":"Feature","properties":{"Contents":"1","TEXTSTRING":"1","TEXT_SIZE":0.6,"TEXT_ANGLE":2.7860519036054439},"geometry":{"type":"Point","coordinates":[615002.7193375,9762635.7504983,0.0]}},
{"type":"Feature","properties":{"Contents":"2","TEXTSTRING":"2","TEXT_SIZE":0.6,"TEXT_ANGLE":2.7860519036054439},"geometry":{"type":"Point","coordinates":[615005.1387849,9762635.6220739,0.0]}},
{"type":"Feature","properties":{"Contents":"3","TEXTSTRING":"3","TEXT_SIZE":0.6,"TEXT_ANGLE":2.7860519036054439},"geometry":{"type":"Point","coordinates":[615007.547016,9762635.6119952,0.0]}},
{"type":"Feature","properties":{"Contents":"4","TEXTSTRING":"4","TEXT_SIZE":0.6,"TEXT_ANGLE":2.7860519036054439},"geometry":{"type":"Point","coordinates":[615009.9153463,9762635.5700107,0.0]}},
{"type":"Feature","properties":{"Contents":"5","TEXTSTRING":"5","TEXT_SIZE":0.6,"TEXT_ANGLE":2.7860519036054439},"geometry":{"type":"Point","coordinates":[615012.3268988,9762635.5146966,0.0]}},
{"type":"Feature","properties":{"Contents":"6","TEXTSTRING":"6","TEXT_SIZE":0.6,"TEXT_ANGLE":2.7860519036054439},"geometry":{"type":"Point","coordinates":[615014.7500177,9762635.4233542,0.0]}},
{"type":"Feature","properties":{"Contents":"1","TEXTSTRING":"1","TEXT_SIZE":0.6,"TEXT_ANGLE":2.7860519036054439},"geometry":{"type":"Point","coordinates":[615007.6193535,9762643.2415533,0.0]}},
{"type":"Feature","properties":{"Contents":"2","TEXTSTRING":"2","TEXT_SIZE":0.6,"TEXT_ANGLE":2.7860519036054439},"geometry":{"type":"Point","coordinates":[615010.0430822,9762643.2148024,0.0]}},
{"type":"Feature","properties":{"Contents":"3","TEXTSTRING":"3","TEXT_SIZE":0.6,"TEXT_ANGLE":2.7860519036054439},"geometry":{"type":"Point","coordinates":[615012.3684089,9762643.1819103,0.0]}},
{"type":"Feature","properties":{"Contents":"4","TEXTSTRING":"4","TEXT_SIZE":0.6,"TEXT_ANGLE":2.7860519036054439},"geometry":{"type":"Point","coordinates":[615014.7722275,9762643.1651978,0.0]}},
{"type":"Feature","properties":{"Contents":"2","TEXTSTRING":"2","TEXT_SIZE":0.6,"TEXT_ANGLE":2.7860519036054439},"geometry":{"type":"Point","coordinates":[615013.3278449,9762653.3713328,0.0]}},
{"type":"Feature","properties":{"Contents":"1","TEXTSTRING":"1","TEXT_SIZE":0.6,"TEXT_ANGLE":2.7860519036054439},"geometry":{"type":"Point","coordinates":[615013.4588697,9762650.8170995,0.0]}},
{"type":"Feature","properties":{"Contents":"1","TEXTSTRING":"1","TEXT_SIZE":0.6,"TEXT_ANGLE":2.7860519036054439},"geometry":{"type":"Point","coordinates":[614935.3450848,9762646.0743271,0.0]}},
{"type":"Feature","properties":{"Contents":"2","TEXTSTRING":"2","TEXT_SIZE":0.6,"TEXT_ANGLE":2.7860519036054439},"geometry":{"type":"Point","coordinates":[614935.8262931,9762648.5863209,0.0]}},
{"type":"Feature","properties":{"Contents":"3","TEXTSTRING":"3","TEXT_SIZE":0.6,"TEXT_ANGLE":2.7860519036054439},"geometry":{"type":"Point","coordinates":[614936.1828363,9762650.9128442,0.0]}},
{"type":"Feature","properties":{"Contents":"4","TEXTSTRING":"4","TEXT_SIZE":0.6,"TEXT_ANGLE":2.7860519036054439},"geometry":{"type":"Point","coordinates":[614936.4286401,9762653.3235932,0.0]}},
{"type":"Feature","properties":{"Contents":"5","TEXTSTRING":"5","TEXT_SIZE":0.6,"TEXT_ANGLE":2.7860519036054439},"geometry":{"type":"Point","coordinates":[614936.7830152,9762655.6308267,0.0]}},
{"type":"Feature","properties":{"Contents":"6","TEXTSTRING":"6","TEXT_SIZE":0.6,"TEXT_ANGLE":2.7860519036054439},"geometry":{"type":"Point","coordinates":[614937.1896003,9762658.0869897,0.0]}},
{"type":"Feature","properties":{"Contents":"7","TEXTSTRING":"7","TEXT_SIZE":0.6,"TEXT_ANGLE":2.7860519036054439},"geometry":{"type":"Point","coordinates":[614937.4563828,9762660.4015296,0.0]}},
{"type":"Feature","properties":{"Contents":"8","TEXTSTRING":"8","TEXT_SIZE":0.6,"TEXT_ANGLE":2.7860519036054439},"geometry":{"type":"Point","coordinates":[614937.7280789,9762662.8698399,0.0]}},
{"type":"Feature","properties":{"Contents":"9","TEXTSTRING":"9","TEXT_SIZE":0.6,"TEXT_ANGLE":2.7860519036054439},"geometry":{"type":"Point","coordinates":[614938.0391765,9762665.2626644,0.0]}},
{"type":"Feature","properties":{"Contents":"10","TEXTSTRING":"10","TEXT_SIZE":0.6,"TEXT_ANGLE":2.7860519036054439},"geometry":{"type":"Point","coordinates":[614938.3068953,9762667.713462,0.0]}},
{"type":"Feature","properties":{"Contents":"11","TEXTSTRING":"11","TEXT_SIZE":0.6,"TEXT_ANGLE":2.7860519036054439},"geometry":{"type":"Point","coordinates":[614938.88634,9762670.061771,0.0]}},
{"type":"Feature","properties":{"Contents":"12","TEXTSTRING":"12","TEXT_SIZE":0.6,"TEXT_ANGLE":2.7860519036054439},"geometry":{"type":"Point","coordinates":[614939.5547152,9762672.5983204,0.0]}},
{"type":"Feature","properties":{"Contents":"13","TEXTSTRING":"13","TEXT_SIZE":0.6,"TEXT_ANGLE":2.7860519036054439},"geometry":{"type":"Point","coordinates":[614940.3390387,9762674.8605092,0.0]}},
{"type":"Feature","properties":{"Contents":"14","TEXTSTRING":"14","TEXT_SIZE":0.6,"TEXT_ANGLE":2.7860519036054439},"geometry":{"type":"Point","coordinates":[614940.9590726,9762677.3621455,0.0]}},
{"type":"Feature","properties":{"Contents":"15","TEXTSTRING":"15","TEXT_SIZE":0.6,"TEXT_ANGLE":2.7860519036054439},"geometry":{"type":"Point","coordinates":[614941.2949991,9762679.6507243,0.0]}},
{"type":"Feature","properties":{"Contents":"14","TEXTSTRING":"14","TEXT_SIZE":0.6,"TEXT_ANGLE":2.7860519036054439},"geometry":{"type":"Point","coordinates":[614957.1879956,9762688.6385197,0.0]}},
{"type":"Feature","properties":{"Contents":"13","TEXTSTRING":"13","TEXT_SIZE":0.6,"TEXT_ANGLE":2.7860519036054439},"geometry":{"type":"Point","coordinates":[614956.5414273,9762686.3472215,0.0]}},
{"type":"Feature","properties":{"Contents":"12","TEXTSTRING":"12","TEXT_SIZE":0.6,"TEXT_ANGLE":2.7860519036054439},"geometry":{"type":"Point","coordinates":[614956.0521506,9762684.0853243,0.0]}},
{"type":"Feature","properties":{"Contents":"11","TEXTSTRING":"11","TEXT_SIZE":0.6,"TEXT_ANGLE":2.7860519036054439},"geometry":{"type":"Point","coordinates":[614955.4247904,9762681.6733159,0.0]}},
{"type":"Feature","properties":{"Contents":"10","TEXTSTRING":"10","TEXT_SIZE":0.6,"TEXT_ANGLE":2.7860519036054439},"geometry":{"type":"Point","coordinates":[614954.920258,9762679.3412031,0.0]}},
{"type":"Feature","properties":{"Contents":"9","TEXTSTRING":"9","TEXT_SIZE":0.6,"TEXT_ANGLE":2.7860519036054439},"geometry":{"type":"Point","coordinates":[614954.6532561,9762677.0953697,0.0]}},
{"type":"Feature","properties":{"Contents":"8","TEXTSTRING":"8","TEXT_SIZE":0.6,"TEXT_ANGLE":2.7860519036054439},"geometry":{"type":"Point","coordinates":[614954.0138741,9762674.7006829,0.0]}},
{"type":"Feature","properties":{"Contents":"7","TEXTSTRING":"7","TEXT_SIZE":0.6,"TEXT_ANGLE":2.7860519036054439},"geometry":{"type":"Point","coordinates":[614953.5513716,9762672.3572621,0.0]}},
{"type":"Feature","properties":{"Contents":"6","TEXTSTRING":"6","TEXT_SIZE":0.6,"TEXT_ANGLE":2.7860519036054439},"geometry":{"type":"Point","coordinates":[614952.9488268,9762669.9583441,0.0]}},
{"type":"Feature","properties":{"Contents":"5","TEXTSTRING":"5","TEXT_SIZE":0.6,"TEXT_ANGLE":2.7860519036054439},"geometry":{"type":"Point","coordinates":[614952.4288019,9762667.664318,0.0]}},
{"type":"Feature","properties":{"Contents":"4","TEXTSTRING":"4","TEXT_SIZE":0.6,"TEXT_ANGLE":2.7860519036054439},"geometry":{"type":"Point","coordinates":[614951.8109929,9762665.3231813,0.0]}},
{"type":"Feature","properties":{"Contents":"3","TEXTSTRING":"3","TEXT_SIZE":0.6,"TEXT_ANGLE":2.7860519036054439},"geometry":{"type":"Point","coordinates":[614951.3102142,9762663.0882595,0.0]}},
{"type":"Feature","properties":{"Contents":"2","TEXTSTRING":"2","TEXT_SIZE":0.6,"TEXT_ANGLE":2.7860519036054439},"geometry":{"type":"Point","coordinates":[614950.7098069,9762660.7874148,0.0]}},
{"type":"Feature","properties":{"Contents":"1","TEXTSTRING":"1","TEXT_SIZE":0.6,"TEXT_ANGLE":2.7860519036054439},"geometry":{"type":"Point","coordinates":[614950.2766036,9762658.4235033,0.0]}},
{"type":"Feature","properties":{"Contents":"1","TEXTSTRING":"1","TEXT_SIZE":0.6,"TEXT_ANGLE":2.7860519036054439},"geometry":{"type":"Point","coordinates":[615094.5329522,9762508.3249736,0.0]}},
{"type":"Feature","properties":{"Contents":"2","TEXTSTRING":"2","TEXT_SIZE":0.6,"TEXT_ANGLE":2.7860519036054439},"geometry":{"type":"Point","coordinates":[615097.1961364,9762506.3253804,0.0]}},
{"type":"Feature","properties":{"Contents":"3","TEXTSTRING":"3","TEXT_SIZE":0.6,"TEXT_ANGLE":2.7860519036054439},"geometry":{"type":"Point","coordinates":[615099.7287667,9762506.3861308,0.0]}},
{"type":"Feature","properties":{"Contents":"4","TEXTSTRING":"4","TEXT_SIZE":0.6,"TEXT_ANGLE":2.7860519036054439},"geometry":{"type":"Point","coordinates":[615102.6205538,9762504.2848068,0.0]}},
{"type":"Feature","properties":{"Contents":"5","TEXTSTRING":"5","TEXT_SIZE":0.6,"TEXT_ANGLE":2.7860519036054439},"geometry":{"type":"Point","coordinates":[615105.1439017,9762501.9526647,0.0]}},
{"type":"Feature","properties":{"Contents":"6","TEXTSTRING":"6","TEXT_SIZE":0.6,"TEXT_ANGLE":2.7860519036054439},"geometry":{"type":"Point","coordinates":[615108.079502,9762500.4642281,0.0]}},
{"type":"Feature","properties":{"Contents":"7","TEXTSTRING":"7","TEXT_SIZE":0.6,"TEXT_ANGLE":2.7860519036054439},"geometry":{"type":"Point","coordinates":[615110.5112402,9762498.2972312,0.0]}},
{"type":"Feature","properties":{"Contents":"8","TEXTSTRING":"8","TEXT_SIZE":0.6,"TEXT_ANGLE":2.7860519036054439},"geometry":{"type":"Point","coordinates":[615113.2715873,9762496.4148021,0.0]}},
{"type":"Feature","properties":{"Contents":"9","TEXTSTRING":"9","TEXT_SIZE":0.6,"TEXT_ANGLE":2.7860519036054439},"geometry":{"type":"Point","coordinates":[615116.0538501,9762495.0139144,0.0]}},
{"type":"Feature","properties":{"Contents":"1","TEXTSTRING":"1","TEXT_SIZE":0.6,"TEXT_ANGLE":2.7860519036054439},"geometry":{"type":"Point","coordinates":[615080.2892699,9762486.6629567,0.0]}},
{"type":"Feature","properties":{"Contents":"2","TEXTSTRING":"2","TEXT_SIZE":0.6,"TEXT_ANGLE":2.7860519036054439},"geometry":{"type":"Point","coordinates":[615082.5142803,9762485.1642807,0.0]}},
{"type":"Feature","properties":{"Contents":"3","TEXTSTRING":"3","TEXT_SIZE":0.6,"TEXT_ANGLE":2.7860519036054439},"geometry":{"type":"Point","coordinates":[615084.6343848,9762483.743444,0.0]}},
{"type":"Feature","properties":{"Contents":"4","TEXTSTRING":"4","TEXT_SIZE":0.6,"TEXT_ANGLE":2.7860519036054439},"geometry":{"type":"Point","coordinates":[615086.7348785,9762481.9019555,0.0]}},
{"type":"Feature","properties":{"Contents":"5","TEXTSTRING":"5","TEXT_SIZE":0.6,"TEXT_ANGLE":2.7860519036054439},"geometry":{"type":"Point","coordinates":[615088.8542698,9762480.5865979,0.0]}},
{"type":"Feature","properties":{"Contents":"6","TEXTSTRING":"6","TEXT_SIZE":0.6,"TEXT_ANGLE":2.7860519036054439},"geometry":{"type":"Point","coordinates":[615091.0358016,9762479.1317265,0.0]}},
{"type":"Feature","properties":{"Contents":"7","TEXTSTRING":"7","TEXT_SIZE":0.6,"TEXT_ANGLE":2.7860519036054439},"geometry":{"type":"Point","coordinates":[615093.1908014,9762477.4375361,0.0]}},
{"type":"Feature","properties":{"Contents":"8","TEXTSTRING":"8","TEXT_SIZE":0.6,"TEXT_ANGLE":2.7860519036054439},"geometry":{"type":"Point","coordinates":[615095.3296518,9762476.0275416,0.0]}},
{"type":"Feature","properties":{"Contents":"1","TEXTSTRING":"1","TEXT_SIZE":0.6,"TEXT_ANGLE":2.7860519036054439},"geometry":{"type":"Point","coordinates":[615129.3507701,9762545.1344695,0.0]}},
{"type":"Feature","properties":{"Contents":"2","TEXTSTRING":"2","TEXT_SIZE":0.6,"TEXT_ANGLE":2.7860519036054439},"geometry":{"type":"Point","coordinates":[615130.4673585,9762543.0331384,0.0]}},
{"type":"Feature","properties":{"Contents":"3","TEXTSTRING":"3","TEXT_SIZE":0.6,"TEXT_ANGLE":2.7860519036054439},"geometry":{"type":"Point","coordinates":[615131.6782857,9762540.9628859,0.0]}},
{"type":"Feature","properties":{"Contents":"4","TEXTSTRING":"4","TEXT_SIZE":0.6,"TEXT_ANGLE":2.7860519036054439},"geometry":{"type":"Point","coordinates":[615132.808007,9762538.9310656,0.0]}},
{"type":"Feature","properties":{"Contents":"5","TEXTSTRING":"5","TEXT_SIZE":0.6,"TEXT_ANGLE":2.7860519036054439},"geometry":{"type":"Point","coordinates":[615134.0495199,9762536.8732409,0.0]}},
{"type":"Feature","properties":{"Contents":"6","TEXTSTRING":"6","TEXT_SIZE":0.6,"TEXT_ANGLE":2.7860519036054439},"geometry":{"type":"Point","coordinates":[615135.3355141,9762534.7817574,0.0]}},
{"type":"Feature","properties":{"Contents":"7","TEXTSTRING":"7","TEXT_SIZE":0.6,"TEXT_ANGLE":2.7860519036054439},"geometry":{"type":"Point","coordinates":[615136.8391272,9762532.8380801,0.0]}},
{"type":"Feature","properties":{"Contents":"8","TEXTSTRING":"8","TEXT_SIZE":0.6,"TEXT_ANGLE":2.7860519036054439},"geometry":{"type":"Point","coordinates":[615138.1101671,9762530.7720317,0.0]}},
{"type":"Feature","properties":{"Contents":"9","TEXTSTRING":"9","TEXT_SIZE":0.6,"TEXT_ANGLE":2.7860519036054439},"geometry":{"type":"Point","coordinates":[615139.29376,9762528.7144526,0.0]}},
{"type":"Feature","properties":{"Contents":"10","TEXTSTRING":"10","TEXT_SIZE":0.6,"TEXT_ANGLE":2.7860519036054439},"geometry":{"type":"Point","coordinates":[615140.4107547,9762526.7640422,0.0]}},
{"type":"Feature","properties":{"Contents":"11","TEXTSTRING":"11","TEXT_SIZE":0.6,"TEXT_ANGLE":2.7860519036054439},"geometry":{"type":"Point","coordinates":[615141.5990011,9762524.6147256,0.0]}},
{"type":"Feature","properties":{"Contents":"12","TEXTSTRING":"12","TEXT_SIZE":0.6,"TEXT_ANGLE":2.7860519036054439},"geometry":{"type":"Point","coordinates":[615142.8639167,9762522.5270252,0.0]}},
{"type":"Feature","properties":{"Contents":"13","TEXTSTRING":"13","TEXT_SIZE":0.6,"TEXT_ANGLE":2.7860519036054439},"geometry":{"type":"Point","coordinates":[615144.1510474,9762520.4831547,0.0]}},
{"type":"Feature","properties":{"Contents":"14","TEXTSTRING":"14","TEXT_SIZE":0.6,"TEXT_ANGLE":2.7860519036054439},"geometry":{"type":"Point","coordinates":[615143.9077389,9762517.6291381,0.0]}},
{"type":"Feature","properties":{"Contents":"15","TEXTSTRING":"15","TEXT_SIZE":0.6,"TEXT_ANGLE":2.7860519036054439},"geometry":{"type":"Point","coordinates":[615144.9873617,9762515.4025956,0.0]}},
{"type":"Feature","properties":{"Contents":"16","TEXTSTRING":"16","TEXT_SIZE":0.6,"TEXT_ANGLE":2.7860519036054439},"geometry":{"type":"Point","coordinates":[615154.4601958,9762501.9818385,0.0]}},
{"type":"Feature","properties":{"Contents":"17","TEXTSTRING":"17","TEXT_SIZE":0.6,"TEXT_ANGLE":2.7860519036054439},"geometry":{"type":"Point","coordinates":[615155.9940404,9762500.0210957,0.0]}},
{"type":"Feature","properties":{"Contents":"18","TEXTSTRING":"18","TEXT_SIZE":0.6,"TEXT_ANGLE":2.7860519036054439},"geometry":{"type":"Point","coordinates":[615157.392552,9762497.1137996,0.0]}},
{"type":"Feature","properties":{"Contents":"19","TEXTSTRING":"19","TEXT_SIZE":0.6,"TEXT_ANGLE":2.7860519036054439},"geometry":{"type":"Point","coordinates":[615159.3120337,9762495.8379747,0.0]}},
{"type":"Feature","properties":{"Contents":"20","TEXTSTRING":"20","TEXT_SIZE":0.6,"TEXT_ANGLE":2.7860519036054439},"geometry":{"type":"Point","coordinates":[615160.7319377,9762493.6597734,0.0]}},
{"type":"Feature","properties":{"Contents":"21","TEXTSTRING":"21","TEXT_SIZE":0.6,"TEXT_ANGLE":2.7860519036054439},"geometry":{"type":"Point","coordinates":[615162.3109112,9762491.8342579,0.0]}},
{"type":"Feature","properties":{"Contents":"22","TEXTSTRING":"22","TEXT_SIZE":0.6,"TEXT_ANGLE":2.7860519036054439},"geometry":{"type":"Point","coordinates":[615163.9245556,9762489.8028146,0.0]}},
{"type":"Feature","properties":{"Contents":"23","TEXTSTRING":"23","TEXT_SIZE":0.6,"TEXT_ANGLE":2.7860519036054439},"geometry":{"type":"Point","coordinates":[615165.2102809,9762486.9180513,0.0]}},
{"type":"Feature","properties":{"Contents":"24","TEXTSTRING":"24","TEXT_SIZE":0.6,"TEXT_ANGLE":2.7860519036054439},"geometry":{"type":"Point","coordinates":[615166.6261074,9762484.9504551,0.0]}},
{"type":"Feature","properties":{"Contents":"25","TEXTSTRING":"25","TEXT_SIZE":0.6,"TEXT_ANGLE":2.7860519036054439},"geometry":{"type":"Point","coordinates":[615168.2424736,9762482.6644002,0.0]}},
{"type":"Feature","properties":{"Contents":"26","TEXTSTRING":"26","TEXT_SIZE":0.6,"TEXT_ANGLE":2.7860519036054439},"geometry":{"type":"Point","coordinates":[615169.6877684,9762480.5997557,0.0]}},
{"type":"Feature","properties":{"Contents":"1","TEXTSTRING":"1","TEXT_SIZE":0.6,"TEXT_ANGLE":2.7860519036054439},"geometry":{"type":"Point","coordinates":[615137.0287759,9762496.5517664,0.0]}},
{"type":"Feature","properties":{"Contents":"2","TEXTSTRING":"2","TEXT_SIZE":0.6,"TEXT_ANGLE":2.7860519036054439},"geometry":{"type":"Point","coordinates":[615138.8216715,9762495.2437245,0.0]}},
{"type":"Feature","properties":{"Contents":"3","TEXTSTRING":"3","TEXT_SIZE":0.6,"TEXT_ANGLE":2.7860519036054439},"geometry":{"type":"Point","coordinates":[615140.8984934,9762493.9686572,0.0]}},
{"type":"Feature","properties":{"Contents":"4","TEXTSTRING":"4","TEXT_SIZE":0.6,"TEXT_ANGLE":2.7860519036054439},"geometry":{"type":"Point","coordinates":[615142.8584468,9762492.6724001,0.0]}},
{"type":"Feature","properties":{"Contents":"5","TEXTSTRING":"5","TEXT_SIZE":0.6,"TEXT_ANGLE":2.7860519036054439},"geometry":{"type":"Point","coordinates":[615144.853663,9762491.3319268,0.0]}},
{"type":"Feature","properties":{"Contents":"6","TEXTSTRING":"6","TEXT_SIZE":0.6,"TEXT_ANGLE":2.7860519036054439},"geometry":{"type":"Point","coordinates":[615146.9619421,9762489.9976838,0.0]}},
{"type":"Feature","properties":{"Contents":"7","TEXTSTRING":"7","TEXT_SIZE":0.6,"TEXT_ANGLE":2.7860519036054439},"geometry":{"type":"Point","coordinates":[615148.8121254,9762488.68527,0.0]}},
{"type":"Feature","properties":{"Contents":"8","TEXTSTRING":"8","TEXT_SIZE":0.6,"TEXT_ANGLE":2.7860519036054439},"geometry":{"type":"Point","coordinates":[615150.8054823,9762487.0963014,0.0]}},
{"type":"Feature","properties":{"Contents":"9","TEXTSTRING":"9","TEXT_SIZE":0.6,"TEXT_ANGLE":2.7860519036054439},"geometry":{"type":"Point","coordinates":[615152.5066947,9762485.5343077,0.0]}},
{"type":"Feature","properties":{"Contents":"1","TEXTSTRING":"1","TEXT_SIZE":0.6,"TEXT_ANGLE":2.7860519036054439},"geometry":{"type":"Point","coordinates":[615024.1020522,9762570.0909795,0.0]}},
{"type":"Feature","properties":{"Contents":"2","TEXTSTRING":"2","TEXT_SIZE":0.6,"TEXT_ANGLE":2.7860519036054439},"geometry":{"type":"Point","coordinates":[615026.2531859,9762569.4342904,0.0]}},
{"type":"Feature","properties":{"Contents":"3","TEXTSTRING":"3","TEXT_SIZE":0.6,"TEXT_ANGLE":2.7860519036054439},"geometry":{"type":"Point","coordinates":[615028.5095317,9762568.6466871,0.0]}},
{"type":"Feature","properties":{"Contents":"4","TEXTSTRING":"4","TEXT_SIZE":0.6,"TEXT_ANGLE":2.7860519036054439},"geometry":{"type":"Point","coordinates":[615030.7299535,9762567.8514177,0.0]}},
{"type":"Feature","properties":{"Contents":"5","TEXTSTRING":"5","TEXT_SIZE":0.6,"TEXT_ANGLE":2.7860519036054439},"geometry":{"type":"Point","coordinates":[615032.9918963,9762567.0122997,0.0]}},
{"type":"Feature","properties":{"Contents":"6","TEXTSTRING":"6","TEXT_SIZE":0.6,"TEXT_ANGLE":2.7860519036054439},"geometry":{"type":"Point","coordinates":[615035.2453671,9762566.2018342,0.0]}},
{"type":"Feature","properties":{"Contents":"7","TEXTSTRING":"7","TEXT_SIZE":0.6,"TEXT_ANGLE":2.7860519036054439},"geometry":{"type":"Point","coordinates":[615037.3759628,9762565.2611293,0.0]}},
{"type":"Feature","properties":{"Contents":"8","TEXTSTRING":"8","TEXT_SIZE":0.6,"TEXT_ANGLE":2.7860519036054439},"geometry":{"type":"Point","coordinates":[615022.6597141,9762566.8626996,0.0]}},
{"type":"Feature","properties":{"Contents":"9","TEXTSTRING":"9","TEXT_SIZE":0.6,"TEXT_ANGLE":2.7860519036054439},"geometry":{"type":"Point","coordinates":[615024.8781408,9762566.1043229,0.0]}},
{"type":"Feature","properties":{"Contents":"10","TEXTSTRING":"10","TEXT_SIZE":0.6,"TEXT_ANGLE":2.7860519036054439},"geometry":{"type":"Point","coordinates":[615026.9464652,9762565.1440687,0.0]}},
{"type":"Feature","properties":{"Contents":"11","TEXTSTRING":"11","TEXT_SIZE":0.6,"TEXT_ANGLE":2.7860519036054439},"geometry":{"type":"Point","coordinates":[615029.265535,9762564.2808946,0.0]}},
{"type":"Feature","properties":{"Contents":"12","TEXTSTRING":"12","TEXT_SIZE":0.6,"TEXT_ANGLE":2.7860519036054439},"geometry":{"type":"Point","coordinates":[615031.4349695,9762563.4782277,0.0]}},
{"type":"Feature","properties":{"Contents":"13","TEXTSTRING":"13","TEXT_SIZE":0.6,"TEXT_ANGLE":2.7860519036054439},"geometry":{"type":"Point","coordinates":[615033.6665744,9762562.6037062,0.0]}},
{"type":"Feature","properties":{"Contents":"14","TEXTSTRING":"14","TEXT_SIZE":0.6,"TEXT_ANGLE":2.7860519036054439},"geometry":{"type":"Point","coordinates":[615035.9096134,9762561.7863774,0.0]}},
{"type":"Feature","properties":{"Contents":"1","TEXTSTRING":"1","TEXT_SIZE":0.6,"TEXT_ANGLE":2.7860519036054439},"geometry":{"type":"Point","coordinates":[615016.2266783,9762555.7936927,0.0]}},
{"type":"Feature","properties":{"Contents":"2","TEXTSTRING":"2","TEXT_SIZE":0.6,"TEXT_ANGLE":2.7860519036054439},"geometry":{"type":"Point","coordinates":[615018.4797074,9762554.9546528,0.0]}},
{"type":"Feature","properties":{"Contents":"3","TEXTSTRING":"3","TEXT_SIZE":0.6,"TEXT_ANGLE":2.7860519036054439},"geometry":{"type":"Point","coordinates":[615020.7410724,9762554.1648571,0.0]}},
{"type":"Feature","properties":{"Contents":"4","TEXTSTRING":"4","TEXT_SIZE":0.6,"TEXT_ANGLE":2.7860519036054439},"geometry":{"type":"Point","coordinates":[615023.0692054,9762553.3174868,0.0]}},
{"type":"Feature","properties":{"Contents":"5","TEXTSTRING":"5","TEXT_SIZE":0.6,"TEXT_ANGLE":2.7860519036054439},"geometry":{"type":"Point","coordinates":[615025.2539984,9762552.5032726,0.0]}},
{"type":"Feature","properties":{"Contents":"6","TEXTSTRING":"6","TEXT_SIZE":0.6,"TEXT_ANGLE":2.7860519036054439},"geometry":{"type":"Point","coordinates":[615027.4307545,9762551.6127539,0.0]}},
{"type":"Feature","properties":{"Contents":"7","TEXTSTRING":"7","TEXT_SIZE":0.6,"TEXT_ANGLE":2.7860519036054439},"geometry":{"type":"Point","coordinates":[615029.7138595,9762550.8286595,0.0]}},
{"type":"Feature","properties":{"Contents":"8","TEXTSTRING":"8","TEXT_SIZE":0.6,"TEXT_ANGLE":2.7860519036054439},"geometry":{"type":"Point","coordinates":[615036.1453127,9762550.2925881,0.0]}},
{"type":"Feature","properties":{"Contents":"10","TEXTSTRING":"10","TEXT_SIZE":0.6,"TEXT_ANGLE":2.7860519036054439},"geometry":{"type":"Point","coordinates":[615040.5350874,9762551.6005272,0.0]}},
{"type":"Feature","properties":{"Contents":"9","TEXTSTRING":"9","TEXT_SIZE":0.6,"TEXT_ANGLE":2.7860519036054439},"geometry":{"type":"Point","coordinates":[615038.3991151,9762550.9098284,0.0]}},
{"type":"Feature","properties":{"Contents":"11","TEXTSTRING":"11","TEXT_SIZE":0.6,"TEXT_ANGLE":2.7860519036054439},"geometry":{"type":"Point","coordinates":[615044.4611379,9762556.5402274,0.0]}},
{"type":"Feature","properties":{"Contents":"12","TEXTSTRING":"12","TEXT_SIZE":0.6,"TEXT_ANGLE":2.7860519036054439},"geometry":{"type":"Point","coordinates":[615045.5045768,9762558.6921908,0.0]}},
{"type":"Feature","properties":{"Contents":"13","TEXTSTRING":"13","TEXT_SIZE":0.6,"TEXT_ANGLE":2.7860519036054439},"geometry":{"type":"Point","coordinates":[615046.5578779,9762560.8185052,0.0]}},
{"type":"Feature","properties":{"Contents":"14","TEXTSTRING":"14","TEXT_SIZE":0.6,"TEXT_ANGLE":2.7860519036054439},"geometry":{"type":"Point","coordinates":[615047.6599865,9762562.8888015,0.0]}},
{"type":"Feature","properties":{"Contents":"15","TEXTSTRING":"15","TEXT_SIZE":0.6,"TEXT_ANGLE":2.7860519036054439},"geometry":{"type":"Point","coordinates":[615048.6807275,9762565.0786914,0.0]}},
{"type":"Feature","properties":{"Contents":"16","TEXTSTRING":"16","TEXT_SIZE":0.6,"TEXT_ANGLE":2.7860519036054439},"geometry":{"type":"Point","coordinates":[615049.7321572,9762567.3359334,0.0]}},
{"type":"Feature","properties":{"Contents":"17","TEXTSTRING":"17","TEXT_SIZE":0.6,"TEXT_ANGLE":2.7860519036054439},"geometry":{"type":"Point","coordinates":[615050.6765395,9762569.4830532,0.0]}},
{"type":"Feature","properties":{"Contents":"18","TEXTSTRING":"18","TEXT_SIZE":0.6,"TEXT_ANGLE":2.7860519036054439},"geometry":{"type":"Point","coordinates":[615051.8399686,9762571.8444491,0.0]}},
{"type":"Feature","properties":{"Contents":"1","TEXTSTRING":"1","TEXT_SIZE":0.6,"TEXT_ANGLE":2.7860519036054439},"geometry":{"type":"Point","coordinates":[615026.7505074,9762581.8643315,0.0]}},
{"type":"Feature","properties":{"Contents":"2","TEXTSTRING":"2","TEXT_SIZE":0.6,"TEXT_ANGLE":2.7860519036054439},"geometry":{"type":"Point","coordinates":[615029.0032515,9762582.4640833,0.0]}},
{"type":"Feature","properties":{"Contents":"3","TEXTSTRING":"3","TEXT_SIZE":0.6,"TEXT_ANGLE":2.7860519036054439},"geometry":{"type":"Point","coordinates":[615031.0501222,9762584.7101073,0.0]}},
{"type":"Feature","properties":{"Contents":"4","TEXTSTRING":"4","TEXT_SIZE":0.6,"TEXT_ANGLE":2.7860519036054439},"geometry":{"type":"Point","coordinates":[615033.3147222,9762585.2072376,0.0]}},
{"type":"Feature","properties":{"Contents":"5","TEXTSTRING":"5","TEXT_SIZE":0.6,"TEXT_ANGLE":2.7860519036054439},"geometry":{"type":"Point","coordinates":[615035.6866624,9762585.6390177,0.0]}},
{"type":"Feature","properties":{"Contents":"7","TEXTSTRING":"7","TEXT_SIZE":0.6,"TEXT_ANGLE":2.7860519036054439},"geometry":{"type":"Point","coordinates":[615040.3821822,9762586.575559,0.0]}},
{"type":"Feature","properties":{"Contents":"9","TEXTSTRING":"9","TEXT_SIZE":0.6,"TEXT_ANGLE":2.7860519036054439},"geometry":{"type":"Point","coordinates":[615045.9329197,9762587.9861157,0.0]}},
{"type":"Feature","properties":{"Contents":"10","TEXTSTRING":"10","TEXT_SIZE":0.6,"TEXT_ANGLE":2.7860519036054439},"geometry":{"type":"Point","coordinates":[615047.8935455,9762588.5857762,0.0]}},
{"type":"Feature","properties":{"Contents":"11","TEXTSTRING":"11","TEXT_SIZE":0.6,"TEXT_ANGLE":2.7860519036054439},"geometry":{"type":"Point","coordinates":[615050.2360719,9762589.198604,0.0]}},
{"type":"Feature","properties":{"Contents":"12","TEXTSTRING":"12","TEXT_SIZE":0.6,"TEXT_ANGLE":2.7860519036054439},"geometry":{"type":"Point","coordinates":[615052.6313032,9762589.7084812,0.0]}},
{"type":"Feature","properties":{"Contents":"13","TEXTSTRING":"13","TEXT_SIZE":0.6,"TEXT_ANGLE":2.7860519036054439},"geometry":{"type":"Point","coordinates":[615055.004399,9762590.2471293,0.0]}},
{"type":"Feature","properties":{"Contents":"14","TEXTSTRING":"14","TEXT_SIZE":0.6,"TEXT_ANGLE":2.7860519036054439},"geometry":{"type":"Point","coordinates":[615057.3784296,9762590.737292,0.0]}},
{"type":"Feature","properties":{"Contents":"15","TEXTSTRING":"15","TEXT_SIZE":0.6,"TEXT_ANGLE":2.7860519036054439},"geometry":{"type":"Point","coordinates":[615059.6160662,9762591.2089566,0.0]}},
{"type":"Feature","properties":{"Contents":"17","TEXTSTRING":"17","TEXT_SIZE":0.6,"TEXT_ANGLE":2.7860519036054439},"geometry":{"type":"Point","coordinates":[615068.2176399,9762590.4395477,0.0]}},
{"type":"Feature","properties":{"Contents":"18","TEXTSTRING":"18","TEXT_SIZE":0.6,"TEXT_ANGLE":2.7860519036054439},"geometry":{"type":"Point","coordinates":[615070.5249258,9762589.7485253,0.0]}},
{"type":"Feature","properties":{"Contents":"19","TEXTSTRING":"19","TEXT_SIZE":0.6,"TEXT_ANGLE":2.7860519036054439},"geometry":{"type":"Point","coordinates":[615072.7907752,9762589.1976469,0.0]}},
{"type":"Feature","properties":{"Contents":"20","TEXTSTRING":"20","TEXT_SIZE":0.6,"TEXT_ANGLE":2.7860519036054439},"geometry":{"type":"Point","coordinates":[615075.1293804,9762588.6288147,0.0]}},
{"type":"Feature","properties":{"Contents":"21","TEXTSTRING":"21","TEXT_SIZE":0.6,"TEXT_ANGLE":2.7860519036054439},"geometry":{"type":"Point","coordinates":[615077.5038158,9762587.951149,0.0]}},
{"type":"Feature","properties":{"Contents":"22","TEXTSTRING":"22","TEXT_SIZE":0.6,"TEXT_ANGLE":2.7860519036054439},"geometry":{"type":"Point","coordinates":[615079.8476455,9762587.2959737,0.0]}},
{"type":"Feature","properties":{"Contents":"23","TEXTSTRING":"23","TEXT_SIZE":0.6,"TEXT_ANGLE":2.7860519036054439},"geometry":{"type":"Point","coordinates":[615082.134645,9762586.6017496,0.0]}},
{"type":"Feature","properties":{"Contents":"24","TEXTSTRING":"24","TEXT_SIZE":0.6,"TEXT_ANGLE":2.7860519036054439},"geometry":{"type":"Point","coordinates":[615083.8133628,9762584.2876402,0.0]}},
{"type":"Feature","properties":{"Contents":"25","TEXTSTRING":"25","TEXT_SIZE":0.6,"TEXT_ANGLE":2.7860519036054439},"geometry":{"type":"Point","coordinates":[615085.7905625,9762582.1660849,0.0]}},
{"type":"Feature","properties":{"Contents":"26","TEXTSTRING":"26","TEXT_SIZE":0.6,"TEXT_ANGLE":2.7860519036054439},"geometry":{"type":"Point","coordinates":[615086.9402038,9762577.5096858,0.0]}},
{"type":"Feature","properties":{"Contents":"27","TEXTSTRING":"27","TEXT_SIZE":0.6,"TEXT_ANGLE":2.7860519036054439},"geometry":{"type":"Point","coordinates":[615088.8509168,9762575.5122965,0.0]}},
{"type":"Feature","properties":{"Contents":"10","TEXTSTRING":"10","TEXT_SIZE":0.6,"TEXT_ANGLE":2.7860519036054439},"geometry":{"type":"Point","coordinates":[615185.0476403,9762624.3035414,0.0]}},
{"type":"Feature","properties":{"Contents":"9","TEXTSTRING":"9","TEXT_SIZE":0.6,"TEXT_ANGLE":2.7860519036054439},"geometry":{"type":"Point","coordinates":[615184.1228016,9762621.1762366,0.0]}},
{"type":"Feature","properties":{"Contents":"8","TEXTSTRING":"8","TEXT_SIZE":0.6,"TEXT_ANGLE":2.7860519036054439},"geometry":{"type":"Point","coordinates":[615182.9849464,9762617.8296434,0.0]}},
{"type":"Feature","properties":{"Contents":"7","TEXTSTRING":"7","TEXT_SIZE":0.6,"TEXT_ANGLE":2.7860519036054439},"geometry":{"type":"Point","coordinates":[615181.9184008,9762614.6638465,0.0]}},
{"type":"Feature","properties":{"Contents":"6","TEXTSTRING":"6","TEXT_SIZE":0.6,"TEXT_ANGLE":2.7860519036054439},"geometry":{"type":"Point","coordinates":[615180.7995602,9762611.50545,0.0]}},
{"type":"Feature","properties":{"Contents":"5","TEXTSTRING":"5","TEXT_SIZE":0.6,"TEXT_ANGLE":2.7860519036054439},"geometry":{"type":"Point","coordinates":[615179.6009703,9762608.3869425,0.0]}},
{"type":"Feature","properties":{"Contents":"4","TEXTSTRING":"4","TEXT_SIZE":0.6,"TEXT_ANGLE":2.7860519036054439},"geometry":{"type":"Point","coordinates":[615178.627237,9762621.5172576,0.0]}},
{"type":"Feature","properties":{"Contents":"3","TEXTSTRING":"3","TEXT_SIZE":0.6,"TEXT_ANGLE":2.7860519036054439},"geometry":{"type":"Point","coordinates":[615177.5575639,9762618.0738457,0.0]}},
{"type":"Feature","properties":{"Contents":"2","TEXTSTRING":"2","TEXT_SIZE":0.6,"TEXT_ANGLE":2.7860519036054439},"geometry":{"type":"Point","coordinates":[615176.5406275,9762614.6227042,0.0]}},
{"type":"Feature","properties":{"Contents":"1","TEXTSTRING":"1","TEXT_SIZE":0.6,"TEXT_ANGLE":2.7860519036054439},"geometry":{"type":"Point","coordinates":[615175.4222746,9762611.3021847,0.0]}},
{"type":"Feature","properties":{"Contents":"7","TEXTSTRING":"7","TEXT_SIZE":0.6,"TEXT_ANGLE":2.7860519036054439},"geometry":{"type":"Point","coordinates":[615199.1615337,9762621.026619,0.0]}},
{"type":"Feature","properties":{"Contents":"6","TEXTSTRING":"6","TEXT_SIZE":0.6,"TEXT_ANGLE":2.7860519036054439},"geometry":{"type":"Point","coordinates":[615198.0421486,9762617.7408212,0.0]}},
{"type":"Feature","properties":{"Contents":"5","TEXTSTRING":"5","TEXT_SIZE":0.6,"TEXT_ANGLE":2.7860519036054439},"geometry":{"type":"Point","coordinates":[615196.9942856,9762614.4801377,0.0]}},
{"type":"Feature","properties":{"Contents":"4","TEXTSTRING":"4","TEXT_SIZE":0.6,"TEXT_ANGLE":2.7860519036054439},"geometry":{"type":"Point","coordinates":[615195.9189012,9762611.010464,0.0]}},
{"type":"Feature","properties":{"Contents":"3","TEXTSTRING":"3","TEXT_SIZE":0.6,"TEXT_ANGLE":2.7860519036054439},"geometry":{"type":"Point","coordinates":[615194.6200342,9762607.5883178,0.0]}},
{"type":"Feature","properties":{"Contents":"2","TEXTSTRING":"2","TEXT_SIZE":0.6,"TEXT_ANGLE":2.7860519036054439},"geometry":{"type":"Point","coordinates":[615193.7568613,9762604.293223,0.0]}},
{"type":"Feature","properties":{"Contents":"1","TEXTSTRING":"1","TEXT_SIZE":0.6,"TEXT_ANGLE":2.7860519036054439},"geometry":{"type":"Point","coordinates":[615193.4420495,9762601.369389,0.0]}},
{"type":"Feature","properties":{"Contents":"14","TEXTSTRING":"14","TEXT_SIZE":0.6,"TEXT_ANGLE":2.7860519036054439},"geometry":{"type":"Point","coordinates":[615204.845949,9762620.9495368,0.0]}},
{"type":"Feature","properties":{"Contents":"13","TEXTSTRING":"13","TEXT_SIZE":0.6,"TEXT_ANGLE":2.7860519036054439},"geometry":{"type":"Point","coordinates":[615203.6190921,9762617.929829,0.0]}},
{"type":"Feature","properties":{"Contents":"12","TEXTSTRING":"12","TEXT_SIZE":0.6,"TEXT_ANGLE":2.7860519036054439},"geometry":{"type":"Point","coordinates":[615202.3884179,9762614.5710323,0.0]}},
{"type":"Feature","properties":{"Contents":"11","TEXTSTRING":"11","TEXT_SIZE":0.6,"TEXT_ANGLE":2.7860519036054439},"geometry":{"type":"Point","coordinates":[615201.1197732,9762611.3444791,0.0]}},
{"type":"Feature","properties":{"Contents":"10","TEXTSTRING":"10","TEXT_SIZE":0.6,"TEXT_ANGLE":2.7860519036054439},"geometry":{"type":"Point","coordinates":[615200.0072067,9762607.9400202,0.0]}},
{"type":"Feature","properties":{"Contents":"9","TEXTSTRING":"9","TEXT_SIZE":0.6,"TEXT_ANGLE":2.7860519036054439},"geometry":{"type":"Point","coordinates":[615199.3332012,9762604.1416972,0.0]}},
{"type":"Feature","properties":{"Contents":"8","TEXTSTRING":"8","TEXT_SIZE":0.6,"TEXT_ANGLE":2.7860519036054439},"geometry":{"type":"Point","coordinates":[615198.0731192,9762601.3345258,0.0]}},
{"type":"Feature","properties":{"Contents":"1","TEXTSTRING":"1","TEXT_SIZE":0.6,"TEXT_ANGLE":2.7860519036054439},"geometry":{"type":"Point","coordinates":[615283.4758153,9762624.0306598,0.0]}},
{"type":"Feature","properties":{"Contents":"2","TEXTSTRING":"2","TEXT_SIZE":0.6,"TEXT_ANGLE":2.7860519036054439},"geometry":{"type":"Point","coordinates":[615285.7504088,9762623.3003658,0.0]}},
{"type":"Feature","properties":{"Contents":"3","TEXTSTRING":"3","TEXT_SIZE":0.6,"TEXT_ANGLE":2.7860519036054439},"geometry":{"type":"Point","coordinates":[615288.0842732,9762622.508725,0.0]}},
{"type":"Feature","properties":{"Contents":"4","TEXTSTRING":"4","TEXT_SIZE":0.6,"TEXT_ANGLE":2.7860519036054439},"geometry":{"type":"Point","coordinates":[615290.313566,9762621.7863599,0.0]}},
{"type":"Feature","properties":{"Contents":"5","TEXTSTRING":"5","TEXT_SIZE":0.6,"TEXT_ANGLE":2.7860519036054439},"geometry":{"type":"Point","coordinates":[615292.5328289,9762620.9991459,0.0]}},
{"type":"Feature","properties":{"Contents":"6","TEXTSTRING":"6","TEXT_SIZE":0.6,"TEXT_ANGLE":2.7860519036054439},"geometry":{"type":"Point","coordinates":[615294.8493143,9762620.2613035,0.0]}},
{"type":"Feature","properties":{"Contents":"7","TEXTSTRING":"7","TEXT_SIZE":0.6,"TEXT_ANGLE":2.7860519036054439},"geometry":{"type":"Point","coordinates":[615297.1115055,9762619.296739,0.0]}},
{"type":"Feature","properties":{"Contents":"8","TEXTSTRING":"8","TEXT_SIZE":0.6,"TEXT_ANGLE":2.7860519036054439},"geometry":{"type":"Point","coordinates":[615299.3696649,9762618.6309617,0.0]}},
{"type":"Feature","properties":{"Contents":"9","TEXTSTRING":"9","TEXT_SIZE":0.6,"TEXT_ANGLE":2.7860519036054439},"geometry":{"type":"Point","coordinates":[615301.6754886,9762617.8764323,0.0]}},
{"type":"Feature","properties":{"Contents":"10","TEXTSTRING":"10","TEXT_SIZE":0.6,"TEXT_ANGLE":2.7860519036054439},"geometry":{"type":"Point","coordinates":[615303.6625433,9762617.0326641,0.0]}},
{"type":"Feature","properties":{"Contents":"11","TEXTSTRING":"11","TEXT_SIZE":0.6,"TEXT_ANGLE":2.7860519036054439},"geometry":{"type":"Point","coordinates":[615305.9133036,9762616.1872961,0.0]}},
{"type":"Feature","properties":{"Contents":"12","TEXTSTRING":"12","TEXT_SIZE":0.6,"TEXT_ANGLE":2.7860519036054439},"geometry":{"type":"Point","coordinates":[615308.1690726,9762615.5060112,0.0]}},
{"type":"Feature","properties":{"Contents":"13","TEXTSTRING":"13","TEXT_SIZE":0.6,"TEXT_ANGLE":2.7860519036054439},"geometry":{"type":"Point","coordinates":[615310.4775595,9762614.7254349,0.0]}},
{"type":"Feature","properties":{"Contents":"14","TEXTSTRING":"14","TEXT_SIZE":0.6,"TEXT_ANGLE":2.7860519036054439},"geometry":{"type":"Point","coordinates":[615312.763945,9762614.0242748,0.0]}},
{"type":"Feature","properties":{"Contents":"15","TEXTSTRING":"15","TEXT_SIZE":0.6,"TEXT_ANGLE":2.7860519036054439},"geometry":{"type":"Point","coordinates":[615315.0394923,9762613.3042319,0.0]}},
{"type":"Feature","properties":{"Contents":"16","TEXTSTRING":"16","TEXT_SIZE":0.6,"TEXT_ANGLE":2.7860519036054439},"geometry":{"type":"Point","coordinates":[615317.3552644,9762612.5792019,0.0]}},
{"type":"Feature","properties":{"Contents":"17","TEXTSTRING":"17","TEXT_SIZE":0.6,"TEXT_ANGLE":2.7860519036054439},"geometry":{"type":"Point","coordinates":[615319.6717222,9762611.7265679,0.0]}},
{"type":"Feature","properties":{"Contents":"18","TEXTSTRING":"18","TEXT_SIZE":0.6,"TEXT_ANGLE":2.7860519036054439},"geometry":{"type":"Point","coordinates":[615321.9415911,9762610.9375361,0.0]}},
{"type":"Feature","properties":{"Contents":"19","TEXTSTRING":"19","TEXT_SIZE":0.6,"TEXT_ANGLE":2.7860519036054439},"geometry":{"type":"Point","coordinates":[615324.1558052,9762610.1648826,0.0]}},
{"type":"Feature","properties":{"Contents":"20","TEXTSTRING":"20","TEXT_SIZE":0.6,"TEXT_ANGLE":2.7860519036054439},"geometry":{"type":"Point","coordinates":[615326.3907496,9762609.352113,0.0]}},
{"type":"Feature","properties":{"Contents":"21","TEXTSTRING":"21","TEXT_SIZE":0.6,"TEXT_ANGLE":2.7860519036054439},"geometry":{"type":"Point","coordinates":[615328.7305695,9762608.6235114,0.0]}},
{"type":"Feature","properties":{"Contents":"22","TEXTSTRING":"22","TEXT_SIZE":0.6,"TEXT_ANGLE":2.7860519036054439},"geometry":{"type":"Point","coordinates":[615330.9539796,9762607.9279592,0.0]}},
{"type":"Feature","properties":{"Contents":"23","TEXTSTRING":"23","TEXT_SIZE":0.6,"TEXT_ANGLE":2.7860519036054439},"geometry":{"type":"Point","coordinates":[615333.1713835,9762607.0810189,0.0]}},
{"type":"Feature","properties":{"Contents":"24","TEXTSTRING":"24","TEXT_SIZE":0.6,"TEXT_ANGLE":2.7860519036054439},"geometry":{"type":"Point","coordinates":[615335.5188011,9762606.2759019,0.0]}},
{"type":"Feature","properties":{"Contents":"25","TEXTSTRING":"25","TEXT_SIZE":0.6,"TEXT_ANGLE":2.7860519036054439},"geometry":{"type":"Point","coordinates":[615337.7434037,9762605.5171723,0.0]}},
{"type":"Feature","properties":{"Contents":"26","TEXTSTRING":"26","TEXT_SIZE":0.6,"TEXT_ANGLE":2.7860519036054439},"geometry":{"type":"Point","coordinates":[615340.0537644,9762604.8426202,0.0]}},
{"type":"Feature","properties":{"Contents":"1","TEXTSTRING":"1","TEXT_SIZE":0.6,"TEXT_ANGLE":2.7860519036054439},"geometry":{"type":"Point","coordinates":[615293.9378695,9762656.5742505,0.0]}},
{"type":"Feature","properties":{"Contents":"2","TEXTSTRING":"2","TEXT_SIZE":0.6,"TEXT_ANGLE":2.7860519036054439},"geometry":{"type":"Point","coordinates":[615297.0857675,9762655.6229904,0.0]}},
{"type":"Feature","properties":{"Contents":"3","TEXTSTRING":"3","TEXT_SIZE":0.6,"TEXT_ANGLE":2.7860519036054439},"geometry":{"type":"Point","coordinates":[615300.4344039,9762654.5557755,0.0]}},
{"type":"Feature","properties":{"Contents":"4","TEXTSTRING":"4","TEXT_SIZE":0.6,"TEXT_ANGLE":2.7860519036054439},"geometry":{"type":"Point","coordinates":[615304.795897,9762651.3743126,0.0]}},
{"type":"Feature","properties":{"Contents":"5","TEXTSTRING":"5","TEXT_SIZE":0.6,"TEXT_ANGLE":2.7860519036054439},"geometry":{"type":"Point","coordinates":[615308.0876896,9762650.255938,0.0]}},
{"type":"Feature","properties":{"Contents":"6","TEXTSTRING":"6","TEXT_SIZE":0.6,"TEXT_ANGLE":2.7860519036054439},"geometry":{"type":"Point","coordinates":[615310.107889,9762651.6520395,0.0]}},
{"type":"Feature","properties":{"Contents":"7","TEXTSTRING":"7","TEXT_SIZE":0.6,"TEXT_ANGLE":2.7860519036054439},"geometry":{"type":"Point","coordinates":[615313.3319148,9762650.6752042,0.0]}},
{"type":"Feature","properties":{"Contents":"8","TEXTSTRING":"8","TEXT_SIZE":0.6,"TEXT_ANGLE":2.7860519036054439},"geometry":{"type":"Point","coordinates":[615316.8751491,9762649.1268777,0.0]}},
{"type":"Feature","properties":{"Contents":"9","TEXTSTRING":"9","TEXT_SIZE":0.6,"TEXT_ANGLE":2.7860519036054439},"geometry":{"type":"Point","coordinates":[615320.1197165,9762648.0009312,0.0]}},
{"type":"Feature","properties":{"Contents":"10","TEXTSTRING":"10","TEXT_SIZE":0.6,"TEXT_ANGLE":2.7860519036054439},"geometry":{"type":"Point","coordinates":[615323.2366223,9762646.5363965,0.0]}},
{"type":"Feature","properties":{"Contents":"12","TEXTSTRING":"12","TEXT_SIZE":0.6,"TEXT_ANGLE":2.7860519036054439},"geometry":{"type":"Point","coordinates":[615333.4510982,9762643.5962422,0.0]}},
{"type":"Feature","properties":{"Contents":"13","TEXTSTRING":"13","TEXT_SIZE":0.6,"TEXT_ANGLE":2.7860519036054439},"geometry":{"type":"Point","coordinates":[615336.7058313,9762642.4859016,0.0]}},
{"type":"Feature","properties":{"Contents":"11","TEXTSTRING":"11","TEXT_SIZE":0.6,"TEXT_ANGLE":2.7860519036054439},"geometry":{"type":"Point","coordinates":[615330.2277718,9762644.5726642,0.0]}},
{"type":"Feature","properties":{"Contents":"14","TEXTSTRING":"14","TEXT_SIZE":0.6,"TEXT_ANGLE":2.7860519036054439},"geometry":{"type":"Point","coordinates":[615339.8079687,9762641.4599838,0.0]}},
{"type":"Feature","properties":{"Contents":"15","TEXTSTRING":"15","TEXT_SIZE":0.6,"TEXT_ANGLE":2.7860519036054439},"geometry":{"type":"Point","coordinates":[615342.912688,9762640.5772511,0.0]}},
{"type":"Feature","properties":{"Contents":"16","TEXTSTRING":"16","TEXT_SIZE":0.6,"TEXT_ANGLE":2.7860519036054439},"geometry":{"type":"Point","coordinates":[615346.1948959,9762639.3616009,0.0]}},
{"type":"Feature","properties":{"Contents":"17","TEXTSTRING":"17","TEXT_SIZE":0.6,"TEXT_ANGLE":2.7860519036054439},"geometry":{"type":"Point","coordinates":[615349.258465,9762638.4888541,0.0]}},
{"type":"Feature","properties":{"Contents":"18","TEXTSTRING":"18","TEXT_SIZE":0.6,"TEXT_ANGLE":2.7860519036054439},"geometry":{"type":"Point","coordinates":[615352.5503318,9762637.2156014,0.0]}},
{"type":"Feature","properties":{"Contents":"19","TEXTSTRING":"19","TEXT_SIZE":0.6,"TEXT_ANGLE":2.7860519036054439},"geometry":{"type":"Point","coordinates":[615355.6371694,9762636.2513102,0.0]}},
{"type":"Feature","properties":{"Contents":"20","TEXTSTRING":"20","TEXT_SIZE":0.6,"TEXT_ANGLE":2.7860519036054439},"geometry":{"type":"Point","coordinates":[615358.8782782,9762635.1960642,0.0]}},
{"type":"Feature","properties":{"Contents":"1","TEXTSTRING":"1","TEXT_SIZE":0.6,"TEXT_ANGLE":2.7860519036054439},"geometry":{"type":"Point","coordinates":[615297.1163072,9762641.7377715,0.0]}},
{"type":"Feature","properties":{"Contents":"2","TEXTSTRING":"2","TEXT_SIZE":0.6,"TEXT_ANGLE":2.7860519036054439},"geometry":{"type":"Point","coordinates":[615299.2159401,9762641.0504127,0.0]}},
{"type":"Feature","properties":{"Contents":"3","TEXTSTRING":"3","TEXT_SIZE":0.6,"TEXT_ANGLE":2.7860519036054439},"geometry":{"type":"Point","coordinates":[615301.479086,9762640.29494,0.0]}},
{"type":"Feature","properties":{"Contents":"4","TEXTSTRING":"4","TEXT_SIZE":0.6,"TEXT_ANGLE":2.7860519036054439},"geometry":{"type":"Point","coordinates":[615303.7651507,9762639.4892472,0.0]}},
{"type":"Feature","properties":{"Contents":"5","TEXTSTRING":"5","TEXT_SIZE":0.6,"TEXT_ANGLE":2.7860519036054439},"geometry":{"type":"Point","coordinates":[615305.9979587,9762638.7153375,0.0]}},
{"type":"Feature","properties":{"Contents":"6","TEXTSTRING":"6","TEXT_SIZE":0.6,"TEXT_ANGLE":2.7860519036054439},"geometry":{"type":"Point","coordinates":[615308.2810818,9762637.9568828,0.0]}},
{"type":"Feature","properties":{"Contents":"7","TEXTSTRING":"7","TEXT_SIZE":0.6,"TEXT_ANGLE":2.7860519036054439},"geometry":{"type":"Point","coordinates":[615310.5331235,9762637.1659332,0.0]}},
{"type":"Feature","properties":{"Contents":"8","TEXTSTRING":"8","TEXT_SIZE":0.6,"TEXT_ANGLE":2.7860519036054439},"geometry":{"type":"Point","coordinates":[615312.7829234,9762636.2945232,0.0]}},
{"type":"Feature","properties":{"Contents":"9","TEXTSTRING":"9","TEXT_SIZE":0.6,"TEXT_ANGLE":2.7860519036054439},"geometry":{"type":"Point","coordinates":[615294.4967534,9762633.7020545,0.0]}},
{"type":"Feature","properties":{"Contents":"10","TEXTSTRING":"10","TEXT_SIZE":0.6,"TEXT_ANGLE":2.7860519036054439},"geometry":{"type":"Point","coordinates":[615296.4521074,9762633.0453629,0.0]}},
{"type":"Feature","properties":{"Contents":"11","TEXTSTRING":"11","TEXT_SIZE":0.6,"TEXT_ANGLE":2.7860519036054439},"geometry":{"type":"Point","coordinates":[615298.6938242,9762632.2110244,0.0]}},
{"type":"Feature","properties":{"Contents":"12","TEXTSTRING":"12","TEXT_SIZE":0.6,"TEXT_ANGLE":2.7860519036054439},"geometry":{"type":"Point","coordinates":[615300.9565955,9762631.4205827,0.0]}},
{"type":"Feature","properties":{"Contents":"13","TEXTSTRING":"13","TEXT_SIZE":0.6,"TEXT_ANGLE":2.7860519036054439},"geometry":{"type":"Point","coordinates":[615303.1060383,9762630.6696096,0.0]}},
{"type":"Feature","properties":{"Contents":"14","TEXTSTRING":"14","TEXT_SIZE":0.6,"TEXT_ANGLE":2.7860519036054439},"geometry":{"type":"Point","coordinates":[615305.5059236,9762629.8927394,0.0]}},
{"type":"Feature","properties":{"Contents":"15","TEXTSTRING":"15","TEXT_SIZE":0.6,"TEXT_ANGLE":2.7860519036054439},"geometry":{"type":"Point","coordinates":[615307.7704731,9762629.1319362,0.0]}},
{"type":"Feature","properties":{"Contents":"16","TEXTSTRING":"16","TEXT_SIZE":0.6,"TEXT_ANGLE":2.7860519036054439},"geometry":{"type":"Point","coordinates":[615310.0530333,9762628.4230172,0.0]}},
{"type":"Feature","properties":{"Contents":"1","TEXTSTRING":"1","TEXT_SIZE":0.6,"TEXT_ANGLE":2.7860519036054439},"geometry":{"type":"Point","coordinates":[615327.1969816,9762631.0812233,0.0]}},
{"type":"Feature","properties":{"Contents":"2","TEXTSTRING":"2","TEXT_SIZE":0.6,"TEXT_ANGLE":2.7860519036054439},"geometry":{"type":"Point","coordinates":[615329.582924,9762630.4455161,0.0]}},
{"type":"Feature","properties":{"Contents":"3","TEXTSTRING":"3","TEXT_SIZE":0.6,"TEXT_ANGLE":2.7860519036054439},"geometry":{"type":"Point","coordinates":[615331.7944775,9762629.8063432,0.0]}},
{"type":"Feature","properties":{"Contents":"4","TEXTSTRING":"4","TEXT_SIZE":0.6,"TEXT_ANGLE":2.7860519036054439},"geometry":{"type":"Point","coordinates":[615334.0369329,9762629.1010913,0.0]}},
{"type":"Feature","properties":{"Contents":"5","TEXTSTRING":"5","TEXT_SIZE":0.6,"TEXT_ANGLE":2.7860519036054439},"geometry":{"type":"Point","coordinates":[615336.3198668,9762628.2582815,0.0]}},
{"type":"Feature","properties":{"Contents":"6","TEXTSTRING":"6","TEXT_SIZE":0.6,"TEXT_ANGLE":2.7860519036054439},"geometry":{"type":"Point","coordinates":[615338.5629538,9762627.3954905,0.0]}},
{"type":"Feature","properties":{"Contents":"7","TEXTSTRING":"7","TEXT_SIZE":0.6,"TEXT_ANGLE":2.7860519036054439},"geometry":{"type":"Point","coordinates":[615340.864901,9762626.6917218,0.0]}},
{"type":"Feature","properties":{"Contents":"8","TEXTSTRING":"8","TEXT_SIZE":0.6,"TEXT_ANGLE":2.7860519036054439},"geometry":{"type":"Point","coordinates":[615343.1435451,9762625.8415253,0.0]}},
{"type":"Feature","properties":{"Contents":"9","TEXTSTRING":"9","TEXT_SIZE":0.6,"TEXT_ANGLE":2.7860519036054439},"geometry":{"type":"Point","coordinates":[615345.4413715,9762625.110434,0.0]}},
{"type":"Feature","properties":{"Contents":"10","TEXTSTRING":"10","TEXT_SIZE":0.6,"TEXT_ANGLE":2.7860519036054439},"geometry":{"type":"Point","coordinates":[615347.5434625,9762624.3891144,0.0]}},
{"type":"Feature","properties":{"Contents":"11","TEXTSTRING":"11","TEXT_SIZE":0.6,"TEXT_ANGLE":2.7860519036054439},"geometry":{"type":"Point","coordinates":[615349.7977562,9762623.6356696,0.0]}},
{"type":"Feature","properties":{"Contents":"12","TEXTSTRING":"12","TEXT_SIZE":0.6,"TEXT_ANGLE":2.7860519036054439},"geometry":{"type":"Point","coordinates":[615352.085844,9762622.9168051,0.0]}},
{"type":"Feature","properties":{"Contents":"13","TEXTSTRING":"13","TEXT_SIZE":0.6,"TEXT_ANGLE":2.7860519036054439},"geometry":{"type":"Point","coordinates":[615324.4606659,9762623.4896103,0.0]}},
{"type":"Feature","properties":{"Contents":"15","TEXTSTRING":"15","TEXT_SIZE":0.6,"TEXT_ANGLE":2.7860519036054439},"geometry":{"type":"Point","coordinates":[615329.141416,9762622.1198221,0.0]}},
{"type":"Feature","properties":{"Contents":"16","TEXTSTRING":"16","TEXT_SIZE":0.6,"TEXT_ANGLE":2.7860519036054439},"geometry":{"type":"Point","coordinates":[615331.3922234,9762621.439913,0.0]}},
{"type":"Feature","properties":{"Contents":"17","TEXTSTRING":"17","TEXT_SIZE":0.6,"TEXT_ANGLE":2.7860519036054439},"geometry":{"type":"Point","coordinates":[615333.6482748,9762620.6480244,0.0]}},
{"type":"Feature","properties":{"Contents":"18","TEXTSTRING":"18","TEXT_SIZE":0.6,"TEXT_ANGLE":2.7860519036054439},"geometry":{"type":"Point","coordinates":[615335.8582735,9762619.6908561,0.0]}},
{"type":"Feature","properties":{"Contents":"19","TEXTSTRING":"19","TEXT_SIZE":0.6,"TEXT_ANGLE":2.7860519036054439},"geometry":{"type":"Point","coordinates":[615338.1662634,9762618.9542784,0.0]}},
{"type":"Feature","properties":{"Contents":"20","TEXTSTRING":"20","TEXT_SIZE":0.6,"TEXT_ANGLE":2.7860519036054439},"geometry":{"type":"Point","coordinates":[615340.454286,9762618.3031109,0.0]}},
{"type":"Feature","properties":{"Contents":"21","TEXTSTRING":"21","TEXT_SIZE":0.6,"TEXT_ANGLE":2.7860519036054439},"geometry":{"type":"Point","coordinates":[615342.7239889,9762617.51098,0.0]}},
{"type":"Feature","properties":{"Contents":"22","TEXTSTRING":"22","TEXT_SIZE":0.6,"TEXT_ANGLE":2.7860519036054439},"geometry":{"type":"Point","coordinates":[615345.0485295,9762616.7897773,0.0]}},
{"type":"Feature","properties":{"Contents":"23","TEXTSTRING":"23","TEXT_SIZE":0.6,"TEXT_ANGLE":2.7860519036054439},"geometry":{"type":"Point","coordinates":[615347.2660106,9762615.8702173,0.0]}},
{"type":"Feature","properties":{"Contents":"24","TEXTSTRING":"24","TEXT_SIZE":0.6,"TEXT_ANGLE":2.7860519036054439},"geometry":{"type":"Point","coordinates":[615349.4374105,9762615.091419,0.0]}},
{"type":"Feature","properties":{"Contents":"14","TEXTSTRING":"14","TEXT_SIZE":0.6,"TEXT_ANGLE":2.7860519036054439},"geometry":{"type":"Point","coordinates":[615326.7496574,9762622.7317713,0.0]}},
{"type":"Feature","properties":{"Contents":"4","TEXTSTRING":"4","TEXT_SIZE":0.6,"TEXT_ANGLE":2.7860519036054439},"geometry":{"type":"Point","coordinates":[615392.5217705,9762718.1506964,0.0]}},
{"type":"Feature","properties":{"Contents":"1","TEXTSTRING":"1","TEXT_SIZE":0.6,"TEXT_ANGLE":2.7860519036054439},"geometry":{"type":"Point","coordinates":[615382.3331724,9762711.4979539,0.0]}},
{"type":"Feature","properties":{"Contents":"2","TEXTSTRING":"2","TEXT_SIZE":0.6,"TEXT_ANGLE":2.7860519036054439},"geometry":{"type":"Point","coordinates":[615382.9661495,9762713.7883982,0.0]}},
{"type":"Feature","properties":{"Contents":"3","TEXTSTRING":"3","TEXT_SIZE":0.6,"TEXT_ANGLE":2.7860519036054439},"geometry":{"type":"Point","coordinates":[615390.2120462,9762718.7907725,0.0]}},
{"type":"Feature","properties":{"Contents":"5","TEXTSTRING":"5","TEXT_SIZE":0.6,"TEXT_ANGLE":2.7860519036054439},"geometry":{"type":"Point","coordinates":[615396.6393737,9762716.75967,0.0]}},
{"type":"Feature","properties":{"Contents":"6","TEXTSTRING":"6","TEXT_SIZE":0.6,"TEXT_ANGLE":2.7860519036054439},"geometry":{"type":"Point","coordinates":[615398.7589119,9762715.5826488,0.0]}},
{"type":"Feature","properties":{"Contents":"1","TEXTSTRING":"1","TEXT_SIZE":0.6,"TEXT_ANGLE":2.7860519036054439},"geometry":{"type":"Point","coordinates":[615984.6725115,9762085.903874,0.0]}},
{"type":"Feature","properties":{"Contents":"2","TEXTSTRING":"2","TEXT_SIZE":0.6,"TEXT_ANGLE":2.7860519036054439},"geometry":{"type":"Point","coordinates":[615987.1284174,9762086.084459,0.0]}},
{"type":"Feature","properties":{"Contents":"3","TEXTSTRING":"3","TEXT_SIZE":0.6,"TEXT_ANGLE":2.7860519036054439},"geometry":{"type":"Point","coordinates":[615989.5828441,9762086.1287429,0.0]}},
{"type":"Feature","properties":{"Contents":"4","TEXTSTRING":"4","TEXT_SIZE":0.6,"TEXT_ANGLE":2.7860519036054439},"geometry":{"type":"Point","coordinates":[615992.0526265,9762086.1432911,0.0]}},
{"type":"Feature","properties":{"Contents":"5","TEXTSTRING":"5","TEXT_SIZE":0.6,"TEXT_ANGLE":2.7860519036054439},"geometry":{"type":"Point","coordinates":[615994.5065077,9762086.1421728,0.0]}},
{"type":"Feature","properties":{"Contents":"6","TEXTSTRING":"6","TEXT_SIZE":0.6,"TEXT_ANGLE":2.7860519036054439},"geometry":{"type":"Point","coordinates":[615996.9167249,9762086.1861214,0.0]}},
{"type":"Feature","properties":{"Contents":"7","TEXTSTRING":"7","TEXT_SIZE":0.6,"TEXT_ANGLE":2.7860519036054439},"geometry":{"type":"Point","coordinates":[615999.3659017,9762086.2365177,0.0]}},
{"type":"Feature","properties":{"Contents":"8","TEXTSTRING":"8","TEXT_SIZE":0.6,"TEXT_ANGLE":2.7860519036054439},"geometry":{"type":"Point","coordinates":[616001.8641034,9762086.2352506,0.0]}},
{"type":"Feature","properties":{"Contents":"9","TEXTSTRING":"9","TEXT_SIZE":0.6,"TEXT_ANGLE":2.7860519036054439},"geometry":{"type":"Point","coordinates":[616004.2520646,9762086.289131,0.0]}},
{"type":"Feature","properties":{"Contents":"10","TEXTSTRING":"10","TEXT_SIZE":0.6,"TEXT_ANGLE":2.7860519036054439},"geometry":{"type":"Point","coordinates":[616006.5765003,9762086.2590987,0.0]}},
{"type":"Feature","properties":{"Contents":"11","TEXTSTRING":"11","TEXT_SIZE":0.6,"TEXT_ANGLE":2.7860519036054439},"geometry":{"type":"Point","coordinates":[616009.0956131,9762086.2272721,0.0]}},
{"type":"Feature","properties":{"Contents":"12","TEXTSTRING":"12","TEXT_SIZE":0.6,"TEXT_ANGLE":2.7860519036054439},"geometry":{"type":"Point","coordinates":[616011.622025,9762086.1433669,0.0]}},
{"type":"Feature","properties":{"Contents":"1","TEXTSTRING":"1","TEXT_SIZE":0.6,"TEXT_ANGLE":2.7860519036054439},"geometry":{"type":"Point","coordinates":[616003.9579674,9762076.8327825,0.0]}},
{"type":"Feature","properties":{"Contents":"2","TEXTSTRING":"2","TEXT_SIZE":0.6,"TEXT_ANGLE":2.7860519036054439},"geometry":{"type":"Point","coordinates":[616006.3655378,9762076.9427142,0.0]}},
{"type":"Feature","properties":{"Contents":"4","TEXTSTRING":"4","TEXT_SIZE":0.6,"TEXT_ANGLE":2.7860519036054439},"geometry":{"type":"Point","coordinates":[616008.7860381,9762077.005983,0.0]}},
{"type":"Feature","properties":{"Contents":"6","TEXTSTRING":"6","TEXT_SIZE":0.6,"TEXT_ANGLE":2.7860519036054439},"geometry":{"type":"Point","coordinates":[616011.182188,9762077.0046621,0.0]}},
{"type":"Feature","properties":{"Contents":"3","TEXTSTRING":"3","TEXT_SIZE":0.6,"TEXT_ANGLE":2.7860519036054439},"geometry":{"type":"Point","coordinates":[616006.1247889,9762072.0881551,0.0]}},
{"type":"Feature","properties":{"Contents":"5","TEXTSTRING":"5","TEXT_SIZE":0.6,"TEXT_ANGLE":2.7860519036054439},"geometry":{"type":"Point","coordinates":[616008.5140116,9762072.1670222,0.0]}},
{"type":"Feature","properties":{"Contents":"7","TEXTSTRING":"7","TEXT_SIZE":0.6,"TEXT_ANGLE":2.7860519036054439},"geometry":{"type":"Point","coordinates":[616010.8158455,9762072.3030768,0.0]}},
{"type":"Feature","properties":{"Contents":"1","TEXTSTRING":"1","TEXT_SIZE":0.6,"TEXT_ANGLE":2.7860519036054439},"geometry":{"type":"Point","coordinates":[615989.848478,9762071.975257,0.0]}},
{"type":"Feature","properties":{"Contents":"2","TEXTSTRING":"2","TEXT_SIZE":0.6,"TEXT_ANGLE":2.7860519036054439},"geometry":{"type":"Point","coordinates":[615991.6034544,9762070.3131272,0.0]}},
{"type":"Feature","properties":{"Contents":"3","TEXTSTRING":"3","TEXT_SIZE":0.6,"TEXT_ANGLE":2.7860519036054439},"geometry":{"type":"Point","coordinates":[615993.4498654,9762068.6981086,0.0]}},
{"type":"Feature","properties":{"Contents":"4","TEXTSTRING":"4","TEXT_SIZE":0.6,"TEXT_ANGLE":2.7860519036054439},"geometry":{"type":"Point","coordinates":[615995.0668248,9762066.7951027,0.0]}},
{"type":"Feature","properties":{"Contents":"5","TEXTSTRING":"5","TEXT_SIZE":0.6,"TEXT_ANGLE":2.7860519036054439},"geometry":{"type":"Point","coordinates":[615996.7433846,9762065.0771144,0.0]}},
{"type":"Feature","properties":{"Contents":"6","TEXTSTRING":"6","TEXT_SIZE":0.6,"TEXT_ANGLE":2.7860519036054439},"geometry":{"type":"Point","coordinates":[615998.5685276,9762063.5907589,0.0]}},
{"type":"Feature","properties":{"Contents":"7","TEXTSTRING":"7","TEXT_SIZE":0.6,"TEXT_ANGLE":2.7860519036054439},"geometry":{"type":"Point","coordinates":[616000.2706687,9762061.9140877,0.0]}},
{"type":"Feature","properties":{"Contents":"6","TEXTSTRING":"6","TEXT_SIZE":0.6,"TEXT_ANGLE":2.7860519036054439},"geometry":{"type":"Point","coordinates":[616022.6751693,9762078.3606948,0.0]}},
{"type":"Feature","properties":{"Contents":"5","TEXTSTRING":"5","TEXT_SIZE":0.6,"TEXT_ANGLE":2.7860519036054439},"geometry":{"type":"Point","coordinates":[616021.9222329,9762076.074591,0.0]}},
{"type":"Feature","properties":{"Contents":"4","TEXTSTRING":"4","TEXT_SIZE":0.6,"TEXT_ANGLE":2.7860519036054439},"geometry":{"type":"Point","coordinates":[616021.1218182,9762073.890837,0.0]}},
{"type":"Feature","properties":{"Contents":"3","TEXTSTRING":"3","TEXT_SIZE":0.6,"TEXT_ANGLE":2.7860519036054439},"geometry":{"type":"Point","coordinates":[616020.3364118,9762071.5777659,0.0]}},
{"type":"Feature","properties":{"Contents":"2","TEXTSTRING":"2","TEXT_SIZE":0.6,"TEXT_ANGLE":2.7860519036054439},"geometry":{"type":"Point","coordinates":[616019.5549614,9762069.3026125,0.0]}},
{"type":"Feature","properties":{"Contents":"1","TEXTSTRING":"1","TEXT_SIZE":0.6,"TEXT_ANGLE":2.7860519036054439},"geometry":{"type":"Point","coordinates":[616018.7810341,9762067.1431486,0.0]}},
{"type":"Feature","properties":{"Contents":"7","TEXTSTRING":"7","TEXT_SIZE":0.6,"TEXT_ANGLE":2.7860519036054439},"geometry":{"type":"Point","coordinates":[616023.4587422,9762080.6612234,0.0]}},
{"type":"Feature","properties":{"Contents":"1","TEXTSTRING":"1","TEXT_SIZE":0.6,"TEXT_ANGLE":2.7860519036054439},"geometry":{"type":"Point","coordinates":[615867.0797001,9762131.0806243,0.0]}},
{"type":"Feature","properties":{"Contents":"2","TEXTSTRING":"2","TEXT_SIZE":0.6,"TEXT_ANGLE":2.7860519036054439},"geometry":{"type":"Point","coordinates":[615869.1400434,9762128.353002,0.0]}},
{"type":"Feature","properties":{"Contents":"3","TEXTSTRING":"3","TEXT_SIZE":0.6,"TEXT_ANGLE":2.7860519036054439},"geometry":{"type":"Point","coordinates":[615871.1167856,9762126.8364552,0.0]}},
{"type":"Feature","properties":{"Contents":"4","TEXTSTRING":"4","TEXT_SIZE":0.6,"TEXT_ANGLE":2.7860519036054439},"geometry":{"type":"Point","coordinates":[615873.2179601,9762124.9172578,0.0]}},
{"type":"Feature","properties":{"Contents":"5","TEXTSTRING":"5","TEXT_SIZE":0.6,"TEXT_ANGLE":2.7860519036054439},"geometry":{"type":"Point","coordinates":[615875.5161329,9762123.0386762,0.0]}},
{"type":"Feature","properties":{"Contents":"6","TEXTSTRING":"6","TEXT_SIZE":0.6,"TEXT_ANGLE":2.7860519036054439},"geometry":{"type":"Point","coordinates":[615877.4016976,9762121.028266,0.0]}},
{"type":"Feature","properties":{"Contents":"7","TEXTSTRING":"7","TEXT_SIZE":0.6,"TEXT_ANGLE":2.7860519036054439},"geometry":{"type":"Point","coordinates":[615879.5255577,9762118.9743113,0.0]}},
{"type":"Feature","properties":{"Contents":"8","TEXTSTRING":"8","TEXT_SIZE":0.6,"TEXT_ANGLE":2.7860519036054439},"geometry":{"type":"Point","coordinates":[615881.3060011,9762116.7534591,0.0]}},
{"type":"Feature","properties":{"Contents":"9","TEXTSTRING":"9","TEXT_SIZE":0.6,"TEXT_ANGLE":2.7860519036054439},"geometry":{"type":"Point","coordinates":[615883.7298273,9762114.5553738,0.0]}},
{"type":"Feature","properties":{"Contents":"01","TEXTSTRING":"01","TEXT_SIZE":0.6,"TEXT_ANGLE":2.7860519036054439},"geometry":{"type":"Point","coordinates":[615884.0919328,9762087.6100782,0.0]}},
{"type":"Feature","properties":{"Contents":"02","TEXTSTRING":"02","TEXT_SIZE":0.6,"TEXT_ANGLE":2.7860519036054439},"geometry":{"type":"Point","coordinates":[615886.1571055,9762090.6772143,0.0]}},
{"type":"Feature","properties":{"Contents":"04","TEXTSTRING":"04","TEXT_SIZE":0.6,"TEXT_ANGLE":2.7860519036054439},"geometry":{"type":"Point","coordinates":[615892.3751887,9762096.2469484,0.0]}},
{"type":"Feature","properties":{"Contents":"03","TEXTSTRING":"03","TEXT_SIZE":0.6,"TEXT_ANGLE":2.7860519036054439},"geometry":{"type":"Point","coordinates":[615889.2952448,9762093.5153245,0.0]}},
{"type":"Feature","properties":{"Contents":"05","TEXTSTRING":"05","TEXT_SIZE":0.6,"TEXT_ANGLE":2.7860519036054439},"geometry":{"type":"Point","coordinates":[615895.0486245,9762099.1108186,0.0]}},
{"type":"Feature","properties":{"Contents":"06","TEXTSTRING":"06","TEXT_SIZE":0.6,"TEXT_ANGLE":2.7860519036054439},"geometry":{"type":"Point","coordinates":[615897.796509,9762101.900445,0.0]}},
{"type":"Feature","properties":{"Contents":"01","TEXTSTRING":"01","TEXT_SIZE":0.6,"TEXT_ANGLE":2.7860519036054439},"geometry":{"type":"Point","coordinates":[615830.3960092,9762119.3840728,0.0]}},
{"type":"Feature","properties":{"Contents":"1","TEXTSTRING":"1","TEXT_SIZE":0.6,"TEXT_ANGLE":2.7860519036054439},"geometry":{"type":"Point","coordinates":[615875.097237,9762207.4858061,0.0]}},
{"type":"Feature","properties":{"Contents":"2","TEXTSTRING":"2","TEXT_SIZE":0.6,"TEXT_ANGLE":2.7860519036054439},"geometry":{"type":"Point","coordinates":[615877.8518023,9762207.5674026,0.0]}},
{"type":"Feature","properties":{"Contents":"3","TEXTSTRING":"3","TEXT_SIZE":0.6,"TEXT_ANGLE":2.7860519036054439},"geometry":{"type":"Point","coordinates":[615880.5208218,9762207.6333408,0.0]}},
{"type":"Feature","properties":{"Contents":"4","TEXTSTRING":"4","TEXT_SIZE":0.6,"TEXT_ANGLE":2.7860519036054439},"geometry":{"type":"Point","coordinates":[615883.2033082,9762207.6592755,0.0]}},
{"type":"Feature","properties":{"Contents":"5","TEXTSTRING":"5","TEXT_SIZE":0.6,"TEXT_ANGLE":2.7860519036054439},"geometry":{"type":"Point","coordinates":[615886.1091882,9762207.6091517,0.0]}},
{"type":"Feature","properties":{"Contents":"6","TEXTSTRING":"6","TEXT_SIZE":0.6,"TEXT_ANGLE":2.7860519036054439},"geometry":{"type":"Point","coordinates":[615888.9197715,9762207.7414449,0.0]}},
{"type":"Feature","properties":{"Contents":"7","TEXTSTRING":"7","TEXT_SIZE":0.6,"TEXT_ANGLE":2.7860519036054439},"geometry":{"type":"Point","coordinates":[615891.7304179,9762207.6307441,0.0]}},
{"type":"Feature","properties":{"Contents":"8","TEXTSTRING":"8","TEXT_SIZE":0.6,"TEXT_ANGLE":2.7860519036054439},"geometry":{"type":"Point","coordinates":[615894.3727694,9762207.6270271,0.0]}},
{"type":"Feature","properties":{"Contents":"9","TEXTSTRING":"9","TEXT_SIZE":0.6,"TEXT_ANGLE":2.7860519036054439},"geometry":{"type":"Point","coordinates":[615897.1724906,9762207.6423709,0.0]}},
{"type":"Feature","properties":{"Contents":"10","TEXTSTRING":"10","TEXT_SIZE":0.6,"TEXT_ANGLE":2.7860519036054439},"geometry":{"type":"Point","coordinates":[615899.838912,9762207.6007087,0.0]}},
{"type":"Feature","properties":{"Contents":"12","TEXTSTRING":"12","TEXT_SIZE":0.6,"TEXT_ANGLE":2.7860519036054439},"geometry":{"type":"Point","coordinates":[615904.6581795,9762207.2423979,0.0]}},
{"type":"Feature","properties":{"Contents":"13","TEXTSTRING":"13","TEXT_SIZE":0.6,"TEXT_ANGLE":2.7860519036054439},"geometry":{"type":"Point","coordinates":[615907.4521842,9762207.1856602,0.0]}},
{"type":"Feature","properties":{"Contents":"14","TEXTSTRING":"14","TEXT_SIZE":0.6,"TEXT_ANGLE":2.7860519036054439},"geometry":{"type":"Point","coordinates":[615910.2218643,9762207.2454866,0.0]}},
{"type":"Feature","properties":{"Contents":"15","TEXTSTRING":"15","TEXT_SIZE":0.6,"TEXT_ANGLE":2.7860519036054439},"geometry":{"type":"Point","coordinates":[615912.7147824,9762208.0079863,0.0]}},
{"type":"Feature","properties":{"Contents":"17","TEXTSTRING":"17","TEXT_SIZE":0.6,"TEXT_ANGLE":2.7860519036054439},"geometry":{"type":"Point","coordinates":[615917.6190628,9762207.4826747,0.0]}},
{"type":"Feature","properties":{"Contents":"18","TEXTSTRING":"18","TEXT_SIZE":0.6,"TEXT_ANGLE":2.7860519036054439},"geometry":{"type":"Point","coordinates":[615920.3247057,9762207.4962964,0.0]}},
{"type":"Feature","properties":{"Contents":"19","TEXTSTRING":"19","TEXT_SIZE":0.6,"TEXT_ANGLE":2.7860519036054439},"geometry":{"type":"Point","coordinates":[615923.0454183,9762207.582062,0.0]}},
{"type":"Feature","properties":{"Contents":"1","TEXTSTRING":"1","TEXT_SIZE":0.6,"TEXT_ANGLE":2.7860519036054439},"geometry":{"type":"Point","coordinates":[615888.6906129,9762192.6801098,0.0]}},
{"type":"Feature","properties":{"Contents":"2","TEXTSTRING":"2","TEXT_SIZE":0.6,"TEXT_ANGLE":2.7860519036054439},"geometry":{"type":"Point","coordinates":[615891.4783365,9762192.7381409,0.0]}},
{"type":"Feature","properties":{"Contents":"3","TEXTSTRING":"3","TEXT_SIZE":0.6,"TEXT_ANGLE":2.7860519036054439},"geometry":{"type":"Point","coordinates":[615894.6435468,9762192.7091292,0.0]}},
{"type":"Feature","properties":{"Contents":"4","TEXTSTRING":"4","TEXT_SIZE":0.6,"TEXT_ANGLE":2.7860519036054439},"geometry":{"type":"Point","coordinates":[615897.7506697,9762192.8251839,0.0]}},
{"type":"Feature","properties":{"Contents":"5","TEXTSTRING":"5","TEXT_SIZE":0.6,"TEXT_ANGLE":2.7860519036054439},"geometry":{"type":"Point","coordinates":[615900.741654,9762192.8541957,0.0]}},
{"type":"Feature","properties":{"Contents":"6","TEXTSTRING":"6","TEXT_SIZE":0.6,"TEXT_ANGLE":2.7860519036054439},"geometry":{"type":"Point","coordinates":[615903.6455163,9762192.9412386,0.0]}},
{"type":"Feature","properties":{"Contents":"7","TEXTSTRING":"7","TEXT_SIZE":0.6,"TEXT_ANGLE":2.7860519036054439},"geometry":{"type":"Point","coordinates":[615906.6655352,9762192.9412386,0.0]}},
{"type":"Feature","properties":{"Contents":"8","TEXTSTRING":"8","TEXT_SIZE":0.6,"TEXT_ANGLE":2.7860519036054439},"geometry":{"type":"Point","coordinates":[615909.6274668,9762192.8832075,0.0]}},
{"type":"Feature","properties":{"Contents":"9","TEXTSTRING":"9","TEXT_SIZE":0.6,"TEXT_ANGLE":2.7860519036054439},"geometry":{"type":"Point","coordinates":[615912.6536315,9762193.0575275,0.0]}},
{"type":"Feature","properties":{"Contents":"10","TEXTSTRING":"10","TEXT_SIZE":0.6,"TEXT_ANGLE":2.7860519036054439},"geometry":{"type":"Point","coordinates":[615915.6155631,9762192.8544298,0.0]}},
{"type":"Feature","properties":{"Contents":"11","TEXTSTRING":"11","TEXT_SIZE":0.6,"TEXT_ANGLE":2.7860519036054439},"geometry":{"type":"Point","coordinates":[615887.9405314,9762186.1554953,0.0]}},
{"type":"Feature","properties":{"Contents":"12","TEXTSTRING":"12","TEXT_SIZE":0.6,"TEXT_ANGLE":2.7860519036054439},"geometry":{"type":"Point","coordinates":[615890.6841473,9762186.0474009,0.0]}},
{"type":"Feature","properties":{"Contents":"13","TEXTSTRING":"13","TEXT_SIZE":0.6,"TEXT_ANGLE":2.7860519036054439},"geometry":{"type":"Point","coordinates":[615893.3544092,9762185.8436849,0.0]}},
{"type":"Feature","properties":{"Contents":"14","TEXTSTRING":"14","TEXT_SIZE":0.6,"TEXT_ANGLE":2.7860519036054439},"geometry":{"type":"Point","coordinates":[615896.1490551,9762185.7502017,0.0]}},
{"type":"Feature","properties":{"Contents":"15","TEXTSTRING":"15","TEXT_SIZE":0.6,"TEXT_ANGLE":2.7860519036054439},"geometry":{"type":"Point","coordinates":[615898.8039982,9762185.932502,0.0]}},
{"type":"Feature","properties":{"Contents":"16","TEXTSTRING":"16","TEXT_SIZE":0.6,"TEXT_ANGLE":2.7860519036054439},"geometry":{"type":"Point","coordinates":[615901.9176516,9762185.946619,0.0]}},
{"type":"Feature","properties":{"Contents":"17","TEXTSTRING":"17","TEXT_SIZE":0.6,"TEXT_ANGLE":2.7860519036054439},"geometry":{"type":"Point","coordinates":[615904.6960518,9762186.0916492,0.0]}},
{"type":"Feature","properties":{"Contents":"18","TEXTSTRING":"18","TEXT_SIZE":0.6,"TEXT_ANGLE":2.7860519036054439},"geometry":{"type":"Point","coordinates":[615907.4481706,9762185.9996617,0.0]}},
{"type":"Feature","properties":{"Contents":"19","TEXTSTRING":"19","TEXT_SIZE":0.6,"TEXT_ANGLE":2.7860519036054439},"geometry":{"type":"Point","coordinates":[615910.3187839,9762186.0759786,0.0]}},
{"type":"Feature","properties":{"Contents":"20","TEXTSTRING":"20","TEXT_SIZE":0.6,"TEXT_ANGLE":2.7860519036054439},"geometry":{"type":"Point","coordinates":[615912.8752302,9762186.1357888,0.0]}},
{"type":"Feature","properties":{"Contents":"22","TEXTSTRING":"22","TEXT_SIZE":0.6,"TEXT_ANGLE":2.7860519036054439},"geometry":{"type":"Point","coordinates":[615918.4134343,9762185.8035648,0.0]}},
{"type":"Feature","properties":{"Contents":"23","TEXTSTRING":"23","TEXT_SIZE":0.6,"TEXT_ANGLE":2.7860519036054439},"geometry":{"type":"Point","coordinates":[615921.1485968,9762186.004508,0.0]}},
{"type":"Feature","properties":{"Contents":"21","TEXTSTRING":"21","TEXT_SIZE":0.6,"TEXT_ANGLE":2.7860519036054439},"geometry":{"type":"Point","coordinates":[615915.7274204,9762186.1179531,0.0]}},
{"type":"Feature","properties":{"Contents":"1","TEXTSTRING":"1","TEXT_SIZE":0.6,"TEXT_ANGLE":2.7860519036054439},"geometry":{"type":"Point","coordinates":[615904.2254844,9762173.9337431,0.0]}},
{"type":"Feature","properties":{"Contents":"2","TEXTSTRING":"2","TEXT_SIZE":0.6,"TEXT_ANGLE":2.7860519036054439},"geometry":{"type":"Point","coordinates":[615907.3760062,9762173.8187625,0.0]}},
{"type":"Feature","properties":{"Contents":"3","TEXTSTRING":"3","TEXT_SIZE":0.6,"TEXT_ANGLE":2.7860519036054439},"geometry":{"type":"Point","coordinates":[615909.5316851,9762174.1280478,0.0]}},
{"type":"Feature","properties":{"Contents":"4","TEXTSTRING":"4","TEXT_SIZE":0.6,"TEXT_ANGLE":2.7860519036054439},"geometry":{"type":"Point","coordinates":[615912.3314527,9762174.2825736,0.0]}},
{"type":"Feature","properties":{"Contents":"5","TEXTSTRING":"5","TEXT_SIZE":0.6,"TEXT_ANGLE":2.7860519036054439},"geometry":{"type":"Point","coordinates":[615914.7068717,9762174.2152572,0.0]}},
{"type":"Feature","properties":{"Contents":"6","TEXTSTRING":"6","TEXT_SIZE":0.6,"TEXT_ANGLE":2.7860519036054439},"geometry":{"type":"Point","coordinates":[615917.3116938,9762174.1850821,0.0]}},
{"type":"Feature","properties":{"Contents":"7","TEXTSTRING":"7","TEXT_SIZE":0.6,"TEXT_ANGLE":2.7860519036054439},"geometry":{"type":"Point","coordinates":[615920.2739185,9762174.2120603,0.0]}},
{"type":"Feature","properties":{"Contents":"8","TEXTSTRING":"8","TEXT_SIZE":0.6,"TEXT_ANGLE":2.7860519036054439},"geometry":{"type":"Point","coordinates":[615922.6994208,9762174.3627978,0.0]}},
{"type":"Feature","properties":{"Contents":"9","TEXTSTRING":"9","TEXT_SIZE":0.6,"TEXT_ANGLE":2.7860519036054439},"geometry":{"type":"Point","coordinates":[615925.173154,9762174.1409488,0.0]}},
{"type":"Feature","properties":{"Contents":"10","TEXTSTRING":"10","TEXT_SIZE":0.6,"TEXT_ANGLE":2.7860519036054439},"geometry":{"type":"Point","coordinates":[615927.6741164,9762174.0667642,0.0]}},
{"type":"Feature","properties":{"Contents":"1","TEXTSTRING":"1","TEXT_SIZE":0.6,"TEXT_ANGLE":2.7860519036054439},"geometry":{"type":"Point","coordinates":[616285.1503331,9762084.9121095,0.0]}},
{"type":"Feature","properties":{"Contents":"2","TEXTSTRING":"2","TEXT_SIZE":0.6,"TEXT_ANGLE":2.7860519036054439},"geometry":{"type":"Point","coordinates":[616288.3998395,9762084.3270803,0.0]}},
{"type":"Feature","properties":{"Contents":"3","TEXTSTRING":"3","TEXT_SIZE":0.6,"TEXT_ANGLE":2.7860519036054439},"geometry":{"type":"Point","coordinates":[616291.2176471,9762084.3256511,0.0]}},
{"type":"Feature","properties":{"Contents":"4","TEXTSTRING":"4","TEXT_SIZE":0.6,"TEXT_ANGLE":2.7860519036054439},"geometry":{"type":"Point","coordinates":[616294.0407194,9762084.3078147,0.0]}},
{"type":"Feature","properties":{"Contents":"5","TEXTSTRING":"5","TEXT_SIZE":0.6,"TEXT_ANGLE":2.7860519036054439},"geometry":{"type":"Point","coordinates":[616296.8600097,9762084.2927938,0.0]}},
{"type":"Feature","properties":{"Contents":"6","TEXTSTRING":"6","TEXT_SIZE":0.6,"TEXT_ANGLE":2.7860519036054439},"geometry":{"type":"Point","coordinates":[616299.7193592,9762084.2161765,0.0]}},
{"type":"Feature","properties":{"Contents":"7","TEXTSTRING":"7","TEXT_SIZE":0.6,"TEXT_ANGLE":2.7860519036054439},"geometry":{"type":"Point","coordinates":[616302.5126096,9762084.2376397,0.0]}},
{"type":"Feature","properties":{"Contents":"8","TEXTSTRING":"8","TEXT_SIZE":0.6,"TEXT_ANGLE":2.7860519036054439},"geometry":{"type":"Point","coordinates":[616305.4856174,9762084.1115305,0.0]}},
{"type":"Feature","properties":{"Contents":"9","TEXTSTRING":"9","TEXT_SIZE":0.6,"TEXT_ANGLE":2.7860519036054439},"geometry":{"type":"Point","coordinates":[616308.1663784,9762084.2800821,0.0]}},
{"type":"Feature","properties":{"Contents":"10","TEXTSTRING":"10","TEXT_SIZE":0.6,"TEXT_ANGLE":2.7860519036054439},"geometry":{"type":"Point","coordinates":[616310.8385129,9762084.1808476,0.0]}},
{"type":"Feature","properties":{"Contents":"11","TEXTSTRING":"11","TEXT_SIZE":0.6,"TEXT_ANGLE":2.7860519036054439},"geometry":{"type":"Point","coordinates":[616313.6200134,9762084.1930392,0.0]}},
{"type":"Feature","properties":{"Contents":"12","TEXTSTRING":"12","TEXT_SIZE":0.6,"TEXT_ANGLE":2.7860519036054439},"geometry":{"type":"Point","coordinates":[616316.404951,9762084.2657418,0.0]}},
{"type":"Feature","properties":{"Contents":"13","TEXTSTRING":"13","TEXT_SIZE":0.6,"TEXT_ANGLE":2.7860519036054439},"geometry":{"type":"Point","coordinates":[616319.3193939,9762084.2271852,0.0]}},
{"type":"Feature","properties":{"Contents":"14","TEXTSTRING":"14","TEXT_SIZE":0.6,"TEXT_ANGLE":2.7860519036054439},"geometry":{"type":"Point","coordinates":[616322.2145251,9762084.0382853,0.0]}},
{"type":"Feature","properties":{"Contents":"15","TEXTSTRING":"15","TEXT_SIZE":0.6,"TEXT_ANGLE":2.7860519036054439},"geometry":{"type":"Point","coordinates":[616324.9527882,9762084.2382462,0.0]}},
{"type":"Feature","properties":{"Contents":"16","TEXTSTRING":"16","TEXT_SIZE":0.6,"TEXT_ANGLE":2.7860519036054439},"geometry":{"type":"Point","coordinates":[616327.7909171,9762084.2648282,0.0]}},
{"type":"Feature","properties":{"Contents":"17","TEXTSTRING":"17","TEXT_SIZE":0.6,"TEXT_ANGLE":2.7860519036054439},"geometry":{"type":"Point","coordinates":[616330.6540855,9762084.2444594,0.0]}},
{"type":"Feature","properties":{"Contents":"19","TEXTSTRING":"19","TEXT_SIZE":0.6,"TEXT_ANGLE":2.7860519036054439},"geometry":{"type":"Point","coordinates":[616337.4956068,9762082.3251067,0.0]}},
{"type":"Feature","properties":{"Contents":"1","TEXTSTRING":"1","TEXT_SIZE":0.6,"TEXT_ANGLE":2.7860519036054439},"geometry":{"type":"Point","coordinates":[616289.1337179,9762070.9783736,0.0]}},
{"type":"Feature","properties":{"Contents":"2","TEXTSTRING":"2","TEXT_SIZE":0.6,"TEXT_ANGLE":2.7860519036054439},"geometry":{"type":"Point","coordinates":[616291.7542627,9762070.8089848,0.0]}},
{"type":"Feature","properties":{"Contents":"3","TEXTSTRING":"3","TEXT_SIZE":0.6,"TEXT_ANGLE":2.7860519036054439},"geometry":{"type":"Point","coordinates":[616294.4298491,9762070.696018,0.0]}},
{"type":"Feature","properties":{"Contents":"4","TEXTSTRING":"4","TEXT_SIZE":0.6,"TEXT_ANGLE":2.7860519036054439},"geometry":{"type":"Point","coordinates":[616297.3481917,9762070.7386922,0.0]}},
{"type":"Feature","properties":{"Contents":"5","TEXTSTRING":"5","TEXT_SIZE":0.6,"TEXT_ANGLE":2.7860519036054439},"geometry":{"type":"Point","coordinates":[616300.2552817,9762070.9500115,0.0]}},
{"type":"Feature","properties":{"Contents":"6","TEXTSTRING":"6","TEXT_SIZE":0.6,"TEXT_ANGLE":2.7860519036054439},"geometry":{"type":"Point","coordinates":[616302.9979184,9762070.8597305,0.0]}},
{"type":"Feature","properties":{"Contents":"7","TEXTSTRING":"7","TEXT_SIZE":0.6,"TEXT_ANGLE":2.7860519036054439},"geometry":{"type":"Point","coordinates":[616305.7908611,9762070.8915244,0.0]}},
{"type":"Feature","properties":{"Contents":"8","TEXTSTRING":"8","TEXT_SIZE":0.6,"TEXT_ANGLE":2.7860519036054439},"geometry":{"type":"Point","coordinates":[616308.527719,9762070.9902022,0.0]}},
{"type":"Feature","properties":{"Contents":"9","TEXTSTRING":"9","TEXT_SIZE":0.6,"TEXT_ANGLE":2.7860519036054439},"geometry":{"type":"Point","coordinates":[616311.5015372,9762071.0008244,0.0]}},
{"type":"Feature","properties":{"Contents":"10","TEXTSTRING":"10","TEXT_SIZE":0.6,"TEXT_ANGLE":2.7860519036054439},"geometry":{"type":"Point","coordinates":[616314.1403631,9762071.1049449,0.0]}},
{"type":"Feature","properties":{"Contents":"11","TEXTSTRING":"11","TEXT_SIZE":0.6,"TEXT_ANGLE":2.7860519036054439},"geometry":{"type":"Point","coordinates":[616316.9396741,9762070.9891953,0.0]}},
{"type":"Feature","properties":{"Contents":"12","TEXTSTRING":"12","TEXT_SIZE":0.6,"TEXT_ANGLE":2.7860519036054439},"geometry":{"type":"Point","coordinates":[616319.7876688,9762071.165837,0.0]}},
{"type":"Feature","properties":{"Contents":"13","TEXTSTRING":"13","TEXT_SIZE":0.6,"TEXT_ANGLE":2.7860519036054439},"geometry":{"type":"Point","coordinates":[616322.639528,9762071.1515205,0.0]}},
{"type":"Feature","properties":{"Contents":"14","TEXTSTRING":"14","TEXT_SIZE":0.6,"TEXT_ANGLE":2.7860519036054439},"geometry":{"type":"Point","coordinates":[616325.3906263,9762071.2270941,0.0]}},
{"type":"Feature","properties":{"Contents":"15","TEXTSTRING":"15","TEXT_SIZE":0.6,"TEXT_ANGLE":2.7860519036054439},"geometry":{"type":"Point","coordinates":[616328.2222054,9762071.1757246,0.0]}},
{"type":"Feature","properties":{"Contents":"16","TEXTSTRING":"16","TEXT_SIZE":0.6,"TEXT_ANGLE":2.7860519036054439},"geometry":{"type":"Point","coordinates":[616331.0832003,9762071.1648479,0.0]}},
{"type":"Feature","properties":{"Contents":"17","TEXTSTRING":"17","TEXT_SIZE":0.6,"TEXT_ANGLE":2.7860519036054439},"geometry":{"type":"Point","coordinates":[616333.9024872,9762071.2006633,0.0]}},
{"type":"Feature","properties":{"Contents":"18","TEXTSTRING":"18","TEXT_SIZE":0.6,"TEXT_ANGLE":2.7860519036054439},"geometry":{"type":"Point","coordinates":[616286.1057097,9762066.7698128,0.0]}},
{"type":"Feature","properties":{"Contents":"19","TEXTSTRING":"19","TEXT_SIZE":0.6,"TEXT_ANGLE":2.7860519036054439},"geometry":{"type":"Point","coordinates":[616288.8621113,9762066.5035157,0.0]}},
{"type":"Feature","properties":{"Contents":"20","TEXTSTRING":"20","TEXT_SIZE":0.6,"TEXT_ANGLE":2.7860519036054439},"geometry":{"type":"Point","coordinates":[616291.6066463,9762066.3452372,0.0]}},
{"type":"Feature","properties":{"Contents":"21","TEXTSTRING":"21","TEXT_SIZE":0.6,"TEXT_ANGLE":2.7860519036054439},"geometry":{"type":"Point","coordinates":[616294.439313,9762066.3472094,0.0]}},
{"type":"Feature","properties":{"Contents":"22","TEXTSTRING":"22","TEXT_SIZE":0.6,"TEXT_ANGLE":2.7860519036054439},"geometry":{"type":"Point","coordinates":[616297.1814016,9762066.4117187,0.0]}},
{"type":"Feature","properties":{"Contents":"23","TEXTSTRING":"23","TEXT_SIZE":0.6,"TEXT_ANGLE":2.7860519036054439},"geometry":{"type":"Point","coordinates":[616300.1658717,9762066.4787663,0.0]}},
{"type":"Feature","properties":{"Contents":"24","TEXTSTRING":"24","TEXT_SIZE":0.6,"TEXT_ANGLE":2.7860519036054439},"geometry":{"type":"Point","coordinates":[616302.9813911,9762066.56374,0.0]}},
{"type":"Feature","properties":{"Contents":"25","TEXTSTRING":"25","TEXT_SIZE":0.6,"TEXT_ANGLE":2.7860519036054439},"geometry":{"type":"Point","coordinates":[616305.7843548,9762066.6443694,0.0]}},
{"type":"Feature","properties":{"Contents":"26","TEXTSTRING":"26","TEXT_SIZE":0.6,"TEXT_ANGLE":2.7860519036054439},"geometry":{"type":"Point","coordinates":[616308.6223435,9762066.6735567,0.0]}},
{"type":"Feature","properties":{"Contents":"27","TEXTSTRING":"27","TEXT_SIZE":0.6,"TEXT_ANGLE":2.7860519036054439},"geometry":{"type":"Point","coordinates":[616311.4704069,9762066.6756073,0.0]}},
{"type":"Feature","properties":{"Contents":"28","TEXTSTRING":"28","TEXT_SIZE":0.6,"TEXT_ANGLE":2.7860519036054439},"geometry":{"type":"Point","coordinates":[616314.2968672,9762066.6579588,0.0]}},
{"type":"Feature","properties":{"Contents":"29","TEXTSTRING":"29","TEXT_SIZE":0.6,"TEXT_ANGLE":2.7860519036054439},"geometry":{"type":"Point","coordinates":[616317.1758881,9762066.6039915,0.0]}},
{"type":"Feature","properties":{"Contents":"30","TEXTSTRING":"30","TEXT_SIZE":0.6,"TEXT_ANGLE":2.7860519036054439},"geometry":{"type":"Point","coordinates":[616319.896805,9762066.633929,0.0]}},
{"type":"Feature","properties":{"Contents":"31","TEXTSTRING":"31","TEXT_SIZE":0.6,"TEXT_ANGLE":2.7860519036054439},"geometry":{"type":"Point","coordinates":[616322.770413,9762066.6834574,0.0]}},
{"type":"Feature","properties":{"Contents":"32","TEXTSTRING":"32","TEXT_SIZE":0.6,"TEXT_ANGLE":2.7860519036054439},"geometry":{"type":"Point","coordinates":[616325.6569961,9762066.698197,0.0]}},
{"type":"Feature","properties":{"Contents":"33","TEXTSTRING":"33","TEXT_SIZE":0.6,"TEXT_ANGLE":2.7860519036054439},"geometry":{"type":"Point","coordinates":[616328.3587809,9762066.6997996,0.0]}},
{"type":"Feature","properties":{"Contents":"34","TEXTSTRING":"34","TEXT_SIZE":0.6,"TEXT_ANGLE":2.7860519036054439},"geometry":{"type":"Point","coordinates":[616331.2297892,9762066.7896094,0.0]}},
{"type":"Feature","properties":{"Contents":"1","TEXTSTRING":"1","TEXT_SIZE":0.6,"TEXT_ANGLE":2.7860519036054439},"geometry":{"type":"Point","coordinates":[616290.1256232,9762054.8462478,0.0]}},
{"type":"Feature","properties":{"Contents":"3","TEXTSTRING":"3","TEXT_SIZE":0.6,"TEXT_ANGLE":2.7860519036054439},"geometry":{"type":"Point","coordinates":[616295.8801855,9762055.0389998,0.0]}},
{"type":"Feature","properties":{"Contents":"2","TEXTSTRING":"2","TEXT_SIZE":0.6,"TEXT_ANGLE":2.7860519036054439},"geometry":{"type":"Point","coordinates":[616293.0312113,9762054.942841,0.0]}},
{"type":"Feature","properties":{"Contents":"4","TEXTSTRING":"4","TEXT_SIZE":0.6,"TEXT_ANGLE":2.7860519036054439},"geometry":{"type":"Point","coordinates":[616298.8153043,9762055.0409527,0.0]}},
{"type":"Feature","properties":{"Contents":"5","TEXTSTRING":"5","TEXT_SIZE":0.6,"TEXT_ANGLE":2.7860519036054439},"geometry":{"type":"Point","coordinates":[616301.8165617,9762055.0288257,0.0]}},
{"type":"Feature","properties":{"Contents":"6","TEXTSTRING":"6","TEXT_SIZE":0.6,"TEXT_ANGLE":2.7860519036054439},"geometry":{"type":"Point","coordinates":[616304.7282009,9762055.0621886,0.0]}},
{"type":"Feature","properties":{"Contents":"7","TEXTSTRING":"7","TEXT_SIZE":0.6,"TEXT_ANGLE":2.7860519036054439},"geometry":{"type":"Point","coordinates":[616307.6334375,9762055.0823653,0.0]}},
{"type":"Feature","properties":{"Contents":"8","TEXTSTRING":"8","TEXT_SIZE":0.6,"TEXT_ANGLE":2.7860519036054439},"geometry":{"type":"Point","coordinates":[616310.5971147,9762055.1312507,0.0]}},
{"type":"Feature","properties":{"Contents":"9","TEXTSTRING":"9","TEXT_SIZE":0.6,"TEXT_ANGLE":2.7860519036054439},"geometry":{"type":"Point","coordinates":[616313.4853617,9762055.1422324,0.0]}},
{"type":"Feature","properties":{"Contents":"10","TEXTSTRING":"10","TEXT_SIZE":0.6,"TEXT_ANGLE":2.7860519036054439},"geometry":{"type":"Point","coordinates":[616316.271834,9762055.1860207,0.0]}},
{"type":"Feature","properties":{"Contents":"11","TEXTSTRING":"11","TEXT_SIZE":0.6,"TEXT_ANGLE":2.7860519036054439},"geometry":{"type":"Point","coordinates":[616319.263962,9762055.1675736,0.0]}},
{"type":"Feature","properties":{"Contents":"12","TEXTSTRING":"12","TEXT_SIZE":0.6,"TEXT_ANGLE":2.7860519036054439},"geometry":{"type":"Point","coordinates":[616322.1526627,9762055.2106943,0.0]}},
{"type":"Feature","properties":{"Contents":"13","TEXTSTRING":"13","TEXT_SIZE":0.6,"TEXT_ANGLE":2.7860519036054439},"geometry":{"type":"Point","coordinates":[616325.0080479,9762055.2857465,0.0]}},
{"type":"Feature","properties":{"Contents":"14","TEXTSTRING":"14","TEXT_SIZE":0.6,"TEXT_ANGLE":2.7860519036054439},"geometry":{"type":"Point","coordinates":[616328.069568,9762055.2316345,0.0]}},
{"type":"Feature","properties":{"Contents":"15","TEXTSTRING":"15","TEXT_SIZE":0.6,"TEXT_ANGLE":2.7860519036054439},"geometry":{"type":"Point","coordinates":[616331.0239076,9762055.1755832,0.0]}},
{"type":"Feature","properties":{"Contents":"16","TEXTSTRING":"16","TEXT_SIZE":0.6,"TEXT_ANGLE":2.7860519036054439},"geometry":{"type":"Point","coordinates":[616333.9762481,9762055.1689987,0.0]}},
{"type":"Feature","properties":{"Contents":"17","TEXTSTRING":"17","TEXT_SIZE":0.6,"TEXT_ANGLE":2.7860519036054439},"geometry":{"type":"Point","coordinates":[616336.8889952,9762055.2195883,0.0]}},
{"type":"Feature","properties":{"Contents":"1","TEXTSTRING":"1","TEXT_SIZE":0.6,"TEXT_ANGLE":2.7860519036054439},"geometry":{"type":"Point","coordinates":[616812.8347716,9762270.7194523,0.0]}},
{"type":"Feature","properties":{"Contents":"2","TEXTSTRING":"2","TEXT_SIZE":0.6,"TEXT_ANGLE":2.7860519036054439},"geometry":{"type":"Point","coordinates":[616815.2194757,9762270.15788,0.0]}},
{"type":"Feature","properties":{"Contents":"3","TEXTSTRING":"3","TEXT_SIZE":0.6,"TEXT_ANGLE":2.7860519036054439},"geometry":{"type":"Point","coordinates":[616817.430524,9762269.6266504,0.0]}},
{"type":"Feature","properties":{"Contents":"4","TEXTSTRING":"4","TEXT_SIZE":0.6,"TEXT_ANGLE":2.7860519036054439},"geometry":{"type":"Point","coordinates":[616819.8049568,9762269.035335,0.0]}},
{"type":"Feature","properties":{"Contents":"5","TEXTSTRING":"5","TEXT_SIZE":0.6,"TEXT_ANGLE":2.7860519036054439},"geometry":{"type":"Point","coordinates":[616822.1002535,9762268.4529971,0.0]}},
{"type":"Feature","properties":{"Contents":"6","TEXTSTRING":"6","TEXT_SIZE":0.6,"TEXT_ANGLE":2.7860519036054439},"geometry":{"type":"Point","coordinates":[616824.4805912,9762267.8969469,0.0]}},
{"type":"Feature","properties":{"Contents":"7","TEXTSTRING":"7","TEXT_SIZE":0.6,"TEXT_ANGLE":2.7860519036054439},"geometry":{"type":"Point","coordinates":[616826.7987982,9762267.2705999,0.0]}},
{"type":"Feature","properties":{"Contents":"8","TEXTSTRING":"8","TEXT_SIZE":0.6,"TEXT_ANGLE":2.7860519036054439},"geometry":{"type":"Point","coordinates":[616829.222828,9762266.6920888,0.0]}},
{"type":"Feature","properties":{"Contents":"1","TEXTSTRING":"1","TEXT_SIZE":0.6,"TEXT_ANGLE":2.7860519036054439},"geometry":{"type":"Point","coordinates":[616806.6699485,9762258.5680265,0.0]}},
{"type":"Feature","properties":{"Contents":"2","TEXTSTRING":"2","TEXT_SIZE":0.6,"TEXT_ANGLE":2.7860519036054439},"geometry":{"type":"Point","coordinates":[616809.0363422,9762258.0465832,0.0]}},
{"type":"Feature","properties":{"Contents":"3","TEXTSTRING":"3","TEXT_SIZE":0.6,"TEXT_ANGLE":2.7860519036054439},"geometry":{"type":"Point","coordinates":[616811.437655,9762257.5170199,0.0]}},
{"type":"Feature","properties":{"Contents":"4","TEXTSTRING":"4","TEXT_SIZE":0.6,"TEXT_ANGLE":2.7860519036054439},"geometry":{"type":"Point","coordinates":[616813.708744,9762256.8900651,0.0]}},
{"type":"Feature","properties":{"Contents":"5","TEXTSTRING":"5","TEXT_SIZE":0.6,"TEXT_ANGLE":2.7860519036054439},"geometry":{"type":"Point","coordinates":[616816.050186,9762256.4786815,0.0]}},
{"type":"Feature","properties":{"Contents":"6","TEXTSTRING":"6","TEXT_SIZE":0.6,"TEXT_ANGLE":2.7860519036054439},"geometry":{"type":"Point","coordinates":[616818.3385995,9762255.871102,0.0]}},
{"type":"Feature","properties":{"Contents":"7","TEXTSTRING":"7","TEXT_SIZE":0.6,"TEXT_ANGLE":2.7860519036054439},"geometry":{"type":"Point","coordinates":[616820.7388637,9762255.3548611,0.0]}},
{"type":"Feature","properties":{"Contents":"8","TEXTSTRING":"8","TEXT_SIZE":0.6,"TEXT_ANGLE":2.7860519036054439},"geometry":{"type":"Point","coordinates":[616823.0843469,9762254.7495916,0.0]}},
{"type":"Feature","properties":{"Contents":"9","TEXTSTRING":"9","TEXT_SIZE":0.6,"TEXT_ANGLE":2.7860519036054439},"geometry":{"type":"Point","coordinates":[616825.3773172,9762254.1397995,0.0]}},
{"type":"Feature","properties":{"Contents":"10","TEXTSTRING":"10","TEXT_SIZE":0.6,"TEXT_ANGLE":2.7860519036054439},"geometry":{"type":"Point","coordinates":[616827.4583083,9762253.6024758,0.0]}},
{"type":"Feature","properties":{"Contents":"11","TEXTSTRING":"11","TEXT_SIZE":0.6,"TEXT_ANGLE":2.7860519036054439},"geometry":{"type":"Point","coordinates":[616829.7701386,9762252.9677565,0.0]}},
{"type":"Feature","properties":{"Contents":"12","TEXTSTRING":"12","TEXT_SIZE":0.6,"TEXT_ANGLE":2.7860519036054439},"geometry":{"type":"Point","coordinates":[616832.0831209,9762252.4047178,0.0]}},
{"type":"Feature","properties":{"Contents":"1","TEXTSTRING":"1","TEXT_SIZE":0.6,"TEXT_ANGLE":2.7860519036054439},"geometry":{"type":"Point","coordinates":[616856.7244988,9762349.1274604,0.0]}},
{"type":"Feature","properties":{"Contents":"2","TEXTSTRING":"2","TEXT_SIZE":0.6,"TEXT_ANGLE":2.7860519036054439},"geometry":{"type":"Point","coordinates":[616858.0495649,9762347.1597401,0.0]}},
{"type":"Feature","properties":{"Contents":"3","TEXTSTRING":"3","TEXT_SIZE":0.6,"TEXT_ANGLE":2.7860519036054439},"geometry":{"type":"Point","coordinates":[616859.3843463,9762345.0881111,0.0]}},
{"type":"Feature","properties":{"Contents":"4","TEXTSTRING":"4","TEXT_SIZE":0.6,"TEXT_ANGLE":2.7860519036054439},"geometry":{"type":"Point","coordinates":[616860.6725603,9762343.0690669,0.0]}},
{"type":"Feature","properties":{"Contents":"5","TEXTSTRING":"5","TEXT_SIZE":0.6,"TEXT_ANGLE":2.7860519036054439},"geometry":{"type":"Point","coordinates":[616862.0816181,9762341.1843695,0.0]}},
{"type":"Feature","properties":{"Contents":"6","TEXTSTRING":"6","TEXT_SIZE":0.6,"TEXT_ANGLE":2.7860519036054439},"geometry":{"type":"Point","coordinates":[616863.3307798,9762339.1633726,0.0]}},
{"type":"Feature","properties":{"Contents":"7","TEXTSTRING":"7","TEXT_SIZE":0.6,"TEXT_ANGLE":2.7860519036054439},"geometry":{"type":"Point","coordinates":[616864.5860958,9762337.1119117,0.0]}},
{"type":"Feature","properties":{"Contents":"8","TEXTSTRING":"8","TEXT_SIZE":0.6,"TEXT_ANGLE":2.7860519036054439},"geometry":{"type":"Point","coordinates":[616865.925535,9762335.1158483,0.0]}},
{"type":"Feature","properties":{"Contents":"9","TEXTSTRING":"9","TEXT_SIZE":0.6,"TEXT_ANGLE":2.7860519036054439},"geometry":{"type":"Point","coordinates":[616867.2926883,9762333.0637714,0.0]}},
{"type":"Feature","properties":{"Contents":"10","TEXTSTRING":"10","TEXT_SIZE":0.6,"TEXT_ANGLE":2.7860519036054439},"geometry":{"type":"Point","coordinates":[616868.3767535,9762331.0747583,0.0]}},
{"type":"Feature","properties":{"Contents":"11","TEXTSTRING":"11","TEXT_SIZE":0.6,"TEXT_ANGLE":2.7860519036054439},"geometry":{"type":"Point","coordinates":[616869.7617926,9762329.0480888,0.0]}},
{"type":"Feature","properties":{"Contents":"12","TEXTSTRING":"12","TEXT_SIZE":0.6,"TEXT_ANGLE":2.7860519036054439},"geometry":{"type":"Point","coordinates":[616871.0183331,9762327.052743,0.0]}},
{"type":"Feature","properties":{"Contents":"1","TEXTSTRING":"1","TEXT_SIZE":0.6,"TEXT_ANGLE":2.7860519036054439},"geometry":{"type":"Point","coordinates":[616843.6719099,9762349.3084989,0.0]}},
{"type":"Feature","properties":{"Contents":"2","TEXTSTRING":"2","TEXT_SIZE":0.6,"TEXT_ANGLE":2.7860519036054439},"geometry":{"type":"Point","coordinates":[616844.1468007,9762346.8808715,0.0]}},
{"type":"Feature","properties":{"Contents":"3","TEXTSTRING":"3","TEXT_SIZE":0.6,"TEXT_ANGLE":2.7860519036054439},"geometry":{"type":"Point","coordinates":[616845.5422975,9762344.8486552,0.0]}},
{"type":"Feature","properties":{"Contents":"4","TEXTSTRING":"4","TEXT_SIZE":0.6,"TEXT_ANGLE":2.7860519036054439},"geometry":{"type":"Point","coordinates":[616846.7886772,9762342.742621,0.0]}},
{"type":"Feature","properties":{"Contents":"5","TEXTSTRING":"5","TEXT_SIZE":0.6,"TEXT_ANGLE":2.7860519036054439},"geometry":{"type":"Point","coordinates":[616848.1407386,9762340.8396318,0.0]}},
{"type":"Feature","properties":{"Contents":"6","TEXTSTRING":"6","TEXT_SIZE":0.6,"TEXT_ANGLE":2.7860519036054439},"geometry":{"type":"Point","coordinates":[616849.4169529,9762338.7918161,0.0]}},
{"type":"Feature","properties":{"Contents":"7","TEXTSTRING":"7","TEXT_SIZE":0.6,"TEXT_ANGLE":2.7860519036054439},"geometry":{"type":"Point","coordinates":[616850.7963335,9762336.7656183,0.0]}},
{"type":"Feature","properties":{"Contents":"8","TEXTSTRING":"8","TEXT_SIZE":0.6,"TEXT_ANGLE":2.7860519036054439},"geometry":{"type":"Point","coordinates":[616851.992217,9762334.7584619,0.0]}},
{"type":"Feature","properties":{"Contents":"9","TEXTSTRING":"9","TEXT_SIZE":0.6,"TEXT_ANGLE":2.7860519036054439},"geometry":{"type":"Point","coordinates":[616853.3533704,9762332.881726,0.0]}},
{"type":"Feature","properties":{"Contents":"10","TEXTSTRING":"10","TEXT_SIZE":0.6,"TEXT_ANGLE":2.7860519036054439},"geometry":{"type":"Point","coordinates":[616854.4999031,9762330.7464613,0.0]}},
{"type":"Feature","properties":{"Contents":"11","TEXTSTRING":"11","TEXT_SIZE":0.6,"TEXT_ANGLE":2.7860519036054439},"geometry":{"type":"Point","coordinates":[616855.9452334,9762328.8392846,0.0]}},
{"type":"Feature","properties":{"Contents":"12","TEXTSTRING":"12","TEXT_SIZE":0.6,"TEXT_ANGLE":2.7860519036054439},"geometry":{"type":"Point","coordinates":[616857.2469847,9762326.7800859,0.0]}},
{"type":"Feature","properties":{"Contents":"13","TEXTSTRING":"13","TEXT_SIZE":0.6,"TEXT_ANGLE":2.7860519036054439},"geometry":{"type":"Point","coordinates":[616858.6834124,9762324.86015,0.0]}},
{"type":"Feature","properties":{"Contents":"14","TEXTSTRING":"14","TEXT_SIZE":0.6,"TEXT_ANGLE":2.7860519036054439},"geometry":{"type":"Point","coordinates":[616859.7724373,9762322.790295,0.0]}},
{"type":"Feature","properties":{"Contents":"15","TEXTSTRING":"15","TEXT_SIZE":0.6,"TEXT_ANGLE":2.7860519036054439},"geometry":{"type":"Point","coordinates":[616861.2046956,9762320.7772912,0.0]}},
{"type":"Feature","properties":{"Contents":"16","TEXTSTRING":"16","TEXT_SIZE":0.6,"TEXT_ANGLE":2.7860519036054439},"geometry":{"type":"Point","coordinates":[616862.4478827,9762318.880203,0.0]}},
{"type":"Feature","properties":{"Contents":"17","TEXTSTRING":"17","TEXT_SIZE":0.6,"TEXT_ANGLE":2.7860519036054439},"geometry":{"type":"Point","coordinates":[616863.6562349,9762316.730831,0.0]}},
{"type":"Feature","properties":{"Contents":"18","TEXTSTRING":"18","TEXT_SIZE":0.6,"TEXT_ANGLE":2.7860519036054439},"geometry":{"type":"Point","coordinates":[616864.9378798,9762314.7200861,0.0]}},
{"type":"Feature","properties":{"Contents":"11","TEXTSTRING":"11","TEXT_SIZE":0.6,"TEXT_ANGLE":2.7860519036054439},"geometry":{"type":"Point","coordinates":[616736.5091186,9762280.5166214,0.0]}},
{"type":"Feature","properties":{"Contents":"12","TEXTSTRING":"12","TEXT_SIZE":0.6,"TEXT_ANGLE":2.7860519036054439},"geometry":{"type":"Point","coordinates":[616736.6403409,9762282.9596475,0.0]}},
{"type":"Feature","properties":{"Contents":"13","TEXTSTRING":"13","TEXT_SIZE":0.6,"TEXT_ANGLE":2.7860519036054439},"geometry":{"type":"Point","coordinates":[616736.8667108,9762285.4161553,0.0]}},
{"type":"Feature","properties":{"Contents":"14","TEXTSTRING":"14","TEXT_SIZE":0.6,"TEXT_ANGLE":2.7860519036054439},"geometry":{"type":"Point","coordinates":[616736.9988629,9762287.8000233,0.0]}},
{"type":"Feature","properties":{"Contents":"15","TEXTSTRING":"15","TEXT_SIZE":0.6,"TEXT_ANGLE":2.7860519036054439},"geometry":{"type":"Point","coordinates":[616737.2215984,9762290.1164658,0.0]}},
{"type":"Feature","properties":{"Contents":"16","TEXTSTRING":"16","TEXT_SIZE":0.6,"TEXT_ANGLE":2.7860519036054439},"geometry":{"type":"Point","coordinates":[616737.4521058,9762292.5545699,0.0]}},
{"type":"Feature","properties":{"Contents":"17","TEXTSTRING":"17","TEXT_SIZE":0.6,"TEXT_ANGLE":2.7860519036054439},"geometry":{"type":"Point","coordinates":[616737.5110053,9762295.0077222,0.0]}},
{"type":"Feature","properties":{"Contents":"18","TEXTSTRING":"18","TEXT_SIZE":0.6,"TEXT_ANGLE":2.7860519036054439},"geometry":{"type":"Point","coordinates":[616737.5371205,9762297.3420263,0.0]}},
{"type":"Feature","properties":{"Contents":"19","TEXTSTRING":"19","TEXT_SIZE":0.6,"TEXT_ANGLE":2.7860519036054439},"geometry":{"type":"Point","coordinates":[616750.4553007,9762302.3753583,0.0]}},
{"type":"Feature","properties":{"Contents":"20","TEXTSTRING":"20","TEXT_SIZE":0.6,"TEXT_ANGLE":2.7860519036054439},"geometry":{"type":"Point","coordinates":[616752.8631759,9762302.428889,0.0]}},
{"type":"Feature","properties":{"Contents":"21","TEXTSTRING":"21","TEXT_SIZE":0.6,"TEXT_ANGLE":2.7860519036054439},"geometry":{"type":"Point","coordinates":[616755.3209226,9762302.4421824,0.0]}},
{"type":"Feature","properties":{"Contents":"22","TEXTSTRING":"22","TEXT_SIZE":0.6,"TEXT_ANGLE":2.7860519036054439},"geometry":{"type":"Point","coordinates":[616757.6281945,9762302.5218711,0.0]}},
{"type":"Feature","properties":{"Contents":"23","TEXTSTRING":"23","TEXT_SIZE":0.6,"TEXT_ANGLE":2.7860519036054439},"geometry":{"type":"Point","coordinates":[616760.0444576,9762302.548422,0.0]}},
{"type":"Feature","properties":{"Contents":"24","TEXTSTRING":"24","TEXT_SIZE":0.6,"TEXT_ANGLE":2.7860519036054439},"geometry":{"type":"Point","coordinates":[616762.4622161,9762302.6148531,0.0]}},
{"type":"Feature","properties":{"Contents":"25","TEXTSTRING":"25","TEXT_SIZE":0.6,"TEXT_ANGLE":2.7860519036054439},"geometry":{"type":"Point","coordinates":[616764.8128932,9762302.6018456,0.0]}},
{"type":"Feature","properties":{"Contents":"26","TEXTSTRING":"26","TEXT_SIZE":0.6,"TEXT_ANGLE":2.7860519036054439},"geometry":{"type":"Point","coordinates":[616767.1963578,9762302.6283251,0.0]}},
{"type":"Feature","properties":{"Contents":"27","TEXTSTRING":"27","TEXT_SIZE":0.6,"TEXT_ANGLE":2.7860519036054439},"geometry":{"type":"Point","coordinates":[616769.6637631,9762302.6680623,0.0]}},
{"type":"Feature","properties":{"Contents":"28","TEXTSTRING":"28","TEXT_SIZE":0.6,"TEXT_ANGLE":2.7860519036054439},"geometry":{"type":"Point","coordinates":[616772.0474495,9762302.6680623,0.0]}},
{"type":"Feature","properties":{"Contents":"29","TEXTSTRING":"29","TEXT_SIZE":0.6,"TEXT_ANGLE":2.7860519036054439},"geometry":{"type":"Point","coordinates":[616774.4229284,9762302.6945418,0.0]}},
{"type":"Feature","properties":{"Contents":"10","TEXTSTRING":"10","TEXT_SIZE":0.6,"TEXT_ANGLE":2.7860519036054439},"geometry":{"type":"Point","coordinates":[616741.7987038,9762270.5344393,0.0]}},
{"type":"Feature","properties":{"Contents":"9","TEXTSTRING":"9","TEXT_SIZE":0.6,"TEXT_ANGLE":2.7860519036054439},"geometry":{"type":"Point","coordinates":[616744.2955478,9762271.2917831,0.0]}},
{"type":"Feature","properties":{"Contents":"8","TEXTSTRING":"8","TEXT_SIZE":0.6,"TEXT_ANGLE":2.7860519036054439},"geometry":{"type":"Point","coordinates":[616746.4657905,9762272.0745998,0.0]}},
{"type":"Feature","properties":{"Contents":"7","TEXTSTRING":"7","TEXT_SIZE":0.6,"TEXT_ANGLE":2.7860519036054439},"geometry":{"type":"Point","coordinates":[616748.7032695,9762272.9242102,0.0]}},
{"type":"Feature","properties":{"Contents":"6","TEXTSTRING":"6","TEXT_SIZE":0.6,"TEXT_ANGLE":2.7860519036054439},"geometry":{"type":"Point","coordinates":[616751.0078031,9762273.7528426,0.0]}},
{"type":"Feature","properties":{"Contents":"5","TEXTSTRING":"5","TEXT_SIZE":0.6,"TEXT_ANGLE":2.7860519036054439},"geometry":{"type":"Point","coordinates":[616753.2536535,9762274.637021,0.0]}},
{"type":"Feature","properties":{"Contents":"4","TEXTSTRING":"4","TEXT_SIZE":0.6,"TEXT_ANGLE":2.7860519036054439},"geometry":{"type":"Point","coordinates":[616755.4420589,9762275.586086,0.0]}},
{"type":"Feature","properties":{"Contents":"3","TEXTSTRING":"3","TEXT_SIZE":0.6,"TEXT_ANGLE":2.7860519036054439},"geometry":{"type":"Point","coordinates":[616757.6929203,9762276.2265061,0.0]}},
{"type":"Feature","properties":{"Contents":"2","TEXTSTRING":"2","TEXT_SIZE":0.6,"TEXT_ANGLE":2.7860519036054439},"geometry":{"type":"Point","coordinates":[616759.9341458,9762277.026404,0.0]}},
{"type":"Feature","properties":{"Contents":"1","TEXTSTRING":"1","TEXT_SIZE":0.6,"TEXT_ANGLE":2.7860519036054439},"geometry":{"type":"Point","coordinates":[616762.1898857,9762277.9245493,0.0]}},
{"type":"Feature","properties":{"Contents":"01","TEXTSTRING":"01","TEXT_SIZE":0.6,"TEXT_ANGLE":2.7860519036054439},"geometry":{"type":"Point","coordinates":[616534.5175571,9762549.7803161,0.0]}},
{"type":"Feature","properties":{"Contents":"1","TEXTSTRING":"1","TEXT_SIZE":0.6,"TEXT_ANGLE":2.7860519036054439},"geometry":{"type":"Point","coordinates":[615829.6283002,9761843.342216,0.0]}},
{"type":"Feature","properties":{"Contents":"2","TEXTSTRING":"2","TEXT_SIZE":0.6,"TEXT_ANGLE":2.7860519036054439},"geometry":{"type":"Point","coordinates":[615832.1636318,9761844.2273612,0.0]}},
{"type":"Feature","properties":{"Contents":"3","TEXTSTRING":"3","TEXT_SIZE":0.6,"TEXT_ANGLE":2.7860519036054439},"geometry":{"type":"Point","coordinates":[615834.2978633,9761845.5411307,0.0]}},
{"type":"Feature","properties":{"Contents":"4","TEXTSTRING":"4","TEXT_SIZE":0.6,"TEXT_ANGLE":2.7860519036054439},"geometry":{"type":"Point","coordinates":[615836.7303512,9761846.3920814,0.0]}},
{"type":"Feature","properties":{"Contents":"5","TEXTSTRING":"5","TEXT_SIZE":0.6,"TEXT_ANGLE":2.7860519036054439},"geometry":{"type":"Point","coordinates":[615839.1570543,9761847.6321765,0.0]}},
{"type":"Feature","properties":{"Contents":"6","TEXTSTRING":"6","TEXT_SIZE":0.6,"TEXT_ANGLE":2.7860519036054439},"geometry":{"type":"Point","coordinates":[615841.5190333,9761848.6209862,0.0]}},
{"type":"Feature","properties":{"Contents":"7","TEXTSTRING":"7","TEXT_SIZE":0.6,"TEXT_ANGLE":2.7860519036054439},"geometry":{"type":"Point","coordinates":[615843.8345156,9761849.6913398,0.0]}},
{"type":"Feature","properties":{"Contents":"8","TEXTSTRING":"8","TEXT_SIZE":0.6,"TEXT_ANGLE":2.7860519036054439},"geometry":{"type":"Point","coordinates":[615846.398591,9761850.5970756,0.0]}},
{"type":"Feature","properties":{"Contents":"9","TEXTSTRING":"9","TEXT_SIZE":0.6,"TEXT_ANGLE":2.7860519036054439},"geometry":{"type":"Point","coordinates":[615848.6951222,9761851.5467786,0.0]}},
{"type":"Feature","properties":{"Contents":"10","TEXTSTRING":"10","TEXT_SIZE":0.6,"TEXT_ANGLE":2.7860519036054439},"geometry":{"type":"Point","coordinates":[615850.7356196,9761852.5067854,0.0]}},
{"type":"Feature","properties":{"Contents":"11","TEXTSTRING":"11","TEXT_SIZE":0.6,"TEXT_ANGLE":2.7860519036054439},"geometry":{"type":"Point","coordinates":[615853.2864971,9761853.3257542,0.0]}},
{"type":"Feature","properties":{"Contents":"12","TEXTSTRING":"12","TEXT_SIZE":0.6,"TEXT_ANGLE":2.7860519036054439},"geometry":{"type":"Point","coordinates":[615855.6329251,9761854.5482324,0.0]}},
{"type":"Feature","properties":{"Contents":"12","TEXTSTRING":"12","TEXT_SIZE":0.6,"TEXT_ANGLE":2.7860519036054439},"geometry":{"type":"Point","coordinates":[615856.2664992,9761869.1375282,0.0]}},
{"type":"Feature","properties":{"Contents":"11","TEXTSTRING":"11","TEXT_SIZE":0.6,"TEXT_ANGLE":2.7860519036054439},"geometry":{"type":"Point","coordinates":[615853.8674771,9761870.8243258,0.0]}},
{"type":"Feature","properties":{"Contents":"10","TEXTSTRING":"10","TEXT_SIZE":0.6,"TEXT_ANGLE":2.7860519036054439},"geometry":{"type":"Point","coordinates":[615851.4199601,9761872.0003224,0.0]}},
{"type":"Feature","properties":{"Contents":"09","TEXTSTRING":"09","TEXT_SIZE":0.6,"TEXT_ANGLE":2.7860519036054439},"geometry":{"type":"Point","coordinates":[615849.0478598,9761873.299961,0.0]}},
{"type":"Feature","properties":{"Contents":"08","TEXTSTRING":"08","TEXT_SIZE":0.6,"TEXT_ANGLE":2.7860519036054439},"geometry":{"type":"Point","coordinates":[615846.5972373,9761874.7079745,0.0]}},
{"type":"Feature","properties":{"Contents":"07","TEXTSTRING":"07","TEXT_SIZE":0.6,"TEXT_ANGLE":2.7860519036054439},"geometry":{"type":"Point","coordinates":[615844.1248324,9761875.9776281,0.0]}},
{"type":"Feature","properties":{"Contents":"06","TEXTSTRING":"06","TEXT_SIZE":0.6,"TEXT_ANGLE":2.7860519036054439},"geometry":{"type":"Point","coordinates":[615841.8164674,9761877.5318402,0.0]}},
{"type":"Feature","properties":{"Contents":"05","TEXTSTRING":"05","TEXT_SIZE":0.6,"TEXT_ANGLE":2.7860519036054439},"geometry":{"type":"Point","coordinates":[615839.438555,9761880.8610385,0.0]}},
{"type":"Feature","properties":{"Contents":"04","TEXTSTRING":"04","TEXT_SIZE":0.6,"TEXT_ANGLE":2.7860519036054439},"geometry":{"type":"Point","coordinates":[615837.4818409,9761883.2955181,0.0]}},
{"type":"Feature","properties":{"Contents":"03","TEXTSTRING":"03","TEXT_SIZE":0.6,"TEXT_ANGLE":2.7860519036054439},"geometry":{"type":"Point","coordinates":[615834.8259423,9761885.907229,0.0]}},
{"type":"Feature","properties":{"Contents":"02","TEXTSTRING":"02","TEXT_SIZE":0.6,"TEXT_ANGLE":2.7860519036054439},"geometry":{"type":"Point","coordinates":[615832.28664,9761888.8817295,0.0]}},
{"type":"Feature","properties":{"Contents":"01","TEXTSTRING":"01","TEXT_SIZE":0.6,"TEXT_ANGLE":2.7860519036054439},"geometry":{"type":"Point","coordinates":[615829.723574,9761891.8621815,0.0]}},
{"type":"Feature","properties":{"Contents":"1","TEXTSTRING":"1","TEXT_SIZE":0.6,"TEXT_ANGLE":2.7860519036054439},"geometry":{"type":"Point","coordinates":[615826.7374494,9761957.7103828,0.0]}},
{"type":"Feature","properties":{"Contents":"2","TEXTSTRING":"2","TEXT_SIZE":0.6,"TEXT_ANGLE":2.7860519036054439},"geometry":{"type":"Point","coordinates":[615829.9718151,9761950.9854272,0.0]}},
{"type":"Feature","properties":{"Contents":"3","TEXTSTRING":"3","TEXT_SIZE":0.6,"TEXT_ANGLE":2.7860519036054439},"geometry":{"type":"Point","coordinates":[615832.2231088,9761950.1701877,0.0]}},
{"type":"Feature","properties":{"Contents":"4","TEXTSTRING":"4","TEXT_SIZE":0.6,"TEXT_ANGLE":2.7860519036054439},"geometry":{"type":"Point","coordinates":[615834.581195,9761949.4368742,0.0]}},
{"type":"Feature","properties":{"Contents":"5","TEXTSTRING":"5","TEXT_SIZE":0.6,"TEXT_ANGLE":2.7860519036054439},"geometry":{"type":"Point","coordinates":[615836.8546015,9761948.7670781,0.0]}},
{"type":"Feature","properties":{"Contents":"6","TEXTSTRING":"6","TEXT_SIZE":0.6,"TEXT_ANGLE":2.7860519036054439},"geometry":{"type":"Point","coordinates":[615839.1771743,9761948.0536518,0.0]}},
{"type":"Feature","properties":{"Contents":"9","TEXTSTRING":"9","TEXT_SIZE":0.6,"TEXT_ANGLE":2.7860519036054439},"geometry":{"type":"Point","coordinates":[615118.5817235,9762744.6727133,0.0]}},
{"type":"Feature","properties":{"Contents":"8","TEXTSTRING":"8","TEXT_SIZE":0.6,"TEXT_ANGLE":2.7860519036054439},"geometry":{"type":"Point","coordinates":[614728.2457681,9762724.3357399,0.0]}},
{"type":"Feature","properties":{"Contents":"9","TEXTSTRING":"9","TEXT_SIZE":0.6,"TEXT_ANGLE":2.7860519036054439},"geometry":{"type":"Point","coordinates":[614728.4242344,9762726.8071454,0.0]}},
{"type":"Feature","properties":{"Contents":"11","TEXTSTRING":"11","TEXT_SIZE":0.6,"TEXT_ANGLE":2.7860519036054439},"geometry":{"type":"Point","coordinates":[614729.3545092,9762731.7852978,0.0]}},
{"type":"Feature","properties":{"Contents":"10","TEXTSTRING":"10","TEXT_SIZE":0.6,"TEXT_ANGLE":2.7860519036054439},"geometry":{"type":"Point","coordinates":[614728.8517191,9762729.2715077,0.0]}},
{"type":"Feature","properties":{"Contents":"12","TEXTSTRING":"12","TEXT_SIZE":0.6,"TEXT_ANGLE":2.7860519036054439},"geometry":{"type":"Point","coordinates":[614733.5822185,9762737.2234641,0.0]}},
{"type":"Feature","properties":{"Contents":"18","TEXTSTRING":"18","TEXT_SIZE":0.6,"TEXT_ANGLE":2.7860519036054439},"geometry":{"type":"Point","coordinates":[614765.1295697,9762727.3056823,0.0]}},
{"type":"Feature","properties":{"Contents":"17","TEXTSTRING":"17","TEXT_SIZE":0.6,"TEXT_ANGLE":2.7860519036054439},"geometry":{"type":"Point","coordinates":[614764.379095,9762724.6153571,0.0]}},
{"type":"Feature","properties":{"Contents":"16","TEXTSTRING":"16","TEXT_SIZE":0.6,"TEXT_ANGLE":2.7860519036054439},"geometry":{"type":"Point","coordinates":[614763.4561586,9762721.876433,0.0]}},
{"type":"Feature","properties":{"Contents":"15","TEXTSTRING":"15","TEXT_SIZE":0.6,"TEXT_ANGLE":2.7860519036054439},"geometry":{"type":"Point","coordinates":[614762.5321619,9762719.1566136,0.0]}},
{"type":"Feature","properties":{"Contents":"14","TEXTSTRING":"14","TEXT_SIZE":0.6,"TEXT_ANGLE":2.7860519036054439},"geometry":{"type":"Point","coordinates":[614761.8090718,9762716.3687032,0.0]}},
{"type":"Feature","properties":{"Contents":"13","TEXTSTRING":"13","TEXT_SIZE":0.6,"TEXT_ANGLE":2.7860519036054439},"geometry":{"type":"Point","coordinates":[614760.7834297,9762713.748407,0.0]}},
{"type":"Feature","properties":{"Contents":"12","TEXTSTRING":"12","TEXT_SIZE":0.6,"TEXT_ANGLE":2.7860519036054439},"geometry":{"type":"Point","coordinates":[614759.8424166,9762710.8961774,0.0]}},
{"type":"Feature","properties":{"Contents":"13","TEXTSTRING":"13","TEXT_SIZE":0.6,"TEXT_ANGLE":2.7860519036054439},"geometry":{"type":"Point","coordinates":[614735.0553161,9762739.2595028,0.0]}},
{"type":"Feature","properties":{"Contents":"15","TEXTSTRING":"15","TEXT_SIZE":0.6,"TEXT_ANGLE":2.7860519036054439},"geometry":{"type":"Point","coordinates":[614737.6641629,9762743.1387787,0.0]}},
{"type":"Feature","properties":{"Contents":"14","TEXTSTRING":"14","TEXT_SIZE":0.6,"TEXT_ANGLE":2.7860519036054439},"geometry":{"type":"Point","coordinates":[614736.4055054,9762741.1563963,0.0]}},
{"type":"Feature","properties":{"Contents":"16","TEXTSTRING":"16","TEXT_SIZE":0.6,"TEXT_ANGLE":2.7860519036054439},"geometry":{"type":"Point","coordinates":[614739.0463375,9762745.1360094,0.0]}},
{"type":"Feature","properties":{"Contents":"17","TEXTSTRING":"17","TEXT_SIZE":0.6,"TEXT_ANGLE":2.7860519036054439},"geometry":{"type":"Point","coordinates":[614740.3300421,9762747.1555582,0.0]}},
{"type":"Feature","properties":{"Contents":"18","TEXTSTRING":"18","TEXT_SIZE":0.6,"TEXT_ANGLE":2.7860519036054439},"geometry":{"type":"Point","coordinates":[614741.5794888,9762749.0178598,0.0]}},
{"type":"Feature","properties":{"Contents":"19","TEXTSTRING":"19","TEXT_SIZE":0.6,"TEXT_ANGLE":2.7860519036054439},"geometry":{"type":"Point","coordinates":[614743.2269446,9762751.0353339,0.0]}},
{"type":"Feature","properties":{"Contents":"7","TEXTSTRING":"7","TEXT_SIZE":0.6,"TEXT_ANGLE":2.7860519036054439},"geometry":{"type":"Point","coordinates":[614777.0950772,9762732.1000277,0.0]}},
{"type":"Feature","properties":{"Contents":"6","TEXTSTRING":"6","TEXT_SIZE":0.6,"TEXT_ANGLE":2.7860519036054439},"geometry":{"type":"Point","coordinates":[614779.4397537,9762731.3847247,0.0]}},
{"type":"Feature","properties":{"Contents":"5","TEXTSTRING":"5","TEXT_SIZE":0.6,"TEXT_ANGLE":2.7860519036054439},"geometry":{"type":"Point","coordinates":[614781.6363332,9762730.7680882,0.0]}},
{"type":"Feature","properties":{"Contents":"4","TEXTSTRING":"4","TEXT_SIZE":0.6,"TEXT_ANGLE":2.7860519036054439},"geometry":{"type":"Point","coordinates":[614783.9266946,9762730.2528832,0.0]}},
{"type":"Feature","properties":{"Contents":"3","TEXTSTRING":"3","TEXT_SIZE":0.6,"TEXT_ANGLE":2.7860519036054439},"geometry":{"type":"Point","coordinates":[614786.2184308,9762729.6714627,0.0]}},
{"type":"Feature","properties":{"Contents":"2","TEXTSTRING":"2","TEXT_SIZE":0.6,"TEXT_ANGLE":2.7860519036054439},"geometry":{"type":"Point","coordinates":[614788.5351669,9762729.2020243,0.0]}},
{"type":"Feature","properties":{"Contents":"1","TEXTSTRING":"1","TEXT_SIZE":0.6,"TEXT_ANGLE":2.7860519036054439},"geometry":{"type":"Point","coordinates":[614790.9591572,9762728.6804702,0.0]}},
{"type":"Feature","properties":{"Contents":"5","TEXTSTRING":"5","TEXT_SIZE":0.6,"TEXT_ANGLE":2.7860519036054439},"geometry":{"type":"Point","coordinates":[614755.525239,9762658.0297723,0.0]}},
{"type":"Feature","properties":{"Contents":"5","TEXTSTRING":"5","TEXT_SIZE":0.6,"TEXT_ANGLE":2.7860519036054439},"geometry":{"type":"Point","coordinates":[614745.89908,9762670.6814633,0.0]}},
{"type":"Feature","properties":{"Contents":"4","TEXTSTRING":"4","TEXT_SIZE":0.6,"TEXT_ANGLE":2.7860519036054439},"geometry":{"type":"Point","coordinates":[614760.9402107,9762645.4470116,0.0]}},
{"type":"Feature","properties":{"Contents":"2","TEXTSTRING":"2","TEXT_SIZE":0.6,"TEXT_ANGLE":2.7860519036054439},"geometry":{"type":"Point","coordinates":[615996.1594712,9761968.0710628,0.0]}},
{"type":"Feature","properties":{"Contents":"3","TEXTSTRING":"3","TEXT_SIZE":0.6,"TEXT_ANGLE":2.7860519036054439},"geometry":{"type":"Point","coordinates":[615996.9461312,9761965.8328173,0.0]}},
{"type":"Feature","properties":{"Contents":"4","TEXTSTRING":"4","TEXT_SIZE":0.6,"TEXT_ANGLE":2.7860519036054439},"geometry":{"type":"Point","coordinates":[615997.6188393,9761963.5693824,0.0]}},
{"type":"Feature","properties":{"Contents":"5","TEXTSTRING":"5","TEXT_SIZE":0.6,"TEXT_ANGLE":2.7860519036054439},"geometry":{"type":"Point","coordinates":[615998.1355987,9761961.3911697,0.0]}},
{"type":"Feature","properties":{"Contents":"6","TEXTSTRING":"6","TEXT_SIZE":0.6,"TEXT_ANGLE":2.7860519036054439},"geometry":{"type":"Point","coordinates":[615999.102615,9761958.9419905,0.0]}},
{"type":"Feature","properties":{"Contents":"7","TEXTSTRING":"7","TEXT_SIZE":0.6,"TEXT_ANGLE":2.7860519036054439},"geometry":{"type":"Point","coordinates":[615999.7025813,9761956.7767937,0.0]}},
{"type":"Feature","properties":{"Contents":"8","TEXTSTRING":"8","TEXT_SIZE":0.6,"TEXT_ANGLE":2.7860519036054439},"geometry":{"type":"Point","coordinates":[616000.5040118,9761954.4098296,0.0]}},
{"type":"Feature","properties":{"Contents":"10","TEXTSTRING":"10","TEXT_SIZE":0.6,"TEXT_ANGLE":2.7860519036054439},"geometry":{"type":"Point","coordinates":[615990.2250243,9761966.2733932,0.0]}},
{"type":"Feature","properties":{"Contents":"1","TEXTSTRING":"1","TEXT_SIZE":0.6,"TEXT_ANGLE":2.7860519036054439},"geometry":{"type":"Point","coordinates":[615996.9240661,9761970.7353751,64.9598571]}},
{"type":"Feature","properties":{"Contents":"9","TEXTSTRING":"9","TEXT_SIZE":0.6,"TEXT_ANGLE":2.7860519036054439},"geometry":{"type":"Point","coordinates":[615988.0566611,9761967.7733721,0.0]}},
{"type":"Feature","properties":{"Contents":"11","TEXTSTRING":"11","TEXT_SIZE":0.6,"TEXT_ANGLE":2.7860519036054439},"geometry":{"type":"Point","coordinates":[615990.9614214,9761963.9227688,0.0]}},
{"type":"Feature","properties":{"Contents":"12","TEXTSTRING":"12","TEXT_SIZE":0.6,"TEXT_ANGLE":2.7860519036054439},"geometry":{"type":"Point","coordinates":[615991.7349783,9761961.6419526,0.0]}},
{"type":"Feature","properties":{"Contents":"13","TEXTSTRING":"13","TEXT_SIZE":0.6,"TEXT_ANGLE":2.7860519036054439},"geometry":{"type":"Point","coordinates":[615992.4471784,9761959.3805489,0.0]}},
{"type":"Feature","properties":{"Contents":"14","TEXTSTRING":"14","TEXT_SIZE":0.6,"TEXT_ANGLE":2.7860519036054439},"geometry":{"type":"Point","coordinates":[615993.2106021,9761957.0299369,0.0]}},
{"type":"Feature","properties":{"Contents":"15","TEXTSTRING":"15","TEXT_SIZE":0.6,"TEXT_ANGLE":2.7860519036054439},"geometry":{"type":"Point","coordinates":[615994.073354,9761954.9722243,0.0]}},
{"type":"Feature","properties":{"Contents":"16","TEXTSTRING":"16","TEXT_SIZE":0.6,"TEXT_ANGLE":2.7860519036054439},"geometry":{"type":"Point","coordinates":[615994.8132434,9761952.5841961,0.0]}},
{"type":"Feature","properties":{"Contents":"01","TEXTSTRING":"01","TEXT_SIZE":0.6,"TEXT_ANGLE":2.7860519036054439},"geometry":{"type":"Point","coordinates":[615979.774244,9761959.4469302,0.0]}},
{"type":"Feature","properties":{"Contents":"02","TEXTSTRING":"02","TEXT_SIZE":0.6,"TEXT_ANGLE":2.7860519036054439},"geometry":{"type":"Point","coordinates":[615979.183098,9761956.6731601,0.0]}},
{"type":"Feature","properties":{"Contents":"03","TEXTSTRING":"03","TEXT_SIZE":0.6,"TEXT_ANGLE":2.7860519036054439},"geometry":{"type":"Point","coordinates":[615978.2152361,9761953.6604853,0.0]}},
{"type":"Feature","properties":{"Contents":"04","TEXTSTRING":"04","TEXT_SIZE":0.6,"TEXT_ANGLE":2.7860519036054439},"geometry":{"type":"Point","coordinates":[615977.4694461,9761950.7278701,0.0]}},
{"type":"Feature","properties":{"Contents":"05","TEXTSTRING":"05","TEXT_SIZE":0.6,"TEXT_ANGLE":2.7860519036054439},"geometry":{"type":"Point","coordinates":[615976.8859814,9761948.085309,0.0]}},
{"type":"Feature","properties":{"Contents":"06","TEXTSTRING":"06","TEXT_SIZE":0.6,"TEXT_ANGLE":2.7860519036054439},"geometry":{"type":"Point","coordinates":[615976.02867,9761944.9901166,0.0]}},
{"type":"Feature","properties":{"Contents":"07","TEXTSTRING":"07","TEXT_SIZE":0.6,"TEXT_ANGLE":2.7860519036054439},"geometry":{"type":"Point","coordinates":[615976.39957,9761942.2458107,0.0]}},
{"type":"Feature","properties":{"Contents":"1","TEXTSTRING":"1","TEXT_SIZE":0.6,"TEXT_ANGLE":2.7860519036054439},"geometry":{"type":"Point","coordinates":[616168.671094,9762173.7362795,0.0]}},
{"type":"Feature","properties":{"Contents":"2","TEXTSTRING":"2","TEXT_SIZE":0.6,"TEXT_ANGLE":2.7860519036054439},"geometry":{"type":"Point","coordinates":[616171.2898332,9762173.9891332,0.0]}},
{"type":"Feature","properties":{"Contents":"3","TEXTSTRING":"3","TEXT_SIZE":0.6,"TEXT_ANGLE":2.7860519036054439},"geometry":{"type":"Point","coordinates":[616174.1833241,9762173.9529081,0.0]}},
{"type":"Feature","properties":{"Contents":"4","TEXTSTRING":"4","TEXT_SIZE":0.6,"TEXT_ANGLE":2.7860519036054439},"geometry":{"type":"Point","coordinates":[616177.0626084,9762173.960129,0.0]}},
{"type":"Feature","properties":{"Contents":"5","TEXTSTRING":"5","TEXT_SIZE":0.6,"TEXT_ANGLE":2.7860519036054439},"geometry":{"type":"Point","coordinates":[616180.0491129,9762173.8228106,0.0]}},
{"type":"Feature","properties":{"Contents":"6","TEXTSTRING":"6","TEXT_SIZE":0.6,"TEXT_ANGLE":2.7860519036054439},"geometry":{"type":"Point","coordinates":[616183.0809179,9762173.8734776,0.0]}},
{"type":"Feature","properties":{"Contents":"7","TEXTSTRING":"7","TEXT_SIZE":0.6,"TEXT_ANGLE":2.7860519036054439},"geometry":{"type":"Point","coordinates":[616185.735844,9762173.8734776,0.0]}},
{"type":"Feature","properties":{"Contents":"8","TEXTSTRING":"8","TEXT_SIZE":0.6,"TEXT_ANGLE":2.7860519036054439},"geometry":{"type":"Point","coordinates":[616188.39077,9762173.8734776,0.0]}},
{"type":"Feature","properties":{"Contents":"9","TEXTSTRING":"9","TEXT_SIZE":0.6,"TEXT_ANGLE":2.7860519036054439},"geometry":{"type":"Point","coordinates":[616191.4761851,9762173.8850311,0.0]}},
{"type":"Feature","properties":{"Contents":"10","TEXTSTRING":"10","TEXT_SIZE":0.6,"TEXT_ANGLE":2.7860519036054439},"geometry":{"type":"Point","coordinates":[616194.114492,9762173.8297908,0.0]}},
{"type":"Feature","properties":{"Contents":"11","TEXTSTRING":"11","TEXT_SIZE":0.6,"TEXT_ANGLE":2.7860519036054439},"geometry":{"type":"Point","coordinates":[616196.9996938,9762173.818117,0.0]}},
{"type":"Feature","properties":{"Contents":"12","TEXTSTRING":"12","TEXT_SIZE":0.6,"TEXT_ANGLE":2.7860519036054439},"geometry":{"type":"Point","coordinates":[616199.8898473,9762173.818117,0.0]}},
{"type":"Feature","properties":{"Contents":"13","TEXTSTRING":"13","TEXT_SIZE":0.6,"TEXT_ANGLE":2.7860519036054439},"geometry":{"type":"Point","coordinates":[616202.733092,9762173.8881602,0.0]}},
{"type":"Feature","properties":{"Contents":"14","TEXTSTRING":"14","TEXT_SIZE":0.6,"TEXT_ANGLE":2.7860519036054439},"geometry":{"type":"Point","coordinates":[616205.5763366,9762173.9580831,0.0]}},
{"type":"Feature","properties":{"Contents":"15","TEXTSTRING":"15","TEXT_SIZE":0.6,"TEXT_ANGLE":2.7860519036054439},"geometry":{"type":"Point","coordinates":[616208.4898105,9762173.8985102,0.0]}},
{"type":"Feature","properties":{"Contents":"16","TEXTSTRING":"16","TEXT_SIZE":0.6,"TEXT_ANGLE":2.7860519036054439},"geometry":{"type":"Point","coordinates":[616211.2131926,9762173.8254583,0.0]}},
{"type":"Feature","properties":{"Contents":"17","TEXTSTRING":"17","TEXT_SIZE":0.6,"TEXT_ANGLE":2.7860519036054439},"geometry":{"type":"Point","coordinates":[616214.3383659,9762173.7804477,0.0]}},
{"type":"Feature","properties":{"Contents":"18","TEXTSTRING":"18","TEXT_SIZE":0.6,"TEXT_ANGLE":2.7860519036054439},"geometry":{"type":"Point","coordinates":[616217.2134286,9762173.5564778,0.0]}},
{"type":"Feature","properties":{"Contents":"19","TEXTSTRING":"19","TEXT_SIZE":0.6,"TEXT_ANGLE":2.7860519036054439},"geometry":{"type":"Point","coordinates":[616219.8124353,9762173.5564778,0.0]}},
{"type":"Feature","properties":{"Contents":"20","TEXTSTRING":"20","TEXT_SIZE":0.6,"TEXT_ANGLE":2.7860519036054439},"geometry":{"type":"Point","coordinates":[616222.5955762,9762173.5448039,0.0]}},
{"type":"Feature","properties":{"Contents":"21","TEXTSTRING":"21","TEXT_SIZE":0.6,"TEXT_ANGLE":2.7860519036054439},"geometry":{"type":"Point","coordinates":[616225.9820792,9762173.4262599,0.0]}},
{"type":"Feature","properties":{"Contents":"22","TEXTSTRING":"22","TEXT_SIZE":0.6,"TEXT_ANGLE":2.7860519036054439},"geometry":{"type":"Point","coordinates":[616228.5840344,9762173.6542013,0.0]}},
{"type":"Feature","properties":{"Contents":"23","TEXTSTRING":"23","TEXT_SIZE":0.6,"TEXT_ANGLE":2.7860519036054439},"geometry":{"type":"Point","coordinates":[616231.7839939,9762173.6619037,0.0]}},
{"type":"Feature","properties":{"Contents":"2","TEXTSTRING":"2","TEXT_SIZE":0.6,"TEXT_ANGLE":2.7860519036054439},"geometry":{"type":"Point","coordinates":[616255.7140533,9762171.9868354,0.0]}},
{"type":"Feature","properties":{"Contents":"3","TEXTSTRING":"3","TEXT_SIZE":0.6,"TEXT_ANGLE":2.7860519036054439},"geometry":{"type":"Point","coordinates":[616258.5567989,9762172.041474,0.0]}},
{"type":"Feature","properties":{"Contents":"4","TEXTSTRING":"4","TEXT_SIZE":0.6,"TEXT_ANGLE":2.7860519036054439},"geometry":{"type":"Point","coordinates":[616261.1501905,9762172.1602174,0.0]}},
{"type":"Feature","properties":{"Contents":"5","TEXTSTRING":"5","TEXT_SIZE":0.6,"TEXT_ANGLE":2.7860519036054439},"geometry":{"type":"Point","coordinates":[616264.0293906,9762172.1783902,0.0]}},
{"type":"Feature","properties":{"Contents":"6","TEXTSTRING":"6","TEXT_SIZE":0.6,"TEXT_ANGLE":2.7860519036054439},"geometry":{"type":"Point","coordinates":[616267.074911,9762172.2773614,0.0]}},
{"type":"Feature","properties":{"Contents":"7","TEXTSTRING":"7","TEXT_SIZE":0.6,"TEXT_ANGLE":2.7860519036054439},"geometry":{"type":"Point","coordinates":[616269.8679906,9762172.3596542,0.0]}},
{"type":"Feature","properties":{"Contents":"8","TEXTSTRING":"8","TEXT_SIZE":0.6,"TEXT_ANGLE":2.7860519036054439},"geometry":{"type":"Point","coordinates":[616272.6527452,9762172.3989569,0.0]}},
{"type":"Feature","properties":{"Contents":"9","TEXTSTRING":"9","TEXT_SIZE":0.6,"TEXT_ANGLE":2.7860519036054439},"geometry":{"type":"Point","coordinates":[616275.5254554,9762172.3763312,0.0]}},
{"type":"Feature","properties":{"Contents":"10","TEXTSTRING":"10","TEXT_SIZE":0.6,"TEXT_ANGLE":2.7860519036054439},"geometry":{"type":"Point","coordinates":[616278.2453655,9762172.3451086,0.0]}},
{"type":"Feature","properties":{"Contents":"11","TEXTSTRING":"11","TEXT_SIZE":0.6,"TEXT_ANGLE":2.7860519036054439},"geometry":{"type":"Point","coordinates":[616280.8737339,9762172.3250647,0.0]}},
{"type":"Feature","properties":{"Contents":"12","TEXTSTRING":"12","TEXT_SIZE":0.6,"TEXT_ANGLE":2.7860519036054439},"geometry":{"type":"Point","coordinates":[616283.7403096,9762172.5,0.0]}},
{"type":"Feature","properties":{"Contents":"13","TEXTSTRING":"13","TEXT_SIZE":0.6,"TEXT_ANGLE":2.7860519036054439},"geometry":{"type":"Point","coordinates":[616286.2713704,9762172.4094966,0.0]}},
{"type":"Feature","properties":{"Contents":"14","TEXTSTRING":"14","TEXT_SIZE":0.6,"TEXT_ANGLE":2.7860519036054439},"geometry":{"type":"Point","coordinates":[616289.3667301,9762172.4008817,0.0]}},
{"type":"Feature","properties":{"Contents":"15","TEXTSTRING":"15","TEXT_SIZE":0.6,"TEXT_ANGLE":2.7860519036054439},"geometry":{"type":"Point","coordinates":[616292.4756759,9762172.3922291,0.0]}},
{"type":"Feature","properties":{"Contents":"16","TEXTSTRING":"16","TEXT_SIZE":0.6,"TEXT_ANGLE":2.7860519036054439},"geometry":{"type":"Point","coordinates":[616295.5431191,9762172.3836919,0.0]}},
{"type":"Feature","properties":{"Contents":"17","TEXTSTRING":"17","TEXT_SIZE":0.6,"TEXT_ANGLE":2.7860519036054439},"geometry":{"type":"Point","coordinates":[616298.2071127,9762172.3762776,0.0]}},
{"type":"Feature","properties":{"Contents":"1","TEXTSTRING":"1","TEXT_SIZE":0.6,"TEXT_ANGLE":2.7860519036054439},"geometry":{"type":"Point","coordinates":[616252.7305536,9762172.1017636,0.0]}},
{"type":"Feature","properties":{"Contents":"1","TEXTSTRING":"1","TEXT_SIZE":0.6,"TEXT_ANGLE":2.7860519036054439},"geometry":{"type":"Point","coordinates":[616272.6865433,9762131.6788499,0.0]}},
{"type":"Feature","properties":{"Contents":"2","TEXTSTRING":"2","TEXT_SIZE":0.6,"TEXT_ANGLE":2.7860519036054439},"geometry":{"type":"Point","coordinates":[616274.9469116,9762131.6788499,0.0]}},
{"type":"Feature","properties":{"Contents":"3","TEXTSTRING":"3","TEXT_SIZE":0.6,"TEXT_ANGLE":2.7860519036054439},"geometry":{"type":"Point","coordinates":[616296.8006209,9762131.7266925,0.0]}},
{"type":"Feature","properties":{"Contents":"4","TEXTSTRING":"4","TEXT_SIZE":0.6,"TEXT_ANGLE":2.7860519036054439},"geometry":{"type":"Point","coordinates":[616298.9899461,9762131.7038261,0.0]}},
{"type":"Feature","properties":{"Contents":"5","TEXTSTRING":"5","TEXT_SIZE":0.6,"TEXT_ANGLE":2.7860519036054439},"geometry":{"type":"Point","coordinates":[616301.3618234,9762131.7954119,0.0]}},
{"type":"Feature","properties":{"Contents":"6","TEXTSTRING":"6","TEXT_SIZE":0.6,"TEXT_ANGLE":2.7860519036054439},"geometry":{"type":"Point","coordinates":[616303.8433546,9762131.7496792,0.0]}},
{"type":"Feature","properties":{"Contents":"7","TEXTSTRING":"7","TEXT_SIZE":0.6,"TEXT_ANGLE":2.7860519036054439},"geometry":{"type":"Point","coordinates":[616306.2390786,9762131.7266925,0.0]}},
{"type":"Feature","properties":{"Contents":"8","TEXTSTRING":"8","TEXT_SIZE":0.6,"TEXT_ANGLE":2.7860519036054439},"geometry":{"type":"Point","coordinates":[616308.5757939,9762131.7955322,0.0]}},
{"type":"Feature","properties":{"Contents":"9","TEXTSTRING":"9","TEXT_SIZE":0.6,"TEXT_ANGLE":2.7860519036054439},"geometry":{"type":"Point","coordinates":[616310.9777615,9762131.6807191,0.0]}},
{"type":"Feature","properties":{"Contents":"10","TEXTSTRING":"10","TEXT_SIZE":0.6,"TEXT_ANGLE":2.7860519036054439},"geometry":{"type":"Point","coordinates":[616313.1760741,9762130.871398,0.0]}},
{"type":"Feature","properties":{"Contents":"11","TEXTSTRING":"11","TEXT_SIZE":0.6,"TEXT_ANGLE":2.7860519036054439},"geometry":{"type":"Point","coordinates":[616296.3447407,9762124.4642246,0.0]}},
{"type":"Feature","properties":{"Contents":"12","TEXTSTRING":"12","TEXT_SIZE":0.6,"TEXT_ANGLE":2.7860519036054439},"geometry":{"type":"Point","coordinates":[616298.7270404,9762125.3414407,0.0]}},
{"type":"Feature","properties":{"Contents":"13","TEXTSTRING":"13","TEXT_SIZE":0.6,"TEXT_ANGLE":2.7860519036054439},"geometry":{"type":"Point","coordinates":[616301.1625473,9762125.3437274,0.0]}},
{"type":"Feature","properties":{"Contents":"25","TEXTSTRING":"25","TEXT_SIZE":0.6,"TEXT_ANGLE":2.7860519036054439},"geometry":{"type":"Point","coordinates":[616344.8235761,9762122.0485531,0.0]}},
{"type":"Feature","properties":{"Contents":"24","TEXTSTRING":"24","TEXT_SIZE":0.6,"TEXT_ANGLE":2.7860519036054439},"geometry":{"type":"Point","coordinates":[616340.069592,9762121.9466856,0.0]}},
{"type":"Feature","properties":{"Contents":"23","TEXTSTRING":"23","TEXT_SIZE":0.6,"TEXT_ANGLE":2.7860519036054439},"geometry":{"type":"Point","coordinates":[616335.0324885,9762122.0382714,0.0]}},
{"type":"Feature","properties":{"Contents":"22","TEXTSTRING":"22","TEXT_SIZE":0.6,"TEXT_ANGLE":2.7860519036054439},"geometry":{"type":"Point","coordinates":[616330.2055394,9762121.9902679,0.0]}},
{"type":"Feature","properties":{"Contents":"21","TEXTSTRING":"21","TEXT_SIZE":0.6,"TEXT_ANGLE":2.7860519036054439},"geometry":{"type":"Point","coordinates":[616325.2212276,9762121.9910945,0.0]}},
{"type":"Feature","properties":{"Contents":"20","TEXTSTRING":"20","TEXT_SIZE":0.6,"TEXT_ANGLE":2.7860519036054439},"geometry":{"type":"Point","coordinates":[616320.321902,9762121.9966305,0.0]}},
{"type":"Feature","properties":{"Contents":"19","TEXTSTRING":"19","TEXT_SIZE":0.6,"TEXT_ANGLE":2.7860519036054439},"geometry":{"type":"Point","coordinates":[616315.488424,9762125.4059377,0.0]}},
{"type":"Feature","properties":{"Contents":"18","TEXTSTRING":"18","TEXT_SIZE":0.6,"TEXT_ANGLE":2.7860519036054439},"geometry":{"type":"Point","coordinates":[616313.1288581,9762125.3810356,0.0]}},
{"type":"Feature","properties":{"Contents":"17","TEXTSTRING":"17","TEXT_SIZE":0.6,"TEXT_ANGLE":2.7860519036054439},"geometry":{"type":"Point","coordinates":[616310.6737835,9762125.3574472,0.0]}},
{"type":"Feature","properties":{"Contents":"16","TEXTSTRING":"16","TEXT_SIZE":0.6,"TEXT_ANGLE":2.7860519036054439},"geometry":{"type":"Point","coordinates":[616308.5119874,9762125.3776479,0.0]}},
{"type":"Feature","properties":{"Contents":"15","TEXTSTRING":"15","TEXT_SIZE":0.6,"TEXT_ANGLE":2.7860519036054439},"geometry":{"type":"Point","coordinates":[616305.9248471,9762125.4577533,0.0]}},
{"type":"Feature","properties":{"Contents":"14","TEXTSTRING":"14","TEXT_SIZE":0.6,"TEXT_ANGLE":2.7860519036054439},"geometry":{"type":"Point","coordinates":[616303.596982,9762125.4236392,0.0]}},
{"type":"Feature","properties":{"Contents":"1","TEXTSTRING":"1","TEXT_SIZE":0.6,"TEXT_ANGLE":1.902236154131506},"geometry":{"type":"Point","coordinates":[615810.046835,9762586.5352952,0.0]}},
{"type":"Feature","properties":{"Contents":"2","TEXTSTRING":"2","TEXT_SIZE":0.6,"TEXT_ANGLE":1.902236154131506},"geometry":{"type":"Point","coordinates":[615810.542885,9762588.9859177,0.0]}},
{"type":"Feature","properties":{"Contents":"3","TEXTSTRING":"3","TEXT_SIZE":0.6,"TEXT_ANGLE":1.902236154131506},"geometry":{"type":"Point","coordinates":[615811.1956085,9762591.2087814,0.0]}},
{"type":"Feature","properties":{"Contents":"4","TEXTSTRING":"4","TEXT_SIZE":0.6,"TEXT_ANGLE":1.902236154131506},"geometry":{"type":"Point","coordinates":[615811.7059052,9762593.5597571,0.0]}},
{"type":"Feature","properties":{"Contents":"5","TEXTSTRING":"5","TEXT_SIZE":0.6,"TEXT_ANGLE":1.902236154131506},"geometry":{"type":"Point","coordinates":[615812.2167702,9762595.9522827,0.0]}},
{"type":"Feature","properties":{"Contents":"6","TEXTSTRING":"6","TEXT_SIZE":0.6,"TEXT_ANGLE":1.902236154131506},"geometry":{"type":"Point","coordinates":[615812.7128202,9762598.3172542,0.0]}},
{"type":"Feature","properties":{"Contents":"8","TEXTSTRING":"8","TEXT_SIZE":0.6,"TEXT_ANGLE":1.902236154131506},"geometry":{"type":"Point","coordinates":[615815.5897515,9762574.261583,0.0]}},
{"type":"Feature","properties":{"Contents":"7","TEXTSTRING":"7","TEXT_SIZE":0.6,"TEXT_ANGLE":1.902236154131506},"geometry":{"type":"Point","coordinates":[615818.0889906,9762574.0975523,0.0]}},
{"type":"Feature","properties":{"Contents":"6","TEXTSTRING":"6","TEXT_SIZE":0.6,"TEXT_ANGLE":1.902236154131506},"geometry":{"type":"Point","coordinates":[615820.5897515,9762574.0989161,0.0]}},
{"type":"Feature","properties":{"Contents":"5","TEXTSTRING":"5","TEXT_SIZE":0.6,"TEXT_ANGLE":1.902236154131506},"geometry":{"type":"Point","coordinates":[615823.0897515,9762574.0989161,0.0]}},
{"type":"Feature","properties":{"Contents":"4","TEXTSTRING":"4","TEXT_SIZE":0.6,"TEXT_ANGLE":1.902236154131506},"geometry":{"type":"Point","coordinates":[615825.402758,9762574.328146,0.0]}},
{"type":"Feature","properties":{"Contents":"3","TEXTSTRING":"3","TEXT_SIZE":0.6,"TEXT_ANGLE":1.902236154131506},"geometry":{"type":"Point","coordinates":[615828.0363364,9762574.7684105,0.0]}},
{"type":"Feature","properties":{"Contents":"2","TEXTSTRING":"2","TEXT_SIZE":0.6,"TEXT_ANGLE":1.902236154131506},"geometry":{"type":"Point","coordinates":[615830.4549687,9762575.4704175,0.0]}},
{"type":"Feature","properties":{"Contents":"1","TEXTSTRING":"1","TEXT_SIZE":0.6,"TEXT_ANGLE":1.902236154131506},"geometry":{"type":"Point","coordinates":[615832.6097062,9762576.0233542,0.0]}},
{"type":"Feature","properties":{"Contents":"1","TEXTSTRING":"1","TEXT_SIZE":0.6,"TEXT_ANGLE":1.902236154131506},"geometry":{"type":"Point","coordinates":[615736.3647857,9762664.1793938,0.0]}},
{"type":"Feature","properties":{"Contents":"2","TEXTSTRING":"2","TEXT_SIZE":0.6,"TEXT_ANGLE":1.902236154131506},"geometry":{"type":"Point","coordinates":[615734.4056655,9762665.4438737,0.0]}},
{"type":"Feature","properties":{"Contents":"3","TEXTSTRING":"3","TEXT_SIZE":0.6,"TEXT_ANGLE":1.902236154131506},"geometry":{"type":"Point","coordinates":[615732.4314462,9762666.9192557,0.0]}},
{"type":"Feature","properties":{"Contents":"4","TEXTSTRING":"4","TEXT_SIZE":0.6,"TEXT_ANGLE":1.902236154131506},"geometry":{"type":"Point","coordinates":[615730.5929158,9762668.3042849,0.0]}},
{"type":"Feature","properties":{"Contents":"5","TEXTSTRING":"5","TEXT_SIZE":0.6,"TEXT_ANGLE":1.902236154131506},"geometry":{"type":"Point","coordinates":[615728.8297591,9762669.7947196,0.0]}},
{"type":"Feature","properties":{"Contents":"6","TEXTSTRING":"6","TEXT_SIZE":0.6,"TEXT_ANGLE":1.902236154131506},"geometry":{"type":"Point","coordinates":[615727.4435117,9762671.8727021,0.0]}},
{"type":"Feature","properties":{"Contents":"7","TEXTSTRING":"7","TEXT_SIZE":0.6,"TEXT_ANGLE":1.902236154131506},"geometry":{"type":"Point","coordinates":[615725.5723478,9762673.5026203,0.0]}},
{"type":"Feature","properties":{"Contents":"8","TEXTSTRING":"8","TEXT_SIZE":0.6,"TEXT_ANGLE":1.902236154131506},"geometry":{"type":"Point","coordinates":[615723.6886013,9762675.1738516,0.0]}},
{"type":"Feature","properties":{"Contents":"9","TEXTSTRING":"9","TEXT_SIZE":0.6,"TEXT_ANGLE":1.902236154131506},"geometry":{"type":"Point","coordinates":[615721.8048548,9762676.8450828,0.0]}},
{"type":"Feature","properties":{"Contents":"02","TEXTSTRING":"02","TEXT_SIZE":0.6,"TEXT_ANGLE":2.7860519036054439},"geometry":{"type":"Point","coordinates":[615832.7809399,9762121.7463124,0.0]}},
{"type":"Feature","properties":{"Contents":"03","TEXTSTRING":"03","TEXT_SIZE":0.6,"TEXT_ANGLE":2.7860519036054439},"geometry":{"type":"Point","coordinates":[615835.1658706,9762124.108552,0.0]}},
{"type":"Feature","properties":{"Contents":"04","TEXTSTRING":"04","TEXT_SIZE":0.6,"TEXT_ANGLE":2.7860519036054439},"geometry":{"type":"Point","coordinates":[615837.5508014,9762126.4707915,0.0]}},
{"type":"Feature","properties":{"Contents":"05","TEXTSTRING":"05","TEXT_SIZE":0.6,"TEXT_ANGLE":2.7860519036054439},"geometry":{"type":"Point","coordinates":[615839.9357321,9762128.8330311,0.0]}},
{"type":"Feature","properties":{"Contents":"06","TEXTSTRING":"06","TEXT_SIZE":0.6,"TEXT_ANGLE":2.7860519036054439},"geometry":{"type":"Point","coordinates":[615842.3206628,9762131.1952707,0.0]}},
{"type":"Feature","properties":{"Contents":"07","TEXTSTRING":"07","TEXT_SIZE":0.6,"TEXT_ANGLE":2.7860519036054439},"geometry":{"type":"Point","coordinates":[615844.7055936,9762133.5575103,0.0]}},
{"type":"Feature","properties":{"Contents":"08","TEXTSTRING":"08","TEXT_SIZE":0.6,"TEXT_ANGLE":2.7860519036054439},"geometry":{"type":"Point","coordinates":[615847.0905243,9762135.9197499,0.0]}},
{"type":"Feature","properties":{"Contents":"09","TEXTSTRING":"09","TEXT_SIZE":0.6,"TEXT_ANGLE":2.7860519036054439},"geometry":{"type":"Point","coordinates":[615849.475455,9762138.2819895,0.0]}},
{"type":"Feature","properties":{"Contents":"10","TEXTSTRING":"10","TEXT_SIZE":0.6,"TEXT_ANGLE":2.7860519036054439},"geometry":{"type":"Point","coordinates":[615851.8603858,9762140.6442291,0.0]}},
{"type":"Feature","properties":{"Contents":"11","TEXTSTRING":"11","TEXT_SIZE":0.6,"TEXT_ANGLE":2.7860519036054439},"geometry":{"type":"Point","coordinates":[615854.2453165,9762143.0064687,0.0]}},
{"type":"Feature","properties":{"Contents":"01","TEXTSTRING":"01","TEXT_SIZE":0.6,"TEXT_ANGLE":2.7860519036054439},"geometry":{"type":"Point","coordinates":[615841.7620703,9762115.1036944,0.0]}},
{"type":"Feature","properties":{"Contents":"02","TEXTSTRING":"02","TEXT_SIZE":0.6,"TEXT_ANGLE":2.7860519036054439},"geometry":{"type":"Point","coordinates":[615843.252316,9762113.2118804,0.0]}},
{"type":"Feature","properties":{"Contents":"03","TEXTSTRING":"03","TEXT_SIZE":0.6,"TEXT_ANGLE":2.7860519036054439},"geometry":{"type":"Point","coordinates":[615844.9356186,9762111.3505591,0.0]}},
{"type":"Feature","properties":{"Contents":"04","TEXTSTRING":"04","TEXT_SIZE":0.6,"TEXT_ANGLE":2.7860519036054439},"geometry":{"type":"Point","coordinates":[615846.886542,9762109.8677577,0.0]}},
{"type":"Feature","properties":{"Contents":"05","TEXTSTRING":"05","TEXT_SIZE":0.6,"TEXT_ANGLE":2.7860519036054439},"geometry":{"type":"Point","coordinates":[615848.584296,9762108.3592777,0.0]}},
{"type":"Feature","properties":{"Contents":"06","TEXTSTRING":"06","TEXT_SIZE":0.6,"TEXT_ANGLE":2.7860519036054439},"geometry":{"type":"Point","coordinates":[615850.221766,9762106.5815211,0.0]}},
{"type":"Feature","properties":{"Contents":"07","TEXTSTRING":"07","TEXT_SIZE":0.6,"TEXT_ANGLE":2.7860519036054439},"geometry":{"type":"Point","coordinates":[615851.7547581,9762104.8552687,0.0]}},
{"type":"Feature","properties":{"Contents":"08","TEXTSTRING":"08","TEXT_SIZE":0.6,"TEXT_ANGLE":2.7860519036054439},"geometry":{"type":"Point","coordinates":[615853.4705097,9762103.0552201,0.0]}},
{"type":"Feature","properties":{"Contents":"09","TEXTSTRING":"09","TEXT_SIZE":0.6,"TEXT_ANGLE":2.7860519036054439},"geometry":{"type":"Point","coordinates":[615856.3318347,9762099.5035428,0.0]}},
{"type":"Feature","properties":{"Contents":"10","TEXTSTRING":"10","TEXT_SIZE":0.6,"TEXT_ANGLE":2.7860519036054439},"geometry":{"type":"Point","coordinates":[615857.266694,9762097.1313695,0.0]}},
{"type":"Feature","properties":{"Contents":"11","TEXTSTRING":"11","TEXT_SIZE":0.6,"TEXT_ANGLE":2.7860519036054439},"geometry":{"type":"Point","coordinates":[615858.8516322,9762095.4158664,0.0]}},
{"type":"Feature","properties":{"Contents":"12","TEXTSTRING":"12","TEXT_SIZE":0.6,"TEXT_ANGLE":2.7860519036054439},"geometry":{"type":"Point","coordinates":[615860.6527174,9762093.7607682,0.0]}},
{"type":"Feature","properties":{"Contents":"13","TEXTSTRING":"13","TEXT_SIZE":0.6,"TEXT_ANGLE":2.7860519036054439},"geometry":{"type":"Point","coordinates":[615862.4289124,9762092.0436153,0.0]}},
{"type":"Feature","properties":{"Contents":"14","TEXTSTRING":"14","TEXT_SIZE":0.6,"TEXT_ANGLE":2.7860519036054439},"geometry":{"type":"Point","coordinates":[615864.0705294,9762090.2824558,0.0]}},
{"type":"Feature","properties":{"Contents":"15","TEXTSTRING":"15","TEXT_SIZE":0.6,"TEXT_ANGLE":2.7860519036054439},"geometry":{"type":"Point","coordinates":[615865.8493172,9762088.5550418,0.0]}},
{"type":"Feature","properties":{"Contents":"16","TEXTSTRING":"16","TEXT_SIZE":0.6,"TEXT_ANGLE":2.7860519036054439},"geometry":{"type":"Point","coordinates":[615867.465477,9762086.9326215,0.0]}},
{"type":"Feature","properties":{"Contents":"1","TEXTSTRING":"1","TEXT_SIZE":0.6,"TEXT_ANGLE":358.93244585159289},"geometry":{"type":"Point","coordinates":[616517.2354174,9762555.4672488,0.0]}},
{"type":"Feature","properties":{"Contents":"2","TEXTSTRING":"2","TEXT_SIZE":0.6,"TEXT_ANGLE":358.93244585159289},"geometry":{"type":"Point","coordinates":[616520.84363,9762557.3932806,0.0]}},
{"type":"Feature","properties":{"Contents":"3","TEXTSTRING":"3","TEXT_SIZE":0.6,"TEXT_ANGLE":358.93244585159289},"geometry":{"type":"Point","coordinates":[616523.039075,9762559.484008,0.0]}},
{"type":"Feature","properties":{"Contents":"4","TEXTSTRING":"4","TEXT_SIZE":0.6,"TEXT_ANGLE":358.93244585159289},"geometry":{"type":"Point","coordinates":[616525.2251278,9762561.5351117,0.0]}},
{"type":"Feature","properties":{"Contents":"5","TEXTSTRING":"5","TEXT_SIZE":0.6,"TEXT_ANGLE":358.93244585159289},"geometry":{"type":"Point","coordinates":[616527.4111806,9762563.5862154,0.0]}},
{"type":"Feature","properties":{"Contents":"6","TEXTSTRING":"6","TEXT_SIZE":0.6,"TEXT_ANGLE":358.93244585159289},"geometry":{"type":"Point","coordinates":[616529.5972335,9762565.6373191,0.0]}},
{"type":"Feature","properties":{"Contents":"7","TEXTSTRING":"7","TEXT_SIZE":0.6,"TEXT_ANGLE":358.93244585159289},"geometry":{"type":"Point","coordinates":[616531.8405619,9762567.6748466,0.0]}},
{"type":"Feature","properties":{"Contents":"8","TEXTSTRING":"8","TEXT_SIZE":0.6,"TEXT_ANGLE":358.93244585159289},"geometry":{"type":"Point","coordinates":[616530.028649,9762572.0099812,0.0]}},
{"type":"Feature","properties":{"Contents":"9","TEXTSTRING":"9","TEXT_SIZE":0.6,"TEXT_ANGLE":358.93244585159289},"geometry":{"type":"Point","coordinates":[616528.2241823,9762574.1030623,0.0]}},
{"type":"Feature","properties":{"Contents":"10","TEXTSTRING":"10","TEXT_SIZE":0.6,"TEXT_ANGLE":358.93244585159289},"geometry":{"type":"Point","coordinates":[616526.4197157,9762576.1961434,0.0]}},
{"type":"Feature","properties":{"Contents":"11","TEXTSTRING":"11","TEXT_SIZE":0.6,"TEXT_ANGLE":358.93244585159289},"geometry":{"type":"Point","coordinates":[616524.6152491,9762578.2892245,0.0]}},
{"type":"Feature","properties":{"Contents":"12","TEXTSTRING":"12","TEXT_SIZE":0.6,"TEXT_ANGLE":358.93244585159289},"geometry":{"type":"Point","coordinates":[616522.8107825,9762580.3823055,0.0]}},
{"type":"Feature","properties":{"Contents":"13","TEXTSTRING":"13","TEXT_SIZE":0.6,"TEXT_ANGLE":358.93244585159289},"geometry":{"type":"Point","coordinates":[616521.0063159,9762582.4753866,0.0]}},
{"type":"Feature","properties":{"Contents":"14","TEXTSTRING":"14","TEXT_SIZE":0.6,"TEXT_ANGLE":358.93244585159289},"geometry":{"type":"Point","coordinates":[616518.6682259,9762584.4631169,0.0]}},
{"type":"Feature","properties":{"Contents":"02","TEXTSTRING":"02","TEXT_SIZE":0.6,"TEXT_ANGLE":2.7860519036054439},"geometry":{"type":"Point","coordinates":[616536.2102407,9762551.4699626,0.0]}},
{"type":"Feature","properties":{"Contents":"03","TEXTSTRING":"03","TEXT_SIZE":0.6,"TEXT_ANGLE":2.7860519036054439},"geometry":{"type":"Point","coordinates":[616537.9798089,9762553.177227,0.0]}},
{"type":"Feature","properties":{"Contents":"04","TEXTSTRING":"04","TEXT_SIZE":0.6,"TEXT_ANGLE":2.7860519036054439},"geometry":{"type":"Point","coordinates":[616539.6743795,9762554.8703435,0.0]}},
{"type":"Feature","properties":{"Contents":"05","TEXTSTRING":"05","TEXT_SIZE":0.6,"TEXT_ANGLE":2.7860519036054439},"geometry":{"type":"Point","coordinates":[616541.388016,9762556.54398,0.0]}},
{"type":"Feature","properties":{"Contents":"06","TEXTSTRING":"06","TEXT_SIZE":0.6,"TEXT_ANGLE":2.7860519036054439},"geometry":{"type":"Point","coordinates":[616543.0676454,9762558.1373226,0.0]}},
{"type":"Feature","properties":{"Contents":"07","TEXTSTRING":"07","TEXT_SIZE":0.6,"TEXT_ANGLE":2.7860519036054439},"geometry":{"type":"Point","coordinates":[616544.854644,9762559.8856464,0.0]}},
{"type":"Feature","properties":{"Contents":"01","TEXTSTRING":"01","TEXT_SIZE":0.6,"TEXT_ANGLE":2.7860519036054439},"geometry":{"type":"Point","coordinates":[615557.1860061,9762079.3944348,0.0]}},
{"type":"Feature","properties":{"Contents":"02","TEXTSTRING":"02","TEXT_SIZE":0.6,"TEXT_ANGLE":2.7860519036054439},"geometry":{"type":"Point","coordinates":[615557.2995721,9762081.891854,0.0]}},
{"type":"Feature","properties":{"Contents":"03","TEXTSTRING":"03","TEXT_SIZE":0.6,"TEXT_ANGLE":2.7860519036054439},"geometry":{"type":"Point","coordinates":[615557.4131381,9762084.3892732,0.0]}},
{"type":"Feature","properties":{"Contents":"04","TEXTSTRING":"04","TEXT_SIZE":0.6,"TEXT_ANGLE":2.7860519036054439},"geometry":{"type":"Point","coordinates":[615557.526704,9762086.8866924,0.0]}},
{"type":"Feature","properties":{"Contents":"05","TEXTSTRING":"05","TEXT_SIZE":0.6,"TEXT_ANGLE":2.7860519036054439},"geometry":{"type":"Point","coordinates":[615557.526704,9762089.3855842,0.0]}},
{"type":"Feature","properties":{"Contents":"01","TEXTSTRING":"01","TEXT_SIZE":0.6,"TEXT_ANGLE":2.7860519036054439},"geometry":{"type":"Point","coordinates":[615585.8550105,9762088.0571577,0.0]}},
{"type":"Feature","properties":{"Contents":"02","TEXTSTRING":"02","TEXT_SIZE":0.6,"TEXT_ANGLE":2.7860519036054439},"geometry":{"type":"Point","coordinates":[615588.895191,9762089.2601518,0.0]}},
{"type":"Feature","properties":{"Contents":"04","TEXTSTRING":"04","TEXT_SIZE":0.6,"TEXT_ANGLE":2.7860519036054439},"geometry":{"type":"Point","coordinates":[615593.8788757,9762088.8565594,0.0]}},
{"type":"Feature","properties":{"Contents":"05","TEXTSTRING":"05","TEXT_SIZE":0.6,"TEXT_ANGLE":2.7860519036054439},"geometry":{"type":"Point","coordinates":[615595.9094229,9762088.7930459,0.0]}},
{"type":"Feature","properties":{"Contents":"06","TEXTSTRING":"06","TEXT_SIZE":0.6,"TEXT_ANGLE":2.7860519036054439},"geometry":{"type":"Point","coordinates":[615598.3090201,9762088.5682026,0.0]}},
{"type":"Feature","properties":{"Contents":"03","TEXTSTRING":"03","TEXT_SIZE":0.6,"TEXT_ANGLE":2.7860519036054439},"geometry":{"type":"Point","coordinates":[615591.3870334,9762089.0583556,0.0]}},
{"type":"Feature","properties":{"Contents":"02","TEXTSTRING":"02","TEXT_SIZE":0.6,"TEXT_ANGLE":2.7860519036054439},"geometry":{"type":"Point","coordinates":[615609.9656984,9762079.3620322,0.0]}},
{"type":"Feature","properties":{"Contents":"03","TEXTSTRING":"03","TEXT_SIZE":0.6,"TEXT_ANGLE":2.7860519036054439},"geometry":{"type":"Point","coordinates":[615611.6199539,9762077.4876152,0.0]}},
{"type":"Feature","properties":{"Contents":"04","TEXTSTRING":"04","TEXT_SIZE":0.6,"TEXT_ANGLE":2.7860519036054439},"geometry":{"type":"Point","coordinates":[615613.2742094,9762075.6131983,0.0]}},
{"type":"Feature","properties":{"Contents":"05","TEXTSTRING":"05","TEXT_SIZE":0.6,"TEXT_ANGLE":2.7860519036054439},"geometry":{"type":"Point","coordinates":[615614.9284648,9762073.7387814,0.0]}},
{"type":"Feature","properties":{"Contents":"06","TEXTSTRING":"06","TEXT_SIZE":0.6,"TEXT_ANGLE":2.7860519036054439},"geometry":{"type":"Point","coordinates":[615616.5827203,9762071.8643644,0.0]}},
{"type":"Feature","properties":{"Contents":"07","TEXTSTRING":"07","TEXT_SIZE":0.6,"TEXT_ANGLE":2.7860519036054439},"geometry":{"type":"Point","coordinates":[615618.2369758,9762069.9899475,0.0]}},
{"type":"Feature","properties":{"Contents":"01","TEXTSTRING":"01","TEXT_SIZE":0.6,"TEXT_ANGLE":2.7860519036054439},"geometry":{"type":"Point","coordinates":[615607.4538563,9762080.4660075,0.0]}},
{"type":"Feature","properties":{"Contents":"01","TEXTSTRING":"01","TEXT_SIZE":0.6,"TEXT_ANGLE":2.7860519036054439},"geometry":{"type":"Point","coordinates":[614708.6768547,9762581.5323476,0.0]}},
{"type":"Feature","properties":{"Contents":"02","TEXTSTRING":"02","TEXT_SIZE":0.6,"TEXT_ANGLE":2.7860519036054439},"geometry":{"type":"Point","coordinates":[614709.892104,9762579.4500066,0.0]}},
{"type":"Feature","properties":{"Contents":"03","TEXTSTRING":"03","TEXT_SIZE":0.6,"TEXT_ANGLE":2.7860519036054439},"geometry":{"type":"Point","coordinates":[614711.0972198,9762577.3840842,0.0]}},
{"type":"Feature","properties":{"Contents":"05","TEXTSTRING":"05","TEXT_SIZE":0.6,"TEXT_ANGLE":2.7860519036054439},"geometry":{"type":"Point","coordinates":[614713.5030456,9762573.1542224,0.0]}},
{"type":"Feature","properties":{"Contents":"06","TEXTSTRING":"06","TEXT_SIZE":0.6,"TEXT_ANGLE":2.7860519036054439},"geometry":{"type":"Point","coordinates":[614714.6938424,9762571.0707934,0.0]}},
{"type":"Feature","properties":{"Contents":"07","TEXTSTRING":"07","TEXT_SIZE":0.6,"TEXT_ANGLE":2.7860519036054439},"geometry":{"type":"Point","coordinates":[614715.8590851,9762569.1150537,0.0]}},
{"type":"Feature","properties":{"Contents":"08","TEXTSTRING":"08","TEXT_SIZE":0.6,"TEXT_ANGLE":2.7860519036054439},"geometry":{"type":"Point","coordinates":[614717.139321,9762566.9677307,0.0]}},
{"type":"Feature","properties":{"Contents":"09","TEXTSTRING":"09","TEXT_SIZE":0.6,"TEXT_ANGLE":2.7860519036054439},"geometry":{"type":"Point","coordinates":[614712.9493159,9762584.1296682,0.0]}},
{"type":"Feature","properties":{"Contents":"10","TEXTSTRING":"10","TEXT_SIZE":0.6,"TEXT_ANGLE":2.7860519036054439},"geometry":{"type":"Point","coordinates":[614714.1645653,9762582.0473273,0.0]}},
{"type":"Feature","properties":{"Contents":"11","TEXTSTRING":"11","TEXT_SIZE":0.6,"TEXT_ANGLE":2.7860519036054439},"geometry":{"type":"Point","coordinates":[614715.3696811,9762579.9814049,0.0]}},
{"type":"Feature","properties":{"Contents":"13","TEXTSTRING":"13","TEXT_SIZE":0.6,"TEXT_ANGLE":2.7860519036054439},"geometry":{"type":"Point","coordinates":[614717.7755069,9762575.7515431,0.0]}},
{"type":"Feature","properties":{"Contents":"14","TEXTSTRING":"14","TEXT_SIZE":0.6,"TEXT_ANGLE":2.7860519036054439},"geometry":{"type":"Point","coordinates":[614718.9024186,9762573.591461,0.0]}},
{"type":"Feature","properties":{"Contents":"15","TEXTSTRING":"15","TEXT_SIZE":0.6,"TEXT_ANGLE":2.7860519036054439},"geometry":{"type":"Point","coordinates":[614720.1315464,9762571.7123744,0.0]}},
{"type":"Feature","properties":{"Contents":"16","TEXTSTRING":"16","TEXT_SIZE":0.6,"TEXT_ANGLE":2.7860519036054439},"geometry":{"type":"Point","coordinates":[614721.4117822,9762569.5650514,0.0]}},
{"type":"Feature","properties":{"Contents":"04","TEXTSTRING":"04","TEXT_SIZE":0.6,"TEXT_ANGLE":2.7860519036054439},"geometry":{"type":"Point","coordinates":[614712.3129097,9762575.2756317,0.0]}},
{"type":"Feature","properties":{"Contents":"12","TEXTSTRING":"12","TEXT_SIZE":0.6,"TEXT_ANGLE":2.7860519036054439},"geometry":{"type":"Point","coordinates":[614716.585371,9762577.8729524,0.0]}},
{"type":"Feature","properties":{"Contents":"01","TEXTSTRING":"01","TEXT_SIZE":0.6,"TEXT_ANGLE":2.7860519036054439},"geometry":{"type":"Point","coordinates":[614843.6018028,9763161.6230378,0.0]}},
{"type":"Feature","properties":{"Contents":"02","TEXTSTRING":"02","TEXT_SIZE":0.6,"TEXT_ANGLE":2.7860519036054439},"geometry":{"type":"Point","coordinates":[614846.1163581,9763161.7129634,0.0]}},
{"type":"Feature","properties":{"Contents":"03","TEXTSTRING":"03","TEXT_SIZE":0.6,"TEXT_ANGLE":2.7860519036054439},"geometry":{"type":"Point","coordinates":[614848.7093688,9763161.9108427,0.0]}},
{"type":"Feature","properties":{"Contents":"04","TEXTSTRING":"04","TEXT_SIZE":0.6,"TEXT_ANGLE":2.7860519036054439},"geometry":{"type":"Point","coordinates":[614850.5695818,9763162.0409663,0.0]}},
{"type":"Feature","properties":{"Contents":"05","TEXTSTRING":"05","TEXT_SIZE":0.6,"TEXT_ANGLE":2.7860519036054439},"geometry":{"type":"Point","coordinates":[614853.1642349,9763162.2076247,0.0]}},
{"type":"Feature","properties":{"Contents":"06","TEXTSTRING":"06","TEXT_SIZE":0.6,"TEXT_ANGLE":2.7860519036054439},"geometry":{"type":"Point","coordinates":[614855.7589081,9763162.3739022,0.0]}},
{"type":"Feature","properties":{"Contents":"07","TEXTSTRING":"07","TEXT_SIZE":0.6,"TEXT_ANGLE":2.7860519036054439},"geometry":{"type":"Point","coordinates":[614858.3535613,9763162.5405606,0.0]}},
{"type":"Feature","properties":{"Contents":"08","TEXTSTRING":"08","TEXT_SIZE":0.6,"TEXT_ANGLE":2.7860519036054439},"geometry":{"type":"Point","coordinates":[614860.9482144,9763162.707219,0.0]}},
{"type":"Feature","properties":{"Contents":"01","TEXTSTRING":"01","TEXT_SIZE":0.6,"TEXT_ANGLE":2.7860519036054439},"geometry":{"type":"Point","coordinates":[614869.6794676,9763164.0923808,0.0]}},
{"type":"Feature","properties":{"Contents":"02","TEXTSTRING":"02","TEXT_SIZE":0.6,"TEXT_ANGLE":2.7860519036054439},"geometry":{"type":"Point","coordinates":[614869.846126,9763161.4977277,0.0]}},
{"type":"Feature","properties":{"Contents":"03","TEXTSTRING":"03","TEXT_SIZE":0.6,"TEXT_ANGLE":2.7860519036054439},"geometry":{"type":"Point","coordinates":[614869.952628,9763158.8999099,0.0]}},
{"type":"Feature","properties":{"Contents":"04","TEXTSTRING":"04","TEXT_SIZE":0.6,"TEXT_ANGLE":2.7860519036054439},"geometry":{"type":"Point","coordinates":[614870.1254524,9763156.6876944,0.0]}},
{"type":"Feature","properties":{"Contents":"05","TEXTSTRING":"05","TEXT_SIZE":0.6,"TEXT_ANGLE":2.7860519036054439},"geometry":{"type":"Point","coordinates":[614870.3997431,9763154.4656657,0.0]}},
{"type":"Feature","properties":{"Contents":"06","TEXTSTRING":"06","TEXT_SIZE":0.6,"TEXT_ANGLE":2.7860519036054439},"geometry":{"type":"Point","coordinates":[614870.5664015,9763151.8710126,0.0]}},
{"type":"Feature","properties":{"Contents":"07","TEXTSTRING":"07","TEXT_SIZE":0.6,"TEXT_ANGLE":2.7860519036054439},"geometry":{"type":"Point","coordinates":[614870.7330599,9763149.2763594,0.0]}},
{"type":"Feature","properties":{"Contents":"01","TEXTSTRING":"01","TEXT_SIZE":0.6,"TEXT_ANGLE":2.7860519036054439},"geometry":{"type":"Point","coordinates":[614840.3660366,9763147.7393437,0.0]}},
{"type":"Feature","properties":{"Contents":"02","TEXTSTRING":"02","TEXT_SIZE":0.6,"TEXT_ANGLE":95.079878033039293},"geometry":{"type":"Point","coordinates":[614842.3182279,9763158.4083664,0.0]}},
{"type":"Feature","properties":{"Contents":"03","TEXTSTRING":"03","TEXT_SIZE":0.6,"TEXT_ANGLE":2.7860519036054439},"geometry":{"type":"Point","coordinates":[614845.555363,9763148.0722796,0.0]}},
{"type":"Feature","properties":{"Contents":"04","TEXTSTRING":"04","TEXT_SIZE":0.6,"TEXT_ANGLE":2.7860519036054439},"geometry":{"type":"Point","coordinates":[614848.1500161,9763148.2389379,0.0]}},
{"type":"Feature","properties":{"Contents":"05","TEXTSTRING":"05","TEXT_SIZE":0.6,"TEXT_ANGLE":2.7860519036054439},"geometry":{"type":"Point","coordinates":[614850.2384932,9763148.4263828,0.0]}},
{"type":"Feature","properties":{"Contents":"06","TEXTSTRING":"06","TEXT_SIZE":0.6,"TEXT_ANGLE":2.7860519036054439},"geometry":{"type":"Point","coordinates":[614852.2274095,9763148.5733975,0.0]}},
{"type":"Feature","properties":{"Contents":"07","TEXTSTRING":"07","TEXT_SIZE":0.6,"TEXT_ANGLE":2.7860519036054439},"geometry":{"type":"Point","coordinates":[614854.8220827,9763148.739675,0.0]}},
{"type":"Feature","properties":{"Contents":"08","TEXTSTRING":"08","TEXT_SIZE":0.6,"TEXT_ANGLE":2.7860519036054439},"geometry":{"type":"Point","coordinates":[614857.4001213,9763148.8868683,0.0]}},
{"type":"Feature","properties":{"Contents":"09","TEXTSTRING":"09","TEXT_SIZE":0.6,"TEXT_ANGLE":2.7860519036054439},"geometry":{"type":"Point","coordinates":[614860.011389,9763149.0729918,0.0]}},
{"type":"Feature","properties":{"Contents":"10","TEXTSTRING":"10","TEXT_SIZE":0.6,"TEXT_ANGLE":2.7860519036054439},"geometry":{"type":"Point","coordinates":[614862.6060422,9763149.2396501,0.0]}},
{"type":"Feature","properties":{"Contents":"01","TEXTSTRING":"01","TEXT_SIZE":0.6,"TEXT_ANGLE":2.7860519036054439},"geometry":{"type":"Point","coordinates":[614837.4940975,9763135.4266931,0.0]}},
{"type":"Feature","properties":{"Contents":"15","TEXTSTRING":"15","TEXT_SIZE":0.6,"TEXT_ANGLE":2.7860519036054439},"geometry":{"type":"Point","coordinates":[614837.8707808,9763128.6879896,0.0]}},
{"type":"Feature","properties":{"Contents":"02","TEXTSTRING":"02","TEXT_SIZE":0.6,"TEXT_ANGLE":2.7860519036054439},"geometry":{"type":"Point","coordinates":[614840.0887507,9763135.5933515,0.0]}},
{"type":"Feature","properties":{"Contents":"16","TEXTSTRING":"16","TEXT_SIZE":0.6,"TEXT_ANGLE":2.7860519036054439},"geometry":{"type":"Point","coordinates":[614840.465434,9763128.8546479,0.0]}},
{"type":"Feature","properties":{"Contents":"03","TEXTSTRING":"03","TEXT_SIZE":0.6,"TEXT_ANGLE":2.7860519036054439},"geometry":{"type":"Point","coordinates":[614842.6834038,9763135.7600099,0.0]}},
{"type":"Feature","properties":{"Contents":"17","TEXTSTRING":"17","TEXT_SIZE":0.6,"TEXT_ANGLE":2.7860519036054439},"geometry":{"type":"Point","coordinates":[614843.0600871,9763129.0213063,0.0]}},
{"type":"Feature","properties":{"Contents":"04","TEXTSTRING":"04","TEXT_SIZE":0.6,"TEXT_ANGLE":2.7860519036054439},"geometry":{"type":"Point","coordinates":[614845.278057,9763135.9266683,0.0]}},
{"type":"Feature","properties":{"Contents":"18","TEXTSTRING":"18","TEXT_SIZE":0.6,"TEXT_ANGLE":2.7860519036054439},"geometry":{"type":"Point","coordinates":[614845.6547403,9763129.1879647,0.0]}},
{"type":"Feature","properties":{"Contents":"05","TEXTSTRING":"05","TEXT_SIZE":0.6,"TEXT_ANGLE":2.7860519036054439},"geometry":{"type":"Point","coordinates":[614847.3780889,9763136.0634079,0.0]}},
{"type":"Feature","properties":{"Contents":"19","TEXTSTRING":"19","TEXT_SIZE":0.6,"TEXT_ANGLE":2.7860519036054439},"geometry":{"type":"Point","coordinates":[614847.7478057,9763129.3239488,0.0]}},
{"type":"Feature","properties":{"Contents":"06","TEXTSTRING":"06","TEXT_SIZE":0.6,"TEXT_ANGLE":2.7860519036054439},"geometry":{"type":"Point","coordinates":[614849.9726819,9763136.2312091,0.0]}},
{"type":"Feature","properties":{"Contents":"20","TEXTSTRING":"20","TEXT_SIZE":0.6,"TEXT_ANGLE":2.7860519036054439},"geometry":{"type":"Point","coordinates":[614850.3424589,9763129.4906072,0.0]}},
{"type":"Feature","properties":{"Contents":"07","TEXTSTRING":"07","TEXT_SIZE":0.6,"TEXT_ANGLE":2.7860519036054439},"geometry":{"type":"Point","coordinates":[614852.0876918,9763136.33803,0.0]}},
{"type":"Feature","properties":{"Contents":"21","TEXTSTRING":"21","TEXT_SIZE":0.6,"TEXT_ANGLE":2.7860519036054439},"geometry":{"type":"Point","coordinates":[614852.9370519,9763129.6584084,0.0]}},
{"type":"Feature","properties":{"Contents":"08","TEXTSTRING":"08","TEXT_SIZE":0.6,"TEXT_ANGLE":2.7860519036054439},"geometry":{"type":"Point","coordinates":[614854.2904795,9763136.4895779,0.0]}},
{"type":"Feature","properties":{"Contents":"22","TEXTSTRING":"22","TEXT_SIZE":0.6,"TEXT_ANGLE":2.7860519036054439},"geometry":{"type":"Point","coordinates":[614854.9541825,9763129.8172094,0.0]}},
{"type":"Feature","properties":{"Contents":"09","TEXTSTRING":"09","TEXT_SIZE":0.6,"TEXT_ANGLE":2.7860519036054439},"geometry":{"type":"Point","coordinates":[614856.9858186,9763136.7156929,0.0]}},
{"type":"Feature","properties":{"Contents":"23","TEXTSTRING":"23","TEXT_SIZE":0.6,"TEXT_ANGLE":2.7860519036054439},"geometry":{"type":"Point","coordinates":[614857.5488557,9763129.9834868,0.0]}},
{"type":"Feature","properties":{"Contents":"10","TEXTSTRING":"10","TEXT_SIZE":0.6,"TEXT_ANGLE":2.7860519036054439},"geometry":{"type":"Point","coordinates":[614859.2938004,9763136.8521303,0.0]}},
{"type":"Feature","properties":{"Contents":"24","TEXTSTRING":"24","TEXT_SIZE":0.6,"TEXT_ANGLE":2.7860519036054439},"geometry":{"type":"Point","coordinates":[614860.1435088,9763130.1501452,0.0]}},
{"type":"Feature","properties":{"Contents":"11","TEXTSTRING":"11","TEXT_SIZE":0.6,"TEXT_ANGLE":2.7860519036054439},"geometry":{"type":"Point","coordinates":[614861.8884536,9763137.0187887,0.0]}},
{"type":"Feature","properties":{"Contents":"25","TEXTSTRING":"25","TEXT_SIZE":0.6,"TEXT_ANGLE":2.7860519036054439},"geometry":{"type":"Point","coordinates":[614862.2902163,9763130.3103061,0.0]}},
{"type":"Feature","properties":{"Contents":"12","TEXTSTRING":"12","TEXT_SIZE":0.6,"TEXT_ANGLE":2.7860519036054439},"geometry":{"type":"Point","coordinates":[614864.1602096,9763137.1370935,0.0]}},
{"type":"Feature","properties":{"Contents":"26","TEXTSTRING":"26","TEXT_SIZE":0.6,"TEXT_ANGLE":2.7860519036054439},"geometry":{"type":"Point","coordinates":[614864.8848694,9763130.4769645,0.0]}},
{"type":"Feature","properties":{"Contents":"13","TEXTSTRING":"13","TEXT_SIZE":0.6,"TEXT_ANGLE":2.7860519036054439},"geometry":{"type":"Point","coordinates":[614866.7547826,9763137.3052757,0.0]}},
{"type":"Feature","properties":{"Contents":"27","TEXTSTRING":"27","TEXT_SIZE":0.6,"TEXT_ANGLE":2.7860519036054439},"geometry":{"type":"Point","coordinates":[614866.9834279,9763130.5804737,0.0]}},
{"type":"Feature","properties":{"Contents":"14","TEXTSTRING":"14","TEXT_SIZE":0.6,"TEXT_ANGLE":2.7860519036054439},"geometry":{"type":"Point","coordinates":[614868.9307493,9763137.4149675,0.0]}},
{"type":"Feature","properties":{"Contents":"28","TEXTSTRING":"28","TEXT_SIZE":0.6,"TEXT_ANGLE":2.7860519036054439},"geometry":{"type":"Point","coordinates":[614869.578081,9763130.7471321,0.0]}},
{"type":"Feature","properties":{"Contents":"01","TEXTSTRING":"01","TEXT_SIZE":0.6,"TEXT_ANGLE":2.7860519036054439},"geometry":{"type":"Point","coordinates":[614844.6196411,9763119.1027747,0.0]}},
{"type":"Feature","properties":{"Contents":"02","TEXTSTRING":"02","TEXT_SIZE":0.6,"TEXT_ANGLE":2.7860519036054439},"geometry":{"type":"Point","coordinates":[614847.2142943,9763119.2694331,0.0]}},
{"type":"Feature","properties":{"Contents":"03","TEXTSTRING":"03","TEXT_SIZE":0.6,"TEXT_ANGLE":2.7860519036054439},"geometry":{"type":"Point","coordinates":[614849.5090397,9763119.4008841,0.0]}},
{"type":"Feature","properties":{"Contents":"04","TEXTSTRING":"04","TEXT_SIZE":0.6,"TEXT_ANGLE":2.7860519036054439},"geometry":{"type":"Point","coordinates":[614851.5394067,9763119.5498632,0.0]}},
{"type":"Feature","properties":{"Contents":"05","TEXTSTRING":"05","TEXT_SIZE":0.6,"TEXT_ANGLE":2.7860519036054439},"geometry":{"type":"Point","coordinates":[614854.1340598,9763119.7165216,0.0]}},
{"type":"Feature","properties":{"Contents":"06","TEXTSTRING":"06","TEXT_SIZE":0.6,"TEXT_ANGLE":2.7860519036054439},"geometry":{"type":"Point","coordinates":[614856.728713,9763119.88318,0.0]}},
{"type":"Feature","properties":{"Contents":"07","TEXTSTRING":"07","TEXT_SIZE":0.6,"TEXT_ANGLE":2.7860519036054439},"geometry":{"type":"Point","coordinates":[614859.3233662,9763120.0498384,0.0]}},
{"type":"Feature","properties":{"Contents":"08","TEXTSTRING":"08","TEXT_SIZE":0.6,"TEXT_ANGLE":2.7860519036054439},"geometry":{"type":"Point","coordinates":[614861.4467358,9763120.1540905,0.0]}},
{"type":"Feature","properties":{"Contents":"09","TEXTSTRING":"09","TEXT_SIZE":0.6,"TEXT_ANGLE":2.7860519036054439},"geometry":{"type":"Point","coordinates":[614864.041389,9763120.3207488,0.0]}},
{"type":"Feature","properties":{"Contents":"10","TEXTSTRING":"10","TEXT_SIZE":0.6,"TEXT_ANGLE":2.7860519036054439},"geometry":{"type":"Point","coordinates":[614866.1170382,9763120.4609639,0.0]}},
{"type":"Feature","properties":{"Contents":"11","TEXTSTRING":"11","TEXT_SIZE":0.6,"TEXT_ANGLE":2.7860519036054439},"geometry":{"type":"Point","coordinates":[614868.7116913,9763120.6276223,0.0]}},
{"type":"Feature","properties":{"Contents":"12","TEXTSTRING":"12","TEXT_SIZE":0.6,"TEXT_ANGLE":2.7860519036054439},"geometry":{"type":"Point","coordinates":[614871.3063445,9763120.7942807,0.0]}},
{"type":"Feature","properties":{"Contents":"06","TEXTSTRING":"06","TEXT_SIZE":0.6,"TEXT_ANGLE":2.7860519036054439},"geometry":{"type":"Point","coordinates":[615031.3240986,9763048.8563717,0.0]}},
{"type":"Feature","properties":{"Contents":"05","TEXTSTRING":"05","TEXT_SIZE":0.6,"TEXT_ANGLE":2.7860519036054439},"geometry":{"type":"Point","coordinates":[615029.0954476,9763049.5962597,0.0]}},
{"type":"Feature","properties":{"Contents":"04","TEXTSTRING":"04","TEXT_SIZE":0.6,"TEXT_ANGLE":2.7860519036054439},"geometry":{"type":"Point","coordinates":[615026.8066761,9763050.3070164,0.0]}},
{"type":"Feature","properties":{"Contents":"03","TEXTSTRING":"03","TEXT_SIZE":0.6,"TEXT_ANGLE":2.7860519036054439},"geometry":{"type":"Point","coordinates":[615024.5375783,9763050.9668261,0.0]}},
{"type":"Feature","properties":{"Contents":"02","TEXTSTRING":"02","TEXT_SIZE":0.6,"TEXT_ANGLE":2.7860519036054439},"geometry":{"type":"Point","coordinates":[615022.1688978,9763051.5868253,0.0]}},
{"type":"Feature","properties":{"Contents":"01","TEXTSTRING":"01","TEXT_SIZE":0.6,"TEXT_ANGLE":2.7860519036054439},"geometry":{"type":"Point","coordinates":[615019.8068648,9763052.4058268,0.0]}},
{"type":"Feature","properties":{"Contents":"5","TEXTSTRING":"5","TEXT_SIZE":0.6,"TEXT_ANGLE":2.7860519036054439},"geometry":{"type":"Point","coordinates":[614846.9473101,9762991.3192844,0.0]}},
{"type":"Feature","properties":{"Contents":"6","TEXTSTRING":"6","TEXT_SIZE":0.6,"TEXT_ANGLE":2.7860519036054439},"geometry":{"type":"Point","coordinates":[614849.1899759,9762990.5643251,0.0]}},
{"type":"Feature","properties":{"Contents":"7","TEXTSTRING":"7","TEXT_SIZE":0.6,"TEXT_ANGLE":2.7860519036054439},"geometry":{"type":"Point","coordinates":[614851.5871105,9762989.827022,0.0]}},
{"type":"Feature","properties":{"Contents":"8","TEXTSTRING":"8","TEXT_SIZE":0.6,"TEXT_ANGLE":2.7860519036054439},"geometry":{"type":"Point","coordinates":[614853.7092337,9762989.0193032,0.0]}},
{"type":"Feature","properties":{"Contents":"9","TEXTSTRING":"9","TEXT_SIZE":0.6,"TEXT_ANGLE":2.7860519036054439},"geometry":{"type":"Point","coordinates":[614856.0107361,9762988.3755582,0.0]}},
{"type":"Feature","properties":{"Contents":"4","TEXTSTRING":"4","TEXT_SIZE":0.6,"TEXT_ANGLE":2.7860519036054439},"geometry":{"type":"Point","coordinates":[614840.166731,9762987.1686899,0.0]}},
{"type":"Feature","properties":{"Contents":"3","TEXTSTRING":"3","TEXT_SIZE":0.6,"TEXT_ANGLE":2.7860519036054439},"geometry":{"type":"Point","coordinates":[614839.8522903,9762984.8743242,0.0]}},
{"type":"Feature","properties":{"Contents":"2","TEXTSTRING":"2","TEXT_SIZE":0.6,"TEXT_ANGLE":2.7860519036054439},"geometry":{"type":"Point","coordinates":[614838.9459216,9762982.5251443,0.0]}},
{"type":"Feature","properties":{"Contents":"1","TEXTSTRING":"1","TEXT_SIZE":0.6,"TEXT_ANGLE":2.7860519036054439},"geometry":{"type":"Point","coordinates":[614838.1252085,9762980.2809086,0.0]}},
{"type":"Feature","properties":{"Contents":"1","TEXTSTRING":"1","TEXT_SIZE":0.6,"TEXT_ANGLE":2.7860519036054439},"geometry":{"type":"Point","coordinates":[614858.258909,9762946.8597401,0.0]}},
{"type":"Feature","properties":{"Contents":"2","TEXTSTRING":"2","TEXT_SIZE":0.6,"TEXT_ANGLE":2.7860519036054439},"geometry":{"type":"Point","coordinates":[614858.9694647,9762948.9328473,0.0]}},
{"type":"Feature","properties":{"Contents":"3","TEXTSTRING":"3","TEXT_SIZE":0.6,"TEXT_ANGLE":2.7860519036054439},"geometry":{"type":"Point","coordinates":[614859.6847824,9762951.2122069,0.0]}},
{"type":"Feature","properties":{"Contents":"4","TEXTSTRING":"4","TEXT_SIZE":0.6,"TEXT_ANGLE":2.7860519036054439},"geometry":{"type":"Point","coordinates":[614860.3862871,9762953.6080692,0.0]}},
{"type":"Feature","properties":{"Contents":"5","TEXTSTRING":"5","TEXT_SIZE":0.6,"TEXT_ANGLE":2.7860519036054439},"geometry":{"type":"Point","coordinates":[614861.1421964,9762955.8487115,0.0]}},
{"type":"Feature","properties":{"Contents":"6","TEXTSTRING":"6","TEXT_SIZE":0.6,"TEXT_ANGLE":2.7860519036054439},"geometry":{"type":"Point","coordinates":[614861.9008744,9762958.1127121,0.0]}},
{"type":"Feature","properties":{"Contents":"7","TEXTSTRING":"7","TEXT_SIZE":0.6,"TEXT_ANGLE":2.7860519036054439},"geometry":{"type":"Point","coordinates":[614862.5617613,9762960.3559443,0.0]}},
{"type":"Feature","properties":{"Contents":"8","TEXTSTRING":"8","TEXT_SIZE":0.6,"TEXT_ANGLE":2.7860519036054439},"geometry":{"type":"Point","coordinates":[614863.3402859,9762962.6092293,0.0]}},
{"type":"Feature","properties":{"Contents":"9","TEXTSTRING":"9","TEXT_SIZE":0.6,"TEXT_ANGLE":2.7860519036054439},"geometry":{"type":"Point","coordinates":[614862.7995241,9762945.2170232,0.0]}},
{"type":"Feature","properties":{"Contents":"10","TEXTSTRING":"10","TEXT_SIZE":0.6,"TEXT_ANGLE":2.7860519036054439},"geometry":{"type":"Point","coordinates":[614863.6224868,9762947.3483036,0.0]}},
{"type":"Feature","properties":{"Contents":"11","TEXTSTRING":"11","TEXT_SIZE":0.6,"TEXT_ANGLE":2.7860519036054439},"geometry":{"type":"Point","coordinates":[614864.2641131,9762949.6075404,0.0]}},
{"type":"Feature","properties":{"Contents":"16","TEXTSTRING":"16","TEXT_SIZE":0.6,"TEXT_ANGLE":2.7860519036054439},"geometry":{"type":"Point","coordinates":[614868.2367281,9762961.1424959,0.0]}},
{"type":"Feature","properties":{"Contents":"15","TEXTSTRING":"15","TEXT_SIZE":0.6,"TEXT_ANGLE":2.7860519036054439},"geometry":{"type":"Point","coordinates":[614867.323763,9762958.8235785,0.0]}},
{"type":"Feature","properties":{"Contents":"14","TEXTSTRING":"14","TEXT_SIZE":0.6,"TEXT_ANGLE":2.7860519036054439},"geometry":{"type":"Point","coordinates":[614866.4743956,9762956.4936851,0.0]}},
{"type":"Feature","properties":{"Contents":"13","TEXTSTRING":"13","TEXT_SIZE":0.6,"TEXT_ANGLE":2.7860519036054439},"geometry":{"type":"Point","coordinates":[614865.6920033,9762954.3559118,0.0]}},
{"type":"Feature","properties":{"Contents":"12","TEXTSTRING":"12","TEXT_SIZE":0.6,"TEXT_ANGLE":2.7860519036054439},"geometry":{"type":"Point","coordinates":[614865.0442004,9762952.0204249,0.0]}},
{"type":"Feature","properties":{"Contents":"10","TEXTSTRING":"10","TEXT_SIZE":0.6,"TEXT_ANGLE":2.7860519036054439},"geometry":{"type":"Point","coordinates":[614858.09658,9762987.5880133,0.0]}},
{"type":"Feature","properties":{"Contents":"11","TEXTSTRING":"11","TEXT_SIZE":0.6,"TEXT_ANGLE":2.7860519036054439},"geometry":{"type":"Point","coordinates":[614892.4862042,9762953.0132523,0.0]}},
{"type":"Feature","properties":{"Contents":"10","TEXTSTRING":"10","TEXT_SIZE":0.6,"TEXT_ANGLE":2.7860519036054439},"geometry":{"type":"Point","coordinates":[614891.6993998,9762950.7810756,0.0]}},
{"type":"Feature","properties":{"Contents":"21","TEXTSTRING":"21","TEXT_SIZE":0.6,"TEXT_ANGLE":2.7860519036054439},"geometry":{"type":"Point","coordinates":[614896.3397886,9762949.2200598,0.0]}},
{"type":"Feature","properties":{"Contents":"9","TEXTSTRING":"9","TEXT_SIZE":0.6,"TEXT_ANGLE":2.7860519036054439},"geometry":{"type":"Point","coordinates":[614891.211757,9762948.4205984,0.0]}},
{"type":"Feature","properties":{"Contents":"20","TEXTSTRING":"20","TEXT_SIZE":0.6,"TEXT_ANGLE":2.7860519036054439},"geometry":{"type":"Point","coordinates":[614895.187367,9762947.0512083,0.0]}},
{"type":"Feature","properties":{"Contents":"8","TEXTSTRING":"8","TEXT_SIZE":0.6,"TEXT_ANGLE":2.7860519036054439},"geometry":{"type":"Point","coordinates":[614890.6169782,9762946.1322644,0.0]}},
{"type":"Feature","properties":{"Contents":"19","TEXTSTRING":"19","TEXT_SIZE":0.6,"TEXT_ANGLE":2.7860519036054439},"geometry":{"type":"Point","coordinates":[614894.5124265,9762944.7326643,0.0]}},
{"type":"Feature","properties":{"Contents":"7","TEXTSTRING":"7","TEXT_SIZE":0.6,"TEXT_ANGLE":2.7860519036054439},"geometry":{"type":"Point","coordinates":[614889.6617937,9762943.9299569,0.0]}},
{"type":"Feature","properties":{"Contents":"18","TEXTSTRING":"18","TEXT_SIZE":0.6,"TEXT_ANGLE":2.7860519036054439},"geometry":{"type":"Point","coordinates":[614893.9413476,9762941.6513322,0.0]}},
{"type":"Feature","properties":{"Contents":"6","TEXTSTRING":"6","TEXT_SIZE":0.6,"TEXT_ANGLE":2.7860519036054439},"geometry":{"type":"Point","coordinates":[614888.785953,9762941.6287572,0.0]}},
{"type":"Feature","properties":{"Contents":"17","TEXTSTRING":"17","TEXT_SIZE":0.6,"TEXT_ANGLE":2.7860519036054439},"geometry":{"type":"Point","coordinates":[614893.2918051,9762940.0991226,0.0]}},
{"type":"Feature","properties":{"Contents":"5","TEXTSTRING":"5","TEXT_SIZE":0.6,"TEXT_ANGLE":2.7860519036054439},"geometry":{"type":"Point","coordinates":[614888.0459927,9762939.3906094,0.0]}},
{"type":"Feature","properties":{"Contents":"16","TEXTSTRING":"16","TEXT_SIZE":0.6,"TEXT_ANGLE":2.7860519036054439},"geometry":{"type":"Point","coordinates":[614892.4011444,9762937.8441406,0.0]}},
{"type":"Feature","properties":{"Contents":"4","TEXTSTRING":"4","TEXT_SIZE":0.6,"TEXT_ANGLE":2.7860519036054439},"geometry":{"type":"Point","coordinates":[614887.2383827,9762937.0790826,0.0]}},
{"type":"Feature","properties":{"Contents":"15","TEXTSTRING":"15","TEXT_SIZE":0.6,"TEXT_ANGLE":2.7860519036054439},"geometry":{"type":"Point","coordinates":[614891.7020029,9762935.5442997,0.0]}},
{"type":"Feature","properties":{"Contents":"3","TEXTSTRING":"3","TEXT_SIZE":0.6,"TEXT_ANGLE":2.7860519036054439},"geometry":{"type":"Point","coordinates":[614886.4996076,9762934.8292373,0.0]}},
{"type":"Feature","properties":{"Contents":"13","TEXTSTRING":"13","TEXT_SIZE":0.6,"TEXT_ANGLE":2.7860519036054439},"geometry":{"type":"Point","coordinates":[614890.7795791,9762933.3394541,0.0]}},
{"type":"Feature","properties":{"Contents":"2","TEXTSTRING":"2","TEXT_SIZE":0.6,"TEXT_ANGLE":2.7860519036054439},"geometry":{"type":"Point","coordinates":[614885.6460566,9762932.6460078,0.0]}},
{"type":"Feature","properties":{"Contents":"14","TEXTSTRING":"14","TEXT_SIZE":0.6,"TEXT_ANGLE":2.7860519036054439},"geometry":{"type":"Point","coordinates":[614890.0094798,9762931.0416376,0.0]}},
{"type":"Feature","properties":{"Contents":"1","TEXTSTRING":"1","TEXT_SIZE":0.6,"TEXT_ANGLE":2.7860519036054439},"geometry":{"type":"Point","coordinates":[614885.0151306,9762930.299873,0.0]}},
{"type":"Feature","properties":{"Contents":"12","TEXTSTRING":"12","TEXT_SIZE":0.6,"TEXT_ANGLE":2.7860519036054439},"geometry":{"type":"Point","coordinates":[614889.2747835,9762928.761102,0.0]}},
{"type":"Feature","properties":{"Contents":"1","TEXTSTRING":"1","TEXT_SIZE":0.6,"TEXT_ANGLE":2.7860519036054439},"geometry":{"type":"Point","coordinates":[614870.2445023,9762935.3489192,0.0]}},
{"type":"Feature","properties":{"Contents":"2","TEXTSTRING":"2","TEXT_SIZE":0.6,"TEXT_ANGLE":2.7860519036054439},"geometry":{"type":"Point","coordinates":[614870.9659714,9762937.5735519,0.0]}},
{"type":"Feature","properties":{"Contents":"3","TEXTSTRING":"3","TEXT_SIZE":0.6,"TEXT_ANGLE":2.7860519036054439},"geometry":{"type":"Point","coordinates":[614871.7398769,9762939.8586562,0.0]}},
{"type":"Feature","properties":{"Contents":"4","TEXTSTRING":"4","TEXT_SIZE":0.6,"TEXT_ANGLE":2.7860519036054439},"geometry":{"type":"Point","coordinates":[614872.3887653,9762942.1948433,0.0]}},
{"type":"Feature","properties":{"Contents":"5","TEXTSTRING":"5","TEXT_SIZE":0.6,"TEXT_ANGLE":2.7860519036054439},"geometry":{"type":"Point","coordinates":[614873.2594411,9762944.3902161,0.0]}},
{"type":"Feature","properties":{"Contents":"6","TEXTSTRING":"6","TEXT_SIZE":0.6,"TEXT_ANGLE":2.7860519036054439},"geometry":{"type":"Point","coordinates":[614874.1878069,9762946.572177,0.0]}},
{"type":"Feature","properties":{"Contents":"7","TEXTSTRING":"7","TEXT_SIZE":0.6,"TEXT_ANGLE":2.7860519036054439},"geometry":{"type":"Point","coordinates":[614875.066472,9762948.8225539,0.0]}},
{"type":"Feature","properties":{"Contents":"8","TEXTSTRING":"8","TEXT_SIZE":0.6,"TEXT_ANGLE":2.7860519036054439},"geometry":{"type":"Point","coordinates":[614875.8452352,9762951.1220564,0.0]}},
{"type":"Feature","properties":{"Contents":"9","TEXTSTRING":"9","TEXT_SIZE":0.6,"TEXT_ANGLE":2.7860519036054439},"geometry":{"type":"Point","coordinates":[614876.49858,9762953.460264,0.0]}},
{"type":"Feature","properties":{"Contents":"10","TEXTSTRING":"10","TEXT_SIZE":0.6,"TEXT_ANGLE":2.7860519036054439},"geometry":{"type":"Point","coordinates":[614877.0255626,9762955.7416996,0.0]}},
{"type":"Feature","properties":{"Contents":"11","TEXTSTRING":"11","TEXT_SIZE":0.6,"TEXT_ANGLE":2.7860519036054439},"geometry":{"type":"Point","coordinates":[614877.6195989,9762957.9500223,0.0]}},
{"type":"Feature","properties":{"Contents":"22","TEXTSTRING":"22","TEXT_SIZE":0.6,"TEXT_ANGLE":2.7860519036054439},"geometry":{"type":"Point","coordinates":[614882.2958974,9762956.4677538,0.0]}},
{"type":"Feature","properties":{"Contents":"21","TEXTSTRING":"21","TEXT_SIZE":0.6,"TEXT_ANGLE":2.7860519036054439},"geometry":{"type":"Point","coordinates":[614881.5859547,9762954.1819673,0.0]}},
{"type":"Feature","properties":{"Contents":"20","TEXTSTRING":"20","TEXT_SIZE":0.6,"TEXT_ANGLE":2.7860519036054439},"geometry":{"type":"Point","coordinates":[614880.7782677,9762951.9741007,0.0]}},
{"type":"Feature","properties":{"Contents":"19","TEXTSTRING":"19","TEXT_SIZE":0.6,"TEXT_ANGLE":2.7860519036054439},"geometry":{"type":"Point","coordinates":[614880.0267904,9762949.580519,0.0]}},
{"type":"Feature","properties":{"Contents":"18","TEXTSTRING":"18","TEXT_SIZE":0.6,"TEXT_ANGLE":2.7860519036054439},"geometry":{"type":"Point","coordinates":[614879.1804778,9762947.3685042,0.0]}},
{"type":"Feature","properties":{"Contents":"17","TEXTSTRING":"17","TEXT_SIZE":0.6,"TEXT_ANGLE":2.7860519036054439},"geometry":{"type":"Point","coordinates":[614878.5508375,9762945.0897355,0.0]}},
{"type":"Feature","properties":{"Contents":"16","TEXTSTRING":"16","TEXT_SIZE":0.6,"TEXT_ANGLE":2.7860519036054439},"geometry":{"type":"Point","coordinates":[614877.5854009,9762942.8096553,0.0]}},
{"type":"Feature","properties":{"Contents":"15","TEXTSTRING":"15","TEXT_SIZE":0.6,"TEXT_ANGLE":2.7860519036054439},"geometry":{"type":"Point","coordinates":[614876.7979422,9762940.5851328,0.0]}},
{"type":"Feature","properties":{"Contents":"14","TEXTSTRING":"14","TEXT_SIZE":0.6,"TEXT_ANGLE":2.7860519036054439},"geometry":{"type":"Point","coordinates":[614876.0391598,9762938.2902901,0.0]}},
{"type":"Feature","properties":{"Contents":"13","TEXTSTRING":"13","TEXT_SIZE":0.6,"TEXT_ANGLE":2.7860519036054439},"geometry":{"type":"Point","coordinates":[614875.2686431,9762936.0352401,0.0]}},
{"type":"Feature","properties":{"Contents":"12","TEXTSTRING":"12","TEXT_SIZE":0.6,"TEXT_ANGLE":2.7860519036054439},"geometry":{"type":"Point","coordinates":[614874.5031096,9762933.7598691,0.0]}},
{"type":"Feature","properties":{"Contents":"1","TEXTSTRING":"1","TEXT_SIZE":0.6,"TEXT_ANGLE":2.7860519036054439},"geometry":{"type":"Point","coordinates":[614889.2035109,9762972.4531742,0.0]}},
{"type":"Feature","properties":{"Contents":"2","TEXTSTRING":"2","TEXT_SIZE":0.6,"TEXT_ANGLE":2.7860519036054439},"geometry":{"type":"Point","coordinates":[614891.2310708,9762971.9117893,0.0]}},
{"type":"Feature","properties":{"Contents":"3","TEXTSTRING":"3","TEXT_SIZE":0.6,"TEXT_ANGLE":2.7860519036054439},"geometry":{"type":"Point","coordinates":[614893.805007,9762970.7641405,0.0]}},
{"type":"Feature","properties":{"Contents":"4","TEXTSTRING":"4","TEXT_SIZE":0.6,"TEXT_ANGLE":2.7860519036054439},"geometry":{"type":"Point","coordinates":[614896.2650244,9762970.1129975,0.0]}},
{"type":"Feature","properties":{"Contents":"10","TEXTSTRING":"10","TEXT_SIZE":0.6,"TEXT_ANGLE":2.7860519036054439},"geometry":{"type":"Point","coordinates":[614887.5700203,9762968.0138185,0.0]}},
{"type":"Feature","properties":{"Contents":"9","TEXTSTRING":"9","TEXT_SIZE":0.6,"TEXT_ANGLE":2.7860519036054439},"geometry":{"type":"Point","coordinates":[614890.131202,9762967.3013848,0.0]}},
{"type":"Feature","properties":{"Contents":"8","TEXTSTRING":"8","TEXT_SIZE":0.6,"TEXT_ANGLE":2.7860519036054439},"geometry":{"type":"Point","coordinates":[614892.3672072,9762966.1311927,0.0]}},
{"type":"Feature","properties":{"Contents":"7","TEXTSTRING":"7","TEXT_SIZE":0.6,"TEXT_ANGLE":2.7860519036054439},"geometry":{"type":"Point","coordinates":[614894.5881332,9762965.7061948,0.0]}},
{"type":"Feature","properties":{"Contents":"6","TEXTSTRING":"6","TEXT_SIZE":0.6,"TEXT_ANGLE":2.7860519036054439},"geometry":{"type":"Point","coordinates":[614896.8482037,9762964.6509514,0.0]}},
{"type":"Feature","properties":{"Contents":"5","TEXTSTRING":"5","TEXT_SIZE":0.6,"TEXT_ANGLE":2.7860519036054439},"geometry":{"type":"Point","coordinates":[614899.317737,9762964.2376014,0.0]}},
{"type":"Feature","properties":{"Contents":"1","TEXTSTRING":"1","TEXT_SIZE":0.6,"TEXT_ANGLE":2.7860519036054439},"geometry":{"type":"Point","coordinates":[614895.170625,9762981.2806986,0.0]}},
{"type":"Feature","properties":{"Contents":"2","TEXTSTRING":"2","TEXT_SIZE":0.6,"TEXT_ANGLE":2.7860519036054439},"geometry":{"type":"Point","coordinates":[614897.3894187,9762980.7056759,0.0]}},
{"type":"Feature","properties":{"Contents":"3","TEXTSTRING":"3","TEXT_SIZE":0.6,"TEXT_ANGLE":2.7860519036054439},"geometry":{"type":"Point","coordinates":[614899.7269796,9762979.9431375,0.0]}},
{"type":"Feature","properties":{"Contents":"4","TEXTSTRING":"4","TEXT_SIZE":0.6,"TEXT_ANGLE":2.7860519036054439},"geometry":{"type":"Point","coordinates":[614901.9565299,9762979.3741484,0.0]}},
{"type":"Feature","properties":{"Contents":"5","TEXTSTRING":"5","TEXT_SIZE":0.6,"TEXT_ANGLE":2.7860519036054439},"geometry":{"type":"Point","coordinates":[614908.5442004,9762974.2464398,0.0]}},
{"type":"Feature","properties":{"Contents":"8","TEXTSTRING":"8","TEXT_SIZE":0.6,"TEXT_ANGLE":2.7860519036054439},"geometry":{"type":"Point","coordinates":[614909.319587,9762972.1765545,0.0]}},
{"type":"Feature","properties":{"Contents":"9","TEXTSTRING":"9","TEXT_SIZE":0.6,"TEXT_ANGLE":2.7860519036054439},"geometry":{"type":"Point","coordinates":[614910.2476206,9762969.9972049,0.0]}},
{"type":"Feature","properties":{"Contents":"10","TEXTSTRING":"10","TEXT_SIZE":0.6,"TEXT_ANGLE":2.7860519036054439},"geometry":{"type":"Point","coordinates":[614911.1930883,9762967.8857357,0.0]}},
{"type":"Feature","properties":{"Contents":"12","TEXTSTRING":"12","TEXT_SIZE":0.6,"TEXT_ANGLE":2.7860519036054439},"geometry":{"type":"Point","coordinates":[614913.5943909,9762961.9292233,0.0]}},
{"type":"Feature","properties":{"Contents":"14","TEXTSTRING":"14","TEXT_SIZE":0.6,"TEXT_ANGLE":2.7860519036054439},"geometry":{"type":"Point","coordinates":[614910.2317168,9762956.8834693,0.0]}},
{"type":"Feature","properties":{"Contents":"13","TEXTSTRING":"13","TEXT_SIZE":0.6,"TEXT_ANGLE":2.7860519036054439},"geometry":{"type":"Point","coordinates":[614912.6615148,9762958.8088951,0.0]}},
{"type":"Feature","properties":{"Contents":"11","TEXTSTRING":"11","TEXT_SIZE":0.6,"TEXT_ANGLE":2.7860519036054439},"geometry":{"type":"Point","coordinates":[614912.3899383,9762965.7862058,0.0]}},
{"type":"Feature","properties":{"Contents":"7","TEXTSTRING":"7","TEXT_SIZE":0.6,"TEXT_ANGLE":2.7860519036054439},"geometry":{"type":"Point","coordinates":[614907.4439115,9762948.523463,0.0]}},
{"type":"Feature","properties":{"Contents":"6","TEXTSTRING":"6","TEXT_SIZE":0.6,"TEXT_ANGLE":2.7860519036054439},"geometry":{"type":"Point","coordinates":[614907.2144638,9762945.9664152,0.0]}},
{"type":"Feature","properties":{"Contents":"1","TEXTSTRING":"1","TEXT_SIZE":0.6,"TEXT_ANGLE":2.7860519036054439},"geometry":{"type":"Point","coordinates":[614868.6119455,9762923.3732813,0.0]}},
{"type":"Feature","properties":{"Contents":"2","TEXTSTRING":"2","TEXT_SIZE":0.6,"TEXT_ANGLE":2.7860519036054439},"geometry":{"type":"Point","coordinates":[614870.9031483,9762922.7269303,0.0]}},
{"type":"Feature","properties":{"Contents":"3","TEXTSTRING":"3","TEXT_SIZE":0.6,"TEXT_ANGLE":2.7860519036054439},"geometry":{"type":"Point","coordinates":[614873.1590877,9762922.0985686,0.0]}},
{"type":"Feature","properties":{"Contents":"4","TEXTSTRING":"4","TEXT_SIZE":0.6,"TEXT_ANGLE":2.7860519036054439},"geometry":{"type":"Point","coordinates":[614875.3804095,9762921.3525345,0.0]}},
{"type":"Feature","properties":{"Contents":"5","TEXTSTRING":"5","TEXT_SIZE":0.6,"TEXT_ANGLE":2.7860519036054439},"geometry":{"type":"Point","coordinates":[614877.6597342,9762920.6128694,0.0]}},
{"type":"Feature","properties":{"Contents":"6","TEXTSTRING":"6","TEXT_SIZE":0.6,"TEXT_ANGLE":2.7860519036054439},"geometry":{"type":"Point","coordinates":[614880.0634563,9762919.986742,0.0]}},
{"type":"Feature","properties":{"Contents":"7","TEXTSTRING":"7","TEXT_SIZE":0.6,"TEXT_ANGLE":2.7860519036054439},"geometry":{"type":"Point","coordinates":[614882.3037334,9762919.2956419,0.0]}},
{"type":"Feature","properties":{"Contents":"8","TEXTSTRING":"8","TEXT_SIZE":0.6,"TEXT_ANGLE":2.7860519036054439},"geometry":{"type":"Point","coordinates":[614884.6844458,9762918.4578563,0.0]}},
{"type":"Feature","properties":{"Contents":"01","TEXTSTRING":"01","TEXT_SIZE":0.6,"TEXT_ANGLE":2.7860519036054439},"geometry":{"type":"Point","coordinates":[615419.9450276,9762982.2457062,0.0]}},
{"type":"Feature","properties":{"Contents":"02","TEXTSTRING":"02","TEXT_SIZE":0.6,"TEXT_ANGLE":2.7860519036054439},"geometry":{"type":"Point","coordinates":[615423.8767755,9762985.3346151,0.0]}},
{"type":"Feature","properties":{"Contents":"03","TEXTSTRING":"03","TEXT_SIZE":0.6,"TEXT_ANGLE":2.7860519036054439},"geometry":{"type":"Point","coordinates":[615427.8001054,9762988.4342092,0.0]}},
{"type":"Feature","properties":{"Contents":"01","TEXTSTRING":"01","TEXT_SIZE":0.6,"TEXT_ANGLE":2.7860519036054439},"geometry":{"type":"Point","coordinates":[615218.5205145,9762525.1617192,0.0]}},
{"type":"Feature","properties":{"Contents":"02","TEXTSTRING":"02","TEXT_SIZE":0.6,"TEXT_ANGLE":2.7860519036054439},"geometry":{"type":"Point","coordinates":[615223.5006654,9762524.7166377,0.0]}},
{"type":"Feature","properties":{"Contents":"03","TEXTSTRING":"03","TEXT_SIZE":0.6,"TEXT_ANGLE":2.7860519036054439},"geometry":{"type":"Point","coordinates":[615228.4808162,9762524.2715562,0.0]}},
{"type":"Feature","properties":{"Contents":"04","TEXTSTRING":"04","TEXT_SIZE":0.6,"TEXT_ANGLE":2.7860519036054439},"geometry":{"type":"Point","coordinates":[615233.4609671,9762523.8264747,0.0]}},
{"type":"Feature","properties":{"Contents":"05","TEXTSTRING":"05","TEXT_SIZE":0.6,"TEXT_ANGLE":2.7860519036054439},"geometry":{"type":"Point","coordinates":[615238.4411179,9762523.3813932,0.0]}},
{"type":"Feature","properties":{"Contents":"06","TEXTSTRING":"06","TEXT_SIZE":0.6,"TEXT_ANGLE":2.7860519036054439},"geometry":{"type":"Point","coordinates":[615243.4212688,9762522.9363117,0.0]}},
{"type":"Feature","properties":{"Contents":"01","TEXTSTRING":"01","TEXT_SIZE":0.6,"TEXT_ANGLE":2.7860519036054439},"geometry":{"type":"Point","coordinates":[615209.8326387,9762536.1343821,0.0]}},
{"type":"Feature","properties":{"Contents":"02","TEXTSTRING":"02","TEXT_SIZE":0.6,"TEXT_ANGLE":2.7860519036054439},"geometry":{"type":"Point","coordinates":[615212.467834,9762535.8546585,0.0]}},
{"type":"Feature","properties":{"Contents":"03","TEXTSTRING":"03","TEXT_SIZE":0.6,"TEXT_ANGLE":2.7860519036054439},"geometry":{"type":"Point","coordinates":[615214.7261936,9762535.6156006,0.0]}},
{"type":"Feature","properties":{"Contents":"04","TEXTSTRING":"04","TEXT_SIZE":0.6,"TEXT_ANGLE":2.7860519036054439},"geometry":{"type":"Point","coordinates":[615217.1170897,9762535.427468,0.0]}},
{"type":"Feature","properties":{"Contents":"05","TEXTSTRING":"05","TEXT_SIZE":0.6,"TEXT_ANGLE":2.7860519036054439},"geometry":{"type":"Point","coordinates":[615219.4772407,9762535.2698347,0.0]}},
{"type":"Feature","properties":{"Contents":"06","TEXTSTRING":"06","TEXT_SIZE":0.6,"TEXT_ANGLE":2.7860519036054439},"geometry":{"type":"Point","coordinates":[615221.8749921,9762535.0827281,0.0]}},
{"type":"Feature","properties":{"Contents":"07","TEXTSTRING":"07","TEXT_SIZE":0.6,"TEXT_ANGLE":2.7860519036054439},"geometry":{"type":"Point","coordinates":[615224.2854155,9762534.8336903,0.0]}},
{"type":"Feature","properties":{"Contents":"08","TEXTSTRING":"08","TEXT_SIZE":0.6,"TEXT_ANGLE":2.7860519036054439},"geometry":{"type":"Point","coordinates":[615226.6856598,9762534.6151518,0.0]}},
{"type":"Feature","properties":{"Contents":"09","TEXTSTRING":"09","TEXT_SIZE":0.6,"TEXT_ANGLE":2.7860519036054439},"geometry":{"type":"Point","coordinates":[615229.0703238,9762534.3674197,0.0]}},
{"type":"Feature","properties":{"Contents":"10","TEXTSTRING":"10","TEXT_SIZE":0.6,"TEXT_ANGLE":2.7860519036054439},"geometry":{"type":"Point","coordinates":[615231.4495866,9762534.1389013,0.0]}},
{"type":"Feature","properties":{"Contents":"11","TEXTSTRING":"11","TEXT_SIZE":0.6,"TEXT_ANGLE":2.7860519036054439},"geometry":{"type":"Point","coordinates":[615233.8184625,9762533.9615881,0.0]}},
{"type":"Feature","properties":{"Contents":"12","TEXTSTRING":"12","TEXT_SIZE":0.6,"TEXT_ANGLE":2.7860519036054439},"geometry":{"type":"Point","coordinates":[615236.2409347,9762533.7042492,0.0]}},
{"type":"Feature","properties":{"Contents":"13","TEXTSTRING":"13","TEXT_SIZE":0.6,"TEXT_ANGLE":2.7860519036054439},"geometry":{"type":"Point","coordinates":[615238.6399325,9762533.4758241,0.0]}},
{"type":"Feature","properties":{"Contents":"14","TEXTSTRING":"14","TEXT_SIZE":0.6,"TEXT_ANGLE":2.7860519036054439},"geometry":{"type":"Point","coordinates":[615241.0798547,9762533.2577519,0.0]}},
{"type":"Feature","properties":{"Contents":"15","TEXTSTRING":"15","TEXT_SIZE":0.6,"TEXT_ANGLE":2.7860519036054439},"geometry":{"type":"Point","coordinates":[615243.4589097,9762532.9493944,0.0]}},
{"type":"Feature","properties":{"Contents":"16","TEXTSTRING":"16","TEXT_SIZE":0.6,"TEXT_ANGLE":2.7860519036054439},"geometry":{"type":"Point","coordinates":[615245.764218,9762532.6902835,0.0]}},
{"type":"Feature","properties":{"Contents":"17","TEXTSTRING":"17","TEXT_SIZE":0.6,"TEXT_ANGLE":2.7860519036054439},"geometry":{"type":"Point","coordinates":[614793.0573143,9763056.8085951,0.0]}},
{"type":"Feature","properties":{"Contents":"27","TEXTSTRING":"27","TEXT_SIZE":0.6,"TEXT_ANGLE":2.7860519036054439},"geometry":{"type":"Point","coordinates":[615342.3268849,9762604.0726051,0.0]}},
{"type":"Feature","properties":{"Contents":"28","TEXTSTRING":"28","TEXT_SIZE":0.6,"TEXT_ANGLE":2.7860519036054439},"geometry":{"type":"Point","coordinates":[615344.6000053,9762603.3025899,0.0]}},
{"type":"Feature","properties":{"Contents":"16","TEXTSTRING":"16","TEXT_SIZE":0.6,"TEXT_ANGLE":2.7860519036054439},"geometry":{"type":"Point","coordinates":[615460.9795749,9763016.8868476,0.0]}},
{"type":"Feature","properties":{"Contents":"18","TEXTSTRING":"18","TEXT_SIZE":0.6,"TEXT_ANGLE":2.7860519036054439},"geometry":{"type":"Point","coordinates":[615388.1727469,9763001.4810547,0.0]}},
{"type":"Feature","properties":{"Contents":"16","TEXTSTRING":"16","TEXT_SIZE":0.6,"TEXT_ANGLE":2.7860519036054439},"geometry":{"type":"Point","coordinates":[615437.543709,9762938.106334,0.0]}},
{"type":"Feature","properties":{"Contents":"17","TEXTSTRING":"17","TEXT_SIZE":0.6,"TEXT_ANGLE":2.7860519036054439},"geometry":{"type":"Point","coordinates":[615439.8816706,9762938.6484923,0.0]}},
{"type":"Feature","properties":{"Contents":"18","TEXTSTRING":"18","TEXT_SIZE":0.6,"TEXT_ANGLE":2.7860519036054439},"geometry":{"type":"Point","coordinates":[615442.2196322,9762939.1906505,0.0]}},
{"type":"Feature","properties":{"Contents":"6","TEXTSTRING":"6","TEXT_SIZE":0.6,"TEXT_ANGLE":2.7860519036054439},"geometry":{"type":"Point","coordinates":[615445.405163,9762945.2955379,0.0]}},
{"type":"Feature","properties":{"Contents":"1","TEXTSTRING":"1","TEXT_SIZE":0.6,"TEXT_ANGLE":2.7860519036054439},"geometry":{"type":"Point","coordinates":[615422.9361195,9762956.4002761,0.0]}},
{"type":"Feature","properties":{"Contents":"2","TEXTSTRING":"2","TEXT_SIZE":0.6,"TEXT_ANGLE":2.7860519036054439},"geometry":{"type":"Point","coordinates":[615425.1054738,9762957.9570094,0.0]}},
{"type":"Feature","properties":{"Contents":"3","TEXTSTRING":"3","TEXT_SIZE":0.6,"TEXT_ANGLE":2.7860519036054439},"geometry":{"type":"Point","coordinates":[615426.8009241,9762959.3771068,0.0]}},
{"type":"Feature","properties":{"Contents":"4","TEXTSTRING":"4","TEXT_SIZE":0.6,"TEXT_ANGLE":2.7860519036054439},"geometry":{"type":"Point","coordinates":[615428.5772192,9762960.892641,0.0]}},
{"type":"Feature","properties":{"Contents":"5","TEXTSTRING":"5","TEXT_SIZE":0.6,"TEXT_ANGLE":2.7860519036054439},"geometry":{"type":"Point","coordinates":[615430.4399969,9762962.4464079,0.0]}},
{"type":"Feature","properties":{"Contents":"6","TEXTSTRING":"6","TEXT_SIZE":0.6,"TEXT_ANGLE":2.7860519036054439},"geometry":{"type":"Point","coordinates":[615432.4068264,9762963.9071827,0.0]}},
{"type":"Feature","properties":{"Contents":"7","TEXTSTRING":"7","TEXT_SIZE":0.6,"TEXT_ANGLE":2.7860519036054439},"geometry":{"type":"Point","coordinates":[615434.2774629,9762965.4107514,0.0]}},
{"type":"Feature","properties":{"Contents":"8","TEXTSTRING":"8","TEXT_SIZE":0.6,"TEXT_ANGLE":2.7860519036054439},"geometry":{"type":"Point","coordinates":[615436.1480994,9762966.9143202,0.0]}},
{"type":"Feature","properties":{"Contents":"10","TEXTSTRING":"10","TEXT_SIZE":0.6,"TEXT_ANGLE":2.7860519036054439},"geometry":{"type":"Point","coordinates":[615885.4866597,9762112.597194,0.0]}},
{"type":"Feature","properties":{"Contents":"8","TEXTSTRING":"8","TEXT_SIZE":0.6,"TEXT_ANGLE":2.7860519036054439},"geometry":{"type":"Point","coordinates":[616002.0190117,9762060.2699171,0.0]}},
{"type":"Feature","properties":{"Contents":"13","TEXTSTRING":"13","TEXT_SIZE":0.6,"TEXT_ANGLE":2.7860519036054439},"geometry":{"type":"Point","coordinates":[616014.0962941,9762086.1436249,0.0]}},
{"type":"Feature","properties":{"Contents":"14","TEXTSTRING":"14","TEXT_SIZE":0.6,"TEXT_ANGLE":2.7860519036054439},"geometry":{"type":"Point","coordinates":[616016.9641585,9762084.8483814,0.0]}},
{"type":"Feature","properties":{"Contents":"18","TEXTSTRING":"18","TEXT_SIZE":0.6,"TEXT_ANGLE":2.7860519036054439},"geometry":{"type":"Point","coordinates":[616333.2667582,9762084.3169713,0.0]}},
{"type":"Feature","properties":{"Contents":"1","TEXTSTRING":"1","TEXT_SIZE":0.6,"TEXT_ANGLE":2.7860519036054439},"geometry":{"type":"Point","coordinates":[616842.0015683,9762261.5082548,0.0]}},
{"type":"Feature","properties":{"Contents":"2","TEXTSTRING":"2","TEXT_SIZE":0.6,"TEXT_ANGLE":2.7860519036054439},"geometry":{"type":"Point","coordinates":[616844.928224,9762262.8055242,0.0]}},
{"type":"Feature","properties":{"Contents":"3","TEXTSTRING":"3","TEXT_SIZE":0.6,"TEXT_ANGLE":2.7860519036054439},"geometry":{"type":"Point","coordinates":[616847.1392723,9762262.2742945,0.0]}},
{"type":"Feature","properties":{"Contents":"4","TEXTSTRING":"4","TEXT_SIZE":0.6,"TEXT_ANGLE":2.7860519036054439},"geometry":{"type":"Point","coordinates":[616849.5137051,9762261.6829791,0.0]}},
{"type":"Feature","properties":{"Contents":"16","TEXTSTRING":"16","TEXT_SIZE":0.6,"TEXT_ANGLE":2.7860519036054439},"geometry":{"type":"Point","coordinates":[614822.6026116,9762442.0623606,0.0]}},
{"type":"Feature","properties":{"Contents":"17","TEXTSTRING":"17","TEXT_SIZE":0.6,"TEXT_ANGLE":2.7860519036054439},"geometry":{"type":"Point","coordinates":[614824.9318197,9762441.4837505,0.0]}},
{"type":"Feature","properties":{"Contents":"12","TEXTSTRING":"12","TEXT_SIZE":0.6,"TEXT_ANGLE":2.7860519036054439},"geometry":{"type":"Point","coordinates":[614750.9635344,9762443.4026365,0.0]}},
{"type":"Feature","properties":{"Contents":"18","TEXTSTRING":"18","TEXT_SIZE":0.6,"TEXT_ANGLE":2.7860519036054439},"geometry":{"type":"Point","coordinates":[614799.8733634,9762513.2489422,0.0]}}
]
}
