{
"type": "FeatureCollection",
"name": "senderos",
"crs": { "type": "name", "properties": { "name": "urn:ogc:def:crs:EPSG::32717" } },
"xy_coordinate_resolution": 1e-07,
"features": [
{"type":"Feature","properties":{"senderos":"TURISTICO","vehicular":"TURISTICO"},"geometry":{"type":"MultiLineString","coordinates":[[[615519.9184,9762021.7071,118.1434],[615517.3399,9762018.7986,118.1434],[615507.4183,9762017.0476,118.1434],[615497.9005,9762020.3264,118.1434],[615487.7802,9762020.7865,118.1434],[615481.6132,9762012.4884,118.1434],[615472.067,9762006.7353,118.1434],[615462.6326,9762001.7228,118.1434],[615453.0205,9761997.2741,118.1434],[615443.0979,9761994.0086,118.1434],[615433.442,9761990.4555,118.1434],[615422.6105,9761991.7563,118.1434],[615412.2343,9761992.1061,118.1434],[615402.6164,9761995.2633,118.1434],[615394.9137,9762001.8794,118.1434],[615385.9758,9762007.612,118.1434],[615376.9147,9762011.9517,118.1434],[615367.8542,9762017.1316,118.1434],[615357.7674,9762017.6801,118.1434],[615347.8816,9762019.5883,118.1434],[615337.629,9762021.6736,118.1434],[615327.0176,9762019.5251,118.1434],[615316.7754,9762020.6707,118.1434],[615308.5054,9762027.0993,118.1434],[615298.0954,9762026.7526,118.1434],[615288.6506,9762022.9451,118.1434],[615278.5862,9762023.7037,118.1434],[615269.7034,9762028.5518,118.1434],[615259.6291,9762031.1897,118.1434],[615250.6349,9762035.85,118.1434],[615242.0868,9762042.2787,118.1434],[615231.3,9762043.8116,118.1434],[615220.9144,9762046.7151,118.1434],[615210.4162,9762047.3745,118.1434],[615200.1734,9762047.5473,118.1434],[615190.1539,9762049.0465,118.1434],[615179.6896,9762050.6013,118.1434],[615171.2104,9762043.8746,118.1434],[615168.7236,9762034.0484,118.1434],[615172.298,9762024.1075,118.1434],[615176.5397,9762014.1883,118.1434],[615185.311,9762008.8649,118.1434],[615193.1136,9762001.9171,118.1434],[615197.9007,9761992.7935,118.1434],[615207.1172,9761987.9562,118.1434],[615215.8107,9761982.7987,118.1434],[615221.4325,9761974.4152,118.1434],[615221.0809,9761964.3222,118.1434],[615229.7075,9761958.8331,118.1434],[615239.5807,9761954.8466,118.1434],[615247.0051,9761947.8106,118.1434],[615252.9939,9761939.5374,118.1434],[615259.0163,9761931.3636,118.1434],[615263.1361,9761922.1299,118.1434],[615270.3152,9761914.265,118.1434],[615275.8368,9761905.782,118.1434],[615277.2866,9761895.323,118.1434],[615278.3586,9761885.3065,118.1434],[615279.9978,9761875.2453,118.1434],[615284.6403,9761865.9892,118.1434],[615287.9924,9761856.3912,118.1434],[615292.5013,9761846.8919,118.1434],[615298.2673,9761837.9002,118.1434],[615305.6692,9761830.5326,118.1434],[615316.0224,9761829.1989,118.1434],[615314.9255,9761818.9849,118.1434],[615313.5618,9761808.8816,118.1434],[615316.458,9761799.2065,118.1434],[615318.82,9761789.189,118.1434],[615320.5105,9761789.1989,118.1434],[615325.4533,9761780.0199,118.1434],[615328.2156,9761769.6706,118.1434],[615333.0468,9761759.961,118.1434],[615337.4781,9761750.8377,118.1434],[615342.7544,9761741.4484,118.1434],[615349.422,9761733.639,118.1434],[615352.7739,9761723.7425,118.1434],[615345.2843,9761716.5287,118.1434],[615351.9852,9761708.642,118.1434],[615357.8736,9761699.9598,118.1434]]]}},
{"type":"Feature","properties":{"senderos":"TURISTICO","vehicular":null},"geometry":{"type":"MultiLineString","coordinates":[[[615318.82,9761789.189,192.2573],[615316.9866,9761773.5144,192.2573],[615311.566,9761749.509,192.2573],[615315.0507,9761733.6344,192.2573],[615320.4713,9761710.2097,192.2573],[615326.8559,9761683.8517,192.2573],[615327.9275,9761673.2603,192.2573],[615329.1218,9761663.2989,192.2573],[615331.1502,9761653.2264,192.2573],[615331.3213,9761643.1995,192.2573],[615336.5293,9761641.1654,192.2573],[615348.022,9761640.7549,192.2573],[615355.415,9761641.2423,192.2573],[615609.9272,9761742.3386,192.2573],[615690.1819,9761774.8288,192.2573],[615750.7312,9761799.3415,192.2573],[615756.272,9761802.6321,192.2573],[615760.1562,9761806.7198,192.2573]]]}},
{"type":"Feature","properties":{"senderos":"SERVIDUMBRE POLIDUCTO","vehicular":"SERV"},"geometry":{"type":"MultiLineString","coordinates":[[[614731.4232,9763463.3049,0.0],[614693.9992,9763375.9415,0.0],[614690.1318,9763266.8805,0.0],[614698.6401,9763181.024,0.0],[614687.0379,9763129.2007,0.0],[614687.8114,9763041.7972,0.0],[614670.7948,9762944.3385,0.0],[614642.1759,9762788.0952,0.0],[614622.0654,9762707.653,0.0],[614587.2587,9762563.7854,0.0],[614561.7338,9762488.7576,0.0],[614542.3968,9762424.5586,0.0],[614525.3802,9762385.8845,0.0],[614516.8719,9762334.0612,0.0],[614507.5901,9762271.4092,0.0],[614490.5735,9762197.9284,0.0],[614472.0099,9762146.8786,0.0],[614455.7668,9762099.6962,0.0],[614423.2805,9762044.0055,0.0],[614394.6617,9761995.2761,0.0],[614369.9103,9761943.4528,0.0],[614353.6672,9761911.7401,0.0],[614329.9754,9761854.0674,0.0]]]}},
{"type":"Feature","properties":{"senderos":"CIENTÍFICO - ACADÉMICO","vehicular":"CIENTÍFICO"},"geometry":{"type":"MultiLineString","coordinates":[[[615331.3213,9761643.1995,193.3823],[615324.9544,9761635.2332,193.3823],[615316.2309,9761629.0262,193.3823],[615308.8531,9761623.9452,193.3823],[615302.1978,9761622.0227,193.3823],[615294.9824,9761619.6439,193.3823],[615285.5822,9761615.8474,193.3823],[615275.7484,9761612.3718,193.3823],[615266.0155,9761610.0679,193.3823],[615255.1821,9761608.4613,193.3823],[615246.2146,9761603.2936,193.3823],[615237.1142,9761598.8557,193.3823],[615227.7694,9761594.7607,193.3823],[615218.2023,9761590.9532,193.3823],[615209.8903,9761584.6576,193.3823],[615200.8787,9761579.9764,193.3823],[615192.4005,9761574.6758,193.3823],[615183.3779,9761570.1936,193.3823],[615175.1325,9761563.7762,193.3823],[615165.188,9761560.9972,193.3823],[615155.6876,9761557.1123,193.3823],[615145.4214,9761555.4942,193.3823],[615135.4769,9761552.7925,193.3823],[615126.4988,9761548.3545,193.3823],[615116.21,9761546.25,193.3823],[615106.19,9761546.8206,193.3823],[615096.3935,9761549.193,193.3823],[615085.6177,9761550.4827,193.3823],[615075.3539,9761552.4685,193.3823],[615064.8341,9761554.156,193.3823],[615054.6122,9761552.3058,193.3823],[615044.9566,9761549.0622,193.3823],[615038.1229,9761541.5494,193.3823],[615030.0997,9761534.8555,193.3823],[615026.7848,9761532.3597,193.3823],[615018.9698,9761538.8285,193.3823],[615009.3694,9761543.2493,193.3823],[615000.6988,9761549.3465,193.3823],[614994.2605,9761557.4122,193.3823],[614983.5407,9761559.3651,193.3823],[614974.8933,9761565.3186,193.3823],[614964.7476,9761570.8474,193.3823],[614954.1309,9761572.2265,193.3823],[614943.275,9761570.4065,193.3823],[614933.5153,9761572.738,193.3823],[614923.2715,9761571.4615,193.3823],[614912.5493,9761566.4697,193.3823],[614904.2294,9761560.1033,193.3823],[614898.8416,9761551.0971,193.3823],[614893.2967,9761541.6732,193.3823],[614883.4235,9761537.3917,193.3823],[614883.1839,9761526.9239,193.3823],[614878.5739,9761516.8659,193.3823],[614873.9268,9761507.7907,193.3823],[614867.5609,9761499.7061,193.3823],[614860.1415,9761492.7719,193.3823],[614852.5078,9761481.4491,193.3823],[614851.3767,9761471.4838,193.3823],[614850.9112,9761460.7641,193.3823],[614847.8157,9761450.2905,193.3823],[614844.4568,9761440.1322,193.3823],[614837.1486,9761433.2919,193.3823],[614829.7747,9761426.2184,193.3823],[614821.4577,9761420.638,193.3823],[614805.4656,9761411.6733,193.3823],[614795.1444,9761407.8122,193.3823],[614785.2063,9761406.1905,193.3823],[614775.044,9761408.5809,193.3823],[614764.5934,9761407.2791,193.3823],[614756.7038,9761413.7748,193.3823],[614746.1869,9761416.4207,193.3823],[614738.1713,9761424.0674,193.3823],[614729.945,9761431.1105,193.3823],[614719.8771,9761434.8971,193.3823],[614710.5932,9761440.1943,193.3823],[614701.2536,9761443.8797,193.3823],[614697.8328,9761453.9697,193.3823],[614690.6778,9761461.3095,193.3823],[614684.3062,9761469.4116,193.3823],[614679.4892,9761478.8027,193.3823],[614671.9858,9761485.6475,193.3823],[614665.5825,9761494.5002,193.3823],[614661.0688,9761503.4666,193.3823],[614654.8721,9761511.95,193.3823],[614647.9057,9761520.2924,193.3823],[614639.4704,9761527.3622,193.3823],[614630.3652,9761532.269,193.3823],[614622.6925,9761538.821,193.3823],[614615.371,9761546.6993,193.3823],[614606.2141,9761550.8113,193.3823],[614596.553,9761555.9098,193.3823],[614587.7636,9761560.6848,193.3823],[614579.5764,9761567.9126,193.3823],[614570.5643,9761573.9171,193.3823],[614560.3295,9761577.623,193.3823],[614552.6563,9761585.0748,193.3823],[614543.6084,9761590.8461,193.3823],[614533.788,9761595.644,193.3823],[614526.3729,9761603.2327,193.3823],[614517.2755,9761608.1251,193.3823],[614507.4068,9761613.7521,193.3823],[614498.2327,9761620.2587,193.3823],[614485.5421,9761625.4277,193.3823],[614475.8221,9761630.6931,193.3823],[614469.6301,9761639.4528,193.3823],[614460.5267,9761645.4342,193.3823],[614452.1248,9761652.4763,193.3823],[614447.9354,9761662.5502,193.3823],[614439.7899,9761668.8206,193.3823],[614431.8215,9761675.6403,193.3823],[614426.2989,9761684.3188,193.3823],[614420.3626,9761693.0673,193.3823],[614413.5156,9761702.0485,193.3823],[614406.6267,9761709.8768,193.3823],[614398.3988,9761716.2445,193.3823],[614389.7746,9761721.8861,193.3823],[614381.012,9761728.5007,193.3823],[614372.957,9761735.5061,193.3823],[614366.0113,9761743.3134,193.3823],[614358.986,9761751.7575,193.3823],[614356.1477,9761761.4458,193.3823],[614355.5034,9761772.4381,193.3823],[614354.3193,9761782.7819,193.3823],[614354.4991,9761793.7815,193.3823],[614351.3138,9761803.5485,193.3823],[614348.3922,9761813.4701,193.3823],[614351.0153,9761824.3077,193.3823],[614348.5326,9761835.2151,193.3823],[614339.5177,9761842.083,193.3823],[614329.8264,9761846.9537,193.3823],[614329.9754,9761854.0674,193.3823]]]}},
{"type":"Feature","properties":{"senderos":"CIENTÍFICO - ACADÉMICO","vehicular":"CIENTÍFICO"},"geometry":{"type":"MultiLineString","coordinates":[[[614329.9754,9761854.0674,91.0977],[614330.0961,9761859.8293,91.0977],[614324.893,9761873.4823,91.0977],[614317.0237,9761880.5075,91.0977],[614311.0968,9761881.7717,91.0977],[614305.7399,9761887.497,91.0977],[614301.8236,9761894.0835,91.0977],[614291.855,9761895.8024,91.0977],[614285.2762,9761903.5011,91.0977],[614278.9312,9761911.4428,91.0977],[614270.4491,9761916.7438,91.0977],[614260.6304,9761919.0941,91.0977],[614255.3423,9761927.5879,91.0977],[614247.673,9761934.2702,91.0977],[614238.356,9761938.5216,91.0977],[614230.2305,9761944.8947,91.0977],[614221.8932,9761950.4942,91.0977],[614214.8361,9761957.9831,91.0977],[614205.9424,9761963.2181,91.0977],[614198.9745,9761971.0276,91.0977],[614195.4442,9761980.3935,91.0977],[614186.9398,9761985.7167,91.0977],[614179.9938,9761993.106,91.0977],[614175.763,9762002.7046,91.0977],[614170.8087,9762011.4192,91.0977],[614164.4527,9762019.5157,91.0977],[614159.8099,9762028.4512,91.0977],[614151.8515,9762035.2664,91.0977],[614145.1283,9762043.1753,91.0977],[614141.4427,9762053.2598,91.0977],[614139.8596,9762064.0395,91.0977],[614126.2447,9762093.7975,91.0977],[614127.586,9762103.8124,91.0977],[614129.6171,9762114.1695,91.0977],[614130.9696,9762124.2949,91.0977],[614125.9376,9762133.2196,91.0977],[614123.531,9762143.3697,91.0977],[614119.4222,9762152.537,91.0977],[614114.4237,9762161.6607,91.0977],[614106.7542,9762168.1551,91.0977],[614104.1696,9762178.0731,91.0977],[614095.8993,9762184.1589,91.0977],[614094.9497,9762194.3301,91.0977],[614094.9564,9762204.3459,91.0977],[614087.1758,9762210.9178,91.0977],[614078.6384,9762216.8489,91.0977],[614070.5465,9762223.6311,91.0977],[614064.5799,9762231.9373,91.0977],[614056.9442,9762239.095,91.0977],[614051.1556,9762247.567,91.0977],[614048.0372,9762257.607,91.0977],[614044.496,9762267.3819,91.0977],[614040.9331,9762277.9528,91.0977],[614035.2226,9762286.8006,91.0977],[614030.4465,9762295.9021,91.0977],[614024.8803,9762304.3518,91.0977],[614018.4351,9762312.2383,91.0977],[614010.6101,9762319.0865,91.0977],[614002.618,9762325.4374,91.0977],[613994.7037,9762331.722,91.0977],[613985.6315,9762336.0616,91.0977],[613975.7019,9762338.9536,91.0977],[613965.9395,9762342.2214,91.0977],[613955.7853,9762341.8965,91.0977],[613945.3657,9762343.7829,91.0977],[613935.8265,9762348.2554,91.0977],[613926.232,9762353.2698,91.0977],[613916.1801,9762356.1729,91.0977],[613906.4838,9762358.6447,91.0977],[613898.4027,9762365.0398,91.0977],[613889.609,9762370.1089,91.0977],[613880.1472,9762373.9071,91.0977],[613870.7081,9762378.5012,91.0977],[613860.5791,9762382.4878,91.0977],[613849.1256,9762385.027,91.0977],[613839.1477,9762382.1816,91.0977],[613829.5034,9762379.3137,91.0977],[613819.8145,9762376.1475,91.0977],[613811.347,9762370.2056,91.0977],[613805.0468,9762361.9849,91.0977],[613795.0918,9762360.2339,91.0977],[613787.1357,9762353.9047,91.0977],[613780.7133,9762346.0268,91.0977],[613770.7476,9762344.718,91.0977],[613761.503,9762340.7555,91.0977],[613751.6141,9762337.9983,91.0977],[613742.9026,9762333.0184,91.0977],[613714.7112,9762318.6659,91.0977],[613704.6564,9762317.2465,91.0977],[613696.4113,9762311.1939,91.0977],[613694.0912,9762300.9697,91.0977],[613696.142,9762291.0299,91.0977],[613691.4092,9762281.8133,91.0977],[613684.22,9762274.754,91.0977],[613678.4536,9762266.5661,91.0977],[613673.3095,9762257.7367,91.0977],[613665.6092,9762251.341,91.0977],[613656.3199,9762247.0911,91.0977],[613651.2983,9762238.4164,91.0977]]]}},
{"type":"Feature","properties":{"senderos":"CIENTÍFICO - ACADÉMICO","vehicular":null},"geometry":{"type":"MultiLineString","coordinates":[[[614311.0968,9761881.7717,212.9098],[614309.5968,9761890.0189,212.9098],[614309.772,9761896.2657,212.9098],[614309.8515,9761898.7972,212.9098],[614308.274,9761901.3962,212.9098],[614306.4292,9761903.3873,212.9098],[614307.4667,9761908.1181,212.9098],[614307.1126,9761910.7716,212.9098],[614306.7694,9761913.027,212.9098],[614306.3597,9761915.7357,212.9098],[614306.4285,9761918.7869,212.9098],[614306.4195,9761922.026,212.9098],[614306.3324,9761924.7455,212.9098],[614307.5348,9761926.5577,212.9098],[614307.9589,9761928.8348,212.9098],[614308.2723,9761931.8305,212.9098],[614308.2854,9761934.7932,212.9098],[614307.8866,9761937.0155,212.9098],[614307.5323,9761939.481,212.9098],[614306.9225,9761942.1899,212.9098],[614306.4905,9761944.7881,212.9098],[614306.0916,9761946.933,212.9098],[614306.527,9761949.4974,212.9098],[614307.8304,9761952.6141,212.9098],[614307.8657,9761955.5436,212.9098],[614307.612,9761958.6281,212.9098],[614306.6127,9761961.0388,212.9098],[614305.1684,9761963.3281,212.9098],[614307.2706,9761963.6362,212.9098],[614306.8825,9761965.4163,212.9098],[614305.6273,9761967.584,212.9098],[614304.7504,9761970.1493,212.9098],[614306.609,9761972.0274,212.9098],[614308.3895,9761973.6513,212.9098],[614308.1685,9761975.7408,212.9098],[614307.5578,9761977.2889,212.9098],[614308.0486,9761979.4111,212.9098],[614308.2228,9761990.2891,212.9098],[614308.6858,9762000.7578,212.9098],[614309.4265,9762010.7289,212.9098],[614310.7346,9762020.9317,212.9098],[614311.0529,9762031.0578,212.9098],[614312.7614,9762041.371,212.9098],[614314.37,9762051.9384,212.9098],[614316.7457,9762062.0852,212.9098],[614319.2104,9762072.232,212.9098],[614324.9884,9762080.9616,212.9098],[614328.7316,9762090.4331,212.9098],[614332.2635,9762099.8827,212.9098],[614337.4966,9762108.7784,212.9098],[614345.4755,9762115.8593,212.9098],[614350.4977,9762125.3632,212.9098],[614358.3874,9762132.1124,212.9098],[614364.6209,9762140.311,212.9098],[614368.6533,9762149.7382,212.9098],[614373.2309,9762159.6624,212.9098],[614376.7073,9762169.3553,212.9098],[614376.0804,9762179.7916,212.9098],[614375.7426,9762190.1061,212.9098],[614374.2035,9762200.0897,212.9098],[614372.5089,9762210.571,212.9098],[614369.9575,9762220.301,212.9098],[614370.2601,9762226.7998,212.9098],[614367.6511,9762230.5063,212.9098],[614365.7004,9762240.3465,212.9098],[614368.8654,9762250.0064,212.9098],[614371.5077,9762259.722,212.9098],[614374.1726,9762269.8797,212.9098],[614377.1043,9762279.7719,212.9098],[614375.2762,9762290.1869,212.9098],[614372.9028,9762299.9279,212.9098],[614372.0422,9762310.1764,212.9098],[614370.5813,9762320.7459,212.9098],[614369.7094,9762330.7734,212.9098],[614368.9599,9762340.8339,212.9098],[614364.9293,9762350.4323,212.9098],[614361.9775,9762360.0631,212.9098],[614356.7672,9762368.6121,212.9098],[614351.8565,9762359.5393,212.9098],[614343.7334,9762352.9781,212.9098],[614336.8327,9762345.0785,212.9098],[614327.1422,9762339.6681,212.9098],[614316.7325,9762339.7083,212.9098],[614306.5215,9762337.482,212.9098],[614296.3352,9762339.0255,212.9098],[614286.9963,9762343.697,212.9098],[614276.2967,9762342.6429,212.9098],[614268.8167,9762349.8226,212.9098],[614260.2121,9762354.9579,212.9098],[614250.1492,9762357.9606,212.9098],[614240.2525,9762360.1119,212.9098],[614230.5911,9762364.9936,212.9098],[614222.1096,9762371.1348,212.9098],[614215.9871,9762379.2975,212.9098],[614209.3415,9762386.9188,212.9098],[614209.9379,9762397.1995,212.9098],[614215.4492,9762406.3825,212.9098],[614219.0704,9762416.2963,212.9098],[614220.2292,9762419.8855,212.9098],[614212.4169,9762428.605,212.9098],[614204.2354,9762434.5028,212.9098],[614195.03,9762439.2294,212.9098],[614184.8757,9762438.8051,212.9098],[614174.6782,9762440.1275,212.9098],[614165.4393,9762444.7989,212.9098],[614156.5122,9762449.868,212.9098],[614147.1285,9762454.2742,212.9098],[614137.6665,9762457.7408,212.9098],[614127.3901,9762457.5708,212.9098],[614117.0572,9762456.1295,212.9098],[614109.0432,9762463.0664,212.9098],[614101.0066,9762469.3289,212.9098],[614090.8308,9762469.9327,212.9098],[614081.0006,9762471.8076,212.9098],[614071.1928,9762473.7819,212.9098],[614061.8313,9762478.0444,212.9098],[614051.7666,9762478.4712,212.9098],[614041.623,9762477.2841,212.9098],[614035.2915,9762480.5065,212.9098],[614032.1618,9762482.0993,212.9098],[614031.0284,9762482.7215,212.9098],[614028.5887,9762454.8398,212.9098],[614033.7742,9762422.3308,212.9098],[614029.3865,9762397.999,212.9098],[614022.6055,9762373.6671,212.9098],[614009.0435,9762345.3464,212.9098],[613989.6932,9762334.1536,212.9098]]]}},
{"type":"Feature","properties":{"senderos":"CIENTÍFICO - ACADÉMICO","vehicular":null},"geometry":{"type":"MultiLineString","coordinates":[[[615622.1449,9762814.7837,0.0],[615626.5734,9762817.8534,0.0],[615628.9979,9762821.1625,0.0],[615630.2729,9762823.4799,0.0],[615631.0918,9762825.5101,0.0],[615631.5061,9762828.0492,0.0],[615632.4822,9762830.7724,0.0],[615633.1391,9762833.4993,0.0],[615633.5065,9762835.7222,0.0],[615634.2364,9762837.7746,0.0],[615634.8795,9762839.8757,0.0],[615635.4284,9762842.4445,0.0],[615635.8953,9762845.3273,0.0],[615636.7386,9762847.383,0.0],[615637.3461,9762849.4863,0.0],[615638.3018,9762851.5419,0.0],[615640.5051,9762853.3977,0.0],[615643.1081,9762854.172,0.0],[615645.1393,9762854.7786,0.0],[615647.455,9762856.7249,0.0],[615649.4807,9762858.9379,0.0],[615650.1716,9762860.987,0.0],[615650.3133,9762863.2532,0.0],[615649.7312,9762865.9952,0.0],[615648.6517,9762868.1649,0.0],[615647.7536,9762870.6131,0.0],[615646.8554,9762872.7639,0.0],[615645.9038,9762875.0894,0.0],[615644.6286,9762877.3544,0.0],[615644.0562,9762879.464,0.0],[615643.4983,9762881.7064,0.0],[615642.2955,9762884.1912,0.0],[615640.9234,9762886.2738,0.0],[615639.0117,9762888.0262,0.0],[615638.1278,9762890.1439,0.0],[615637.3418,9762892.1973,0.0],[615636.3024,9762894.5063,0.0],[615635.491,9762896.8063,0.0],[615634.112,9762898.5992,0.0],[615632.7799,9762900.6343,0.0],[615632.2087,9762902.9816,0.0],[615631.148,9762905.0076,0.0],[615629.8834,9762906.6258,0.0],[615628.1878,9762908.8325,0.0],[615627.0217,9762911.3759,0.0],[615627.2214,9762913.8134,0.0],[615627.4098,9762916.2244,0.0],[615627.3225,9762918.5736,0.0],[615627.2415,9762920.5757,0.0],[615627.1697,9762922.9559,0.0],[615627.0133,9762925.188,0.0],[615627.3164,9762927.6376,0.0],[615628.164,9762929.4788,0.0],[615628.4802,9762931.5834,0.0],[615629.5932,9762934.4448,0.0],[615629.9038,9762936.6036,0.0],[615629.8631,9762938.8224,0.0],[615629.4867,9762941.4493,0.0],[615629.0232,9762943.4882,0.0],[615627.8324,9762945.5607,0.0],[615625.6785,9762947.7245,0.0],[615623.8042,9762948.8667,0.0],[615621.9307,9762949.6882,0.0],[615619.7301,9762950.2436,0.0],[615617.6189,9762951.314,0.0],[615615.4384,9762951.9987,0.0],[615613.1919,9762953.7956,0.0],[615611.645,9762955.572,0.0],[615610.9779,9762957.5425,0.0],[615610.7551,9762960.1516,0.0],[615610.39,9762963.0439,0.0],[615611.3371,9762965.5682,0.0],[615612.4119,9762967.4558,0.0],[615612.5842,9762967.7584,0.0],[615614.439,9762969.023,0.0],[615616.2158,9762970.0698,0.0],[615619.1138,9762971.3159,0.0],[615621.7464,9762973.0608,0.0],[615623.2825,9762975.0298,0.0],[615624.8843,9762977.1037,0.0],[615625.5208,9762979.259,0.0],[615627.0037,9762981.3739,0.0],[615628.1472,9762983.3851,0.0],[615628.953,9762985.809,0.0],[615629.099,9762988.0154,0.0],[615630.8107,9762989.6681,0.0],[615632.5826,9762991.7552,0.0],[615634.0614,9762994.4693,0.0],[615635.938,9762996.6271,0.0],[615637.8125,9762998.9595,0.0],[615639.0397,9763001.3941,0.0],[615639.0984,9763004.3258,0.0],[615638.8256,9763007.082,0.0],[615638.7917,9763009.5285,0.0],[615640.0445,9763011.9155,0.0],[615641.3113,9763013.6713,0.0],[615642.9064,9763015.6513,0.0],[615644.768,9763017.1668,0.0],[615646.7852,9763018.3383,0.0],[615648.4833,9763019.7599,0.0],[615649.9434,9763021.1287,0.0],[615652.4479,9763022.6714,0.0],[615654.3276,9763024.4687,0.0],[615656.5069,9763025.3793,0.0],[615658.2731,9763027.1823,0.0],[615660.3418,9763028.88,0.0],[615662.1229,9763031.3772,0.0],[615663.0117,9763033.277,0.0],[615664.0028,9763035.1722,0.0],[615665.2263,9763036.9026,0.0],[615666.3312,9763039.3329,0.0],[615667.2881,9763041.656,0.0],[615668.1573,9763044.1892,0.0],[615668.6083,9763046.6177,0.0],[615668.4797,9763048.8674,0.0],[615668.9615,9763050.8548,0.0],[615669.8305,9763053.084,0.0],[615670.667,9763054.9362,0.0],[615671.2422,9763056.9589,0.0],[615671.5742,9763059.3422,0.0],[615671.4625,9763061.9899,0.0],[615671.415,9763064.0804,0.0],[615671.1563,9763066.2817,0.0],[615670.7553,9763068.6521,0.0],[615670.478,9763071.3752,0.0],[615670.66,9763074.0923,0.0],[615672.1604,9763075.9055,0.0],[615674.31,9763077.1853,0.0],[615675.1168,9763079.6002,0.0],[615675.7726,9763082.2563,0.0],[615676.4392,9763084.6095,0.0],[615677.4836,9763086.3731,0.0],[615679.182,9763088.0689,0.0],[615680.9013,9763089.6973,0.0],[615681.8959,9763091.713,0.0],[615682.8662,9763094.1831,0.0],[615683.4529,9763096.6447,0.0],[615684.362,9763098.9678,0.0],[615686.1213,9763100.375,0.0],[615687.8872,9763101.6993,0.0],[615689.8737,9763103.6514,0.0],[615691.6722,9763105.4157,0.0],[615693.8313,9763106.0443,0.0],[615695.6603,9763106.985,0.0],[615697.6621,9763108.371,0.0],[615699.5609,9763110.6327,0.0],[615701.0935,9763112.2258,0.0],[615702.8092,9763113.4119,0.0],[615704.5574,9763114.8822,0.0],[615706.0743,9763116.3824,0.0],[615707.4456,9763117.9524,0.0],[615708.8138,9763119.9093,0.0],[615709.8673,9763121.9714,0.0],[615710.7873,9763124.079,0.0],[615712.0025,9763126.7004,0.0],[615712.4042,9763128.7066,0.0],[615712.1924,9763131.2914,0.0],[615711.8616,9763133.81,0.0],[615711.0445,9763135.9541,0.0],[615710.3109,9763138.1744,0.0],[615709.2725,9763140.3298,0.0],[615707.8969,9763142.2266,0.0],[615706.4522,9763143.8925,0.0],[615704.2112,9763145.4472,0.0],[615702.0033,9763146.6858,0.0],[615701.1482,9763148.6088,0.0],[615700.6161,9763151.1773,0.0],[615700.4836,9763152.1031,0.0],[615700.2774,9763153.5433,0.0],[615699.7251,9763155.9127,0.0],[615699.4185,9763157.9935,0.0],[615699.2524,9763160.7673,0.0],[615699.5944,9763163.1196,0.0],[615699.9809,9763165.7128,0.0],[615699.9469,9763168.0786,0.0],[615701.0139,9763170.3552,0.0],[615701.8085,9763172.6917,0.0],[615702.8787,9763174.7151,0.0],[615704.4577,9763176.0628,0.0],[615705.9757,9763177.479,0.0],[615708.0591,9763177.9983,0.0],[615710.5261,9763178.2951,0.0],[615712.6176,9763179.2963,0.0],[615714.7324,9763180.1174,0.0],[615716.2416,9763181.6862,0.0],[615717.4849,9763183.2567,0.0],[615724.0,9763184.0,0.0],[615731.1364,9763197.2997,0.0],[615731.9761,9763197.5461,0.0],[615734.1345,9763198.7905,0.0],[615735.8273,9763200.5382,0.0],[615738.2626,9763201.7007,0.0],[615740.4864,9763202.4841,0.0],[615742.7166,9763203.011,0.0],[615744.8169,9763203.7823,0.0],[615746.4392,9763204.9995,0.0],[615747.522,9763207.6088,0.0],[615748.0306,9763209.7233,0.0],[615749.3287,9763211.6537,0.0],[615750.5101,9763213.7235,0.0],[615751.5514,9763215.7945,0.0],[615752.4461,9763218.1409,0.0],[615753.2594,9763220.2574,0.0],[615754.1507,9763222.6115,0.0],[615755.1763,9763224.5598,0.0],[615756.2108,9763226.3798,0.0],[615757.072,9763228.6146,0.0],[615757.4574,9763231.116,0.0],[615757.35,9763233.4343,0.0],[615757.09,9763235.4819,0.0],[615756.4698,9763237.7331,0.0],[615755.8995,9763239.6659,0.0],[615756.4703,9763241.7295,0.0],[615757.93,9763244.1529,0.0],[615758.9956,9763245.995,0.0],[615759.6675,9763247.9115,0.0],[615760.3286,9763250.153,0.0],[615761.1853,9763252.3701,0.0],[615762.8957,9763253.8226,0.0],[615764.9973,9763254.9112,0.0],[615767.3402,9763255.8869,0.0],[615769.3785,9763257.0485,0.0],[615771.3676,9763257.884,0.0],[615772.8622,9763259.3135,0.0],[615774.587,9763260.7008,0.0],[615776.9951,9763261.1646,0.0],[615779.2707,9763261.3676,0.0],[615782.0383,9763262.0379,0.0],[615784.7061,9763263.3472,0.0],[615786.0985,9763264.947,0.0],[615786.8238,9763266.8878,0.0],[615786.986,9763269.8316,0.0],[615787.3611,9763271.9163,0.0],[615787.2158,9763274.1351,0.0],[615786.5632,9763276.1343,0.0],[615785.9563,9763278.223,0.0],[615785.0168,9763280.2501,0.0],[615783.8803,9763282.1965,0.0],[615782.3755,9763283.6933,0.0],[615780.5225,9763285.1206,0.0],[615779.2245,9763286.657,0.0],[615779.1293,9763286.7409,0.0],[615777.4261,9763288.2413,0.0],[615775.5507,9763289.4354,0.0],[615773.9414,9763291.0749,0.0],[615772.5167,9763292.6225,0.0],[615771.2387,9763294.1832,0.0],[615768.949,9763296.0597,0.0],[615766.9045,9763297.2561,0.0],[615764.9189,9763298.3187,0.0],[615763.2315,9763299.5304,0.0],[615761.1881,9763300.7169,0.0],[615759.1992,9763301.7729,0.0],[615757.3237,9763302.9294,0.0],[615755.4474,9763304.4364,0.0],[615753.6902,9763306.0129,0.0],[615751.875,9763307.4059,0.0],[615750.2124,9763309.1891,0.0],[615748.9625,9763311.1644,0.0],[615748.0476,9763313.3064,0.0],[615747.0872,9763315.7303,0.0],[615746.4939,9763318.2258,0.0]]]}},
{"type":"Feature","properties":{"senderos":"CIENTÍFICO - ACADÉMICO","vehicular":null},"geometry":{"type":"MultiLineString","coordinates":[[[615173.8411,9762133.007,147.5902],[615172.02,9762133.8494,147.5902],[615169.8861,9762134.3572,147.5902],[615167.4311,9762135.3007,147.5902],[615165.7749,9762136.5953,147.5902],[615164.2146,9762138.4049,147.5902],[615162.6188,9762140.1427,147.5902],[615160.5107,9762141.044,147.5902],[615158.5181,9762141.4998,147.5902],[615155.9812,9762143.0348,147.5902],[615153.4221,9762144.6108,147.5902],[615150.7794,9762145.9878,147.5902],[615148.5273,9762147.6509,147.5902],[615147.0881,9762149.162,147.5902],[615145.0148,9762150.5021,147.5902],[615142.9927,9762151.7229,147.5902],[615141.0162,9762153.1105,147.5902],[615139.5138,9762154.9489,147.5902],[615138.1725,9762156.5627,147.5902],[615136.5641,9762157.8749,147.5902],[615134.9079,9762159.1739,147.5902],[615133.1807,9762160.7272,147.5902],[615130.558,9762162.0014,147.5902],[615128.9529,9762163.2462,147.5902],[615127.4815,9762164.9563,147.5902],[615125.741,9762166.5007,147.5902],[615124.3263,9762168.171,147.5902],[615123.149,9762170.4502,147.5902],[615121.8492,9762172.5029,147.5902],[615120.5713,9762174.141,147.5902],[615118.8299,9762176.1476,147.5902],[615117.2323,9762178.6592,147.5902],[615115.7713,9762180.7363,147.5902],[615114.3269,9762182.8897,147.5902],[615112.9904,9762184.8772,147.5902],[615111.8061,9762186.8436,147.5902],[615110.5375,9762188.9449,147.5902],[615109.2665,9762190.9655,147.5902],[615107.7734,9762193.2693,147.5902],[615106.4882,9762195.6116,147.5902],[615105.2398,9762198.1296,147.5902],[615103.9224,9762200.504,147.5902],[615102.904,9762202.6339,147.5902],[615101.8969,9762204.9263,147.5902],[615100.8184,9762207.0396,147.5902],[615099.5997,9762209.016,147.5902],[615098.4789,9762211.0464,147.5902],[615097.2324,9762213.0206,147.5902],[615095.9904,9762214.9715,147.5902],[615094.7159,9762216.6848,147.5902],[615093.4625,9762218.2765,147.5902],[615092.2673,9762220.5414,147.5902],[615091.0145,9762223.0848,147.5902],[615089.6488,9762224.7098,147.5902],[615087.7381,9762226.2842,147.5902],[615085.4416,9762228.0468,147.5902],[615084.2879,9762230.8157,147.5902],[615084.0636,9762232.9285,147.5902],[615083.3743,9762234.9454,147.5902],[615082.13,9762236.8477,147.5902],[615081.6654,9762238.8987,147.5902],[615081.3713,9762241.5222,147.5902],[615080.749,9762243.8221,147.5902],[615079.7521,9762246.6186,147.5902],[615079.4502,9762249.031,147.5902],[615079.3449,9762251.2995,147.5902],[615078.6356,9762253.2269,147.5902],[615077.8396,9762255.4218,147.5902],[615077.075,9762257.7959,147.5902],[615076.2313,9762260.0494,147.5902],[615075.1462,9762262.343,147.5902],[615074.2334,9762264.3899,147.5902],[615072.7567,9762266.3233,147.5902],[615070.9841,9762268.2282,147.5902],[615070.1225,9762270.3369,147.5902],[615069.6001,9762272.3747,147.5902],[615069.2412,9762274.6114,147.5902],[615068.2542,9762277.0795,147.5902],[615067.1513,9762279.2526,147.5902],[615066.2387,9762281.5139,147.5902],[615065.6353,9762283.9553,147.5902],[615064.6974,9762286.7362,147.5902],[615063.7861,9762289.4099,147.5902],[615063.1103,9762291.5584,147.5902],[615062.3688,9762293.7013,147.5902],[615061.9367,9762296.095,147.5902],[615061.1209,9762298.5166,147.5902],[615059.8246,9762300.8037,147.5902],[615058.4459,9762302.9504,147.5902],[615057.3052,9762305.2572,147.5902],[615056.0901,9762307.5796,147.5902],[615054.5726,9762310.1133,147.5902],[615054.5522,9762310.166,147.5902],[615053.6123,9762312.5859,147.5902],[615053.4428,9762315.2392,147.5902],[615053.1397,9762317.6858,147.5902],[615052.5318,9762319.9348,147.5902],[615051.5024,9762322.1841,147.5902],[615050.0357,9762324.1728,147.5902],[615048.5457,9762326.2941,147.5902],[615047.5208,9762328.665,147.5902],[615046.4379,9762330.8469,147.5902],[615044.4173,9762332.763,147.5902],[615042.6559,9762334.7088,147.5902],[615041.5251,9762336.7072,147.5902],[615040.1095,9762338.5985,147.5902],[615038.6226,9762340.428,147.5902],[615037.0779,9762342.0774,147.5902],[615036.1717,9762344.1231,147.5902],[615035.6362,9762346.5722,147.5902],[615034.5477,9762348.5827,147.5902],[615033.3757,9762350.5977,147.5902],[615032.4897,9762352.7607,147.5902],[615031.4837,9762355.1592,147.5902],[615030.1528,9762357.3136,147.5902],[615028.5282,9762359.3809,147.5902],[615027.1927,9762361.2854,147.5902],[615025.5859,9762363.3737,147.5902],[615023.4773,9762365.0035,147.5902],[615021.0958,9762366.0863,147.5902],[615018.9046,9762367.4387,147.5902],[615016.8737,9762368.833,147.5902],[615014.8015,9762370.1699,147.5902],[615012.8184,9762371.6194,147.5902],[615011.0375,9762372.6708,147.5902],[615009.3155,9762373.8273,147.5902],[615007.3657,9762375.1032,147.5902],[615005.7038,9762376.3215,147.5902],[615003.9641,9762377.4635,147.5902],[615001.4425,9762378.6935,147.5902],[614999.7773,9762379.8907,147.5902],[614997.8863,9762381.013,147.5902],[614995.9154,9762382.3652,147.5902],[614993.9978,9762383.5826,147.5902],[614992.2807,9762385.4443,147.5902],[614990.1553,9762386.9757,147.5902],[614988.1408,9762387.9201,147.5902],[614985.8909,9762389.5843,147.5902],[614983.993,9762390.418,147.5902],[614982.0931,9762391.6011,147.5902],[614979.9287,9762392.9424,147.5902],[614978.336,9762394.4967,147.5902],[614976.6965,9762395.9007,147.5902],[614974.6734,9762397.3447,147.5902],[614972.3622,9762398.8442,147.5902],[614970.864,9762400.2139,147.5902],[614968.8786,9762401.6225,147.5902],[614967.0045,9762403.0322,147.5902],[614965.4161,9762404.4085,147.5902],[614964.0136,9762405.8709,147.5902],[614962.6166,9762407.3389,147.5902],[614961.4422,9762408.9857,147.5902],[614959.9109,9762410.8075,147.5902],[614958.0691,9762412.4626,147.5902],[614956.1471,9762413.8049,147.5902],[614953.8649,9762415.3077,147.5902],[614951.8489,9762417.4592,147.5902],[614950.41,9762419.4048,147.5902],[614948.7275,9762421.3052,147.5902],[614947.1013,9762422.6649,147.5902],[614945.2982,9762423.8811,147.5902],[614943.4649,9762424.8706,147.5902],[614941.6141,9762426.1255,147.5902],[614939.9435,9762427.5737,147.5902],[614938.4109,9762429.1578,147.5902],[614936.5032,9762430.2591,147.5902],[614934.5552,9762431.0663,147.5902],[614932.7263,9762431.994,147.5902],[614931.02,9762433.1603,147.5902],[614928.7164,9762434.3492,147.5902],[614926.6428,9762435.193,147.5902],[614924.3213,9762436.1795,147.5902],[614921.8059,9762436.6312,147.5902],[614919.3758,9762436.5201,147.5902],[614917.0266,9762436.0374,147.5902],[614914.9895,9762435.0129,147.5902],[614913.4846,9762433.0661,147.5902],[614912.8315,9762431.1109,147.5902],[614912.4843,9762429.0925,147.5902],[614912.1736,9762426.8032,147.5902],[614912.3879,9762424.6341,147.5902],[614912.7078,9762422.5301,147.5902],[614912.9345,9762420.5367,147.5902],[614912.7261,9762418.3347,147.5902],[614912.8603,9762416.1292,147.5902],[614913.4215,9762413.7586,147.5902],[614913.722,9762410.8012,147.5902],[614913.5846,9762408.3626,147.5902],[614913.296,9762405.8367,147.5902],[614912.7116,9762403.4614,147.5902],[614912.1396,9762401.1977,147.5902],[614911.0204,9762399.0206,147.5902],[614909.8748,9762397.2515,147.5902],[614908.1574,9762395.2771,147.5902],[614906.6237,9762393.6686,147.5902],[614904.919,9762392.2481,147.5902],[614902.6625,9762390.8135,147.5902],[614900.545,9762389.1844,147.5902],[614898.5134,9762387.9155,147.5902],[614906.3908,9762386.3083,147.5902],[614908.7901,9762385.2067,147.5902],[614910.6133,9762384.2415,147.5902],[614912.2941,9762383.1072,147.5902],[614914.189,9762381.0464,147.5902],[614915.3444,9762379.2813,147.5902],[614917.3002,9762376.9186,147.5902],[614918.9698,9762375.6141,147.5902],[614920.7184,9762374.3891,147.5902],[614923.1822,9762373.4124,147.5902],[614925.4457,9762372.1263,147.5902],[614927.3867,9762370.9498,147.5902],[614928.7745,9762369.0441,147.5902],[614930.5958,9762366.7844,147.5902],[614932.5155,9762365.2707,147.5902],[614934.6457,9762364.2213,147.5902],[614937.0397,9762363.5199,147.5902],[614939.1546,9762363.0188,147.5902],[614941.5755,9762362.5197,147.5902],[614943.8862,9762362.0217,147.5902],[614946.7826,9762360.9651,147.5902],[614948.8394,9762359.961,147.5902],[614950.6102,9762358.6764,147.5902],[614952.2597,9762357.3033,147.5902],[614954.2498,9762356.2429,147.5902],[614956.5296,9762354.4449,147.5902],[614958.467,9762352.9114,147.5902],[614959.8907,9762351.376,147.5902],[614961.2807,9762349.4736,147.5902],[614963.2004,9762348.0418,147.5902],[614965.2237,9762346.81,147.5902],[614967.2442,9762344.7524,147.5902],[614968.968,9762343.114,147.5902],[614970.9775,9762341.1869,147.5902],[614972.2483,9762338.912,147.5902],[614973.9137,9762336.3682,147.5902],[614975.9948,9762335.1298,147.5902],[614976.5861,9762334.2001,147.5902],[614977.2968,9762333.0826,147.5902],[614977.8489,9762330.4069,147.5902],[614978.3602,9762328.3227,147.5902],[614979.7435,9762326.4723,147.5902],[614981.3233,9762323.8998,147.5902],[614983.0203,9762322.1012,147.5902],[614984.3867,9762319.772,147.5902],[614985.6473,9762317.3247,147.5902],[614986.6103,9762315.4845,147.5902],[614987.7303,9762313.8277,147.5902],[614989.1818,9762312.3907,147.5902],[614990.6398,9762310.821,147.5902],[614992.1145,9762309.1032,147.5902],[614993.1253,9762307.2165,147.5902],[614992.7912,9762304.9538,147.5902],[614992.3126,9762302.7885,147.5902],[614992.3389,9762300.4779,147.5902],[614992.6842,9762298.0898,147.5902],[614992.519,9762295.544,147.5902],[614992.424,9762293.0854,147.5902],[614993.5557,9762290.8891,147.5902],[614994.8814,9762289.1526,147.5902],[614995.3189,9762286.5765,147.5902],[614996.245,9762284.4788,147.5902],[614997.613,9762282.8174,147.5902],[614998.8547,9762280.2927,147.5902],[615000.2033,9762278.0896,147.5902],[615001.3074,9762275.984,147.5902],[615002.2224,9762273.9902,147.5902],[615003.5413,9762272.1331,147.5902],[615005.2047,9762269.9199,147.5902],[615006.6235,9762267.7765,147.5902],[615008.0223,9762265.726,147.5902],[615009.8582,9762263.758,147.5902],[615011.6163,9762261.8012,147.5902],[615013.2698,9762259.7682,147.5902],[615014.326,9762257.6096,147.5902],[615016.2778,9762255.9445,147.5902],[615018.2486,9762254.3623,147.5902],[615020.1479,9762252.2826,147.5902],[615021.0228,9762250.1816,147.5902],[615021.2767,9762247.2994,147.5902],[615020.9112,9762244.6476,147.5902],[615021.3577,9762242.0626,147.5902],[615022.6795,9762239.6351,147.5902],[615023.7704,9762237.8457,147.5902],[615024.8312,9762235.9988,147.5902],[615025.4315,9762233.8637,147.5902],[615026.074,9762231.7595,147.5902],[615027.1158,9762229.7147,147.5902],[615028.0583,9762227.2212,147.5902],[615028.4116,9762224.9248,147.5902],[615029.0724,9762221.976,147.5902],[615029.9097,9762220.147,147.5902],[615031.8335,9762218.1569,147.5902],[615034.5051,9762216.8207,147.5902],[615036.3327,9762215.7283,147.5902],[615038.1916,9762214.7133,147.5902],[615040.7741,9762213.1982,147.5902],[615042.6226,9762211.7012,147.5902],[615044.7278,9762209.9475,147.5902],[615045.7061,9762207.7702,147.5902],[615045.8315,9762205.6906,147.5902],[615045.8787,9762203.1093,147.5902],[615045.6182,9762201.1195,147.5902]]]}},
{"type":"Feature","properties":{"senderos":"DEPORTIVO","vehicular":null},"geometry":{"type":"MultiLineString","coordinates":[[[615364.2017,9763108.2721,0.0],[615366.8538,9763099.4374,0.0],[615366.9234,9763093.974,0.0],[615367.4308,9763091.0646,0.0],[615367.1692,9763088.8354,0.0],[615365.3672,9763089.4407,0.0],[615363.8671,9763090.4628,0.0],[615362.6551,9763090.7289,0.0],[615361.1646,9763090.4314,0.0],[615359.774,9763089.8575,0.0],[615358.3055,9763089.2284,0.0],[615356.9371,9763088.6102,0.0],[615354.6674,9763087.2188,0.0],[615352.4537,9763086.4465,0.0],[615350.9409,9763086.0827,0.0],[615349.0863,9763085.6179,0.0],[615347.6028,9763083.7745,0.0],[615346.4564,9763082.4044,0.0],[615345.6435,9763080.8794,0.0],[615345.8207,9763079.7738,0.0],[615346.0306,9763077.6953,0.0],[615346.7748,9763076.4013,0.0],[615347.4301,9763075.008,0.0],[615348.0631,9763073.692,0.0],[615348.7072,9763072.2544,0.0],[615349.2291,9763071.0159,0.0],[615349.5729,9763069.667,0.0],[615349.6275,9763068.1856,0.0],[615349.3487,9763067.0471,0.0],[615348.8697,9763065.9198,0.0],[615348.2239,9763064.7374,0.0],[615347.4558,9763063.7871,0.0],[615346.4209,9763062.9034,0.0],[615345.2973,9763062.3294,0.0],[615344.2628,9763062.0647,0.0],[615342.8835,9763061.7451,0.0],[615341.749,9763061.6795,0.0],[615340.2919,9763061.371,0.0],[615339.2686,9763061.1505,0.0],[615338.4794,9763061.8697,0.0],[615338.4023,9763062.9199,0.0],[615337.4349,9763063.2191,0.0],[615337.202,9763064.1921,0.0],[615337.3028,9763065.2201,0.0],[615336.0238,9763065.1768,0.0],[615334.922,9763064.0499,0.0],[615333.9425,9763062.9119,0.0],[615333.2522,9763061.7958,0.0],[615332.64,9763060.956,0.0],[615331.9386,9763059.8842,0.0],[615331.3597,9763059.0223,0.0],[615330.3142,9763059.0009,0.0],[615329.9798,9763057.8625,0.0],[615329.8788,9763056.4806,0.0],[615329.3664,9763055.3755,0.0],[615329.0205,9763053.6622,0.0],[615328.8304,9763052.1367,0.0],[615328.6625,9763050.5118,0.0],[615328.3167,9763048.9864,0.0],[615327.6374,9763047.7929,0.0],[615327.0918,9763046.7984,0.0],[615326.5794,9763045.6158,0.0],[615325.8671,9763044.8535,0.0],[615325.088,9763044.0028,0.0],[615323.1968,9763043.175,0.0],[615322.0179,9763043.1094,0.0],[615320.4608,9763043.0994,0.0],[615319.3377,9763043.266,0.0],[615317.7698,9763043.6982,0.0],[615316.6134,9763044.0749,0.0],[615315.368,9763044.3189,0.0],[615314.2559,9763044.4634,0.0],[615312.8549,9763044.9397,0.0],[615311.7987,9763045.4932,0.0],[615310.2645,9763046.3455,0.0],[615308.7525,9763047.0761,0.0],[615307.4404,9763047.3865,0.0],[615306.3283,9763047.5531,0.0],[615305.3274,9763047.6643,0.0],[615304.0262,9763047.621,0.0],[615301.9024,9763048.2857,0.0],[615299.7673,9763048.6852,0.0],[615298.3886,9763049.1504,0.0],[615297.0542,9763049.4719,0.0],[615295.7861,9763049.1632,0.0],[615294.7291,9763048.4011,0.0],[615293.3943,9763048.1036,0.0],[615291.8152,9763048.4031,0.0],[615290.7589,9763048.8239,0.0],[615288.6685,9763049.4002,0.0],[615287.2672,9763049.4564,0.0],[615285.8994,9763049.6784,0.0],[615284.0978,9763049.8013,0.0],[615282.4625,9763049.2054,0.0],[615281.6388,9763048.1778,0.0],[615280.9484,9763046.9623,0.0],[615281.1924,9763045.9672,0.0],[615280.5465,9763044.6852,0.0],[615279.9342,9763043.8233,0.0],[615279.7443,9763042.6074,0.0],[615279.6435,9763041.513,0.0],[615279.6427,9763040.297,0.0],[615279.6086,9763039.2579,0.0],[615279.8749,9763038.2848,0.0],[615280.853,9763037.4661,0.0],[615282.254,9763037.0008,0.0],[615283.8885,9763036.458,0.0],[615285.4675,9763036.0037,0.0],[615287.0912,9763035.87,0.0],[615288.2029,9763035.2722,0.0],[615289.815,9763034.4862,0.0],[615291.1714,9763033.8773,0.0],[615293.3064,9763033.3563,0.0],[615294.3295,9763033.1676,0.0],[615295.5416,9763032.8905,0.0],[615296.6648,9763032.8676,0.0],[615298.1217,9763032.745,0.0],[615299.1001,9763032.4016,0.0],[615300.3565,9763031.8922,0.0],[615301.1791,9763031.2284,0.0],[615302.0684,9763030.664,0.0],[615302.3749,9763030.2628,0.0],[615302.3341,9763028.7955,0.0],[615302.7132,9763027.9623,0.0],[615302.6286,9763027.032,0.0],[615302.6327,9763026.4074,0.0],[615301.8646,9763025.2582,0.0],[615301.4855,9763023.8213,0.0],[615300.6063,9763022.9596,0.0],[615299.3711,9763021.9876,0.0],[615298.0249,9763021.281,0.0],[615296.7457,9763020.8618,0.0],[615294.7549,9763020.8189,0.0],[615293.4653,9763021.6489,0.0],[615292.5648,9763022.1139,0.0],[615291.2971,9763022.3911,0.0],[615289.9291,9763022.2372,0.0],[615288.7389,9763022.028,0.0],[615287.3151,9763021.6973,0.0],[615286.2359,9763021.0348,0.0],[615285.8125,9763019.9517,0.0],[615284.889,9763019.3221,0.0],[615284.2434,9763018.4603,0.0],[615283.7089,9763017.521,0.0],[615283.2078,9763016.6369,0.0],[615282.6511,9763015.6534,0.0],[615282.1831,9763014.3382,0.0],[615282.5494,9763013.2656,0.0],[615283.2495,9763012.5466,0.0],[615284.3948,9763012.1478,0.0],[615285.3509,9763011.6828,0.0],[615286.5407,9763011.3504,0.0],[615287.5966,9763010.3879,0.0],[615288.1852,9763009.1383,0.0],[615288.4846,9763007.8004,0.0],[615288.2945,9763006.2086,0.0],[615288.3714,9763004.9151,0.0],[615288.4927,9763003.3121,0.0],[615288.592,9763002.1402,0.0],[615289.0248,9763000.7801,0.0],[615289.658,9762999.6742,0.0],[615290.6357,9762998.2253,0.0],[615291.3023,9762997.1636,0.0],[615292.0134,9762996.135,0.0],[615292.9472,9762995.6259,0.0],[615293.9478,9762995.0835,0.0],[615295.0596,9762994.5853,0.0],[615296.0604,9762994.3414,0.0],[615297.1724,9762994.0643,0.0],[615298.2846,9762994.1409,0.0],[615299.5858,9762994.0958,0.0],[615300.6204,9762994.6036,0.0],[615301.4994,9762995.1226,0.0],[615302.6895,9762995.3097,0.0],[615303.8017,9762995.3532,0.0],[615304.858,9762994.9545,0.0],[615306.1701,9762994.5225,0.0],[615307.2486,9762994.2122,0.0],[615308.2048,9762993.7362,0.0],[615309.2052,9762992.9285,0.0],[615310.0276,9762992.0435,0.0],[615310.8277,9762991.1033,0.0],[615311.461,9762990.2406,0.0],[615312.651,9762990.1624,0.0],[615313.351,9762989.178,0.0],[615314.296,9762988.6247,0.0],[615315.5746,9762988.1926,0.0],[615317.0203,9762987.9264,0.0],[615318.5215,9762987.649,0.0],[615319.7112,9762987.1838,0.0],[615320.7897,9762986.8183,0.0],[615321.7348,9762986.4086,0.0],[615322.8465,9762985.6782,0.0],[615324.0806,9762985.1136,0.0],[615325.6169,9762984.7222,0.0],[615326.7671,9762984.8237,0.0],[615328.0189,9762984.2824,0.0],[615329.0954,9762983.5957,0.0],[615329.8062,9762982.2023,0.0],[615330.8395,9762980.687,0.0],[615331.7727,9762979.194,0.0],[615332.7394,9762977.8667,0.0],[615334.0063,9762976.5061,0.0],[615335.5182,9762975.5544,0.0],[615336.7412,9762975.0339,0.0],[615338.2197,9762974.0269,0.0],[615339.7312,9762972.4119,0.0],[615340.8091,9762971.1619,0.0],[615341.7426,9762970.1111,0.0],[615342.5202,9762968.7508,0.0],[615343.8319,9762967.7992,0.0],[615344.8322,9762966.8809,0.0],[615345.7321,9762965.4763,0.0],[615346.4212,9762964.7462,0.0],[615347.6778,9762964.6348,0.0],[615348.6448,9762963.6503,0.0],[615349.5453,9762963.1743,0.0],[615350.5347,9762962.5988,0.0],[615351.757,9762961.0282,0.0],[615353.3908,9762959.3356,0.0],[615354.2022,9762958.6276,0.0]]]}},
{"type":"Feature","properties":{"senderos":"DEPORTIVO","vehicular":null},"geometry":{"type":"MultiLineString","coordinates":[[[615364.2017,9763108.2721,105.1],[615363.1007,9763108.3392,105.1],[615361.2544,9763108.0972,105.1],[615359.2077,9763107.6896,105.1],[615357.4171,9763107.5471,105.1],[615355.4704,9763106.9183,105.1],[615352.2444,9763105.9255,105.1],[615349.9309,9763105.5844,105.1],[615346.4053,9763105.4762,105.1],[615344.1252,9763105.323,105.1],[615341.0004,9763105.7673,105.1],[615339.0435,9763106.5867,105.1],[615335.9414,9763107.7606,105.1],[615334.3517,9763108.7235,105.1],[615332.7068,9763110.4823,105.1],[615330.1619,9763113.2478,105.1],[615327.517,9763116.3671,105.1],[615325.8059,9763118.7119,105.1],[615323.8275,9763120.6147,105.1],[615322.6163,9763122.1079,105.1],[615321.0161,9763124.0547,105.1],[615319.1938,9763126.4549,105.1],[615317.2049,9763129.22,105.1],[615315.6055,9763132.3496,105.1],[615314.6066,9763135.3904,105.1],[615313.7626,9763137.1819,105.1],[615312.2637,9763140.8531,105.1],[615309.9409,9763143.331,105.1],[615307.9411,9763146.3283,105.1],[615306.3307,9763149.6569,105.1],[615305.698,9763151.4925,105.1],[615305.3104,9763153.9248,105.1],[615304.5234,9763157.9052,105.1],[615303.4354,9763160.7028,105.1],[615303.1475,9763162.5713,105.1],[615302.5814,9763164.1857,105.1],[615301.9041,9763165.767,105.1],[615301.7273,9763166.4718,105.1],[615301.4712,9763167.116,105.1],[615300.7715,9763168.5537,105.1],[615300.6393,9763170.3557,105.1],[615301.1189,9763172.3453,105.1],[615302.1433,9763174.1244,105.1],[615302.4346,9763177.3523,105.1],[615302.2583,9763179.7071,105.1],[615301.4693,9763180.78,105.1],[615301.1804,9763181.1561,105.1],[615301.2919,9763181.4876,105.1]]]}},
{"type":"Feature","properties":{"senderos":"DEPORTIVO","vehicular":null},"geometry":{"type":"MultiLineString","coordinates":[[[615364.2017,9763108.2721,0.0],[615362.6241,9763110.7606,0.0],[615362.369,9763111.7557,0.0],[615363.2595,9763112.8827,0.0],[615363.5846,9763113.5019,0.0],[615363.9499,9763114.1978,0.0],[615363.974,9763116.9173,0.0],[615364.7762,9763119.0393,0.0],[615367.0805,9763122.1331,0.0],[615368.9165,9763123.5027,0.0],[615369.2158,9763123.5774,0.0],[615372.037,9763124.282,0.0],[615372.4203,9763124.2742,0.0],[615374.0885,9763124.1404,0.0],[615376.5986,9763123.7609,0.0],[615376.8797,9763123.7184,0.0],[615380.4486,9763122.0909,0.0],[615383.8282,9763120.0434,0.0],[615386.0405,9763118.7043,0.0],[615388.2417,9763117.4315,0.0],[615390.4701,9763117.2335,0.0],[615390.4993,9763117.231,0.0],[615392.1004,9763116.655,0.0],[615394.6133,9763115.8684,0.0],[615395.9694,9763114.8062,0.0],[615396.9999,9763113.4633,0.0],[615397.4467,9763111.9088,0.0],[615398.2126,9763109.7194,0.0],[615398.3898,9763109.3762,0.0],[615399.4232,9763107.3749,0.0],[615400.3785,9763105.6608,0.0],[615401.7678,9763104.2448,0.0],[615404.5689,9763101.9545,0.0],[615406.7143,9763100.4275,0.0],[615407.3152,9763100.1123,0.0],[615408.3488,9763099.8294,0.0],[615410.2725,9763099.4301,0.0],[615412.5742,9763098.6657,0.0],[615413.9529,9763098.1342,0.0],[615414.0861,9763097.7472,0.0],[615414.1196,9763097.924,0.0],[615414.1086,9763098.0567,0.0],[615414.0641,9763098.112,0.0],[615414.0196,9763098.1341,0.0],[615416.4787,9763099.8791,0.0],[615419.6603,9763101.082,0.0],[615422.6966,9763101.301,0.0],[615424.1314,9763101.3885,0.0],[615425.9222,9763101.7079,0.0],[615427.168,9763101.9723,0.0],[615428.314,9763102.6901,0.0],[615429.2492,9763104.2372,0.0],[615430.4742,9763106.569,0.0],[615431.0978,9763107.7846,0.0]]]}},
{"type":"Feature","properties":{"senderos":"DEPORTIVO","vehicular":null},"geometry":{"type":"MultiLineString","coordinates":[[[615385.1147,9763065.442,0.0],[615384.9609,9763068.239,0.0],[615384.6072,9763071.5336,0.0],[615384.5824,9763071.5591,0.0],[615382.6512,9763073.5359,0.0],[615380.4723,9763074.9745,0.0],[615379.4503,9763076.7551,0.0],[615379.8715,9763079.3952,0.0],[615380.0535,9763080.5355,0.0],[615381.523,9763082.7234,0.0],[615383.4701,9763083.9713,0.0],[615385.2068,9763086.5459,0.0],[615386.2547,9763090.0607,0.0],[615385.8224,9763092.3272,0.0],[615385.3898,9763093.9416,0.0],[615383.7126,9763097.1597,0.0],[615381.8121,9763099.0514,0.0],[615380.1001,9763100.1359,0.0],[615376.6754,9763101.288,0.0],[615373.5278,9763101.0137,0.0],[615371.6157,9763102.1647,0.0],[615369.6817,9763103.8906,0.0],[615366.9363,9763106.3356,0.0],[615364.9688,9763107.8515,0.0],[615364.2017,9763108.2721,0.0]]]}},
{"type":"Feature","properties":{"senderos":"SENDERO ESPOL","vehicular":null},"geometry":{"type":"MultiLineString","coordinates":[[[614031.0284,9762482.7215,0.0],[614031.3809,9762486.7504,0.0],[614000.6669,9762517.4644,0.0],[614006.6502,9762541.9957,0.0],[614016.6223,9762534.8158,0.0],[614062.4938,9762529.6303,0.0],[614084.8312,9762543.9901,0.0],[614099.9888,9762541.9957,0.0],[614100.3877,9762574.3052,0.0],[614089.219,9762587.4684,0.0],[614086.4268,9762613.1963,0.0],[614097.1966,9762624.365,0.0],[614103.9776,9762623.1684,0.0],[614123.9218,9762626.7583,0.0],[614161.4168,9762631.5449,0.0],[614159.4224,9762640.3203,0.0],[614139.0793,9762651.0902,0.0],[614099.191,9762698.1584,0.0],[614131.5005,9762710.3243,0.0],[614126.714,9762728.6729,0.0],[614110.3598,9762739.0439,0.0],[614106.7698,9762754.2014,0.0],[614135.0905,9762763.7746,0.0],[614184.1531,9762749.016,0.0],[614195.7207,9762749.4148,0.0],[614184.552,9762782.1232,0.0],[614140.6749,9762811.4411,0.0],[614124.3207,9762840.9585,0.0],[614146.2592,9762828.992,0.0],[614192.9285,9762815.43,0.0],[614199.7095,9762821.8121,0.0],[614198.5129,9762830.1886,0.0],[614163.8101,9762842.1551,0.0],[614194.9229,9762910.1647,0.0],[614176.1754,9762944.8675,0.0],[614202.5017,9762968.9999,0.0],[614206.0917,9762967.8033,0.0],[614215.6649,9762972.9887,0.0],[614226.0358,9762982.9608,0.0],[614230.0246,9762996.5228,0.0],[614220.4514,9763025.043,0.0],[614225.6369,9763045.386,0.0],[614229.6258,9763078.8922,0.0]]]}},
{"type":"Feature","properties":{"senderos":"SENDERO ESPOL","vehicular":null},"geometry":{"type":"MultiLineString","coordinates":[[[614891.0786,9762384.6461,0.0],[614888.8527,9762382.326,0.0],[614883.843,9762374.9226,0.0],[614885.5086,9762370.9417,0.0],[614890.956,9762367.7321,0.0],[614889.8393,9762361.0998,0.0],[614900.1223,9762360.4437,0.0],[614900.1654,9762335.9981,0.0],[614920.2224,9762349.0923,0.0],[614924.0822,9762344.1626,0.0],[614934.0916,9762344.1558,0.0],[614939.7629,9762343.157,0.0],[614943.428,9762335.7477,0.0],[614952.1017,9762334.0836,0.0],[614963.05,9762330.6035,0.0],[614958.3195,9762319.0446,0.0],[614963.2023,9762303.2327,0.0],[614970.4317,9762303.7805,0.0],[614982.5443,9762289.1798,0.0],[614970.8579,9762276.2534,0.0],[614971.4042,9762261.771,0.0],[614974.4083,9762263.6483,0.0],[614988.7565,9762265.739,0.0],[615006.8828,9762263.1841,0.0],[615007.2089,9762252.0183,0.0],[615012.9897,9762248.4768,0.0],[615011.3117,9762233.996,0.0],[615018.7567,9762224.5942,0.0],[615013.7433,9762211.7738,0.0],[615018.189,9762207.3488,0.0],[615007.5064,9762198.6226,0.0],[615006.5017,9762193.0958,0.0],[615010.1706,9762191.3245,0.0],[615016.1746,9762188.8884,0.0]]]}},
{"type":"Feature","properties":{"senderos":"SENDERO ESPOL","vehicular":null},"geometry":{"type":"MultiLineString","coordinates":[[[613651.2983,9762238.4164,207.2103],[613643.2723,9762316.4645,207.2103],[613464.598,9762495.6223,207.2103],[613414.3216,9762556.3406,207.2103],[613162.0,9762548.0,207.2103],[613136.8844,9762554.5215,207.2103],[613122.875,9762560.0583,207.2103],[613112.9801,9762564.8185,207.2103],[613106.0863,9762567.1446,207.2103],[613098.6369,9762570.1344,207.2103],[613091.1863,9762571.3554,207.2103],[613084.1783,9762569.2596,207.2103],[613056.4839,9762566.4038,207.2103],[613054.7042,9762565.9628,207.2103],[613048.6985,9762565.8562,207.2103],[613044.8056,9762565.306,207.2103],[613042.8037,9762565.3074,207.2103],[613040.2476,9762568.0728,207.2103],[613039.5812,9762569.3998,207.2103],[613039.1382,9762572.1639,207.2103],[613039.6985,9762578.4648,207.2103],[613040.371,9762586.3133,207.2103],[613040.0402,9762590.625,207.2103],[613040.0406,9762591.2883,207.2103],[613039.1542,9762596.2636,207.2103],[613039.1564,9762599.4695,207.2103],[613039.2695,9762602.3437,207.2103],[613040.273,9762606.2122,207.2103],[613041.1664,9762611.7391,207.2103],[613041.0576,9762615.3873,207.2103],[613041.5061,9762620.9144,207.2103],[613042.844,9762625.7777,207.2103],[613042.4012,9762628.8734,207.2103],[613043.0726,9762635.1742,207.2103],[613043.8569,9762643.7966,207.2103],[613043.3044,9762649.2138,207.2103],[613044.5322,9762655.846,207.2103],[613046.3196,9762667.8946,207.2103],[613050.5586,9762687.1274,207.2103],[613056.4702,9762712.9919,207.2103],[613062.0421,9762729.7917,207.2103],[613065.9791,9762743.2146,207.2103],[613067.8378,9762748.6917,207.2103],[613072.7452,9762769.6928,207.2103],[613077.9833,9762786.1611,207.2103],[613080.5478,9762795.9983,207.2103],[613083.335,9762806.2775,207.2103],[613088.2075,9762819.9442,207.2103],[613090.3556,9762827.3877,207.2103],[613095.3721,9762845.1828,207.2103],[613101.0453,9762858.6096,207.2103],[613103.8894,9762869.8209,207.2103],[613106.518,9762881.9883,207.2103],[613107.9666,9762886.1882,207.2103],[613110.195,9762892.2669,207.2103],[613112.3113,9762897.1297,207.2103],[613115.8722,9762900.1121,207.2103],[613119.3215,9762902.5419,207.2103],[613132.1144,9762907.3976,207.2103],[613141.2374,9762912.4768,207.2103],[613150.8039,9762915.4552,207.2103],[613162.4842,9762919.5378,207.2103],[613188.8504,9762931.7912,207.2103],[613205.6476,9762937.3075,207.2103],[613216.4377,9762940.7274,207.2103],[613225.8928,9762943.3743,207.2103],[613230.0553,9762943.3597,207.2103],[613233.2611,9762940.8267,207.2103],[613234.6381,9762936.928,207.2103],[613228.2175,9762927.122,207.2103],[613221.6489,9762916.8453,207.2103],[613221.8688,9762912.9759,207.2103],[613226.6442,9762902.6917,207.2103],[613239.5386,9762892.8442,207.2103],[613251.4332,9762884.6557,207.2103],[613260.3281,9762881.1122,207.2103],[613264.8872,9762880.1142,207.2103],[613290.3623,9762890.2678,207.2103],[613296.8253,9762909.1674,207.2103],[613299.1878,9762925.1591,207.2103],[613303.6956,9762940.1315,207.2103],[613313.9992,9762950.5961,207.2103],[613318.5473,9762956.5126,207.2103],[613327.9971,9762956.4617,207.2103],[613331.306,9762953.4537,207.2103],[613347.2374,9762956.5594,207.2103],[613354.972,9762970.2775,207.2103],[613371.9568,9762983.318,207.2103],[613384.6324,9762996.6639,207.2103],[613392.0868,9763001.0809,207.2103],[613400.0959,9763003.5076,207.2103],[613423.0118,9763011.7836,207.2103],[613438.0286,9763015.9744,207.2103],[613444.4808,9763018.5128,207.2103],[613454.828,9763024.6966,207.2103],[613465.953,9763029.9956,207.2103],[613505.5554,9763044.4512,207.2103],[613528.4709,9763052.2849,207.2103],[613551.721,9763061.3344,207.2103],[613578.4196,9763071.7083,207.2103],[613592.1015,9763075.3473,207.2103],[613601.8917,9763080.2049,207.2103],[613616.5762,9763086.2753,207.2103],[613624.3626,9763088.1495,207.2103],[613639.819,9763084.3805,207.2103],[613660.618,9763087.0198,207.2103],[613671.1826,9763085.6862,207.2103],[613680.8619,9763090.9861,207.2103],[613694.5461,9763098.0521,207.2103],[613707.8937,9763100.5858,207.2103],[613719.1327,9763109.975,207.2103],[613723.4756,9763118.1528,207.2103],[613728.8178,9763124.0083,207.2103],[613759.6354,9763140.2385,207.2103],[613798.7504,9763152.2806,207.2103],[613877.0239,9763185.0061,207.2103],[613918.1558,9763199.6076,207.2103],[614061.0086,9763244.2078,207.2103],[614127.9819,9763271.2547,207.2103],[614191.4133,9763290.5739,207.2103],[614244.8631,9763313.113,207.2103]]]}},
{"type":"Feature","properties":{"senderos":"SENDERO ESPOL","vehicular":null},"geometry":{"type":"MultiLineString","coordinates":[[[616724.49,9762393.6732,0.0],[616715.633,9762386.5272,0.0],[616710.3994,9762378.4754,0.0],[616707.1786,9762372.1346,0.0],[616705.9708,9762365.6931,0.0],[616702.2103,9762361.633,0.0],[616697.0908,9762356.4407,0.0],[616696.0892,9762355.5569,0.0],[616685.9642,9762349.2625,0.0],[616680.5109,9762343.7388,0.0],[616679.6204,9762342.6339,0.0],[616677.2826,9762339.4295,0.0],[616670.8292,9762335.233,0.0],[616667.6012,9762331.1449,0.0],[616663.5959,9762329.0472,0.0],[616662.3721,9762328.3847,0.0],[616658.367,9762326.3976,0.0],[616658.8099,9762323.523,0.0],[616662.0325,9762319.6515,0.0],[616662.1421,9762317.3299,0.0],[616660.361,9762314.899,0.0],[616659.1372,9762314.3471,0.0],[616646.1256,9762315.351,0.0],[616640.0077,9762313.8075,0.0],[616638.8955,9762313.6977,0.0],[616633.5582,9762315.3596,0.0],[616629.1126,9762319.7847,0.0],[616623.2193,9762321.447,0.0],[616622.1076,9762322.0005,0.0],[616616.3265,9762325.2104,0.0],[616603.0919,9762325.33,0.0],[616602.2026,9762325.8834,0.0],[616599.9796,9762327.8748,0.0],[616597.0919,9762333.5149,0.0],[616597.763,9762339.0419,0.0],[616600.5456,9762342.246,0.0],[616600.8807,9762344.3462,0.0],[616601.8836,9762347.2198,0.0],[616614.9023,9762356.6077,0.0],[616615.6814,9762357.4915,0.0],[616618.4633,9762359.5901,0.0],[616625.1371,9762360.9121,0.0],[616633.1482,9762365.9919,0.0],[616634.2611,9762367.0966,0.0],[616645.0502,9762368.858,0.0],[616649.8378,9762376.5933,0.0],[616650.3944,9762377.2562,0.0],[616653.5102,9762379.9072,0.0],[616654.7366,9762384.2179,0.0],[616652.7379,9762388.8623,0.0],[616648.0693,9762392.5137,0.0],[616646.9572,9762392.625,0.0],[616642.7311,9762392.7385,0.0],[616636.5057,9762396.612,0.0],[616633.8369,9762397.1666,0.0],[616629.053,9762394.8483,0.0],[616628.4964,9762394.1854,0.0],[616625.49,9762388.9916,0.0],[616622.9315,9762388.2195,0.0],[616618.1496,9762388.665,0.0],[616613.8135,9762390.6579,0.0],[616612.9237,9762390.5479,0.0],[616601.8004,9762388.1235,0.0],[616597.1283,9762386.579,0.0],[616595.459,9762385.0324,0.0],[616594.7925,9762386.1384,0.0],[616594.1256,9762386.8021,0.0],[616593.3473,9762387.0238,0.0],[616589.6728,9762380.7249,0.0],[616589.2248,9762376.0821,0.0],[616585.8844,9762370.4464,0.0],[616584.9943,9762369.8942,0.0],[616577.1001,9762372.995,0.0],[616572.9876,9762376.5355,0.0],[616567.0927,9762375.8762,0.0],[616566.0913,9762375.2136,0.0],[616562.1918,9762365.1562,0.0],[616557.4088,9762364.1645,0.0],[616554.7381,9762361.9554,0.0],[616553.9596,9762361.9559,0.0],[616549.1786,9762363.728,0.0],[616546.3979,9762363.2877,0.0],[616542.2803,9762359.5318,0.0],[616538.61,9762359.3132,0.0],[616537.6092,9762359.535,0.0],[616534.4946,9762358.6527,0.0],[616529.8213,9762355.45,0.0],[616524.8697,9762355.0597,0.0],[616518.6991,9762354.5732,0.0],[616517.9209,9762355.016,0.0],[616514.8082,9762356.8974,0.0],[616505.7983,9762354.9137,0.0],[616504.2421,9762356.1308,0.0],[616504.9119,9762359.668,0.0],[616505.3573,9762360.5521,0.0],[616509.6994,9762367.2927,0.0],[616500.8053,9762371.9419,0.0],[616494.6911,9762375.8153,0.0],[616486.6886,9762383.2277,0.0],[616485.2433,9762383.892,0.0],[616480.2396,9762385.4431,0.0],[616477.6851,9762390.5302,0.0],[616470.6818,9762395.2886,0.0],[616469.6811,9762395.621,0.0],[616467.7924,9762398.6071,0.0],[616462.2323,9762399.4953,0.0],[616455.1183,9762405.1383,0.0],[616454.5622,9762405.1387,0.0],[616451.6714,9762406.2461,0.0],[616445.3361,9762412.1096,0.0],[616444.6703,9762414.3211,0.0],[616446.1188,9762418.2999,0.0],[616445.675,9762419.7374,0.0],[616442.2305,9762424.3828,0.0],[616437.4502,9762427.371,0.0],[616432.5621,9762435.2234,0.0],[616431.8953,9762435.8871,0.0],[616433.0129,9762443.846,0.0],[616429.9056,9762453.6871,0.0],[616428.7938,9762454.2406,0.0],[616425.3477,9762456.5645,0.0],[616423.7919,9762458.3344,0.0],[616423.571,9762460.5455,0.0],[616417.3462,9762465.414,0.0],[616415.7911,9762468.1788,0.0],[616414.7904,9762468.6217,0.0],[616409.5669,9762473.9317,0.0],[616407.2341,9762477.9131,0.0],[616407.1266,9762483.3301,0.0],[616407.3496,9762484.1038,0.0],[616413.5582,9762490.7951,0.0],[616403.51,9762500.45,0.0],[616397.3331,9762504.9513,0.0],[616393.1283,9762505.1181,0.0],[616392.2388,9762505.4504,0.0],[616374.4499,9762513.6433,0.0],[616363.887,9762517.5198,0.0],[616357.3285,9762522.1674,0.0],[616356.7726,9762522.4994,0.0],[616348.7667,9762524.8264,0.0],[616339.094,9762529.4761,0.0],[616338.2047,9762530.0295,0.0],[616329.7548,9762533.6834,0.0],[616320.7499,9762538.8855,0.0],[616316.749,9762543.0891,0.0],[616312.0769,9762541.6552,0.0],[616309.742,9762542.5412,0.0],[616308.631,9762544.3107,0.0],[616305.6276,9762543.4284,0.0],[616305.5164,9762543.4284,0.0],[616301.2925,9762546.8584,0.0],[616288.7278,9762550.8468,0.0],[616287.8387,9762551.7318,0.0],[616285.1713,9762554.2763,0.0],[616279.7225,9762555.3855,0.0],[616273.8328,9762556.9755,0.0],[616270.8289,9762560.8086,0.0],[616258.1529,9762564.5759,0.0],[616257.1519,9762564.5766,0.0],[616254.0385,9762565.4631,0.0],[616245.5895,9762570.4437,0.0],[616244.2549,9762570.4446,0.0],[616242.6979,9762570.5562,0.0],[616233.8024,9762573.1049,0.0],[616223.4632,9762578.7501,0.0],[616222.4626,9762579.3035,0.0],[616208.1213,9762587.494,0.0],[616207.0094,9762587.8264,0.0],[616202.8635,9762589.7269,0.0],[616200.005,9762591.0372,0.0],[616196.8931,9762594.1347,0.0],[616195.1439,9762592.7775,0.0],[616192.3325,9762593.1429,0.0],[616191.332,9762593.8068,0.0],[616187.8854,9762595.3569,0.0],[616186.6636,9762597.6793,0.0],[616177.9904,9762599.0735,0.0],[616172.6525,9762600.7843,0.0],[616164.0884,9762600.0163,0.0],[616161.9745,9762598.9122,0.0],[616154.4119,9762599.0279,0.0],[616153.7433,9762597.0385,0.0],[616153.4095,9762596.9282,0.0],[616141.1755,9762596.4943,0.0],[616135.5025,9762595.061,0.0],[616134.2789,9762594.7302,0.0],[616126.4939,9762594.9566,0.0],[616123.2662,9762591.3107,0.0],[616117.593,9762589.6563,0.0],[616116.1469,9762589.2151,0.0],[616110.2534,9762590.5457,0.0],[616103.0238,9762589.6663,0.0],[616100.6872,9762588.1202,0.0],[616098.5745,9762588.6744,0.0],[616095.2372,9762587.5711,0.0],[616092.457,9762587.7941,0.0],[616087.7846,9762585.918,0.0],[616085.8952,9762587.7986,0.0],[616085.1163,9762587.1358,0.0],[616084.5596,9762586.2518,0.0],[616073.6512,9762572.6616,0.0],[616072.8724,9762572.3305,0.0],[616064.9731,9762567.9139,0.0],[616062.188,9762561.0617,0.0],[616061.298,9762560.6201,0.0],[616056.5134,9762557.1963,0.0],[616047.6075,9762544.5997,0.0],[616046.8281,9762543.3842,0.0],[616041.5942,9762533.4382,0.0],[616036.8076,9762527.1401,0.0],[616036.0281,9762525.7035,0.0],[616026.3487,9762520.2932,0.0],[616020.7837,9762514.2167,0.0],[616020.0043,9762512.8907,0.0],[616013.6599,9762505.4881,0.0],[616004.9819,9762500.851,0.0],[616003.9805,9762500.0778,0.0],[615996.6378,9762496.5452,0.0],[615993.632,9762492.1252,0.0],[615989.292,9762488.3695,0.0],[615988.1793,9762487.5964,0.0],[615983.9504,9762483.6195,0.0],[615977.158,9762471.5742,0.0],[615976.4899,9762470.3586,0.0],[615973.9281,9762464.7223,0.0],[615965.1349,9762454.226,0.0],[615964.1333,9762453.3423,0.0],[615955.0065,9762442.9568,0.0],[615949.2223,9762441.5236,0.0],[615947.7763,9762441.193,0.0],[615937.879,9762442.5263,0.0],[615927.5356,9762441.9806,0.0],[615913.6713,9762440.5751,0.0]]]}},
{"type":"Feature","properties":{"senderos":"SENDERO ESPOL","vehicular":null},"geometry":{"type":"MultiLineString","coordinates":[[[616657.6902,9762442.1331,0.0],[616627.5469,9762436.6705,0.0],[616602.5401,9762428.6617,0.0],[616572.3968,9762423.1991,0.0],[616557.6935,9762422.4796,0.0],[616522.0482,9762437.8374,0.0],[616492.2828,9762448.0837,0.0],[616453.6902,9762463.4434,0.0],[616424.6628,9762479.5373,0.0],[616424.6384,9762479.5595,0.0],[616413.5582,9762490.7951,0.0]]]}},
{"type":"Feature","properties":{"senderos":"SENDERO ESPOL","vehicular":null},"geometry":{"type":"MultiLineString","coordinates":[[[615531.8155,9762028.285,0.0],[615549.1558,9761998.3363,0.0],[615557.3557,9761986.8888,0.0],[615581.7489,9761959.6216,0.0],[615599.1634,9761940.7388,0.0],[615614.7676,9761925.3618,0.0],[615631.1287,9761911.0123,0.0],[615640.4328,9761904.3177,0.0],[615640.3721,9761896.7893,0.0],[615641.8586,9761891.305,0.0],[615645.4569,9761883.7409,0.0],[615664.3265,9761862.1708,0.0],[615678.2184,9761847.5024,0.0],[615693.0575,9761835.5971,0.0],[615721.3057,9761818.531,0.0],[615734.8806,9761812.0545,0.0],[615749.3358,9761807.9654,0.0],[615760.1562,9761806.7198,0.0]]]}},
{"type":"Feature","properties":{"senderos":"SENDERO ESPOL","vehicular":null},"geometry":{"type":"MultiLineString","coordinates":[[[616085.8952,9762587.7986,0.0],[616083.7376,9762587.7116,0.0],[616075.4491,9762583.3948,0.0],[616052.8839,9762584.2393,0.0],[616030.0486,9762580.2972,0.0],[615997.6382,9762577.1466,0.0],[615981.2303,9762571.984,0.0],[615960.4315,9762569.942,0.0],[615944.3851,9762572.9046,0.0],[615935.1425,9762572.0486,0.0],[615919.9261,9762568.9636,0.0],[615909.6826,9762568.2852,0.0],[615889.9039,9762577.9828,0.0],[615880.9954,9762577.7125,0.0],[615867.0252,9762575.5553,0.0],[615853.9756,9762569.7934,0.0]]]}},
{"type":"Feature","properties":{"senderos":"SENDERO BVPP","vehicular":null},"geometry":{"type":"MultiLineString","coordinates":[[[615746.4939,9763318.2258,0.0],[615744.1872,9763327.9646,0.0],[615717.9649,9763364.4307,0.0],[615715.2877,9763385.4702,0.0],[615720.3761,9763410.3626,0.0],[615716.2143,9763423.3992,0.0],[615695.0296,9763426.3764,0.0],[615676.5458,9763443.2809,0.0],[615641.3446,9763441.5249,0.0],[615594.5149,9763430.1479,0.0],[615582.3067,9763435.0867,0.0],[615571.9113,9763440.0353,0.0],[615561.5226,9763454.8671,0.0],[615554.7638,9763475.9757,0.0],[615551.1406,9763479.5157,0.0],[615545.6925,9763481.852,0.0],[615492.0189,9763464.3993,0.0],[615477.7248,9763460.3739,0.0],[615461.4379,9763453.1992,0.0],[615434.4564,9763436.0933,0.0],[615410.4922,9763423.9822,0.0],[615393.7475,9763414.1104,0.0],[615365.7156,9763406.0481,0.0],[615357.0371,9763400.6813,0.0],[615354.9847,9763391.8719,0.0],[615360.3802,9763377.6515,0.0],[615369.5072,9763355.458,0.0],[615380.0476,9763334.7117,0.0],[615410.8579,9763274.0432,0.0],[615420.3875,9763255.1769,0.0],[615417.0788,9763247.0538,0.0],[615397.4667,9763223.6305,0.0],[615391.0686,9763218.8701,0.0],[615384.1043,9763215.6689,0.0],[615312.688,9763209.1726,0.0],[615306.3352,9763205.5951,0.0],[615302.9172,9763200.2026,0.0],[615302.4401,9763185.5219,0.0],[615301.2919,9763181.4876,0.0]]]}},
{"type":"Feature","properties":{"senderos":"SENDERO ESPOL","vehicular":null},"geometry":{"type":"MultiLineString","coordinates":[[[614468.9223,9763013.6261,0.0],[614452.7818,9763027.3777,0.0],[614436.5023,9763039.2743,0.0],[614407.6743,9763057.8546,0.0],[614403.4194,9763062.3334,0.0]]]}},
{"type":"Feature","properties":{"senderos":"DEPORTIVO","vehicular":null},"geometry":{"type":"MultiLineString","coordinates":[[[615179.6896,9762050.6013,158.0209],[615174.0941,9762065.0208,158.0209],[615170.3307,9762075.0502,158.0209],[615170.2796,9762114.3507,158.0209],[615173.6457,9762131.7527,158.0209],[615173.8845,9762132.9869,158.0209],[615173.8868,9762133.018,158.0209],[615174.6699,9762143.2565,158.0209],[615178.0912,9762153.5463,158.0209],[615179.3992,9762163.4839,158.0209],[615175.969,9762172.9051,158.0209],[615177.5108,9762183.1741,158.0209],[615184.2447,9762191.0628,158.0209],[615184.0179,9762201.123,158.0209],[615184.6921,9762211.1936,158.0209],[615186.6786,9762221.4181,158.0209],[615191.256,9762230.8891,158.0209],[615196.956,9762239.3091,158.0209],[615196.1314,9762253.449,158.0209],[615196.2939,9762263.4647,158.0209],[615196.9235,9762273.4801,158.0209],[615200.5666,9762282.808,158.0209],[615204.2321,9762292.346,158.0209],[615205.4289,9762302.4052,158.0209],[615210.8176,9762311.0797,158.0209],[615213.9381,9762320.607,158.0209],[615216.447,9762330.3116,158.0209],[615217.5216,9762340.393,158.0209],[615214.8479,9762350.1453,158.0209],[615220.4811,9762358.5322,158.0209],[615220.5881,9762368.7911,158.0209],[615221.9964,9762379.1155,158.0209],[615220.58,9762389.6519,158.0209]]]}},
{"type":"Feature","properties":{"senderos":"SENDERO ESPOL","vehicular":null},"geometry":{"type":"MultiLineString","coordinates":[[[615635.7023,9762273.9446,0.0],[615634.2276,9762264.1288,0.0],[615633.4582,9762261.1002,0.0],[615605.4943,9762222.1947,0.0],[615601.4168,9762211.8721,0.0],[615584.668,9762179.5476,0.0],[615574.7096,9762156.4274,0.0],[615571.5333,9762146.7675,0.0],[615568.1371,9762140.7116,0.0],[615558.3992,9762131.0562,0.0],[615557.4067,9762127.066,0.0],[615558.6268,9762122.3005,0.0],[615561.5638,9762107.2527,0.0]]]}},
{"type":"Feature","properties":{"senderos":"SENDERO ESPOL","vehicular":null},"geometry":{"type":"MultiLineString","coordinates":[[[614931.9122,9761572.6303,0.0],[614930.4321,9761588.5841,0.0],[614937.1905,9761599.933,0.0],[614947.08,9761620.0463,0.0],[614946.237,9761639.7247,0.0],[614938.7906,9761663.3874,0.0],[614925.2993,9761678.3539,0.0],[614909.7194,9761680.4318,0.0],[614898.2998,9761683.5349,0.0],[614883.2518,9761699.0221,0.0],[614874.4343,9761718.109,0.0],[614856.2622,9761735.1459,0.0],[614831.3445,9761743.4209,0.0],[614781.4866,9761759.4512,0.0],[614760.2765,9761773.8039,0.0],[614723.2471,9761781.4679,0.0],[614662.3215,9761811.3244,0.0],[614642.4562,9761857.1496,0.0],[614637.9591,9761884.0936,0.0],[614629.871,9761962.2466,0.0],[614628.1203,9762037.709,0.0],[614653.4638,9762083.4926,0.0],[614685.4952,9762134.9428,0.0],[614691.094,9762158.3534,0.0],[614713.2209,9762184.0634,0.0],[614749.4118,9762219.0611,0.0],[614756.9827,9762247.7325,0.0],[614759.3799,9762256.7849,0.0],[614742.2221,9762293.6206,0.0],[614740.438,9762319.6784,0.0],[614765.7769,9762342.1139,0.0],[614769.4023,9762358.2848,0.0],[614743.2032,9762396.0221,0.0],[614750.4503,9762406.2651,0.0],[614760.8566,9762417.7111,0.0],[614776.2293,9762421.7468,0.0],[614793.6335,9762420.1542,0.0],[614814.8847,9762417.2213,0.0],[614840.2048,9762411.8204,0.0],[614856.8275,9762405.9058,0.0],[614859.1847,9762405.0641,0.0],[614868.2214,9762397.43,0.0],[614881.1064,9762390.2356,0.0],[614898.0649,9762387.5267,0.0],[614898.5474,9762387.9086,0.0],[614898.5134,9762387.9155,0.0]]]}},
{"type":"Feature","properties":{"senderos":"SENDERO ESPOL","vehicular":null},"geometry":{"type":"MultiLineString","coordinates":[[[614031.0284,9762482.7215,0.0],[614030.5575,9762477.3403,0.0],[614008.0504,9762482.1597,0.0],[613988.3795,9762486.6612,0.0],[613975.0439,9762485.3215,0.0],[613945.8809,9762481.7482,0.0],[613935.4792,9762477.2668,0.0],[613920.3296,9762474.1374,0.0],[613903.8244,9762472.7997,0.0],[613882.8036,9762471.0119,0.0],[613869.2298,9762462.7187,0.0],[613851.5832,9762451.0565,0.0],[613841.4124,9762442.5289,0.0],[613834.6232,9762434.8945,0.0],[613827.1541,9762425.0164,0.0],[613821.497,9762414.0205,0.0],[613817.8753,9762403.2444,0.0],[613814.9201,9762391.3402,0.0],[613811.2966,9762377.8667,0.0],[613795.2688,9762360.265,0.0],[613795.0918,9762360.2339,0.0]]]}},
{"type":"Feature","properties":{"senderos":"SENDERO ESPOL","vehicular":null},"geometry":{"type":"MultiLineString","coordinates":[[[616765.9537,9762563.9736,0.0],[616733.0562,9762612.8815,0.0],[616739.8837,9762627.3147,0.0],[616715.0011,9762638.3868,0.0],[616710.8925,9762680.1555,0.0],[616708.0242,9762697.9561,0.0],[616702.5936,9762709.4128,0.0],[616688.836,9762725.3084,0.0],[616675.0881,9762739.3024,0.0],[616668.3761,9762747.2556,0.0],[616664.8604,9762761.5632,0.0],[616665.8386,9762777.139,0.0],[616634.5545,9762778.5976,0.0],[616632.178,9762799.9244,0.0],[616601.1588,9762798.4643,0.0],[616589.5009,9762778.6285,0.0],[616576.6841,9762788.1114,0.0],[616556.9928,9762779.2367,0.0],[616550.4477,9762803.5401,0.0],[616533.7503,9762814.2197,0.0],[616519.7199,9762805.341,0.0],[616482.4524,9762839.4381,0.0],[616467.5742,9762891.8933,0.0],[616457.437,9762900.2026,0.0],[616446.1154,9762916.8039,0.0],[616427.6311,9762932.8131,0.0],[616416.3184,9762962.4594,0.0],[616399.3274,9762982.9117,0.0],[616374.8742,9762987.671,0.0],[616347.7114,9762965.7564,0.0],[616330.7131,9762975.5517,0.0],[616308.3558,9763004.0116,0.0],[616355.8013,9763021.1697,0.0],[616377.5797,9763024.4161,0.0],[616376.7144,9763060.2681,0.0],[616353.7315,9763051.9815,0.0],[616330.4839,9763079.5575,0.0],[616333.4764,9763097.0334,0.0],[616298.2981,9763128.7632,0.0],[616280.1284,9763165.821,0.0],[616332.3191,9763145.0351,0.0],[616355.3118,9763183.8446,0.0],[616342.1966,9763196.003,0.0],[616364.2831,9763210.8017,0.0],[616366.0842,9763226.2111,0.0],[616356.5435,9763228.5834,0.0],[616318.3459,9763220.0197,0.0],[616306.7131,9763220.6136,0.0],[616284.061,9763240.7823,0.0],[616264.9603,9763233.687,0.0],[616270.9217,9763217.6753,0.0],[616211.8397,9763195.7935,0.0],[616198.0932,9763162.9142,0.0],[616163.4767,9763137.7434,0.0],[616178.359,9763091.2138,0.0],[616172.0899,9763079.9641,0.0],[616147.9149,9763068.7155,0.0],[616148.5046,9763052.7185,0.0],[616120.1582,9763040.2899,0.0],[616148.775,9763025.1582,0.0],[616150.8517,9763004.4175,0.0],[616166.6535,9762985.1489,0.0],[616190.5039,9762960.8338,0.0],[616261.7651,9762919.2957,0.0],[616296.3398,9762883.1221,0.0],[616308.5711,9762879.5651,0.0],[616319.8919,9762861.7699,0.0],[616345.8477,9762858.7894,0.0],[616359.8678,9762868.862,0.0],[616370.3096,9762866.7765,0.0],[616380.4533,9762867.9525,0.0],[616374.4686,9762833.5865,0.0],[616361.3344,9762817.8974,0.0],[616352.0622,9762790.0451,0.0],[616341.9302,9762806.0486,0.0],[616333.2689,9762793.3191,0.0],[616311.497,9762799.558,0.0],[616297.1746,9762786.5229,0.0],[616325.7973,9762763.9842,0.0],[616344.5756,9762738.7881,0.0],[616337.1562,9762720.5855,0.0],[616341.0065,9762707.6264,0.0],[616353.0447,9762665.5096,0.0],[616358.0678,9762659.9566,0.0],[616363.0932,9762657.5874,0.0],[616375.5135,9762654.0081,0.0],[616377.6251,9762651.7956,0.0],[616378.8753,9762642.2101,0.0],[616381.8305,9762637.6313,0.0],[616388.0237,9762635.3497,0.0],[616405.7048,9762632.0653,0.0],[616413.1853,9762625.781,0.0],[616418.3225,9762608.0673,0.0],[616444.3934,9762578.2893,0.0],[616461.4744,9762559.473,0.0],[616473.1919,9762552.6441,0.0],[616486.8579,9762549.0971,0.0],[616504.6287,9762546.8408,0.0],[616522.1559,9762546.2649,0.0],[616530.3965,9762545.4854,0.0],[616535.1325,9762542.8621,0.0],[616550.2193,9762519.0614,0.0],[616552.6084,9762515.9643,0.0],[616561.8022,9762510.4747,0.0],[616572.456,9762509.5609,0.0],[616599.6595,9762509.5423,0.0],[616616.0196,9762509.8959,0.0],[616627.0402,9762508.6059,0.0],[616634.9444,9762503.8579,0.0],[616636.9411,9762496.2949,0.0],[616642.3908,9762480.2945,0.0],[616649.1411,9762463.3094,0.0],[616656.0496,9762450.0607,0.0]]]}},
{"type":"Feature","properties":{"senderos":"SENDERO ESPOL","vehicular":null},"geometry":{"type":"MultiLineString","coordinates":[[[615942.9388,9761872.0847,0.0],[615940.2671,9761868.3278,0.0],[615937.3726,9761864.0183,0.0],[615935.6167,9761861.1667,0.0],[615934.9231,9761860.0402,0.0],[615931.695,9761855.8415,0.0],[615928.8013,9761852.7481,0.0],[615925.4632,9761850.4288,0.0],[615921.6805,9761848.331,0.0],[615918.3424,9761846.0117,0.0],[615914.4486,9761844.135,0.0],[615909.3312,9761841.9275,0.0],[615904.1025,9761839.6095,0.0],[615897.3167,9761837.2926,0.0],[615890.085,9761833.2072,0.0],[615883.9641,9761827.3523,0.0],[615879.0664,9761821.1648,0.0],[615873.7235,9761814.4249,0.0],[615869.604,9761807.9053,0.0],[615865.8176,9761800.3905,0.0],[615860.2524,9761793.9824,0.0],[615853.2436,9761790.6707,0.0],[615848.1255,9761787.4682,0.0],[615845.0101,9761785.4804,0.0],[615842.1175,9761783.9347,0.0],[615841.4517,9761786.1462,0.0],[615841.3425,9761789.1311,0.0],[615840.6775,9761792.4481,0.0],[615840.0131,9761796.6494,0.0],[615837.2358,9761801.1839,0.0],[615833.5673,9761803.6185,0.0],[615829.7867,9761804.616,0.0],[615825.7821,9761803.4027,0.0],[615821.1091,9761800.5316,0.0],[615816.1016,9761796.4447,0.0],[615813.0959,9761792.2458,0.0],[615810.0914,9761789.7052,0.0],[615805.9756,9761788.492,0.0],[615801.5251,9761785.7313,0.0],[615796.4067,9761782.0866,0.0],[615790.7312,9761776.8946,0.0],[615784.6111,9761772.1452,0.0],[615779.6026,9761766.6211,0.0],[615776.1506,9761760.2116,0.0],[615772.5873,9761753.8021,0.0],[615764.9105,9761749.4959,0.0],[615757.6795,9761746.516,0.0],[615751.0053,9761744.6412,0.0],[615743.3304,9761743.0987,0.0],[615736.8797,9761742.882,0.0],[615729.8744,9761744.6556,0.0],[615724.0934,9761747.8655,0.0],[615720.0924,9761751.9586,0.0],[615715.5327,9761752.0723,0.0],[615710.8607,9761750.6383,0.0],[615705.521,9761748.6521,0.0],[615700.2909,9761744.3442,0.0],[615696.2836,9761739.0405,0.0],[615691.9444,9761736.5008,0.0],[615687.6061,9761735.1772,0.0],[615684.2685,9761733.4107,0.0],[615682.4868,9761730.2059,0.0],[615681.5948,9761726.8901,0.0],[615680.5915,9761723.3531,0.0],[615677.5853,9761718.3805,0.0],[615674.2457,9761713.7396,0.0],[615670.4605,9761708.1042,0.0],[615668.3434,9761702.2465,0.0],[615669.3389,9761694.2862,0.0],[615668.8931,9761692.9599,0.0],[615668.3361,9761691.5231,0.0],[615667.8903,9761690.1968,0.0],[615666.6672,9761690.5293,0.0],[615664.1119,9761694.4003,0.0],[615660.3339,9761699.2671,0.0],[615655.2206,9761703.1398,0.0],[615650.6637,9761707.3438,0.0],[615646.1066,9761711.3267,0.0],[615639.9922,9761714.9791,0.0],[615632.6534,9761716.974,0.0],[615624.9811,9761719.1902,0.0],[615617.9744,9761719.0845,0.0],[615611.4129,9761719.31,0.0],[615606.0749,9761719.8664,0.0],[615600.0686,9761718.8756,0.0],[615594.9499,9761714.6782,0.0],[615589.943,9761711.4756,0.0],[615585.4936,9761710.3732,0.0],[615581.2662,9761708.4967,0.0],[615577.8154,9761703.9665,0.0],[615574.3657,9761700.984,0.0],[615568.5808,9761698.4453,0.0],[615562.24,9761696.2386,0.0],[615556.6781,9761694.5842,0.0],[615550.2266,9761693.0409,0.0],[615544.2198,9761691.2762,0.0],[615539.7699,9761689.3999,0.0],[615533.6523,9761688.2986,0.0],[615527.4228,9761686.0918,0.0],[615520.7485,9761684.1065,0.0],[615514.9644,9761682.7838,0.0],[615509.6255,9761681.9031,0.0],[615506.0661,9761681.1316,0.0],[615502.0615,9761679.9183,0.0],[615497.1659,9761676.8263,0.0],[615494.7155,9761671.411,0.0],[615492.0431,9761666.6592,0.0],[615488.7042,9761663.0133,0.0],[615485.2538,9761659.0358,0.0],[615481.6911,9761653.5108,0.0],[615479.1314,9761650.8593,0.0],[615479.9081,9761648.3162,0.0],[615481.3502,9761642.8982,0.0],[615482.3468,9761636.4856,0.0],[615482.1199,9761629.8528,0.0],[615483.116,9761622.7769,0.0],[615486.3361,9761615.2573,0.0],[615489.6669,9761606.9638,0.0],[615491.6653,9761601.8772,0.0],[615493.7755,9761597.6748,0.0],[615495.8861,9761594.0253,0.0],[615495.8845,9761591.7037,0.0],[615495.7717,9761589.3822,0.0],[615495.1031,9761587.5033,0.0],[615494.7683,9761585.7348,0.0],[615492.5417,9761582.4198,0.0],[615490.4258,9761578.2203,0.0],[615485.6411,9761574.686,0.0],[615478.5218,9761572.3693,0.0],[615472.404,9761571.0469,0.0],[615466.5093,9761570.4982,0.0],[615459.6141,9761570.724,0.0],[615454.2762,9761571.3909,0.0],[615450.94,9761571.7248,0.0],[615448.0474,9761570.2897,0.0],[615446.1549,9761567.5272,0.0],[615444.2617,9761563.7698,0.0],[615443.0353,9761559.3486,0.0],[615440.8081,9761555.1493,0.0],[615437.8024,9761550.8399,0.0],[615432.796,9761548.3006,0.0],[615427.2337,9761546.0934,0.0],[615422.6711,9761542.0062,0.0],[615418.5526,9761536.8132,0.0],[615415.9906,9761530.8452,0.0],[615412.9848,9761526.5358,0.0],[615409.0902,9761523.4431,0.0],[615408.0891,9761523.1121,0.0],[615407.1992,9761522.8916,0.0],[615406.1981,9761522.6712,0.0],[615405.3082,9761522.4507,0.0],[615404.4184,9761522.2302,0.0],[615403.4173,9761522.0098,0.0],[615402.5273,9761521.6787,0.0],[615401.5262,9761521.4583,0.0],[615400.6364,9761521.2378,0.0],[615399.7465,9761521.0173,0.0],[615398.7454,9761520.7969,0.0],[615397.8555,9761520.5764,0.0],[615396.8544,9761520.2455,0.0],[615395.9645,9761520.025,0.0],[615394.9634,9761519.8046,0.0],[615394.0736,9761519.5841,0.0],[615392.072,9761520.0276,0.0],[615390.2936,9761521.5765,0.0],[615388.6261,9761522.6832,0.0],[615387.181,9761523.6791,0.0],[615385.7361,9761524.8961,0.0],[615383.9574,9761526.1134,0.0],[615382.4014,9761527.5516,0.0],[615381.0681,9761529.4319,0.0],[615379.9573,9761531.312,0.0],[615379.069,9761533.5236,0.0],[615378.181,9761535.9563,0.0],[615377.0706,9761538.4997,0.0],[615376.071,9761540.4903,0.0],[615374.5153,9761542.3707,0.0],[615372.7372,9761544.3618,0.0],[615370.9591,9761546.3529,0.0],[615368.6248,9761548.1233,0.0],[615365.7337,9761548.8991,0.0],[615362.6205,9761550.0067,0.0],[615360.3967,9761550.7821,0.0],[615358.5066,9761551.6678,0.0],[615357.3954,9761552.9951,0.0],[615356.9515,9761554.4326,0.0],[615356.9529,9761556.533,0.0],[615357.3995,9761558.9648,0.0],[615357.9571,9761561.286,0.0],[615358.8484,9761563.6069,0.0],[615359.2949,9761565.9282,0.0],[615359.1853,9761568.3603,0.0],[615357.9634,9761570.5722,0.0],[615355.7401,9761572.0108,0.0],[615353.4048,9761572.3441,0.0],[615351.4031,9761572.5665,0.0],[615349.9569,9761571.9042,0.0],[615348.2884,9761571.5737,0.0],[615346.7312,9761571.2431,0.0],[615345.1738,9761570.6914,0.0],[615343.7278,9761570.4713,0.0],[615342.6158,9761570.5826,0.0],[615341.8373,9761570.5832,0.0],[615340.5031,9761571.1368,0.0],[615339.6136,9761571.4691,0.0],[615338.3905,9761571.9121,0.0],[615337.2785,9761572.134,0.0],[615335.7214,9761572.0245,0.0],[615334.2755,9761571.8044,0.0],[615333.1632,9761571.584,0.0],[615332.162,9761571.253,0.0],[615330.8276,9761571.4751,0.0],[615329.9379,9761571.5862,0.0],[615329.2708,9761571.8078,0.0],[615328.6038,9761572.2504,0.0],[615327.1586,9761573.0253,0.0],[615325.6022,9761574.0213,0.0],[615324.4905,9761574.6853,0.0],[615323.3791,9761575.681,0.0],[615322.2678,9761577.0084,0.0],[615321.1572,9761579.2201,0.0],[615319.9354,9761581.5425,0.0],[615319.9374,9761584.5274,0.0],[615319.8284,9761587.7334,0.0],[615319.4977,9761592.1556,0.0],[615320.1679,9761596.356,0.0],[615321.1712,9761599.8929,0.0],[615322.6201,9761604.4245,0.0],[615325.07,9761609.0659,0.0],[615328.0759,9761613.5964,0.0],[615330.2265,9761616.5408,0.0],[615331.3042,9761618.0162,0.0],[615334.087,9761621.6625,0.0],[615336.0909,9761624.6459,0.0],[615337.5381,9761626.6349,0.0],[615337.6507,9761628.7352,0.0],[615337.653,9761632.0517,0.0],[615336.3213,9761636.3641,0.0],[615335.2573,9761641.2618,0.0],[615335.1622,9761641.6993,0.0],[615335.2276,9761641.6738,0.0]]]}},
{"type":"Feature","properties":{"senderos":"SENDERO ESPOL","vehicular":null},"geometry":{"type":"MultiLineString","coordinates":[[[614607.2485,9762646.41,0.0],[614597.9457,9762639.9114,0.0],[614597.5327,9762639.6027,0.0],[614499.7454,9762566.5212,0.0],[614459.1054,9762506.6003,0.0],[614438.2876,9762450.6292,0.0],[614427.6821,9762393.8177,0.0],[614363.8613,9762377.4971,0.0],[614356.7672,9762368.6121,0.0]]]}},
{"type":"Feature","properties":{"senderos":"SENDERO ESPOL","vehicular":null},"geometry":{"type":"MultiLineString","coordinates":[[[614248.5363,9762357.5526,0.0],[614240.4699,9762354.7115,0.0],[614130.3088,9762315.9108,0.0],[614047.7608,9762259.995,0.0]]]}},
{"type":"Feature","properties":{"senderos":"SENDERO ESPOL","vehicular":null},"geometry":{"type":"MultiLineString","coordinates":[[[615220.58,9762389.6519,105.2438],[615230.7261,9762378.0041,105.2438],[615231.24,9762377.4926,105.2438],[615232.5044,9762376.2341,105.2438],[615239.2811,9762365.2851,105.2438],[615241.8356,9762360.3086,105.2438],[615248.7261,9762353.1182,105.2438],[615253.2843,9762350.683,105.2438],[615261.1759,9762343.713,105.2438],[615271.9537,9762328.892,105.2438],[615285.1819,9762319.3758,105.2438],[615293.6273,9762309.0889,105.2438],[615301.9646,9762303.4452,105.2438],[615305.1878,9762300.3476,105.2438],[615306.6325,9762298.7989,105.2438],[615309.7448,9762296.1436,105.2438],[615310.6338,9762295.1481,105.2438],[615311.7451,9762293.9313,105.2438],[615314.4117,9762290.1708,105.2438],[615317.9688,9762287.4046,105.2438],[615318.9694,9762286.9617,105.2438],[615320.4151,9762286.7396,105.2438],[615324.0834,9762284.0839,105.2438],[615325.0832,9762282.5356,105.2438],[615332.4194,9762276.5609,105.2438],[615336.3105,9762274.4578,105.2438],[615337.8668,9762273.3512,105.2438],[615339.6439,9762269.923,105.2438],[615340.0876,9762268.1539,105.2438],[615342.1984,9762264.836,105.2438],[615344.0888,9762264.3925,105.2438],[615346.3131,9762264.391,105.2438],[615351.4285,9762263.7242,105.2438],[615354.9859,9762261.5108,105.2438],[615356.4307,9762260.0726,105.2438],[615358.5414,9762256.4231,105.2438],[615357.6503,9762254.4338,105.2438],[615356.5342,9762248.5754,105.2438],[615355.5313,9762245.7018,105.2438],[615352.9701,9762240.9499,105.2438],[615348.0749,9762238.5211,105.2438],[615337.8377,9762230.5685,105.2438],[615330.6044,9762224.1615,105.2438],[615325.9311,9762220.8482,105.2438],[615325.0404,9762219.5222,105.2438],[615323.2594,9762217.2018,105.2438],[615320.1429,9762213.5558,105.2438],[615318.4735,9762211.7882,105.2438],[615315.0232,9762208.0318,105.2438],[615314.9099,9762204.9365,105.2438],[615315.7985,9762203.2776,105.2438],[615327.8035,9762194.0938,105.2438],[615329.5817,9762192.2133,105.2438],[615331.4713,9762190.5538,105.2438],[615340.9244,9762190.3262,105.2438],[615345.5962,9762191.4286,105.2438],[615347.7097,9762192.0904,105.2438],[615349.9338,9762191.7573,105.2438],[615351.4901,9762190.6507,105.2438],[615354.7134,9762187.7742,105.2438],[615355.4919,9762187.7737,105.2438],[615356.7126,9762183.7931,105.2438],[615355.8193,9762178.5978,105.2438],[615356.2594,9762171.5223,105.2438],[615351.4763,9762170.4201,105.2438],[615351.697,9762167.7667,105.2438],[615352.0294,9762165.9977,105.2438],[615354.3649,9762165.8856,105.2438],[615362.7059,9762165.7694,105.2438],[615368.1553,9762165.434,105.2438],[615375.608,9762167.4188,105.2438],[615378.2777,9762168.0803,105.2438],[615380.8367,9762169.6263,105.2438],[615381.504,9762169.6258,105.2438],[615381.7258,9762168.7413,105.2438],[615382.8369,9762167.1928,105.2438],[615386.2816,9762162.7685,105.2438],[615392.5065,9762158.1212,105.2438],[615398.2869,9762154.0269,105.2438],[615400.9504,9762145.7338,105.2438],[615403.9429,9762130.5865,105.2438],[615402.9363,9762122.1854,105.2438],[615403.1564,9762118.8687,105.2438],[615403.8212,9762115.1096,105.2438],[615402.1482,9762108.1461,105.2438],[615400.701,9762106.0466,105.2438],[615399.4763,9762104.1681,105.2438],[615398.5847,9762101.2944,105.2438],[615399.0275,9762098.3092,105.2438],[615399.8034,9762094.55,105.2438],[615402.69,9762087.1412,105.2438],[615403.0218,9762084.4878,105.2438],[615402.6862,9762081.5032,105.2438],[615399.7904,9762075.3144,105.2438],[615398.1183,9762069.6775,105.2438],[615395.4469,9762066.3628,105.2438],[615393.222,9762065.4799,105.2438],[615387.5491,9762064.1571,105.2438],[615385.658,9762063.6057,105.2438],[615382.2086,9762061.0654,105.2438],[615380.0934,9762057.8609,105.2438],[615380.6473,9762054.7651,105.2438],[615378.4181,9762047.5809,105.2438],[615377.305,9762046.1445,105.2438],[615374.6358,9762046.0358,105.2438],[615371.8567,9762048.0275,105.2438],[615370.4119,9762049.4657,105.2438],[615367.1903,9762054.7743,105.2438],[615366.0789,9762055.8805,105.2438],[615361.9651,9762057.6521,105.2438],[615359.8529,9762058.8696,105.2438],[615358.7421,9762060.8602,105.2438],[615358.0759,9762062.5189,105.2438],[615357.6323,9762064.3986,105.2438],[615358.0779,9762065.5038,105.2438],[615357.9672,9762066.2777,105.2438],[615355.5198,9762065.2844,105.2438],[615347.512,9762064.8477,105.2438],[615338.2821,9762066.2911,105.2438],[615334.0575,9762068.505,105.2438],[615330.7236,9762072.2659,105.2438],[615327.1685,9762077.9064,105.2438],[615318.8298,9762081.4497,105.2438],[615312.6016,9762081.3433,105.2438],[615309.9321,9762080.7924,105.2438],[615301.8159,9762084.5566,105.2438],[615299.3696,9762085.2216,105.2438],[615285.8003,9762083.5726,105.2438],[615283.131,9762083.4638,105.2438],[615282.3588,9762092.7505,105.2438],[615282.8053,9762095.0718,105.2438],[615281.9158,9762095.404,105.2438],[615277.4662,9762093.9699,105.2438],[615273.5721,9762091.651,105.2438],[615268.2298,9762085.906,105.2438],[615265.5591,9762083.5863,105.2438],[615263.5554,9762080.9345,105.2438],[615262.6639,9762078.2819,105.2438],[615261.6617,9762076.5138,105.2438],[615260.3266,9762075.7408,105.2438],[615258.7689,9762074.6364,105.2438],[615257.879,9762074.4159,105.2438],[615256.8778,9762074.0849,105.2438],[615255.9873,9762072.98,105.2438],[615254.3183,9762071.7651,105.2438],[615252.6487,9762069.7763,105.2438],[615250.423,9762067.6774,105.2438],[615248.5313,9762066.2416,105.2438],[615246.6402,9762065.469,105.2438],[615245.416,9762064.3643,105.2438],[615244.0782,9762059.501,105.2438],[615243.1863,9762056.2957,105.2438],[615240.0666,9762048.0066,105.2438],[615239.7315,9762045.9064,105.2438],[615239.3971,9762044.8011,105.2438],[615239.508,9762044.2483,105.2438],[615239.5079,9762044.1377,105.2438],[615238.9513,9762043.3642,105.2438],[615238.5505,9762042.7813,105.2438]]]}},
{"type":"Feature","properties":{"senderos":"SENDERO BVPP","vehicular":null},"geometry":{"type":"MultiLineString","coordinates":[[[615417.0623,9763261.76,0.0],[615423.3349,9763266.9884,0.0],[615428.8892,9763271.4962,0.0],[615431.756,9763280.8542,0.0],[615433.7537,9763285.149,0.0],[615444.779,9763307.2515,0.0],[615451.0942,9763322.108,0.0],[615456.3259,9763333.5828,0.0],[615465.0046,9763344.2559,0.0],[615468.8291,9763347.6965,0.0],[615484.2934,9763355.4245,0.0],[615494.0971,9763361.3472,0.0],[615494.5295,9763361.6084,0.0],[615497.7563,9763363.9277,0.0],[615501.3168,9763366.1363,0.0],[615508.2152,9763370.6642,0.0],[615511.3312,9763373.5364,0.0],[615513.6692,9763377.0724,0.0],[615517.2338,9763385.4718,0.0],[615517.3911,9763386.7783,0.0],[615517.3492,9763391.773,0.0],[615517.2824,9763392.1871,0.0],[615514.6875,9763402.7193,0.0],[615510.8006,9763411.1237,0.0],[615509.2463,9763415.1045,0.0],[615505.139,9763426.6045,0.0],[615501.9192,9763434.6768,0.0],[615500.3698,9763439.7528,0.0],[615495.6484,9763455.2209,0.0],[615494.5952,9763458.6711,0.0],[615492.9946,9763464.7166,0.0]]]}},
{"type":"Feature","properties":{"senderos":"DEPORTIVO","vehicular":null},"geometry":{"type":"MultiLineString","coordinates":[[[615754.9494,9762488.5514,0.0],[615756.648,9762484.283,0.0],[615757.7692,9762481.1426,0.0],[615759.5779,9762475.0722,0.0],[615761.8323,9762470.3612,0.0],[615768.4919,9762466.9849,0.0]]]}},
{"type":"Feature","properties":{"senderos":"DEPORTIVO","vehicular":null},"geometry":{"type":"MultiLineString","coordinates":[[[615731.508,9762460.1339,0.0],[615729.9097,9762448.5162,0.0],[615727.3988,9762436.0037,0.0]]]}},
{"type":"Feature","properties":{"senderos":"DEPORTIVO","vehicular":null},"geometry":{"type":"MultiLineString","coordinates":[[[615754.9494,9762488.5514,0.0],[615751.2166,9762478.2175,0.0],[615749.9683,9762474.2939,0.0],[615749.1735,9762466.777,0.0],[615746.6103,9762458.9629,0.0],[615744.1491,9762454.1777,0.0],[615740.4984,9762449.9793,0.0],[615737.5478,9762445.084,0.0],[615735.1774,9762442.8414,0.0],[615731.3389,9762440.5004,0.0],[615727.3988,9762436.0037,0.0]]]}},
{"type":"Feature","properties":{"senderos":"DEPORTIVO","vehicular":null},"geometry":{"type":"MultiLineString","coordinates":[[[615727.3988,9762436.0037,0.0],[615722.8673,9762428.5778,0.0],[615718.4363,9762421.8373,0.0],[615715.5887,9762421.1538,0.0]]]}},
{"type":"Feature","properties":{"senderos":"DEPORTIVO","vehicular":null},"geometry":{"type":"MultiLineString","coordinates":[[[615715.5031,9762442.4237,0.0],[615715.6679,9762439.494,0.0],[615715.1738,9762432.4523,0.0],[615715.7588,9762425.9073,0.0],[615715.5887,9762421.1538,0.0]]]}},
{"type":"Feature","properties":{"senderos":"DEPORTIVO","vehicular":null},"geometry":{"type":"MultiLineString","coordinates":[[[615714.1287,9762449.3008,0.0],[615715.3712,9762444.6679,0.0],[615715.5031,9762442.4237,0.0]]]}},
{"type":"Feature","properties":{"senderos":"DEPORTIVO","vehicular":null},"geometry":{"type":"MultiLineString","coordinates":[[[615714.1287,9762449.3008,0.0],[615720.9939,9762453.9503,0.0],[615724.8343,9762459.033,0.0],[615727.0929,9762460.5017,0.0],[615731.508,9762460.1339,0.0]]]}},
{"type":"Feature","properties":{"senderos":"DEPORTIVO","vehicular":null},"geometry":{"type":"MultiLineString","coordinates":[[[615709.7111,9762364.2246,0.0],[615713.9459,9762360.6067,0.0],[615719.5476,9762355.3296,0.0],[615727.8083,9762351.51,0.0],[615735.1485,9762351.3503,0.0]]]}},
{"type":"Feature","properties":{"senderos":"DEPORTIVO","vehicular":null},"geometry":{"type":"MultiLineString","coordinates":[[[615715.5887,9762421.1538,0.0],[615717.319,9762414.2653,0.0],[615719.5809,9762404.2038,0.0],[615722.0356,9762399.6032,0.0],[615723.2113,9762394.9151,0.0],[615723.2086,9762390.9021,0.0],[615722.6169,9762387.586,0.0],[615721.436,9762384.6462,0.0],[615716.7043,9762377.2205,0.0],[615713.2645,9762372.5355,0.0],[615711.2941,9762369.7068,0.0],[615709.813,9762366.9661,0.0],[615709.7111,9762364.2246,0.0]]]}},
{"type":"Feature","properties":{"senderos":"DEPORTIVO","vehicular":null},"geometry":{"type":"MultiLineString","coordinates":[[[615708.7262,9762649.1346,0.0],[615710.7479,9762645.6619,0.0],[615713.5714,9762643.5264,0.0],[615717.4167,9762639.4777,0.0],[615720.8051,9762634.0916,0.0],[615721.4809,9762630.2661,0.0],[615725.0934,9762627.3451,0.0],[615730.5189,9762624.655,0.0],[615741.1384,9762622.2821,0.0],[615747.6871,9762619.3591,0.0],[615751.6438,9762615.653,0.0],[615758.1993,9762606.4397,0.0],[615760.109,9762601.729,0.0],[615767.3439,9762594.085,0.0],[615769.8311,9762588.1357,0.0],[615770.2698,9762579.0372,0.0],[615770.0428,9762572.3048,0.0],[615769.3594,9762564.998,0.0],[615767.2075,9762557.0288,0.0],[615763.5891,9762551.3047,0.0],[615757.8103,9762541.4366,0.0],[615755.7711,9762535.7115,0.0],[615756.222,9762528.1827,0.0],[615756.3285,9762521.3396,0.0],[615756.5451,9762512.805,0.0],[615756.4254,9762500.2245,0.0],[615755.5206,9762494.4986,0.0],[615754.9494,9762488.5514,0.0]]]}},
{"type":"Feature","properties":{"senderos":"DEPORTIVO","vehicular":null},"geometry":{"type":"MultiLineString","coordinates":[[[615710.5611,9762665.2405,0.0],[615708.644,9762659.0841,0.0],[615708.6412,9762655.0048,0.0],[615708.8048,9762650.24,0.0],[615708.7262,9762649.1346,0.0]]]}},
{"type":"Feature","properties":{"senderos":"DEPORTIVO","vehicular":null},"geometry":{"type":"MultiLineString","coordinates":[[[615710.5611,9762665.2405,0.0],[615704.2746,9762661.1323,0.0],[615701.1043,9762660.1948,0.0],[615698.8786,9762658.1622,0.0],[615697.932,9762656.2835,0.0],[615696.6492,9762650.7568,0.0],[615695.6126,9762647.3526,0.0]]]}},
{"type":"Feature","properties":{"senderos":"DEPORTIVO","vehicular":null},"geometry":{"type":"MultiLineString","coordinates":[[[615710.5611,9762665.2405,0.0],[615707.5324,9762659.9361,0.0],[615704.0151,9762655.7708,0.0],[615702.1348,9762654.5781,0.0],[615698.618,9762651.0982,0.0],[615695.6126,9762647.3526,0.0]]]}},
{"type":"Feature","properties":{"senderos":"DEPORTIVO","vehicular":null},"geometry":{"type":"MultiLineString","coordinates":[[[615693.8767,9762645.9056,0.0],[615698.3862,9762637.3902,0.0],[615701.0932,9762627.5052,0.0],[615708.5524,9762622.5585,0.0],[615722.7807,9762611.7702,0.0],[615736.3409,9762599.8658,0.0],[615743.5743,9762589.9777,0.0],[615750.7974,9762581.2172,0.0],[615755.3165,9762570.4355,0.0],[615758.47,9762563.0155,0.0],[615753.27,9762553.8102,0.0],[615744.442,9762541.2467,0.0],[615736.9738,9762532.9384,0.0],[615732.4478,9762517.4534,0.0],[615732.4425,9762509.5933,0.0],[615734.2376,9762499.93,0.0],[615734.231,9762490.279,0.0],[615734.8989,9762474.7795,0.0],[615731.955,9762463.3285,0.0],[615731.508,9762460.1339,0.0]]]}},
{"type":"Feature","properties":{"senderos":"DEPORTIVO","vehicular":null},"geometry":{"type":"MultiLineString","coordinates":[[[615695.6126,9762647.3526,0.0],[615693.8767,9762645.9056,0.0]]]}},
{"type":"Feature","properties":{"senderos":"DEPORTIVO","vehicular":null},"geometry":{"type":"MultiLineString","coordinates":[[[615708.7262,9762649.1346,0.0],[615706.6682,9762648.4506,0.0],[615700.8391,9762646.4094,0.0],[615697.5024,9762645.9915,0.0],[615693.8767,9762645.9056,0.0]]]}},
{"type":"Feature","properties":{"senderos":"DEPORTIVO","vehicular":null},"geometry":{"type":"MultiLineString","coordinates":[[[615714.1287,9762449.3008,0.0],[615716.1039,9762459.0721,0.0],[615713.7577,9762476.0873,0.0],[615706.4806,9762487.2357,0.0],[615694.2899,9762501.317,0.0],[615683.6683,9762516.956,0.0],[615686.0466,9762530.8395,0.0],[615686.6403,9762537.0962,0.0]]]}},
{"type":"Feature","properties":{"senderos":"DEPORTIVO","vehicular":null},"geometry":{"type":"MultiLineString","coordinates":[[[615693.8767,9762645.9056,0.0],[615689.3703,9762642.8354,0.0],[615684.5627,9762638.1955,0.0],[615674.5657,9762640.137,0.0],[615669.6259,9762637.4318,0.0],[615663.3982,9762638.0773,0.0],[615659.8813,9762634.4757,0.0],[615661.8353,9762629.4444,0.0],[615664.9444,9762622.0907,0.0],[615665.9718,9762612.0299,0.0],[615667.6556,9762602.223,0.0],[615668.5608,9762592.295,0.0],[615661.5328,9762577.0771,0.0],[615657.8933,9762573.0776,0.0],[615659.3238,9762566.8859,0.0],[615660.0995,9762562.7618,0.0],[615658.795,9762557.987,0.0]]]}},
{"type":"Feature","properties":{"senderos":"DEPORTIVO","vehicular":null},"geometry":{"type":"MultiLineString","coordinates":[[[615686.6403,9762537.0962,0.0],[615684.6184,9762540.3035,0.0],[615684.8871,9762543.0118,0.0],[615685.0115,9762545.9745,0.0],[615682.2896,9762550.2325,0.0],[615678.789,9762554.2368,0.0],[615671.6522,9762558.8847,0.0],[615664.5147,9762562.7588,0.0],[615661.5226,9762562.1086,0.0],[615658.795,9762557.987,0.0]]]}},
{"type":"Feature","properties":{"senderos":"DEPORTIVO","vehicular":null},"geometry":{"type":"MultiLineString","coordinates":[[[615656.9931,9762361.6294,0.0],[615667.2679,9762359.4114,0.0],[615682.0076,9762364.6746,0.0],[615688.6921,9762365.3444,0.0],[615701.1925,9762365.0042,0.0],[615709.7111,9762364.2246,0.0]]]}},
{"type":"Feature","properties":{"senderos":"DEPORTIVO","vehicular":null},"geometry":{"type":"MultiLineString","coordinates":[[[615656.9931,9762361.6294,0.0],[615661.4387,9762357.2044,0.0],[615668.2847,9762350.0471,0.0],[615675.1411,9762341.707,0.0],[615680.4417,9762335.402,0.0],[615684.3731,9762327.0639,0.0],[615692.7062,9762315.2404,0.0]]]}},
{"type":"Feature","properties":{"senderos":"DEPORTIVO","vehicular":null},"geometry":{"type":"MultiLineString","coordinates":[[[615686.6403,9762537.0962,0.0],[615681.1262,9762540.2285,0.0],[615668.1375,9762542.1941,0.0],[615659.6749,9762543.5596,0.0],[615649.0595,9762552.0018,0.0],[615645.7474,9762555.1215,0.0]]]}},
{"type":"Feature","properties":{"senderos":"DEPORTIVO","vehicular":null},"geometry":{"type":"MultiLineString","coordinates":[[[615658.795,9762557.987,0.0],[615645.7474,9762555.1215,0.0]]]}},
{"type":"Feature","properties":{"senderos":"DEPORTIVO","vehicular":null},"geometry":{"type":"MultiLineString","coordinates":[[[615656.9931,9762361.6294,0.0],[615638.8301,9762359.4308,0.0]]]}},
{"type":"Feature","properties":{"senderos":"DEPORTIVO","vehicular":null},"geometry":{"type":"MultiLineString","coordinates":[[[615645.7474,9762555.1215,0.0],[615630.7671,9762572.1233,0.0],[615616.998,9762587.5764,0.0],[615615.436,9762596.5763,0.0],[615613.5397,9762604.6367,0.0]]]}},
{"type":"Feature","properties":{"senderos":"DEPORTIVO","vehicular":null},"geometry":{"type":"MultiLineString","coordinates":[[[615638.8301,9762359.4308,0.0],[615634.5535,9762367.0837,0.0],[615626.8407,9762375.2586,0.0],[615618.2814,9762381.5658,0.0],[615614.3492,9762388.721,0.0],[615610.4203,9762416.9692,0.0],[615608.8942,9762429.7388,0.0]]]}},
{"type":"Feature","properties":{"senderos":"DEPORTIVO","vehicular":null},"geometry":{"type":"MultiLineString","coordinates":[[[615608.8942,9762429.7388,0.0],[615611.3801,9762438.2715,0.0],[615623.9321,9762448.3783,0.0],[615635.7833,9762458.2424,0.0],[615651.8727,9762453.0577,0.0],[615661.5809,9762451.6471,0.0],[615678.8599,9762445.9862,0.0],[615692.3593,9762442.6826,0.0],[615705.6162,9762442.6736,0.0],[615715.5031,9762442.4237,0.0]]]}},
{"type":"Feature","properties":{"senderos":"DEPORTIVO","vehicular":null},"geometry":{"type":"MultiLineString","coordinates":[[[615605.0386,9762304.3115,0.0],[615613.772,9762308.5617,0.0],[615618.2356,9762314.3404,0.0],[615623.8927,9762325.0599,0.0],[615625.2769,9762332.5432,0.0],[615628.3619,9762339.0082,0.0],[615633.5041,9762344.9634,0.0],[615638.6459,9762350.2331,0.0],[615638.8301,9762359.4308,0.0]]]}},
{"type":"Feature","properties":{"senderos":"DEPORTIVO","vehicular":null},"geometry":{"type":"MultiLineString","coordinates":[[[615603.7276,9762289.963,0.0],[615605.7373,9762284.9979,0.0],[615608.5463,9762278.0645,0.0]]]}},
{"type":"Feature","properties":{"senderos":"DEPORTIVO","vehicular":null},"geometry":{"type":"MultiLineString","coordinates":[[[615605.0386,9762304.3115,0.0],[615611.5432,9762302.096,0.0],[615613.2525,9762296.9875,0.0],[615603.7276,9762289.963,0.0]]]}},
{"type":"Feature","properties":{"senderos":"DEPORTIVO","vehicular":null},"geometry":{"type":"MultiLineString","coordinates":[[[615587.4994,9762450.5478,0.0],[615581.6876,9762457.6048,0.0],[615569.4957,9762470.1163,0.0],[615565.3689,9762485.375,0.0],[615565.5784,9762499.0609,0.0],[615570.9026,9762510.9746,0.0],[615580.1531,9762523.4825,0.0],[615587.0509,9762526.9933,0.0],[615599.0499,9762525.2274,0.0],[615622.4684,9762520.1262,0.0],[615650.5973,9762507.4049,0.0],[615664.3709,9762498.4078,0.0],[615685.4262,9762485.2933,0.0],[615701.5531,9762469.8385,0.0],[615707.8388,9762456.5351,0.0],[615714.1287,9762449.3008,0.0]]]}},
{"type":"Feature","properties":{"senderos":"DEPORTIVO","vehicular":null},"geometry":{"type":"MultiLineString","coordinates":[[[615608.8942,9762429.7388,0.0],[615610.6168,9762444.1975,0.0],[615608.2193,9762451.1749,0.0],[615604.7959,9762454.2394,0.0],[615598.4572,9762455.095,0.0],[615589.7143,9762453.0668,0.0],[615587.4994,9762450.5478,0.0]]]}},
{"type":"Feature","properties":{"senderos":"DEPORTIVO","vehicular":null},"geometry":{"type":"MultiLineString","coordinates":[[[615586.9753,9762759.3472,0.0],[615592.8173,9762747.6028,0.0],[615601.4618,9762735.746,0.0],[615606.5252,9762723.8916,0.0],[615614.574,9762719.1436,0.0],[615617.8484,9762709.6562,0.0],[615625.0026,9762697.8003,0.0],[615632.464,9762696.0154,0.0],[615638.4213,9762690.3844,0.0],[615649.1618,9762685.933,0.0],[615657.8111,9762681.1845,0.0],[615663.7658,9762671.6952,0.0],[615678.0709,9762659.2487,0.0],[615684.9274,9762651.2402,0.0],[615693.8767,9762645.9056,0.0]]]}},
{"type":"Feature","properties":{"senderos":"DEPORTIVO","vehicular":null},"geometry":{"type":"MultiLineString","coordinates":[[[615586.9753,9762759.3472,0.0],[615584.549,9762756.773,0.0],[615581.2657,9762753.2266,0.0],[615577.6814,9762748.4865,0.0],[615572.6044,9762740.3424,0.0],[615568.1208,9762737.9686,0.0],[615565.4418,9762739.9051,0.0],[615563.6473,9762734.1245,0.0],[615559.3161,9762726.8643,0.0],[615560.8011,9762719.158,0.0],[615559.0063,9762712.9463,0.0],[615560.3481,9762707.1636,0.0],[615563.7685,9762699.7545,0.0],[615566.1542,9762691.749,0.0],[615570.0297,9762683.0019,0.0],[615568.0699,9762663.0048,0.0],[615567.4747,9762654.5591,0.0],[615569.5496,9762647.4494,0.0],[615572.5906,9762638.2053,0.0],[615579.1809,9762631.1036,0.0],[615589.0743,9762624.0327,0.0],[615599.9595,9762619.8686,0.0],[615611.7472,9762618.2355,0.0],[615614.28,9762613.9334,0.0],[615616.5122,9762609.1893,0.0],[615613.5397,9762604.6367,0.0]]]}},
{"type":"Feature","properties":{"senderos":"DEPORTIVO","vehicular":null},"geometry":{"type":"MultiLineString","coordinates":[[[615585.1539,9762435.9236,0.0],[615591.5338,9762446.5763,0.0],[615587.4994,9762450.5478,0.0]]]}},
{"type":"Feature","properties":{"senderos":"DEPORTIVO","vehicular":null},"geometry":{"type":"MultiLineString","coordinates":[[[615638.8301,9762359.4308,0.0],[615623.0624,9762363.355,0.0],[615610.3873,9762368.471,0.0],[615599.6024,9762372.9003,0.0],[615589.4965,9762378.1804,0.0],[615586.4183,9762381.7533,0.0],[615582.8229,9762393.5072,0.0],[615581.4641,9762406.951,0.0],[615581.8785,9762411.229,0.0]]]}},
{"type":"Feature","properties":{"senderos":"DEPORTIVO","vehicular":null},"geometry":{"type":"MultiLineString","coordinates":[[[615581.8785,9762411.229,0.0],[615582.4945,9762417.6736,0.0],[615584.9022,9762425.6648,0.0],[615585.1539,9762435.9236,0.0]]]}},
{"type":"Feature","properties":{"senderos":"DEPORTIVO","vehicular":null},"geometry":{"type":"MultiLineString","coordinates":[[[615581.8785,9762411.229,0.0],[615587.306,9762427.8741,0.0],[615597.4208,9762435.6942,0.0],[615600.503,9762437.9031,0.0],[615603.2374,9762435.6902,0.0],[615608.8942,9762429.7388,0.0]]]}},
{"type":"Feature","properties":{"senderos":"DEPORTIVO","vehicular":null},"geometry":{"type":"MultiLineString","coordinates":[[[615545.8601,9762303.191,0.0],[615553.8103,9762300.7756,0.0],[615567.5151,9762305.1882,0.0],[615575.226,9762310.622,0.0],[615583.6222,9762309.7761,0.0],[615598.5242,9762308.3952,0.0],[615605.0386,9762304.3115,0.0]]]}},
{"type":"Feature","properties":{"senderos":"DEPORTIVO","vehicular":null},"geometry":{"type":"MultiLineString","coordinates":[[[615545.8601,9762303.191,0.0],[615569.9854,9762323.5047,0.0],[615571.7667,9762342.4628,0.0],[615572.1682,9762360.449,0.0],[615572.3843,9762383.9075,0.0],[615573.9814,9762410.1068,0.0],[615581.8576,9762429.6466,0.0],[615585.1539,9762435.9236,0.0]]]}},
{"type":"Feature","properties":{"senderos":"DEPORTIVO","vehicular":null},"geometry":{"type":"MultiLineString","coordinates":[[[615521.0171,9762290.6826,0.0],[615529.3672,9762287.4267,0.0],[615539.2096,9762287.1215,0.0],[615551.1446,9762289.4792,0.0],[615560.3985,9762290.6558,0.0],[615571.4289,9762287.3981,0.0],[615597.3918,9762295.0747,0.0],[615603.7276,9762289.963,0.0]]]}},
{"type":"Feature","properties":{"senderos":"DEPORTIVO","vehicular":null},"geometry":{"type":"MultiLineString","coordinates":[[[615492.6774,9762287.7391,0.0],[615502.5174,9762283.8853,0.0],[615513.8528,9762287.7247,0.0],[615521.0171,9762290.6826,0.0]]]}},
{"type":"Feature","properties":{"senderos":"DEPORTIVO","vehicular":null},"geometry":{"type":"MultiLineString","coordinates":[[[615485.3089,9762933.7203,0.0],[615475.7334,9762934.0916,0.0],[615466.0903,9762933.1142,0.0],[615451.3303,9762930.5816,0.0],[615432.6316,9762925.7079,0.0],[615407.4254,9762918.882,0.0],[615392.8663,9762917.521,0.0],[615382.8256,9762920.6564,0.0],[615372.8274,9762920.7406,0.0],[615349.0918,9762901.2004,0.0],[615297.7159,9762860.5197,0.0],[615270.7777,9762841.5455,0.0],[615270.1462,9762828.7,0.0],[615266.8812,9762819.3387,0.0],[615255.7328,9762812.5364,0.0],[615241.0009,9762802.3426,0.0],[615236.0276,9762799.4495,0.0],[615226.0758,9762786.0134,0.0],[615221.6186,9762773.4138,0.0],[615211.5022,9762763.2169,0.0],[615203.7866,9762750.7963,0.0],[615196.237,9762737.3586,0.0],[615197.4311,9762726.9771,0.0],[615213.4856,9762719.5152,0.0],[615221.9933,9762719.0672,0.0],[615228.2592,9762725.5854,0.0],[615255.6999,9762714.744,0.0],[615263.6177,9762746.4443,0.0],[615291.3702,9762752.6495,0.0],[615324.0381,9762758.2543,0.0],[615352.8212,9762758.9755,0.0],[615378.033,9762757.7755,0.0],[615397.8578,9762750.3552,0.0],[615407.4046,9762740.5761,0.0],[615420.22,9762729.1587,0.0],[615425.4302,9762720.5544,0.0],[615422.7395,9762705.3003,0.0],[615419.004,9762690.7877,0.0],[615421.0786,9762683.2247,0.0],[615425.5529,9762671.9676,0.0],[615433.442,9762661.2942,0.0],[615459.5413,9762656.8324,0.0],[615470.8807,9762650.0038,0.0],[615483.9979,9762640.8082,0.0],[615490.9981,9762631.473,0.0],[615499.496,9762616.5098,0.0],[615500.5265,9762610.8711,0.0],[615504.5598,9762605.2414,0.0],[615511.1148,9762595.4532,0.0],[615512.3003,9762588.7863,0.0],[615508.7143,9762581.5366,0.0],[615502.5926,9762574.4214,0.0],[615495.8813,9762567.1739,0.0],[615488.5703,9762561.0986,0.0],[615485.5217,9762559.166,0.0]]]}},
{"type":"Feature","properties":{"senderos":"DEPORTIVO","vehicular":null},"geometry":{"type":"MultiLineString","coordinates":[[[615473.0071,9762342.2315,0.0],[615481.9456,9762321.1877,0.0],[615501.3148,9762298.0586,0.0],[615511.7541,9762292.4245,0.0],[615518.6181,9762295.3826,0.0],[615521.0171,9762290.6826,0.0]]]}},
{"type":"Feature","properties":{"senderos":"DEPORTIVO","vehicular":null},"geometry":{"type":"MultiLineString","coordinates":[[[615473.0071,9762342.2315,0.0],[615472.6953,9762325.3396,0.0],[615473.5913,9762318.2196,0.0],[615478.0565,9762309.9253,0.0],[615483.1233,9762303.112,0.0],[615486.6986,9762294.5088,0.0],[615492.6774,9762287.7391,0.0]]]}},
{"type":"Feature","properties":{"senderos":"DEPORTIVO","vehicular":null},"geometry":{"type":"MultiLineString","coordinates":[[[615460.1246,9762959.1306,0.0],[615460.3893,9762955.9245,0.0],[615462.4647,9762949.478,0.0],[615464.1518,9762944.5685,0.0],[615467.7867,9762941.8576,0.0],[615474.6697,9762939.9183,0.0],[615475.9585,9762937.9828,0.0],[615481.2841,9762935.536,0.0],[615485.3089,9762933.7203,0.0]]]}},
{"type":"Feature","properties":{"senderos":"DEPORTIVO","vehicular":null},"geometry":{"type":"MultiLineString","coordinates":[[[615460.1246,9762959.1306,0.0],[615463.7183,9762961.306,0.0],[615464.7107,9762965.1083,0.0],[615465.6917,9762968.5347,0.0],[615469.243,9762973.717,0.0],[615471.4017,9762975.2743,0.0],[615478.3866,9762976.0545,0.0],[615489.4067,9762974.0903,0.0],[615497.1825,9762976.7272,0.0],[615504.0804,9762980.437,0.0],[615509.4838,9762977.8906,0.0],[615518.0458,9762975.4417,0.0],[615522.6686,9762969.9663,0.0],[615526.9928,9762966.7353,0.0],[615533.6852,9762962.6183,0.0],[615539.6877,9762958.0264,0.0],[615542.8336,9762955.7691,0.0],[615544.9895,9762953.236,0.0],[615549.2224,9762946.7771,0.0],[615551.5773,9762942.5746,0.0],[615555.1228,9762939.1451,0.0],[615557.967,9762934.8428,0.0],[615564.4573,9762927.9069,0.0],[615565.8337,9762923.893,0.0],[615569.3778,9762918.5179,0.0],[615572.422,9762913.9169,0.0],[615574.4885,9762910.787,0.0],[615575.1762,9762908.0559,0.0],[615578.2214,9762904.9253,0.0],[615583.3353,9762901.9922,0.0],[615587.2697,9762898.0761,0.0],[615589.8227,9762890.8444,0.0],[615593.5581,9762888.5866,0.0],[615598.6691,9762881.3532,0.0],[615601.5236,9762875.8791,0.0],[615604.2775,9762869.5206,0.0],[615605.8406,9762862.19,0.0],[615605.7495,9762858.962,0.0],[615607.612,9762850.36,0.0],[615607.9984,9762846.1588,0.0],[615607.0155,9762839.9024,0.0],[615605.7314,9762832.3748,0.0],[615602.0746,9762819.1887,0.0],[615602.4719,9762814.689,0.0],[615602.553,9762803.0591,0.0],[615601.9595,9762797.1893,0.0],[615597.2524,9762793.2569,0.0],[615595.3025,9762787.8413,0.0],[615592.4501,9762780.1048,0.0],[615593.2259,9762776.1023,0.0],[615592.3115,9762772.6206,0.0],[615589.5835,9762767.8578,0.0],[615587.6339,9762762.9507,0.0],[615586.9753,9762759.3472,0.0]]]}},
{"type":"Feature","properties":{"senderos":"DEPORTIVO","vehicular":null},"geometry":{"type":"MultiLineString","coordinates":[[[615454.781,9762607.2982,0.0],[615472.1834,9762603.0302,0.0],[615475.7942,9762597.633,0.0],[615479.6362,9762588.6537,0.0],[615482.3494,9762587.9775,0.0],[615482.8008,9762581.2337,0.0],[615483.6975,9762575.1749,0.0],[615484.3709,9762567.7566,0.0],[615485.5217,9762559.166,0.0]]]}},
{"type":"Feature","properties":{"senderos":"DEPORTIVO","vehicular":null},"geometry":{"type":"MultiLineString","coordinates":[[[615613.5397,9762604.6367,0.0],[615611.1222,9762614.9526,0.0],[615602.8492,9762617.1029,0.0],[615595.3744,9762615.5492,0.0],[615589.0248,9762616.7364,0.0],[615560.9525,9762647.2452,0.0],[615549.5627,9762678.1406,0.0],[615543.1271,9762683.6945,0.0],[615528.5251,9762717.4443,0.0],[615495.8985,9762772.5977,0.0],[615477.2177,9762794.1123,0.0],[615455.787,9762827.7561,0.0],[615449.8906,9762841.2472,0.0],[615449.8995,9762854.3474,0.0],[615450.6463,9762856.79,0.0]]]}},
{"type":"Feature","properties":{"senderos":"DEPORTIVO","vehicular":null},"geometry":{"type":"MultiLineString","coordinates":[[[615450.6463,9762856.79,0.0],[615454.6366,9762869.788,0.0],[615461.1054,9762880.2747,0.0],[615474.5234,9762888.1479,0.0],[615486.136,9762890.6826,0.0],[615497.3548,9762886.3746,0.0],[615509.7409,9762881.4799,0.0],[615520.5719,9762879.3168,0.0],[615522.5425,9762882.4441,0.0],[615520.9688,9762890.659,0.0],[615516.647,9762897.306,0.0],[615509.57,9762908.2552,0.0],[615496.9808,9762925.2774,0.0],[615485.3089,9762933.7203,0.0]]]}},
{"type":"Feature","properties":{"senderos":"DEPORTIVO","vehicular":null},"geometry":{"type":"MultiLineString","coordinates":[[[615586.9753,9762759.3472,0.0],[615580.3036,9762761.1979,0.0],[615570.6628,9762763.5481,0.0],[615566.9185,9762769.0229,0.0],[615562.398,9762777.8257,0.0],[615558.0762,9762784.4727,0.0],[615554.9317,9762788.7753,0.0],[615550.4067,9762790.923,0.0],[615545.8831,9762795.2265,0.0],[615542.5423,9762805.2003,0.0],[615526.0196,9762811.0817,0.0],[615515.0041,9762819.889,0.0],[615505.756,9762827.3242,0.0],[615493.1595,9762833.5788,0.0],[615485.8888,9762837.6962,0.0],[615478.411,9762848.0598,0.0],[615476.8468,9762853.9311,0.0],[615474.091,9762857.4484,0.0],[615469.1757,9762858.0377,0.0],[615463.8598,9762858.4282,0.0],[615450.6463,9762856.79,0.0]]]}},
{"type":"Feature","properties":{"senderos":"DEPORTIVO","vehicular":null},"geometry":{"type":"MultiLineString","coordinates":[[[615437.1402,9762981.3667,0.0],[615444.9293,9762970.8924,0.0],[615446.5957,9762968.1607,0.0],[615447.093,9762963.462,0.0],[615450.0379,9762960.044,0.0],[615454.6641,9762959.4549,0.0],[615460.1246,9762959.1306,0.0]]]}},
{"type":"Feature","properties":{"senderos":"DEPORTIVO","vehicular":null},"geometry":{"type":"MultiLineString","coordinates":[[[615429.4355,9762575.4329,0.0],[615433.7433,9762580.8248,0.0],[615446.6245,9762584.4089,0.0],[615452.7426,9762602.5902,0.0],[615451.8428,9762604.1606,0.0],[615454.781,9762607.2982,0.0]]]}},
{"type":"Feature","properties":{"senderos":"DEPORTIVO","vehicular":null},"geometry":{"type":"MultiLineString","coordinates":[[[615429.1863,9762568.7669,0.0],[615428.9826,9762563.5269,0.0],[615430.0136,9762558.6842,0.0],[615433.1338,9762551.3526,0.0],[615436.268,9762548.3103,0.0],[615443.9498,9762543.6399,0.0],[615452.7431,9762537.9296,0.0],[615459.8254,9762534.7409,0.0],[615469.822,9762532.291,0.0],[615479.9523,9762530.062,0.0],[615485.9216,9762525.7576,0.0],[615491.7349,9762520.9447,0.0],[615494.9364,9762518.7205,0.0],[615495.6101,9762511.7554,0.0],[615495.4493,9762504.2713,0.0],[615496.1226,9762496.6429,0.0],[615497.6755,9762490.639,0.0],[615501.706,9762480.8636,0.0],[615509.2945,9762469.8145,0.0],[615528.4485,9762440.9922,0.0],[615529.5557,9762433.7283,0.0],[615524.9245,9762410.5381,0.0],[615522.5256,9762399.142,0.0],[615520.507,9762390.9185,0.0],[615520.8019,9762382.9919,0.0],[615522.9523,9762372.4661,0.0],[615527.2035,9762360.0926,0.0],[615528.6882,9762351.9441,0.0],[615530.2415,9762346.4598,0.0],[615532.6269,9762338.0895,0.0],[615534.635,9762330.9024,0.0],[615539.1767,9762320.5961,0.0],[615542.0287,9762311.3079,0.0],[615545.8601,9762303.191,0.0]]]}},
{"type":"Feature","properties":{"senderos":"DEPORTIVO","vehicular":null},"geometry":{"type":"MultiLineString","coordinates":[[[615429.4355,9762575.4329,0.0],[615429.1863,9762568.7669,0.0]]]}},
{"type":"Feature","properties":{"senderos":"DEPORTIVO","vehicular":null},"geometry":{"type":"MultiLineString","coordinates":[[[615485.5217,9762559.166,0.0],[615479.9154,9762557.6111,0.0],[615473.2989,9762558.8759,0.0],[615461.8455,9762561.5037,0.0],[615456.9304,9762562.5241,0.0],[615448.3591,9762567.5599,0.0],[615443.4449,9762569.7964,0.0],[615434.1258,9762570.9856,0.0],[615429.1863,9762568.7669,0.0]]]}},
{"type":"Feature","properties":{"senderos":"DEPORTIVO","vehicular":null},"geometry":{"type":"MultiLineString","coordinates":[[[615394.1175,9762581.4044,0.0],[615400.6786,9762580.5045,0.0],[615409.9279,9762574.8712,0.0],[615421.8565,9762567.7548,0.0],[615417.9701,9762560.3506,0.0],[615418.8675,9762555.3089,0.0],[615414.0774,9762543.7597,0.0],[615418.2486,9762528.3462,0.0],[615414.9549,9762509.3892,0.0],[615419.1162,9762495.7555,0.0],[615420.9008,9762486.8661,0.0],[615421.4947,9762477.082,0.0],[615422.678,9762467.2976,0.0],[615427.154,9762458.4063,0.0],[615431.6162,9762445.6679,0.0],[615434.2921,9762439.1437,0.0],[615430.1191,9762435.5979,0.0],[615426.5309,9762425.2197,0.0],[615417.5718,9762416.0501,0.0],[615431.592,9762410.1041,0.0],[615438.454,9762410.0994,0.0],[615447.9911,9762402.3987,0.0],[615454.8394,9762382.2408,0.0],[615466.7648,9762370.3817,0.0],[615469.7371,9762358.2302,0.0],[615473.912,9762348.1563,0.0],[615473.0071,9762342.2315,0.0]]]}},
{"type":"Feature","properties":{"senderos":"DEPORTIVO","vehicular":null},"geometry":{"type":"MultiLineString","coordinates":[[[615394.1175,9762581.4044,0.0],[615393.4981,9762586.457,0.0],[615409.5636,9762595.2127,0.0],[615414.0832,9762601.4888,0.0],[615417.9366,9762609.3463,0.0],[615421.3267,9762606.4255,0.0],[615428.3347,9762608.4438,0.0],[615431.4943,9762610.0115,0.0],[615428.776,9762603.2808,0.0],[615430.1298,9762598.7916,0.0],[615429.4355,9762575.4329,0.0]]]}},
{"type":"Feature","properties":{"senderos":"DEPORTIVO","vehicular":null},"geometry":{"type":"MultiLineString","coordinates":[[[615386.1354,9762651.5869,0.0],[615398.4109,9762647.5877,0.0],[615414.7819,9762631.3589,0.0],[615418.3935,9762627.0893,0.0],[615436.0247,9762615.8454,0.0],[615444.3883,9762616.0719,0.0],[615451.3953,9762616.7415,0.0],[615454.781,9762607.2982,0.0]]]}},
{"type":"Feature","properties":{"senderos":"DEPORTIVO","vehicular":null},"geometry":{"type":"MultiLineString","coordinates":[[[615354.7666,9762593.7132,0.0],[615369.9661,9762588.2307,0.0],[615381.8977,9762585.5583,0.0],[615387.2583,9762585.5547,0.0],[615394.1175,9762581.4044,0.0]]]}},
{"type":"Feature","properties":{"senderos":"DEPORTIVO","vehicular":null},"geometry":{"type":"MultiLineString","coordinates":[[[615291.7305,9762529.4713,0.0],[615294.1707,9762519.8849,0.0],[615307.876,9762508.6217,0.0],[615325.7779,9762502.9825,0.0],[615342.7853,9762506.8181,0.0],[615363.0709,9762506.5059,0.0],[615378.5697,9762499.6855,0.0],[615389.9052,9762487.2299,0.0],[615389.9032,9762484.2671,0.0],[615388.1106,9762481.3056,0.0],[615368.4051,9762467.6882,0.0],[615362.4353,9762454.9458,0.0],[615368.9797,9762429.4597,0.0],[615368.9755,9762423.2357,0.0],[615371.656,9762423.5324,0.0],[615376.4388,9762424.4246,0.0],[615380.9107,9762425.9029,0.0],[615385.6859,9762431.8251,0.0],[615394.3378,9762430.9238,0.0],[615396.4243,9762424.411,0.0],[615393.136,9762413.4467,0.0],[615383.8754,9762402.4864,0.0],[615366.567,9762397.7556,0.0],[615354.0424,9762395.0999,0.0],[615340.3148,9762389.7807,0.0],[615334.6414,9762387.7062,0.0],[615340.3103,9762383.2582,0.0],[615364.7537,9762364.2823,0.0],[615393.6866,9762356.2589,0.0],[615408.9029,9762359.2113,0.0],[615423.8217,9762366.3095,0.0],[615426.5073,9762357.7179,0.0],[615425.0097,9762347.0509,0.0],[615423.2155,9762341.7236,0.0],[615439.6176,9762338.4512,0.0],[615442.5889,9762324.8184,0.0],[615440.1933,9762318.2976,0.0],[615439.3006,9762313.8541,0.0],[615447.9459,9762303.1802,0.0],[615468.8128,9762291.0165,0.0],[615476.57,9762282.72,0.0],[615485.8104,9762280.3369,0.0],[615492.6774,9762287.7391,0.0]]]}}
]
}
